0: [1, 2, 3, 4]
1: [0, 2, 3, 4]
2: [0, 1, 3, 4]
3: [0, 1, 2, 4]
4: [0, 1, 2, 3, 5]
5: [4, 6]
6: [5, 9, 10, 11, 12, 13]
7: [9, 10, 11, 12, 13]
8: [9, 10, 11, 12, 13]
9: [6, 7, 8]
10: [6, 7, 8]
11: [6, 7, 8]
12: [6, 7, 8]
13: [6, 7, 8, 14]
14: [13, 15, 26, 79, 103, 118, 121, 123, 146, 159, 200, 212, 256, 279, 288, 291, 295, 307, 319, 420, 464, 467, 507, 573, 586, 587, 618, 635, 639, 649, 657, 685, 691, 706, 710, 718, 748, 773, 777, 788, 799, 821, 853, 858, 903, 907, 926, 986, 1034, 1039, 1059, 1083, 1103, 1173, 1215, 1225, 1245, 1271, 1310, 1312, 1317, 1335, 1359, 1386, 1395, 1398, 1424, 1438, 1445, 1447, 1460, 1483, 1493, 1498]
15: [14, 16, 17, 30, 59, 62, 86, 88, 104, 109, 127, 129, 153, 182, 191, 192, 215, 219, 230, 234, 237, 240, 250, 279, 284, 311, 342, 369, 395, 420, 422, 449, 484, 486, 498, 520, 599, 607, 608, 623, 653, 654, 672, 701, 710, 739, 742, 747, 762, 778, 804, 836, 863, 869, 903, 906, 944, 955, 988, 999, 1017, 1038, 1040, 1065, 1139, 1155, 1173, 1176, 1301, 1307, 1329, 1348, 1390, 1426, 1434, 1436, 1467, 1474]
16: [15, 17, 29, 57, 60, 116, 131, 134, 138, 166, 186, 196, 199, 211, 228, 242, 244, 258, 264, 332, 336, 338, 352, 359, 368, 375, 407, 419, 420, 440, 464, 481, 490, 508, 516, 544, 546, 575, 655, 673, 695, 712, 749, 759, 766, 788, 802, 866, 896, 910, 920, 933, 958, 995, 1041, 1089, 1103, 1126, 1131, 1138, 1155, 1166, 1240, 1243, 1253, 1256, 1260, 1265, 1312, 1323, 1346, 1409, 1415, 1416, 1419, 1456, 1459, 1470, 1473, 1483, 1485, 1486]
17: [15, 16, 18, 40, 68, 76, 85, 124, 133, 134, 152, 178, 266, 274, 285, 401, 427, 443, 477, 493, 494, 506, 513, 521, 554, 562, 606, 608, 626, 643, 663, 678, 702, 738, 778, 780, 789, 822, 836, 871, 876, 877, 885, 892, 895, 992, 1057, 1060, 1070, 1076, 1077, 1090, 1098, 1108, 1119, 1131, 1134, 1135, 1137, 1144, 1145, 1151, 1175, 1189, 1200, 1201, 1221, 1236, 1292, 1359, 1366, 1371, 1393, 1411, 1415, 1450, 1452, 1460]
18: [17, 19, 71, 83, 99, 101, 105, 114, 134, 143, 154, 166, 174, 178, 180, 197, 243, 256, 262, 303, 308, 343, 362, 382, 397, 403, 430, 436, 492, 493, 523, 537, 539, 547, 574, 603, 612, 653, 659, 662, 710, 739, 748, 756, 769, 781, 784, 798, 872, 882, 883, 904, 906, 936, 937, 979, 1021, 1029, 1034, 1046, 1085, 1105, 1116, 1206, 1218, 1247, 1248, 1279, 1282, 1283, 1294, 1306, 1310, 1326, 1329, 1340, 1346, 1389, 1398, 1405, 1408, 1416, 1431, 1475, 1488, 1491]
19: [18, 20, 78, 79, 89, 98, 103, 124, 159, 200, 207, 208, 236, 252, 273, 307, 312, 324, 338, 386, 406, 419, 442, 450, 453, 500, 511, 544, 559, 570, 591, 616, 621, 633, 639, 641, 642, 663, 685, 687, 690, 691, 693, 699, 758, 790, 793, 794, 811, 812, 855, 856, 871, 876, 898, 912, 933, 975, 980, 986, 988, 998, 1007, 1025, 1065, 1078, 1101, 1165, 1172, 1175, 1189, 1226, 1254, 1261, 1272, 1328, 1345, 1380, 1387, 1404, 1431, 1460, 1465, 1466]
20: [19, 21, 30, 47, 56, 74, 77, 80, 137, 150, 153, 155, 183, 211, 219, 259, 294, 303, 304, 317, 335, 364, 365, 379, 395, 407, 411, 414, 436, 442, 444, 451, 452, 462, 478, 491, 515, 526, 530, 546, 573, 574, 602, 606, 646, 650, 672, 677, 730, 731, 732, 765, 773, 788, 789, 791, 871, 891, 940, 969, 976, 990, 998, 999, 1002, 1004, 1016, 1048, 1061, 1079, 1101, 1110, 1112, 1133, 1160, 1166, 1202, 1209, 1215, 1225, 1246, 1254, 1311, 1330, 1331, 1362, 1390, 1398, 1402, 1413, 1433, 1494]
21: [20, 22, 29, 100, 101, 126, 159, 183, 195, 213, 222, 228, 238, 275, 302, 306, 320, 325, 340, 344, 351, 357, 375, 387, 420, 424, 427, 456, 480, 481, 483, 509, 517, 531, 548, 552, 560, 569, 608, 621, 642, 650, 651, 666, 673, 695, 705, 709, 712, 714, 725, 740, 770, 780, 796, 808, 809, 821, 842, 969, 1027, 1041, 1059, 1143, 1190, 1196, 1260, 1282, 1317, 1319, 1335, 1360, 1408, 1451, 1458]
22: [21, 23, 24, 26, 60, 65, 66, 78, 106, 113, 124, 129, 175, 183, 209, 217, 282, 290, 308, 318, 374, 382, 448, 453, 478, 488, 492, 497, 507, 521, 525, 533, 556, 566, 615, 629, 632, 662, 672, 685, 688, 697, 735, 823, 836, 858, 867, 932, 941, 946, 948, 962, 996, 1003, 1025, 1072, 1102, 1105, 1132, 1144, 1166, 1172, 1188, 1202, 1208, 1213, 1231, 1247, 1249, 1267, 1271, 1293, 1321, 1334, 1350, 1377, 1385, 1386, 1491, 1497]
23: [22, 24, 31, 73, 85, 162, 218, 232, 262, 265, 299, 301, 328, 386, 406, 414, 443, 445, 454, 538, 544, 582, 632, 640, 679, 719, 776, 779, 783, 784, 800, 823, 851, 858, 875, 884, 894, 897, 913, 949, 958, 986, 992, 995, 1035, 1038, 1070, 1101, 1108, 1132, 1143, 1144, 1152, 1160, 1184, 1195, 1197, 1199, 1206, 1233, 1237, 1259, 1268, 1272, 1292, 1294, 1295, 1338, 1353, 1387, 1399, 1404, 1414, 1415, 1424]
24: [22, 23, 25, 75, 96, 103, 104, 149, 202, 241, 277, 278, 338, 369, 380, 384, 424, 438, 448, 451, 488, 490, 495, 504, 535, 571, 582, 585, 586, 587, 594, 607, 648, 660, 662, 705, 744, 781, 786, 861, 867, 874, 884, 886, 921, 938, 953, 998, 1003, 1035, 1039, 1045, 1104, 1114, 1174, 1179, 1180, 1196, 1203, 1227, 1228, 1239, 1241, 1245, 1254, 1257, 1273, 1276, 1278, 1282, 1315, 1324, 1423, 1426, 1427, 1452, 1473, 1476, 1491]
25: [24, 26, 29, 45, 63, 77, 87, 93, 97, 111, 120, 125, 157, 178, 200, 203, 240, 293, 327, 349, 372, 387, 390, 421, 424, 433, 458, 465, 468, 499, 532, 541, 543, 548, 550, 582, 593, 604, 616, 628, 646, 656, 664, 667, 674, 683, 689, 712, 721, 731, 735, 751, 783, 816, 852, 871, 879, 907, 920, 930, 945, 978, 1013, 1024, 1036, 1051, 1072, 1112, 1163, 1165, 1172, 1174, 1184, 1206, 1256, 1269, 1275, 1285, 1286, 1290, 1319, 1340, 1341, 1349, 1367, 1370, 1386, 1406, 1422, 1438, 1463, 1466, 1489, 1492]
26: [14, 22, 25, 27, 45, 49, 69, 73, 86, 128, 139, 158, 164, 166, 195, 209, 219, 238, 271, 305, 318, 320, 324, 331, 342, 348, 382, 415, 418, 428, 528, 584, 585, 588, 622, 628, 665, 666, 673, 686, 700, 711, 714, 738, 751, 752, 764, 776, 779, 806, 814, 837, 847, 891, 909, 918, 921, 979, 987, 1010, 1020, 1021, 1035, 1058, 1130, 1150, 1159, 1188, 1220, 1262, 1265, 1280, 1289, 1294, 1298, 1308, 1326, 1370, 1391, 1401, 1418, 1419, 1439, 1470, 1482]
27: [26, 28, 38, 41, 62, 82, 86, 90, 98, 111, 170, 171, 183, 189, 217, 226, 228, 256, 307, 311, 402, 403, 442, 474, 492, 537, 538, 541, 547, 566, 574, 602, 604, 612, 620, 672, 686, 711, 713, 720, 722, 739, 778, 840, 915, 922, 948, 968, 982, 984, 1024, 1077, 1101, 1125, 1128, 1134, 1186, 1193, 1265, 1277, 1284, 1319, 1329, 1377, 1394, 1408, 1410, 1445, 1448, 1473, 1489, 1497]
28: [27, 29, 58, 73, 75, 83, 95, 109, 128, 136, 146, 170, 183, 188, 199, 226, 286, 287, 288, 295, 296, 299, 308, 312, 317, 342, 361, 387, 404, 432, 440, 475, 498, 523, 541, 599, 612, 621, 674, 708, 712, 736, 742, 748, 750, 768, 771, 779, 782, 794, 795, 801, 802, 807, 811, 830, 862, 888, 907, 918, 947, 1025, 1032, 1034, 1040, 1050, 1068, 1073, 1079, 1120, 1123, 1140, 1141, 1176, 1198, 1209, 1280, 1284, 1290, 1298, 1305, 1339, 1363, 1426, 1431, 1468, 1471, 1494, 1499]
29: [16, 21, 25, 28, 30, 44, 77, 97, 102, 112, 125, 132, 145, 180, 198, 229, 247, 287, 289, 314, 361, 383, 474, 526, 528, 551, 555, 565, 572, 589, 613, 628, 678, 679, 683, 711, 721, 746, 752, 760, 771, 773, 836, 858, 861, 878, 887, 917, 926, 937, 942, 951, 1013, 1015, 1035, 1047, 1082, 1111, 1124, 1142, 1147, 1149, 1160, 1191, 1197, 1237, 1255, 1259, 1269, 1280, 1291, 1312, 1316, 1323, 1336, 1349, 1350, 1358, 1363, 1401, 1403, 1429, 1438, 1497]
30: [15, 20, 29, 31, 42, 58, 79, 97, 160, 179, 209, 241, 288, 291, 298, 304, 358, 366, 371, 389, 429, 476, 480, 485, 534, 562, 595, 601, 642, 659, 689, 718, 722, 735, 764, 765, 772, 792, 839, 843, 859, 863, 894, 939, 964, 965, 997, 1010, 1056, 1059, 1069, 1076, 1102, 1137, 1160, 1207, 1212, 1217, 1231, 1240, 1241, 1255, 1272, 1273, 1300, 1302, 1312, 1321, 1331, 1347, 1371, 1392, 1400, 1448, 1487]
31: [23, 30, 32, 64, 152, 153, 169, 170, 200, 228, 260, 273, 283, 306, 319, 326, 327, 376, 410, 413, 439, 471, 505, 521, 535, 572, 588, 598, 611, 635, 640, 642, 644, 651, 660, 661, 686, 687, 756, 769, 774, 780, 788, 797, 824, 910, 932, 933, 935, 954, 961, 990, 1014, 1045, 1054, 1059, 1062, 1064, 1067, 1073, 1123, 1147, 1182, 1189, 1200, 1213, 1217, 1228, 1248, 1253, 1275, 1296, 1316, 1321, 1330, 1332, 1359, 1367, 1372, 1376, 1404, 1435, 1452, 1459, 1469, 1474, 1494]
32: [31, 33, 80, 140, 141, 142, 154, 169, 178, 183, 199, 208, 215, 226, 230, 259, 265, 292, 304, 320, 409, 437, 502, 521, 524, 564, 573, 617, 618, 640, 646, 662, 672, 690, 732, 763, 793, 830, 844, 873, 898, 919, 925, 948, 972, 976, 1008, 1009, 1027, 1028, 1069, 1072, 1078, 1089, 1113, 1115, 1120, 1121, 1141, 1148, 1171, 1196, 1232, 1255, 1274, 1281, 1282, 1292, 1320, 1329, 1373, 1389, 1396, 1398, 1407, 1418, 1434, 1474]
33: [32, 34, 50, 71, 74, 78, 81, 155, 218, 220, 265, 267, 285, 341, 347, 363, 376, 381, 442, 450, 488, 497, 516, 534, 538, 547, 606, 614, 616, 621, 623, 633, 635, 637, 640, 668, 686, 707, 711, 715, 732, 740, 758, 830, 848, 850, 861, 882, 895, 912, 949, 960, 976, 1041, 1060, 1101, 1105, 1119, 1126, 1130, 1191, 1193, 1196, 1230, 1241, 1262, 1286, 1290, 1292, 1306, 1325, 1337, 1361, 1364, 1371, 1376, 1411, 1441, 1472, 1485, 1496]
34: [33, 35, 37, 60, 128, 141, 181, 187, 223, 242, 251, 253, 264, 273, 282, 294, 298, 313, 332, 344, 390, 415, 480, 494, 537, 544, 550, 553, 585, 603, 610, 648, 665, 680, 751, 752, 819, 824, 826, 854, 871, 882, 932, 950, 963, 974, 982, 984, 995, 1050, 1070, 1132, 1136, 1148, 1151, 1154, 1163, 1171, 1191, 1208, 1224, 1227, 1236, 1254, 1302, 1310, 1341, 1343, 1348, 1360, 1362, 1408, 1441, 1480]
35: [34, 36, 47, 59, 112, 144, 184, 191, 200, 222, 229, 233, 239, 246, 299, 358, 369, 372, 386, 411, 432, 452, 465, 491, 497, 501, 515, 555, 561, 562, 663, 679, 693, 705, 723, 732, 754, 769, 835, 880, 912, 917, 925, 969, 1013, 1032, 1065, 1068, 1075, 1087, 1120, 1125, 1145, 1149, 1158, 1198, 1206, 1215, 1219, 1228, 1262, 1277, 1339, 1356, 1424, 1444, 1467, 1471, 1475, 1483, 1486, 1494]
36: [35, 37, 91, 93, 105, 114, 164, 172, 179, 188, 228, 242, 245, 306, 307, 313, 315, 343, 385, 393, 403, 427, 428, 480, 506, 508, 537, 539, 555, 588, 593, 630, 648, 653, 655, 671, 672, 708, 742, 766, 802, 825, 838, 860, 875, 904, 922, 932, 957, 972, 976, 987, 1032, 1044, 1105, 1109, 1138, 1156, 1207, 1209, 1221, 1235, 1257, 1267, 1283, 1349, 1377, 1397, 1406, 1423, 1429, 1443, 1444, 1475, 1478]
37: [34, 36, 38, 50, 55, 102, 157, 159, 172, 186, 210, 215, 217, 228, 257, 265, 272, 276, 345, 346, 375, 376, 379, 396, 410, 416, 425, 452, 458, 510, 553, 586, 602, 605, 629, 645, 730, 759, 823, 844, 860, 864, 889, 925, 947, 992, 1010, 1014, 1041, 1043, 1049, 1070, 1074, 1080, 1109, 1110, 1149, 1153, 1193, 1206, 1298, 1302, 1320, 1330, 1423, 1464]
38: [27, 37, 39, 42, 75, 122, 129, 139, 144, 164, 167, 194, 209, 248, 253, 279, 313, 333, 358, 359, 371, 386, 388, 402, 413, 414, 426, 431, 437, 483, 544, 552, 608, 617, 636, 650, 668, 677, 729, 751, 766, 772, 773, 782, 793, 795, 811, 844, 858, 900, 906, 931, 940, 950, 973, 997, 1048, 1107, 1143, 1151, 1152, 1216, 1246, 1257, 1260, 1299, 1311, 1318, 1329, 1335, 1350, 1359, 1362, 1364, 1370, 1374, 1381, 1425, 1429, 1479, 1492]
39: [38, 40, 51, 54, 65, 90, 111, 118, 163, 181, 247, 308, 321, 351, 354, 370, 378, 383, 414, 415, 420, 424, 442, 493, 543, 577, 606, 608, 614, 622, 640, 698, 707, 711, 745, 753, 766, 771, 795, 796, 819, 821, 905, 928, 929, 933, 945, 946, 960, 978, 982, 984, 995, 999, 1011, 1013, 1029, 1037, 1067, 1106, 1122, 1146, 1181, 1198, 1205, 1211, 1241, 1318, 1383, 1452, 1472, 1479]
40: [17, 39, 41, 43, 48, 53, 54, 76, 99, 110, 113, 114, 133, 168, 177, 222, 244, 247, 255, 300, 303, 325, 328, 335, 365, 370, 372, 399, 424, 429, 477, 532, 549, 556, 568, 579, 615, 634, 678, 689, 699, 730, 739, 747, 754, 856, 875, 885, 892, 897, 905, 956, 960, 980, 1013, 1016, 1022, 1035, 1058, 1079, 1109, 1131, 1139, 1162, 1165, 1175, 1177, 1184, 1193, 1223, 1227, 1240, 1241, 1244, 1257, 1266, 1278, 1298, 1342, 1354, 1363, 1364, 1366, 1369, 1422, 1431, 1465, 1467, 1495]
41: [27, 40, 42, 56, 58, 66, 110, 113, 143, 157, 166, 183, 184, 185, 227, 233, 270, 271, 281, 293, 369, 400, 403, 459, 462, 466, 497, 500, 503, 507, 533, 535, 539, 545, 564, 586, 608, 610, 664, 676, 682, 691, 743, 748, 750, 770, 773, 793, 795, 831, 847, 848, 863, 864, 899, 921, 941, 942, 962, 971, 1016, 1032, 1047, 1059, 1085, 1106, 1111, 1115, 1125, 1136, 1159, 1196, 1209, 1227, 1233, 1242, 1279, 1301, 1329, 1340, 1360, 1372, 1402, 1405, 1407, 1426, 1436, 1441, 1459, 1468]
42: [30, 38, 41, 43, 71, 76, 80, 145, 170, 185, 189, 191, 198, 205, 228, 247, 255, 260, 278, 279, 287, 306, 344, 350, 374, 381, 394, 398, 425, 438, 453, 478, 519, 551, 592, 595, 603, 613, 632, 642, 665, 674, 679, 712, 732, 752, 767, 794, 807, 907, 946, 950, 954, 1004, 1104, 1117, 1164, 1168, 1226, 1227, 1252, 1282, 1319, 1341, 1353, 1380, 1433, 1438, 1443, 1480, 1487, 1494, 1499]
43: [40, 42, 44, 52, 57, 85, 107, 140, 141, 142, 146, 156, 166, 180, 188, 198, 204, 232, 234, 241, 243, 251, 265, 294, 326, 352, 367, 436, 443, 456, 472, 514, 559, 563, 625, 638, 647, 670, 693, 713, 745, 774, 803, 809, 816, 860, 880, 888, 895, 898, 919, 962, 965, 976, 1014, 1015, 1039, 1077, 1086, 1091, 1123, 1153, 1161, 1171, 1172, 1174, 1179, 1184, 1207, 1238, 1251, 1261, 1306, 1331, 1343, 1368, 1378, 1392, 1394, 1396, 1398, 1430, 1441]
44: [29, 43, 45, 51, 55, 88, 102, 131, 145, 163, 257, 339, 354, 358, 366, 394, 413, 440, 525, 533, 558, 592, 594, 613, 620, 635, 671, 673, 722, 729, 758, 783, 784, 790, 834, 839, 841, 880, 906, 922, 954, 960, 982, 1000, 1010, 1028, 1035, 1057, 1077, 1089, 1104, 1107, 1113, 1135, 1137, 1167, 1168, 1179, 1183, 1226, 1229, 1277, 1287, 1319, 1320, 1339, 1348, 1353, 1408, 1414, 1434, 1448, 1465, 1493]
45: [25, 26, 44, 46, 60, 65, 76, 79, 80, 88, 132, 150, 209, 213, 231, 233, 248, 255, 259, 260, 310, 314, 322, 326, 328, 391, 410, 430, 464, 467, 470, 518, 530, 531, 652, 653, 703, 723, 764, 774, 794, 813, 822, 829, 833, 843, 915, 917, 962, 991, 1012, 1022, 1026, 1062, 1113, 1115, 1117, 1126, 1135, 1154, 1158, 1172, 1186, 1210, 1214, 1226, 1253, 1272, 1276, 1279, 1285, 1303, 1316, 1350, 1356, 1410, 1424, 1425, 1455]
46: [45, 47, 63, 72, 84, 106, 111, 118, 122, 127, 135, 144, 153, 169, 176, 209, 234, 241, 259, 270, 325, 334, 351, 368, 398, 401, 411, 414, 442, 460, 470, 471, 478, 492, 494, 500, 529, 559, 563, 624, 681, 702, 708, 712, 726, 730, 753, 769, 811, 830, 847, 861, 916, 935, 939, 969, 975, 981, 988, 992, 1008, 1026, 1031, 1077, 1086, 1152, 1154, 1165, 1181, 1216, 1228, 1243, 1252, 1295, 1296, 1315, 1322, 1326, 1345, 1396, 1409, 1426, 1445, 1457, 1483, 1485]
47: [20, 35, 46, 48, 86, 101, 108, 110, 120, 127, 156, 157, 159, 173, 175, 197, 200, 213, 222, 249, 293, 301, 343, 346, 352, 355, 418, 445, 485, 513, 539, 551, 591, 610, 659, 675, 733, 737, 756, 830, 853, 865, 901, 919, 942, 954, 969, 994, 1006, 1021, 1041, 1071, 1076, 1101, 1110, 1128, 1143, 1144, 1158, 1179, 1201, 1213, 1226, 1239, 1276, 1304, 1321, 1355, 1361, 1417, 1430, 1440, 1444, 1458, 1462, 1494]
48: [40, 47, 49, 57, 65, 113, 119, 175, 177, 212, 268, 326, 333, 426, 431, 432, 441, 498, 527, 541, 550, 552, 590, 624, 665, 705, 717, 730, 762, 772, 788, 840, 849, 888, 897, 899, 964, 974, 979, 1017, 1018, 1023, 1089, 1093, 1094, 1102, 1112, 1117, 1118, 1119, 1125, 1132, 1160, 1169, 1322, 1339, 1356, 1391, 1486, 1494]
49: [26, 48, 50, 59, 71, 74, 89, 105, 125, 151, 165, 167, 176, 187, 196, 214, 228, 235, 253, 285, 291, 293, 296, 369, 370, 371, 374, 401, 416, 433, 434, 449, 454, 457, 508, 526, 562, 591, 603, 605, 624, 632, 649, 665, 675, 684, 698, 710, 721, 725, 752, 760, 770, 780, 798, 832, 853, 889, 927, 945, 996, 1012, 1064, 1092, 1110, 1116, 1119, 1121, 1183, 1198, 1225, 1230, 1250, 1257, 1261, 1269, 1271, 1282, 1326, 1328, 1331, 1341, 1348, 1356, 1362, 1373, 1376, 1441, 1457, 1462]
50: [33, 37, 49, 51, 56, 60, 146, 158, 168, 172, 191, 197, 207, 216, 219, 225, 235, 241, 250, 265, 318, 334, 335, 346, 368, 387, 399, 406, 433, 443, 459, 474, 475, 492, 533, 549, 562, 581, 595, 609, 614, 629, 669, 698, 709, 769, 800, 824, 829, 836, 872, 873, 879, 967, 1070, 1080, 1092, 1094, 1105, 1119, 1120, 1150, 1154, 1163, 1166, 1182, 1210, 1215, 1220, 1252, 1295, 1326, 1335, 1348, 1388, 1396, 1416, 1422, 1436, 1445, 1464, 1490, 1491]
51: [39, 44, 50, 52, 53, 78, 82, 91, 96, 108, 142, 187, 193, 269, 279, 282, 298, 307, 315, 353, 404, 420, 474, 507, 520, 548, 581, 648, 687, 695, 715, 760, 775, 809, 810, 826, 851, 854, 869, 870, 884, 888, 907, 910, 922, 925, 954, 992, 1005, 1007, 1016, 1043, 1064, 1080, 1083, 1084, 1094, 1104, 1131, 1136, 1164, 1167, 1182, 1202, 1210, 1213, 1315, 1317, 1322, 1362, 1382, 1400, 1402, 1436, 1455, 1495]
52: [43, 51, 53, 66, 107, 115, 116, 131, 143, 149, 151, 171, 172, 186, 188, 255, 294, 300, 399, 403, 423, 431, 438, 446, 457, 467, 480, 547, 558, 601, 606, 623, 636, 638, 647, 754, 760, 782, 801, 840, 844, 851, 909, 923, 938, 1007, 1020, 1022, 1027, 1059, 1082, 1089, 1108, 1141, 1184, 1189, 1215, 1217, 1233, 1283, 1286, 1298, 1331, 1344, 1354, 1357, 1366, 1410, 1415, 1462]
53: [40, 51, 52, 54, 56, 79, 132, 159, 164, 190, 212, 279, 314, 333, 356, 381, 406, 420, 443, 444, 451, 464, 470, 492, 527, 537, 554, 589, 593, 612, 615, 645, 679, 732, 739, 754, 783, 784, 794, 802, 824, 838, 859, 911, 914, 972, 994, 1043, 1109, 1119, 1128, 1153, 1197, 1198, 1204, 1207, 1216, 1224, 1225, 1237, 1240, 1245, 1266, 1272, 1324, 1325, 1352, 1358, 1362, 1371, 1444, 1448, 1454, 1492]
54: [39, 40, 53, 55, 143, 167, 168, 172, 177, 189, 222, 258, 293, 312, 313, 352, 355, 395, 404, 405, 443, 454, 471, 476, 484, 485, 486, 553, 572, 584, 587, 590, 603, 694, 696, 706, 757, 809, 817, 833, 936, 942, 959, 962, 967, 989, 1004, 1006, 1013, 1024, 1052, 1073, 1080, 1098, 1109, 1159, 1176, 1206, 1220, 1232, 1235, 1239, 1265, 1357, 1373, 1378, 1407, 1431, 1441, 1452, 1464, 1484, 1493]
55: [37, 44, 54, 56, 90, 134, 165, 174, 186, 190, 208, 242, 266, 288, 299, 366, 374, 396, 422, 425, 434, 446, 521, 543, 648, 702, 712, 732, 748, 826, 844, 865, 891, 911, 1013, 1024, 1027, 1032, 1035, 1036, 1053, 1064, 1082, 1107, 1114, 1200, 1218, 1224, 1227, 1249, 1258, 1265, 1282, 1289, 1290, 1302, 1306, 1310, 1321, 1345, 1383, 1384, 1421, 1426, 1435, 1454]
56: [20, 41, 50, 53, 55, 57, 84, 120, 128, 191, 265, 282, 306, 314, 319, 329, 338, 371, 380, 394, 396, 401, 407, 424, 433, 519, 522, 524, 526, 530, 541, 544, 553, 575, 580, 602, 624, 656, 664, 681, 702, 719, 757, 799, 813, 815, 817, 842, 847, 886, 898, 929, 931, 953, 971, 996, 997, 1001, 1007, 1009, 1028, 1040, 1046, 1055, 1056, 1088, 1091, 1132, 1158, 1170, 1179, 1192, 1206, 1207, 1223, 1230, 1234, 1258, 1287, 1317, 1323, 1340, 1343, 1345, 1355, 1371, 1402, 1450, 1472, 1495]
57: [16, 43, 48, 56, 58, 122, 166, 177, 198, 218, 219, 276, 289, 316, 359, 375, 388, 410, 448, 466, 538, 561, 598, 600, 691, 711, 714, 719, 725, 749, 802, 814, 819, 824, 840, 869, 877, 927, 928, 931, 934, 950, 981, 1004, 1028, 1033, 1043, 1068, 1079, 1109, 1115, 1121, 1129, 1152, 1173, 1184, 1186, 1195, 1204, 1227, 1239, 1242, 1261, 1264, 1265, 1278, 1296, 1363, 1365, 1371, 1384, 1410, 1415, 1418, 1451, 1453]
58: [28, 30, 41, 57, 59, 66, 92, 121, 135, 156, 161, 162, 195, 208, 228, 345, 369, 405, 427, 437, 441, 524, 535, 564, 581, 588, 666, 669, 681, 709, 717, 737, 748, 787, 803, 810, 878, 886, 945, 954, 963, 976, 988, 1000, 1016, 1026, 1036, 1039, 1044, 1045, 1081, 1083, 1101, 1102, 1122, 1143, 1150, 1155, 1158, 1168, 1231, 1232, 1246, 1279, 1294, 1299, 1345, 1367, 1368, 1377, 1384, 1395, 1404, 1414, 1437, 1451, 1452]
59: [15, 35, 49, 58, 60, 101, 115, 130, 153, 176, 183, 189, 229, 231, 270, 296, 299, 374, 402, 431, 440, 458, 481, 485, 494, 530, 536, 555, 556, 557, 560, 594, 643, 644, 654, 664, 745, 752, 755, 761, 783, 823, 893, 909, 917, 924, 935, 972, 1021, 1069, 1089, 1135, 1140, 1158, 1191, 1214, 1225, 1226, 1250, 1289, 1301, 1382, 1409, 1413, 1414, 1461, 1463, 1478, 1480, 1490, 1494]
60: [16, 22, 34, 45, 50, 59, 61, 68, 69, 81, 90, 130, 140, 168, 170, 176, 197, 267, 287, 288, 332, 334, 394, 437, 440, 465, 510, 524, 526, 535, 543, 564, 570, 598, 604, 609, 670, 683, 705, 739, 740, 773, 786, 791, 807, 836, 852, 868, 879, 881, 898, 911, 917, 941, 959, 1003, 1005, 1006, 1046, 1094, 1095, 1104, 1110, 1111, 1133, 1143, 1144, 1185, 1198, 1203, 1211, 1216, 1222, 1239, 1265, 1292, 1311, 1321, 1325, 1343, 1473, 1490]
61: [60, 62, 68, 92, 121, 188, 190, 199, 216, 249, 260, 268, 270, 276, 282, 297, 318, 355, 388, 396, 406, 413, 417, 435, 436, 474, 477, 508, 521, 542, 566, 586, 589, 706, 727, 759, 789, 804, 845, 850, 899, 943, 946, 948, 1026, 1029, 1034, 1041, 1046, 1071, 1096, 1116, 1126, 1150, 1178, 1214, 1232, 1242, 1328, 1338, 1359, 1366, 1392, 1394, 1399, 1402, 1459, 1487, 1490]
62: [15, 27, 61, 63, 71, 73, 74, 129, 140, 143, 180, 184, 186, 201, 205, 258, 271, 290, 298, 315, 334, 338, 341, 354, 394, 432, 441, 461, 518, 560, 565, 568, 589, 634, 637, 678, 684, 686, 697, 724, 777, 778, 803, 829, 834, 872, 889, 901, 937, 939, 966, 968, 975, 979, 988, 1000, 1001, 1002, 1025, 1033, 1061, 1078, 1114, 1117, 1123, 1126, 1130, 1158, 1159, 1195, 1225, 1237, 1252, 1283, 1294, 1299, 1327, 1350, 1358, 1370, 1385, 1424, 1451, 1466]
63: [25, 46, 62, 64, 68, 98, 119, 127, 190, 222, 239, 280, 282, 285, 298, 310, 370, 373, 388, 403, 419, 451, 493, 496, 528, 545, 553, 605, 714, 733, 762, 782, 783, 800, 828, 833, 862, 872, 890, 893, 908, 921, 936, 960, 978, 1025, 1052, 1062, 1072, 1169, 1183, 1184, 1209, 1241, 1257, 1274, 1288, 1340, 1351, 1358, 1375, 1428, 1446, 1464, 1465, 1466, 1488, 1494]
64: [31, 63, 65, 69, 78, 132, 138, 143, 180, 203, 248, 250, 252, 301, 306, 325, 330, 332, 333, 345, 349, 359, 413, 420, 439, 454, 476, 477, 512, 521, 533, 540, 542, 552, 556, 561, 600, 606, 613, 629, 661, 669, 680, 695, 706, 733, 761, 771, 788, 798, 801, 809, 810, 855, 868, 894, 902, 915, 951, 966, 970, 1014, 1016, 1060, 1065, 1079, 1116, 1124, 1127, 1142, 1154, 1201, 1239, 1265, 1293, 1343, 1365, 1399, 1411, 1447, 1457, 1480, 1483, 1484]
65: [22, 39, 45, 48, 64, 66, 70, 127, 136, 148, 184, 198, 216, 228, 278, 292, 299, 344, 354, 375, 392, 393, 405, 430, 446, 454, 461, 464, 475, 495, 501, 517, 536, 549, 559, 572, 631, 645, 648, 661, 668, 690, 754, 755, 791, 815, 824, 834, 853, 857, 861, 866, 880, 924, 936, 954, 955, 964, 967, 974, 983, 1047, 1060, 1088, 1104, 1105, 1114, 1132, 1133, 1163, 1188, 1212, 1232, 1235, 1288, 1289, 1290, 1342, 1384, 1385, 1389, 1390, 1401, 1405, 1408, 1441, 1444, 1451, 1490]
66: [22, 41, 52, 58, 65, 67, 99, 116, 145, 157, 161, 208, 226, 279, 292, 293, 316, 320, 346, 370, 381, 383, 393, 413, 436, 472, 525, 537, 545, 594, 615, 620, 640, 713, 723, 804, 856, 916, 931, 951, 955, 996, 1020, 1028, 1034, 1045, 1065, 1101, 1114, 1117, 1159, 1160, 1168, 1195, 1205, 1222, 1255, 1257, 1304, 1305, 1322, 1394, 1412, 1433, 1461, 1463, 1470, 1496]
67: [66, 68, 77, 84, 85, 140, 153, 156, 164, 174, 201, 209, 215, 229, 232, 260, 261, 290, 315, 362, 375, 398, 404, 413, 417, 465, 481, 502, 505, 522, 525, 543, 568, 586, 599, 605, 618, 637, 658, 698, 703, 720, 728, 747, 749, 788, 798, 823, 835, 841, 858, 860, 883, 890, 918, 922, 924, 944, 965, 973, 975, 994, 999, 1004, 1006, 1027, 1040, 1076, 1096, 1113, 1144, 1186, 1195, 1197, 1242, 1270, 1284, 1311, 1343, 1369, 1403, 1424, 1447, 1457, 1463, 1480]
68: [17, 60, 61, 63, 67, 69, 75, 84, 144, 149, 154, 204, 205, 217, 230, 272, 307, 320, 357, 365, 369, 374, 380, 385, 414, 504, 519, 528, 552, 562, 579, 595, 596, 612, 638, 650, 664, 676, 794, 887, 953, 988, 996, 1000, 1035, 1037, 1051, 1058, 1111, 1124, 1138, 1146, 1149, 1185, 1201, 1275, 1293, 1301, 1338, 1347, 1382, 1403, 1419, 1450, 1457, 1495]
69: [26, 60, 64, 68, 70, 98, 100, 104, 122, 136, 160, 208, 212, 218, 230, 262, 265, 303, 304, 348, 355, 357, 396, 433, 436, 478, 497, 504, 508, 547, 589, 603, 624, 653, 668, 672, 714, 763, 772, 805, 846, 884, 909, 916, 967, 1013, 1023, 1031, 1116, 1127, 1134, 1148, 1176, 1197, 1228, 1246, 1252, 1259, 1262, 1267, 1273, 1306, 1314, 1341, 1342, 1360, 1376, 1403, 1409, 1410, 1414, 1423, 1446, 1463, 1469, 1473, 1474]
70: [65, 69, 71, 100, 107, 131, 151, 166, 178, 181, 200, 227, 272, 276, 282, 303, 312, 315, 349, 353, 369, 381, 411, 465, 492, 499, 508, 511, 535, 566, 587, 618, 619, 657, 662, 693, 729, 780, 803, 816, 818, 825, 833, 865, 897, 936, 939, 954, 956, 991, 1026, 1052, 1060, 1102, 1111, 1127, 1178, 1196, 1229, 1237, 1250, 1264, 1317, 1329, 1345, 1347, 1350, 1352, 1370, 1402, 1472]
71: [18, 33, 42, 49, 62, 70, 72, 83, 105, 108, 115, 154, 190, 212, 228, 238, 259, 262, 289, 325, 334, 359, 376, 378, 396, 398, 421, 438, 453, 471, 474, 487, 500, 519, 551, 553, 583, 604, 632, 670, 673, 679, 698, 723, 735, 740, 776, 802, 901, 903, 905, 915, 948, 956, 958, 1006, 1022, 1023, 1042, 1087, 1121, 1122, 1130, 1135, 1152, 1157, 1203, 1207, 1223, 1240, 1273, 1301, 1346, 1361, 1362, 1373, 1377, 1431, 1443, 1444, 1453, 1470, 1478, 1480, 1498]
72: [46, 71, 73, 87, 107, 162, 181, 200, 202, 231, 245, 257, 261, 264, 335, 397, 432, 435, 455, 469, 484, 497, 507, 557, 592, 596, 597, 601, 613, 625, 705, 713, 715, 718, 773, 785, 797, 828, 840, 856, 934, 944, 956, 962, 982, 983, 992, 1029, 1044, 1063, 1065, 1071, 1087, 1098, 1145, 1175, 1191, 1231, 1243, 1259, 1274, 1313, 1323, 1336, 1348, 1362, 1379, 1384, 1385, 1387, 1394, 1396, 1431, 1477, 1491]
73: [23, 26, 28, 62, 72, 74, 76, 92, 102, 126, 145, 156, 168, 173, 175, 234, 259, 308, 314, 316, 335, 337, 359, 371, 395, 412, 417, 456, 484, 492, 494, 527, 560, 564, 592, 596, 613, 632, 646, 682, 699, 705, 729, 735, 744, 756, 758, 786, 794, 805, 812, 820, 828, 835, 898, 900, 919, 927, 952, 956, 981, 986, 1000, 1044, 1051, 1096, 1169, 1180, 1199, 1226, 1227, 1239, 1248, 1256, 1265, 1294, 1309, 1311, 1376, 1387, 1439, 1446, 1449, 1459, 1485]
74: [20, 33, 49, 62, 73, 75, 123, 128, 151, 173, 206, 214, 227, 253, 259, 264, 280, 301, 305, 308, 327, 393, 414, 439, 467, 513, 515, 539, 545, 575, 585, 595, 629, 631, 654, 669, 670, 684, 744, 750, 782, 792, 864, 865, 883, 896, 925, 933, 967, 1050, 1051, 1055, 1078, 1104, 1149, 1155, 1172, 1227, 1273, 1315, 1316, 1348, 1359, 1366, 1388, 1423, 1435, 1440, 1457, 1463, 1497]
75: [24, 28, 38, 68, 74, 76, 89, 96, 123, 160, 163, 195, 198, 204, 276, 279, 297, 345, 381, 388, 423, 436, 465, 476, 537, 543, 569, 585, 587, 606, 639, 652, 657, 685, 699, 715, 717, 744, 745, 747, 764, 768, 789, 798, 889, 898, 915, 937, 951, 953, 973, 997, 1022, 1127, 1133, 1142, 1150, 1190, 1199, 1234, 1253, 1268, 1272, 1276, 1286, 1304, 1389, 1410, 1411, 1417, 1433, 1452, 1453, 1466]
76: [17, 40, 42, 45, 73, 75, 77, 89, 146, 155, 192, 200, 216, 219, 223, 233, 241, 255, 262, 272, 286, 296, 323, 332, 390, 403, 429, 450, 463, 471, 480, 506, 515, 529, 546, 584, 603, 610, 636, 653, 662, 676, 689, 690, 719, 804, 810, 839, 865, 872, 910, 937, 939, 949, 956, 974, 1004, 1034, 1060, 1088, 1101, 1109, 1129, 1138, 1158, 1182, 1189, 1198, 1200, 1202, 1205, 1232, 1276, 1282, 1294, 1322, 1333, 1361, 1377, 1397, 1418, 1428, 1462, 1464, 1476, 1499]
77: [20, 25, 29, 67, 76, 78, 88, 89, 146, 188, 199, 274, 277, 291, 294, 307, 349, 356, 357, 366, 378, 394, 397, 438, 493, 501, 512, 513, 515, 533, 535, 552, 596, 597, 609, 612, 640, 660, 663, 672, 691, 719, 726, 756, 765, 775, 782, 799, 812, 819, 856, 865, 877, 909, 964, 1032, 1049, 1071, 1122, 1127, 1142, 1147, 1192, 1209, 1217, 1239, 1304, 1329, 1343, 1349, 1357, 1369, 1391, 1400, 1443, 1456, 1458]
78: [19, 22, 33, 51, 64, 77, 79, 130, 155, 161, 199, 207, 215, 231, 233, 239, 283, 287, 308, 319, 344, 398, 462, 466, 469, 482, 492, 504, 550, 551, 576, 599, 636, 649, 672, 691, 700, 704, 719, 725, 747, 758, 789, 796, 829, 834, 895, 899, 908, 927, 953, 988, 1039, 1051, 1074, 1075, 1076, 1094, 1109, 1119, 1130, 1133, 1137, 1160, 1167, 1169, 1177, 1208, 1229, 1246, 1249, 1282, 1294, 1299, 1322, 1326, 1347, 1357, 1392, 1424, 1465, 1472, 1489]
79: [14, 19, 30, 45, 53, 78, 80, 88, 144, 185, 192, 198, 200, 220, 231, 239, 246, 249, 285, 286, 289, 297, 321, 322, 336, 339, 430, 445, 471, 518, 526, 551, 573, 596, 638, 643, 645, 656, 659, 706, 724, 739, 755, 785, 822, 826, 839, 845, 857, 860, 867, 891, 901, 926, 944, 974, 979, 1022, 1032, 1049, 1061, 1067, 1097, 1108, 1115, 1149, 1193, 1215, 1221, 1260, 1261, 1270, 1297, 1344, 1362, 1370, 1403, 1418, 1446, 1447, 1448, 1465, 1497]
80: [20, 32, 42, 45, 79, 81, 105, 144, 151, 153, 169, 172, 183, 209, 219, 231, 242, 244, 249, 305, 314, 323, 324, 344, 369, 390, 406, 413, 414, 436, 475, 490, 496, 529, 555, 563, 588, 632, 655, 667, 676, 681, 682, 741, 772, 809, 812, 829, 833, 838, 850, 855, 860, 872, 893, 938, 988, 1003, 1008, 1022, 1034, 1053, 1124, 1158, 1159, 1205, 1219, 1221, 1237, 1259, 1293, 1294, 1308, 1315, 1330, 1371, 1377, 1391, 1413, 1426, 1452, 1461, 1475, 1478, 1487]
81: [33, 60, 80, 82, 101, 103, 125, 133, 146, 149, 180, 222, 224, 267, 282, 384, 418, 436, 446, 455, 458, 478, 487, 499, 523, 575, 582, 596, 634, 639, 655, 698, 711, 729, 740, 745, 760, 807, 820, 825, 827, 862, 969, 1043, 1047, 1055, 1060, 1095, 1101, 1105, 1147, 1158, 1170, 1208, 1255, 1256, 1264, 1265, 1276, 1277, 1301, 1328, 1332, 1361, 1374, 1376, 1381, 1412, 1413, 1417, 1419, 1492]
82: [27, 51, 81, 83, 88, 93, 99, 106, 133, 139, 160, 251, 254, 265, 268, 272, 290, 300, 324, 372, 377, 386, 393, 402, 437, 479, 487, 493, 524, 547, 566, 570, 576, 581, 596, 614, 640, 662, 692, 752, 766, 782, 815, 818, 820, 851, 866, 875, 978, 980, 1002, 1008, 1044, 1122, 1143, 1181, 1184, 1192, 1197, 1213, 1231, 1244, 1250, 1251, 1254, 1296, 1332, 1376, 1394, 1407, 1430, 1455, 1480]
83: [18, 28, 71, 82, 84, 101, 124, 132, 158, 195, 228, 237, 238, 294, 312, 315, 335, 373, 377, 379, 386, 398, 431, 473, 476, 478, 568, 570, 596, 603, 623, 633, 717, 755, 781, 909, 963, 975, 980, 1003, 1036, 1050, 1054, 1064, 1065, 1120, 1125, 1167, 1188, 1207, 1232, 1265, 1275, 1299, 1322, 1331, 1371, 1386, 1415, 1423, 1436]
84: [46, 56, 67, 68, 83, 85, 105, 121, 145, 146, 156, 173, 183, 198, 213, 259, 272, 283, 323, 395, 402, 413, 417, 420, 457, 520, 526, 552, 629, 659, 660, 721, 740, 744, 755, 771, 773, 813, 818, 830, 833, 842, 875, 894, 918, 921, 925, 932, 935, 945, 1000, 1036, 1069, 1074, 1082, 1122, 1146, 1204, 1232, 1239, 1263, 1331, 1349, 1355, 1360, 1366, 1426, 1428, 1430, 1443, 1458, 1486]
85: [17, 23, 43, 67, 84, 86, 105, 156, 162, 181, 188, 203, 206, 223, 244, 263, 279, 300, 333, 335, 336, 341, 371, 404, 415, 432, 441, 460, 463, 465, 466, 517, 520, 531, 625, 644, 649, 670, 690, 718, 732, 750, 800, 838, 863, 864, 905, 906, 922, 945, 961, 984, 987, 991, 1028, 1032, 1058, 1076, 1084, 1162, 1169, 1179, 1206, 1209, 1216, 1234, 1239, 1257, 1263, 1270, 1287, 1313, 1320, 1346, 1364, 1369, 1400, 1401, 1404, 1425, 1451, 1461, 1493]
86: [15, 26, 27, 47, 85, 87, 94, 141, 147, 151, 180, 181, 185, 189, 220, 239, 258, 333, 374, 382, 385, 387, 405, 411, 425, 436, 454, 479, 492, 495, 502, 508, 536, 564, 573, 574, 590, 594, 596, 605, 621, 664, 714, 716, 734, 736, 737, 749, 763, 822, 857, 897, 905, 965, 984, 997, 1023, 1024, 1063, 1080, 1102, 1105, 1107, 1111, 1117, 1134, 1142, 1306, 1307, 1308, 1310, 1311, 1346, 1372, 1388, 1408, 1481, 1488]
87: [25, 72, 86, 88, 100, 138, 149, 199, 323, 333, 386, 405, 425, 435, 479, 505, 519, 538, 557, 570, 601, 605, 608, 646, 694, 706, 707, 716, 773, 816, 845, 852, 902, 917, 931, 956, 992, 1007, 1027, 1038, 1055, 1058, 1069, 1072, 1159, 1172, 1181, 1195, 1256, 1281, 1310, 1351, 1410, 1425, 1450, 1461, 1465, 1484]
88: [15, 44, 45, 77, 79, 82, 87, 89, 101, 123, 144, 166, 182, 186, 188, 275, 282, 307, 309, 336, 343, 349, 374, 378, 434, 450, 451, 483, 493, 504, 520, 536, 553, 571, 599, 627, 628, 643, 648, 651, 683, 694, 700, 735, 739, 746, 766, 767, 783, 830, 832, 848, 882, 887, 892, 904, 926, 976, 996, 999, 1008, 1038, 1052, 1054, 1099, 1123, 1124, 1156, 1243, 1245, 1293, 1322, 1330, 1430, 1441, 1463, 1494]
89: [19, 49, 75, 76, 77, 88, 90, 101, 106, 108, 110, 139, 145, 157, 169, 205, 224, 228, 235, 238, 242, 243, 266, 269, 333, 355, 368, 371, 374, 380, 388, 392, 447, 450, 455, 463, 492, 516, 550, 562, 616, 633, 659, 678, 694, 714, 716, 736, 750, 754, 799, 834, 849, 877, 892, 893, 917, 933, 938, 962, 1004, 1006, 1028, 1048, 1067, 1101, 1123, 1142, 1145, 1153, 1179, 1193, 1210, 1238, 1256, 1278, 1336, 1347, 1353, 1356, 1383, 1428, 1433, 1448]
90: [27, 39, 55, 60, 89, 91, 93, 122, 125, 158, 159, 212, 224, 227, 228, 230, 268, 289, 296, 342, 353, 389, 398, 409, 427, 439, 448, 462, 465, 471, 472, 479, 497, 516, 528, 533, 552, 561, 563, 609, 615, 643, 665, 669, 680, 688, 701, 705, 711, 757, 765, 797, 804, 823, 832, 847, 880, 883, 887, 904, 960, 965, 980, 997, 1109, 1146, 1149, 1194, 1221, 1227, 1232, 1233, 1250, 1261, 1267, 1270, 1282, 1311, 1326, 1339, 1364, 1435, 1442, 1459, 1470, 1476]
91: [36, 51, 90, 92, 98, 123, 139, 150, 159, 161, 180, 195, 224, 228, 250, 296, 317, 325, 329, 380, 415, 419, 423, 441, 445, 451, 564, 572, 578, 594, 624, 628, 647, 658, 661, 667, 700, 705, 748, 781, 784, 786, 808, 820, 883, 893, 900, 947, 949, 966, 976, 1005, 1007, 1019, 1022, 1032, 1081, 1143, 1145, 1150, 1153, 1173, 1180, 1205, 1270, 1277, 1295, 1301, 1306, 1310, 1339, 1345, 1347, 1356, 1385, 1396, 1414, 1461, 1488, 1490, 1499]
92: [58, 61, 73, 91, 93, 117, 120, 157, 159, 162, 167, 182, 229, 259, 287, 322, 372, 373, 425, 463, 496, 509, 523, 580, 586, 627, 652, 677, 698, 781, 782, 787, 790, 798, 827, 836, 855, 898, 950, 958, 969, 970, 1016, 1026, 1081, 1114, 1120, 1126, 1136, 1139, 1147, 1158, 1160, 1182, 1201, 1275, 1335, 1349, 1355, 1429, 1438, 1446, 1454, 1471, 1486, 1490, 1493]
93: [25, 36, 82, 90, 92, 94, 100, 107, 108, 132, 134, 150, 156, 163, 164, 218, 244, 249, 267, 276, 286, 293, 306, 312, 315, 328, 389, 402, 463, 514, 520, 534, 544, 575, 579, 607, 612, 621, 623, 627, 666, 685, 708, 761, 764, 778, 779, 801, 825, 835, 874, 896, 944, 950, 956, 1033, 1062, 1094, 1102, 1104, 1108, 1127, 1129, 1167, 1168, 1185, 1198, 1221, 1227, 1270, 1296, 1316, 1354, 1375, 1386, 1395, 1411, 1415, 1420, 1423, 1430, 1438, 1458, 1483, 1488]
94: [86, 93, 95, 98, 137, 143, 147, 155, 169, 196, 204, 214, 252, 253, 275, 301, 304, 306, 312, 318, 332, 347, 374, 383, 438, 477, 510, 575, 685, 718, 728, 749, 769, 820, 830, 843, 880, 899, 921, 940, 942, 949, 955, 984, 987, 1006, 1037, 1040, 1041, 1061, 1076, 1079, 1091, 1102, 1109, 1121, 1132, 1134, 1142, 1155, 1159, 1173, 1182, 1186, 1244, 1252, 1272, 1291, 1295, 1299, 1340, 1344, 1351, 1355, 1389, 1487, 1491, 1495]
95: [28, 94, 96, 139, 158, 172, 214, 229, 237, 244, 249, 264, 269, 296, 298, 299, 319, 341, 363, 388, 399, 419, 423, 463, 470, 476, 507, 512, 558, 634, 670, 681, 727, 762, 785, 859, 861, 871, 879, 885, 893, 897, 980, 1019, 1071, 1085, 1141, 1177, 1180, 1187, 1202, 1210, 1224, 1236, 1265, 1281, 1296, 1308, 1313, 1330, 1333, 1371, 1382, 1384, 1434, 1443, 1474]
96: [24, 51, 75, 95, 97, 157, 175, 223, 249, 266, 268, 273, 303, 309, 312, 329, 369, 393, 401, 406, 414, 468, 488, 505, 529, 558, 576, 580, 581, 590, 625, 633, 637, 639, 640, 643, 649, 719, 751, 776, 841, 870, 894, 912, 922, 975, 981, 987, 993, 1004, 1007, 1042, 1057, 1105, 1125, 1126, 1139, 1171, 1186, 1219, 1233, 1239, 1258, 1279, 1287, 1327, 1335, 1342, 1346, 1349, 1350, 1357, 1372, 1391, 1423, 1433, 1461, 1471, 1472, 1490]
97: [25, 29, 30, 96, 98, 104, 110, 135, 136, 145, 160, 163, 214, 224, 245, 289, 295, 297, 300, 304, 307, 309, 319, 331, 342, 343, 395, 413, 418, 424, 427, 464, 465, 492, 550, 551, 561, 572, 630, 677, 682, 691, 719, 762, 776, 831, 842, 921, 940, 969, 976, 982, 989, 1020, 1045, 1104, 1139, 1161, 1174, 1180, 1183, 1200, 1243, 1267, 1272, 1282, 1284, 1308, 1315, 1346, 1401, 1432, 1442, 1449, 1494]
98: [19, 27, 63, 69, 91, 94, 97, 99, 158, 164, 182, 203, 218, 220, 240, 264, 276, 307, 321, 399, 401, 414, 443, 445, 458, 481, 508, 517, 529, 530, 534, 573, 607, 613, 634, 637, 640, 641, 645, 658, 685, 710, 784, 796, 824, 828, 830, 836, 841, 872, 874, 893, 896, 917, 920, 947, 990, 994, 997, 1005, 1008, 1012, 1103, 1150, 1183, 1193, 1203, 1214, 1240, 1289, 1306, 1309, 1311, 1354, 1356, 1360, 1367, 1405, 1442, 1459, 1474, 1478, 1479]
99: [18, 40, 66, 82, 98, 100, 147, 158, 168, 170, 172, 178, 222, 257, 288, 289, 307, 309, 318, 343, 348, 352, 367, 370, 407, 420, 441, 543, 605, 632, 641, 652, 656, 678, 724, 732, 835, 837, 853, 858, 863, 893, 946, 962, 972, 1000, 1006, 1016, 1026, 1062, 1063, 1068, 1069, 1078, 1129, 1132, 1135, 1151, 1154, 1168, 1180, 1198, 1207, 1212, 1264, 1271, 1275, 1295, 1319, 1333, 1371, 1381, 1393, 1415, 1460, 1461, 1469]
100: [21, 69, 70, 87, 93, 99, 101, 104, 113, 134, 135, 185, 210, 219, 232, 234, 243, 259, 263, 284, 290, 301, 347, 388, 404, 414, 418, 458, 464, 466, 467, 468, 522, 536, 558, 565, 581, 582, 604, 651, 656, 678, 734, 735, 763, 772, 789, 809, 837, 863, 880, 890, 910, 960, 978, 985, 988, 1028, 1046, 1096, 1121, 1132, 1165, 1209, 1218, 1231, 1244, 1246, 1274, 1276, 1316, 1318, 1334, 1347, 1350, 1361, 1382, 1417, 1422, 1467, 1479, 1481, 1485]
101: [18, 21, 47, 59, 81, 83, 88, 89, 100, 102, 128, 142, 160, 205, 226, 277, 291, 322, 328, 331, 356, 375, 398, 416, 432, 436, 439, 446, 470, 504, 518, 520, 580, 581, 610, 620, 628, 635, 651, 662, 680, 682, 688, 699, 703, 744, 751, 775, 785, 811, 822, 824, 862, 878, 885, 942, 962, 981, 996, 1051, 1061, 1070, 1116, 1138, 1145, 1165, 1183, 1188, 1198, 1204, 1215, 1223, 1228, 1243, 1249, 1268, 1302, 1319, 1393, 1396, 1441, 1445, 1447]
102: [29, 37, 44, 73, 101, 103, 106, 130, 169, 173, 211, 255, 269, 275, 283, 293, 298, 316, 342, 403, 415, 417, 427, 449, 462, 463, 510, 517, 524, 565, 570, 585, 592, 600, 629, 649, 655, 663, 667, 674, 688, 693, 743, 746, 749, 779, 832, 851, 859, 891, 946, 960, 962, 984, 989, 1069, 1108, 1113, 1122, 1136, 1150, 1172, 1178, 1222, 1231, 1234, 1270, 1272, 1274, 1290, 1292, 1312, 1322, 1344, 1368, 1370, 1384, 1405, 1414, 1428, 1464, 1467]
103: [14, 19, 24, 81, 102, 104, 114, 140, 143, 155, 176, 203, 209, 237, 252, 269, 312, 324, 336, 346, 352, 365, 368, 370, 381, 403, 409, 413, 428, 448, 453, 460, 471, 472, 477, 528, 544, 556, 557, 560, 593, 608, 627, 706, 743, 744, 750, 765, 771, 783, 790, 793, 799, 827, 833, 850, 859, 881, 906, 908, 911, 920, 981, 989, 1046, 1071, 1087, 1093, 1095, 1141, 1174, 1225, 1237, 1263, 1270, 1349, 1373, 1408, 1411, 1418, 1450, 1466, 1477, 1481, 1491, 1495]
104: [15, 24, 69, 97, 100, 103, 105, 115, 140, 174, 175, 194, 215, 230, 246, 247, 254, 264, 295, 322, 328, 329, 333, 357, 359, 367, 389, 391, 400, 436, 485, 505, 508, 589, 606, 625, 666, 687, 695, 712, 719, 745, 754, 758, 771, 778, 779, 806, 824, 891, 895, 932, 952, 967, 984, 993, 1072, 1088, 1095, 1099, 1100, 1113, 1121, 1203, 1234, 1253, 1257, 1294, 1303, 1311, 1364, 1368, 1387]
105: [18, 36, 49, 71, 80, 84, 85, 104, 106, 117, 162, 170, 175, 177, 189, 194, 215, 222, 239, 271, 285, 288, 296, 312, 360, 361, 362, 372, 379, 385, 391, 400, 430, 513, 529, 564, 580, 674, 701, 726, 727, 741, 742, 754, 755, 768, 788, 810, 812, 833, 860, 862, 864, 870, 873, 911, 927, 963, 1016, 1095, 1100, 1125, 1140, 1163, 1166, 1175, 1225, 1277, 1288, 1291, 1296, 1300, 1305, 1332, 1337, 1348, 1368, 1384, 1400, 1468]
106: [22, 46, 82, 89, 102, 105, 107, 127, 153, 183, 214, 217, 219, 258, 276, 278, 317, 334, 339, 353, 392, 437, 451, 452, 455, 459, 553, 566, 597, 628, 645, 660, 700, 719, 808, 809, 826, 847, 850, 860, 876, 881, 886, 895, 908, 924, 941, 977, 1012, 1102, 1113, 1115, 1121, 1124, 1142, 1151, 1160, 1172, 1206, 1232, 1244, 1273, 1351, 1384, 1396, 1404, 1439, 1484]
107: [43, 52, 70, 72, 93, 106, 108, 118, 126, 173, 193, 195, 233, 244, 285, 290, 300, 316, 366, 377, 382, 391, 399, 400, 415, 416, 438, 452, 457, 469, 500, 527, 558, 597, 614, 619, 633, 634, 635, 656, 680, 711, 712, 744, 786, 800, 849, 866, 891, 908, 947, 982, 989, 1046, 1051, 1057, 1082, 1149, 1181, 1209, 1220, 1255, 1270, 1271, 1294, 1316, 1332, 1377, 1390, 1441, 1447, 1460, 1463, 1471, 1483]
108: [47, 51, 71, 89, 93, 107, 109, 199, 210, 224, 270, 322, 329, 337, 342, 347, 360, 368, 372, 378, 385, 391, 408, 456, 475, 480, 481, 486, 522, 564, 569, 570, 573, 659, 681, 703, 705, 759, 772, 802, 838, 843, 850, 855, 866, 887, 892, 948, 972, 1021, 1073, 1084, 1091, 1096, 1103, 1133, 1140, 1145, 1154, 1209, 1213, 1223, 1254, 1279, 1280, 1341, 1376, 1383, 1385, 1401, 1408, 1418, 1420, 1433, 1446, 1448, 1470, 1490, 1499]
109: [15, 28, 108, 110, 143, 160, 213, 222, 238, 272, 277, 280, 290, 322, 351, 401, 404, 420, 423, 440, 441, 461, 493, 502, 514, 523, 546, 601, 606, 626, 628, 639, 687, 700, 712, 775, 788, 836, 844, 895, 919, 937, 968, 976, 1007, 1010, 1016, 1020, 1057, 1064, 1069, 1114, 1151, 1158, 1163, 1172, 1178, 1193, 1197, 1212, 1226, 1234, 1255, 1275, 1284, 1298, 1304, 1312, 1323, 1356, 1380, 1390, 1403, 1414, 1443, 1458, 1460, 1477, 1480, 1496]
110: [40, 41, 47, 89, 97, 109, 111, 116, 121, 141, 169, 195, 200, 259, 261, 299, 301, 366, 392, 402, 404, 423, 427, 432, 449, 453, 481, 482, 517, 537, 587, 600, 629, 653, 662, 676, 678, 680, 686, 690, 696, 708, 713, 728, 736, 743, 756, 758, 771, 789, 836, 890, 914, 940, 988, 1002, 1053, 1077, 1082, 1096, 1113, 1146, 1150, 1165, 1198, 1244, 1277, 1301, 1312, 1320, 1352, 1358, 1361, 1367, 1379, 1420, 1479, 1480]
111: [25, 27, 39, 46, 110, 112, 134, 143, 194, 209, 234, 237, 257, 284, 285, 294, 319, 348, 361, 369, 427, 443, 447, 452, 513, 524, 528, 543, 557, 559, 569, 572, 596, 599, 616, 670, 671, 689, 694, 706, 715, 726, 731, 749, 755, 764, 773, 791, 795, 799, 871, 920, 935, 953, 1001, 1015, 1020, 1055, 1092, 1108, 1125, 1129, 1168, 1194, 1197, 1244, 1287, 1296, 1387, 1395, 1398, 1437, 1450, 1467, 1477, 1480]
112: [29, 35, 111, 113, 153, 167, 183, 206, 243, 271, 273, 276, 331, 335, 447, 463, 480, 503, 523, 541, 548, 559, 560, 576, 617, 637, 641, 670, 777, 779, 825, 834, 841, 880, 918, 923, 952, 1003, 1057, 1080, 1091, 1106, 1109, 1126, 1159, 1172, 1198, 1201, 1211, 1284, 1347, 1363, 1366, 1372, 1374, 1424, 1477]
113: [22, 40, 41, 48, 100, 112, 114, 143, 150, 193, 199, 237, 281, 305, 307, 310, 311, 319, 333, 336, 346, 359, 394, 395, 406, 414, 443, 446, 467, 476, 497, 500, 504, 519, 525, 552, 562, 570, 577, 612, 640, 646, 665, 668, 697, 711, 730, 738, 745, 748, 749, 752, 776, 826, 837, 867, 883, 988, 996, 998, 1058, 1069, 1078, 1097, 1103, 1111, 1134, 1212, 1219, 1226, 1271, 1273, 1301, 1338, 1343, 1375, 1395, 1398, 1420, 1440, 1444, 1473, 1497]
114: [18, 36, 40, 103, 113, 115, 130, 144, 156, 165, 178, 186, 201, 219, 241, 253, 266, 282, 298, 305, 313, 346, 380, 406, 416, 420, 488, 500, 505, 572, 625, 631, 658, 659, 692, 694, 707, 714, 728, 759, 768, 802, 832, 859, 887, 890, 897, 905, 917, 945, 963, 968, 1004, 1020, 1024, 1034, 1039, 1048, 1072, 1084, 1136, 1194, 1201, 1225, 1239, 1266, 1267, 1276, 1283, 1284, 1333, 1387, 1413, 1438, 1477]
115: [52, 59, 71, 104, 114, 116, 117, 123, 148, 206, 256, 299, 319, 345, 355, 382, 433, 441, 450, 459, 471, 490, 507, 513, 523, 579, 589, 592, 601, 621, 650, 666, 678, 703, 711, 734, 752, 814, 833, 849, 866, 923, 924, 935, 937, 949, 962, 972, 1001, 1002, 1015, 1039, 1061, 1081, 1100, 1106, 1111, 1120, 1124, 1205, 1242, 1323, 1349, 1371, 1425, 1474, 1495]
116: [16, 52, 66, 110, 115, 117, 136, 154, 164, 177, 187, 204, 265, 266, 277, 286, 294, 296, 331, 368, 386, 426, 460, 467, 478, 483, 527, 574, 581, 588, 674, 686, 700, 712, 736, 752, 777, 788, 794, 803, 817, 841, 845, 872, 885, 897, 928, 932, 941, 959, 993, 1007, 1008, 1064, 1078, 1109, 1123, 1158, 1170, 1177, 1189, 1199, 1220, 1248, 1253, 1255, 1264, 1269, 1294, 1305, 1326, 1328, 1356, 1362, 1365, 1369, 1403, 1408, 1418, 1436, 1461, 1468, 1491]
117: [92, 105, 115, 116, 118, 169, 193, 219, 224, 243, 248, 273, 276, 311, 336, 365, 377, 416, 436, 460, 487, 539, 627, 654, 657, 663, 672, 703, 720, 751, 760, 781, 787, 801, 804, 807, 808, 823, 864, 873, 892, 907, 920, 924, 927, 963, 967, 974, 988, 1007, 1030, 1048, 1062, 1081, 1169, 1179, 1181, 1221, 1229, 1265, 1274, 1287, 1289, 1290, 1315, 1316, 1318, 1351, 1377, 1407, 1419, 1428, 1491]
118: [14, 39, 46, 107, 117, 119, 148, 171, 189, 226, 237, 250, 276, 278, 282, 286, 293, 313, 317, 339, 369, 374, 382, 389, 393, 426, 436, 467, 497, 499, 564, 586, 599, 618, 642, 662, 681, 742, 762, 775, 776, 819, 851, 855, 878, 889, 903, 904, 908, 931, 935, 939, 941, 957, 966, 1001, 1027, 1042, 1052, 1056, 1061, 1071, 1085, 1105, 1114, 1146, 1173, 1217, 1266, 1304, 1306, 1314, 1321, 1335, 1336, 1361, 1372, 1381, 1406, 1452, 1453, 1455, 1480]
119: [48, 63, 118, 120, 142, 161, 172, 177, 207, 227, 228, 249, 273, 292, 300, 304, 306, 337, 340, 343, 357, 365, 370, 402, 404, 428, 431, 472, 508, 546, 572, 573, 587, 588, 604, 654, 659, 700, 704, 719, 720, 771, 781, 787, 790, 797, 810, 829, 839, 859, 860, 876, 877, 908, 917, 929, 951, 985, 998, 1006, 1012, 1014, 1032, 1043, 1045, 1070, 1106, 1110, 1119, 1144, 1158, 1161, 1197, 1211, 1224, 1236, 1296, 1298, 1300, 1308, 1340, 1358, 1417, 1426, 1466]
120: [25, 47, 56, 92, 119, 121, 123, 125, 129, 219, 221, 237, 256, 273, 278, 284, 289, 327, 331, 340, 357, 379, 380, 405, 422, 430, 433, 444, 451, 466, 517, 523, 551, 579, 580, 591, 596, 624, 639, 653, 706, 714, 742, 745, 770, 842, 860, 880, 887, 891, 892, 947, 1000, 1036, 1041, 1045, 1047, 1052, 1062, 1077, 1089, 1095, 1124, 1149, 1150, 1167, 1175, 1183, 1184, 1200, 1262, 1355, 1376, 1437, 1446, 1460, 1462, 1464, 1465, 1478]
121: [14, 58, 61, 84, 110, 120, 122, 127, 146, 162, 182, 198, 238, 266, 267, 283, 296, 342, 343, 360, 361, 410, 414, 434, 471, 544, 591, 596, 626, 640, 656, 668, 716, 739, 750, 772, 785, 819, 826, 869, 870, 871, 878, 897, 913, 915, 948, 981, 1004, 1051, 1058, 1069, 1077, 1094, 1105, 1112, 1143, 1200, 1207, 1217, 1238, 1269, 1309, 1312, 1325, 1343, 1390, 1397, 1450, 1467, 1473]
122: [38, 46, 57, 69, 90, 121, 123, 155, 161, 169, 183, 203, 223, 224, 240, 241, 253, 255, 261, 291, 327, 328, 341, 357, 360, 373, 377, 398, 411, 414, 418, 438, 513, 588, 590, 613, 650, 665, 717, 726, 752, 761, 776, 794, 797, 816, 825, 830, 892, 941, 1028, 1029, 1041, 1086, 1094, 1114, 1152, 1155, 1188, 1218, 1219, 1233, 1240, 1255, 1276, 1297, 1324, 1332, 1354, 1370, 1395, 1433, 1444, 1480, 1486]
123: [14, 74, 75, 88, 91, 115, 120, 122, 124, 135, 156, 162, 176, 194, 283, 298, 339, 341, 354, 355, 386, 404, 406, 419, 425, 445, 454, 472, 521, 526, 536, 543, 570, 579, 595, 599, 618, 620, 624, 633, 657, 679, 687, 756, 789, 795, 809, 845, 857, 860, 869, 908, 921, 926, 956, 963, 970, 999, 1028, 1034, 1039, 1062, 1076, 1090, 1099, 1109, 1139, 1153, 1187, 1216, 1219, 1242, 1244, 1300, 1313, 1340, 1343, 1347, 1357, 1380, 1389, 1401, 1407, 1414, 1419, 1437, 1458]
124: [17, 19, 22, 83, 123, 125, 134, 164, 179, 198, 206, 218, 236, 240, 282, 301, 352, 355, 382, 394, 414, 419, 440, 451, 454, 458, 461, 505, 513, 536, 539, 541, 545, 572, 580, 593, 639, 699, 714, 733, 739, 746, 761, 775, 776, 787, 836, 861, 866, 962, 976, 980, 996, 1001, 1007, 1010, 1034, 1047, 1061, 1065, 1070, 1080, 1100, 1106, 1113, 1118, 1125, 1140, 1179, 1182, 1226, 1240, 1244, 1316, 1317, 1355, 1364, 1415, 1423, 1441]
125: [25, 29, 49, 81, 90, 120, 124, 126, 129, 170, 191, 206, 227, 228, 230, 252, 292, 301, 314, 318, 372, 376, 414, 433, 458, 469, 491, 502, 503, 511, 515, 541, 559, 581, 599, 631, 654, 658, 662, 667, 716, 770, 786, 797, 808, 809, 822, 826, 866, 876, 891, 903, 914, 934, 951, 970, 989, 1017, 1062, 1077, 1079, 1092, 1115, 1144, 1146, 1179, 1198, 1202, 1240, 1288, 1291, 1331, 1340, 1350, 1417, 1428, 1434, 1438, 1447, 1493]
126: [21, 73, 107, 125, 127, 144, 174, 182, 193, 195, 203, 236, 259, 296, 329, 330, 350, 356, 382, 385, 389, 435, 473, 505, 520, 528, 543, 571, 583, 585, 587, 642, 655, 659, 671, 676, 677, 731, 816, 822, 831, 886, 901, 915, 959, 1026, 1036, 1051, 1132, 1149, 1153, 1161, 1265, 1273, 1276, 1287, 1302, 1337, 1394, 1403, 1416, 1434]
127: [15, 46, 47, 63, 65, 106, 121, 126, 128, 167, 180, 199, 207, 212, 221, 260, 267, 310, 319, 372, 385, 407, 423, 441, 494, 498, 519, 558, 588, 605, 642, 690, 714, 730, 763, 784, 808, 849, 853, 860, 876, 931, 956, 964, 977, 988, 1027, 1036, 1089, 1141, 1221, 1237, 1245, 1246, 1255, 1258, 1268, 1274, 1308, 1345, 1407, 1434, 1483, 1491]
128: [26, 28, 34, 56, 74, 101, 127, 129, 136, 162, 205, 210, 213, 233, 251, 302, 303, 317, 352, 356, 361, 364, 375, 393, 395, 398, 407, 410, 449, 488, 510, 529, 570, 577, 582, 589, 601, 616, 621, 680, 693, 704, 711, 738, 775, 793, 802, 819, 832, 850, 877, 950, 955, 982, 1001, 1002, 1003, 1013, 1038, 1109, 1123, 1196, 1201, 1223, 1250, 1264, 1279, 1292, 1312, 1319, 1348, 1359, 1374, 1381, 1412, 1420, 1482]
129: [15, 22, 38, 62, 120, 125, 128, 130, 141, 155, 160, 167, 202, 228, 243, 246, 289, 323, 349, 370, 371, 399, 406, 427, 473, 488, 518, 529, 551, 560, 581, 595, 616, 631, 645, 658, 689, 692, 708, 713, 717, 719, 728, 749, 760, 762, 780, 788, 809, 830, 841, 846, 867, 887, 890, 894, 912, 926, 960, 971, 1010, 1026, 1032, 1036, 1050, 1079, 1124, 1205, 1211, 1227, 1286, 1296, 1338, 1342, 1368, 1467, 1477, 1486]
130: [59, 60, 78, 102, 114, 129, 131, 146, 160, 172, 203, 217, 247, 250, 283, 293, 327, 341, 354, 363, 370, 398, 432, 484, 499, 514, 522, 555, 587, 624, 625, 691, 696, 720, 723, 760, 777, 789, 817, 836, 852, 893, 921, 925, 927, 934, 983, 1018, 1037, 1040, 1049, 1065, 1074, 1085, 1088, 1098, 1103, 1108, 1163, 1182, 1212, 1220, 1257, 1262, 1285, 1288, 1322, 1354, 1360, 1361, 1364, 1383, 1417, 1437, 1440, 1445, 1447, 1456, 1480, 1484, 1493]
131: [16, 44, 52, 70, 130, 132, 175, 179, 199, 227, 240, 245, 271, 286, 291, 320, 331, 378, 385, 393, 426, 433, 435, 448, 461, 472, 545, 552, 553, 578, 587, 590, 617, 618, 703, 763, 783, 786, 788, 791, 792, 806, 816, 841, 849, 888, 912, 957, 965, 976, 1004, 1011, 1013, 1033, 1077, 1090, 1099, 1133, 1194, 1196, 1231, 1250, 1254, 1266, 1296, 1316, 1348, 1435, 1460, 1472, 1479]
132: [29, 45, 53, 64, 83, 93, 131, 133, 152, 159, 179, 195, 227, 276, 280, 289, 299, 314, 366, 385, 410, 422, 455, 460, 464, 467, 468, 487, 496, 550, 572, 576, 581, 590, 596, 603, 621, 623, 636, 652, 657, 662, 669, 726, 733, 754, 764, 796, 799, 802, 803, 806, 815, 861, 868, 893, 917, 927, 949, 960, 978, 996, 1007, 1054, 1083, 1085, 1124, 1126, 1148, 1188, 1192, 1228, 1243, 1249, 1255, 1257, 1262, 1269, 1281, 1290, 1309, 1330, 1346, 1349, 1362, 1385, 1406, 1419, 1434, 1436, 1448]
133: [17, 40, 81, 82, 132, 134, 152, 155, 167, 168, 170, 195, 200, 212, 221, 224, 232, 252, 285, 298, 311, 315, 327, 330, 354, 375, 430, 439, 501, 509, 511, 521, 541, 563, 571, 577, 584, 587, 593, 610, 618, 646, 655, 660, 686, 704, 708, 711, 793, 798, 809, 840, 860, 861, 870, 901, 905, 907, 940, 996, 1012, 1055, 1104, 1116, 1153, 1232, 1243, 1247, 1248, 1292, 1349, 1351, 1356, 1380, 1387, 1410, 1440, 1449, 1454, 1463, 1468, 1471, 1484]
134: [16, 17, 18, 55, 93, 100, 111, 124, 133, 135, 139, 143, 158, 161, 183, 206, 221, 229, 241, 246, 279, 318, 321, 334, 343, 356, 364, 372, 392, 404, 410, 411, 414, 415, 421, 431, 434, 460, 513, 553, 567, 580, 629, 630, 634, 637, 656, 688, 704, 731, 770, 774, 788, 819, 837, 868, 921, 928, 938, 968, 987, 1018, 1049, 1095, 1149, 1168, 1181, 1197, 1240, 1247, 1251, 1255, 1263, 1284, 1307, 1310, 1323, 1328, 1367, 1368, 1379, 1387, 1389, 1392, 1400, 1401, 1409, 1416]
135: [46, 58, 97, 100, 123, 134, 136, 143, 168, 192, 230, 255, 263, 280, 282, 309, 314, 322, 348, 360, 370, 408, 425, 434, 440, 451, 456, 471, 502, 532, 545, 571, 622, 636, 661, 668, 679, 728, 742, 750, 751, 782, 793, 822, 837, 881, 888, 906, 917, 920, 926, 957, 970, 975, 989, 995, 1013, 1030, 1065, 1086, 1124, 1130, 1136, 1173, 1188, 1191, 1249, 1260, 1285, 1300, 1325, 1341, 1371, 1386, 1398, 1402, 1418, 1435, 1438, 1497]
136: [28, 65, 69, 97, 116, 128, 135, 137, 157, 170, 187, 203, 209, 213, 222, 239, 246, 253, 262, 267, 303, 312, 317, 319, 321, 408, 427, 429, 491, 510, 516, 524, 531, 579, 580, 598, 609, 619, 640, 695, 701, 730, 753, 754, 760, 763, 822, 834, 881, 882, 883, 892, 909, 920, 948, 963, 986, 1012, 1014, 1025, 1036, 1048, 1077, 1086, 1102, 1123, 1131, 1143, 1156, 1157, 1166, 1204, 1211, 1214, 1228, 1240, 1254, 1291, 1317, 1346, 1353, 1355, 1408, 1415, 1420, 1434, 1466, 1476]
137: [20, 94, 136, 138, 159, 173, 177, 284, 296, 304, 322, 347, 389, 406, 417, 422, 437, 504, 520, 522, 573, 611, 615, 633, 659, 673, 708, 757, 775, 790, 814, 822, 848, 863, 870, 876, 914, 915, 919, 929, 967, 993, 1046, 1096, 1122, 1144, 1156, 1171, 1186, 1190, 1226, 1229, 1258, 1260, 1281, 1282, 1287, 1345, 1372, 1401, 1410, 1423, 1427, 1428, 1461, 1470]
138: [16, 64, 87, 137, 139, 149, 156, 161, 183, 199, 229, 230, 260, 276, 304, 327, 356, 361, 364, 410, 460, 472, 477, 495, 503, 504, 518, 532, 538, 544, 571, 611, 638, 652, 663, 668, 671, 675, 727, 738, 761, 770, 790, 807, 818, 825, 833, 866, 935, 937, 945, 948, 1021, 1034, 1045, 1079, 1089, 1134, 1198, 1216, 1218, 1270, 1283, 1293, 1335, 1342, 1346, 1359, 1365, 1385, 1400, 1425, 1429, 1440]
139: [26, 38, 82, 89, 91, 95, 134, 138, 140, 205, 242, 246, 255, 279, 288, 292, 300, 308, 309, 404, 421, 447, 449, 474, 528, 550, 586, 590, 601, 656, 668, 679, 695, 711, 752, 800, 853, 916, 922, 925, 988, 1012, 1038, 1055, 1089, 1119, 1140, 1146, 1181, 1183, 1226, 1284, 1292, 1295, 1301, 1328, 1332, 1346, 1357, 1362, 1367, 1400, 1407, 1410, 1421, 1430, 1449]
140: [32, 43, 60, 62, 67, 103, 104, 139, 141, 153, 168, 173, 182, 198, 202, 219, 224, 288, 291, 297, 301, 314, 315, 335, 388, 424, 438, 443, 452, 457, 466, 522, 546, 591, 595, 608, 622, 624, 632, 660, 694, 786, 787, 799, 801, 827, 841, 852, 862, 864, 872, 873, 904, 917, 927, 938, 945, 950, 1006, 1024, 1032, 1045, 1064, 1070, 1090, 1101, 1119, 1120, 1136, 1144, 1160, 1204, 1230, 1232, 1280, 1311, 1317, 1339, 1343, 1401, 1408, 1410, 1416, 1435, 1436, 1437, 1439, 1482]
141: [32, 34, 43, 86, 110, 129, 140, 142, 159, 161, 235, 250, 276, 322, 329, 358, 372, 402, 450, 464, 502, 538, 562, 594, 681, 710, 724, 726, 769, 791, 800, 808, 810, 819, 820, 825, 843, 850, 882, 892, 915, 935, 949, 960, 962, 965, 989, 1001, 1004, 1066, 1078, 1095, 1141, 1188, 1249, 1276, 1277, 1281, 1288, 1291, 1297, 1298, 1311, 1367, 1414, 1427, 1454, 1471]
142: [32, 43, 51, 101, 119, 141, 143, 154, 165, 184, 185, 217, 221, 274, 294, 356, 364, 401, 409, 415, 448, 465, 494, 515, 535, 577, 587, 591, 632, 648, 656, 711, 726, 737, 744, 779, 837, 847, 877, 887, 928, 1014, 1020, 1062, 1064, 1104, 1108, 1143, 1185, 1202, 1212, 1234, 1239, 1284, 1308, 1318, 1329, 1340, 1346, 1347, 1357, 1373, 1408, 1431, 1437, 1451]
143: [18, 41, 52, 54, 62, 64, 94, 103, 109, 111, 113, 134, 135, 142, 144, 145, 187, 224, 229, 238, 294, 305, 315, 319, 365, 386, 393, 401, 402, 403, 410, 422, 425, 444, 463, 469, 472, 478, 491, 512, 522, 537, 565, 655, 665, 667, 679, 708, 712, 726, 730, 731, 732, 740, 761, 765, 787, 788, 824, 858, 859, 884, 895, 920, 928, 931, 955, 958, 987, 993, 1001, 1026, 1032, 1045, 1052, 1090, 1141, 1145, 1172, 1242, 1246, 1303, 1325, 1334, 1344, 1345, 1404, 1470]
144: [35, 38, 46, 68, 79, 80, 88, 114, 126, 143, 145, 148, 161, 165, 183, 191, 229, 234, 244, 253, 265, 337, 344, 378, 382, 410, 436, 457, 468, 474, 508, 523, 526, 575, 577, 625, 646, 668, 672, 689, 712, 738, 831, 903, 927, 932, 949, 960, 1000, 1002, 1003, 1074, 1098, 1102, 1108, 1118, 1141, 1160, 1162, 1163, 1218, 1219, 1289, 1293, 1307, 1330, 1369, 1410, 1466]
145: [29, 42, 44, 66, 73, 84, 89, 97, 143, 144, 146, 158, 163, 170, 173, 212, 214, 225, 232, 267, 309, 370, 371, 405, 415, 417, 430, 455, 462, 477, 480, 518, 524, 532, 564, 606, 656, 665, 743, 781, 803, 813, 821, 828, 835, 837, 862, 873, 909, 930, 957, 961, 1003, 1005, 1024, 1038, 1044, 1045, 1123, 1138, 1141, 1151, 1159, 1166, 1168, 1179, 1261, 1263, 1264, 1274, 1278, 1283, 1286, 1291, 1331, 1343, 1351, 1488, 1497]
146: [14, 28, 43, 50, 76, 77, 81, 84, 121, 130, 145, 147, 162, 171, 191, 197, 200, 207, 218, 231, 246, 248, 352, 360, 384, 427, 448, 451, 493, 507, 583, 589, 614, 618, 623, 625, 673, 701, 712, 719, 725, 744, 753, 756, 769, 773, 793, 816, 818, 821, 854, 867, 875, 893, 904, 906, 921, 927, 935, 966, 975, 1002, 1019, 1106, 1135, 1153, 1155, 1193, 1201, 1213, 1288, 1301, 1303, 1354, 1398, 1427, 1432]
147: [86, 94, 99, 146, 148, 160, 165, 176, 185, 205, 229, 289, 294, 330, 342, 345, 358, 381, 390, 393, 402, 409, 429, 452, 454, 455, 481, 525, 534, 536, 545, 551, 586, 589, 612, 622, 627, 638, 671, 681, 728, 773, 806, 821, 824, 843, 845, 865, 901, 905, 924, 996, 1000, 1005, 1015, 1027, 1058, 1059, 1066, 1085, 1087, 1099, 1112, 1141, 1149, 1177, 1183, 1184, 1299, 1341, 1388, 1411, 1425, 1456, 1468, 1469, 1474]
148: [65, 115, 118, 144, 147, 149, 151, 165, 193, 194, 263, 264, 273, 283, 358, 365, 382, 411, 415, 418, 441, 451, 452, 479, 490, 502, 507, 515, 547, 586, 611, 627, 638, 651, 701, 709, 719, 727, 736, 739, 746, 756, 879, 913, 918, 949, 960, 991, 997, 1020, 1030, 1040, 1064, 1072, 1090, 1097, 1138, 1147, 1150, 1163, 1174, 1188, 1222, 1224, 1244, 1246, 1249, 1255, 1259, 1271, 1274, 1280, 1289, 1295, 1301, 1315, 1337, 1383, 1483]
149: [24, 52, 68, 81, 87, 138, 148, 150, 188, 197, 218, 227, 229, 233, 238, 239, 241, 273, 295, 329, 358, 374, 392, 425, 452, 455, 515, 522, 567, 573, 588, 593, 595, 611, 629, 642, 653, 662, 695, 701, 716, 739, 754, 755, 758, 802, 824, 831, 832, 860, 867, 912, 920, 937, 943, 975, 978, 1006, 1025, 1048, 1050, 1052, 1072, 1073, 1138, 1175, 1177, 1215, 1266, 1278, 1282, 1290, 1311, 1317, 1332, 1356, 1391, 1412]
150: [20, 45, 91, 93, 113, 149, 151, 161, 170, 177, 216, 273, 288, 310, 337, 357, 362, 437, 445, 485, 501, 512, 525, 568, 590, 610, 654, 673, 674, 676, 693, 720, 730, 769, 821, 858, 862, 885, 905, 908, 924, 951, 958, 989, 990, 1002, 1007, 1017, 1041, 1080, 1092, 1106, 1108, 1157, 1159, 1161, 1162, 1205, 1225, 1232, 1249, 1263, 1274, 1296, 1323, 1335, 1337, 1344, 1406, 1433, 1437, 1446, 1480]
151: [49, 52, 70, 74, 80, 86, 148, 150, 152, 163, 175, 180, 191, 195, 205, 225, 242, 261, 340, 342, 350, 374, 424, 447, 449, 487, 493, 500, 501, 552, 589, 602, 638, 644, 733, 746, 759, 847, 925, 954, 967, 969, 972, 981, 988, 1002, 1049, 1073, 1074, 1120, 1123, 1151, 1168, 1197, 1204, 1232, 1251, 1286, 1322, 1352, 1359, 1366, 1421, 1430, 1442, 1456, 1462, 1476, 1481]
152: [17, 31, 132, 133, 151, 153, 186, 190, 245, 248, 275, 281, 286, 299, 328, 331, 355, 372, 396, 411, 465, 470, 490, 518, 525, 563, 618, 680, 706, 758, 785, 788, 792, 838, 881, 917, 952, 955, 972, 977, 984, 1008, 1010, 1069, 1071, 1077, 1112, 1122, 1163, 1235, 1237, 1270, 1295, 1325, 1365, 1390, 1416, 1424, 1442, 1456, 1464]
153: [15, 20, 31, 46, 59, 67, 80, 106, 112, 140, 152, 154, 160, 171, 210, 217, 242, 253, 257, 266, 284, 289, 314, 316, 322, 334, 353, 362, 383, 401, 414, 443, 448, 505, 527, 538, 560, 626, 636, 641, 643, 664, 666, 677, 703, 720, 776, 781, 834, 840, 851, 861, 867, 883, 915, 929, 958, 961, 1031, 1038, 1046, 1068, 1101, 1105, 1125, 1166, 1178, 1198, 1224, 1266, 1270, 1303, 1317, 1324, 1377, 1427, 1430, 1435, 1441, 1443, 1480]
154: [18, 32, 68, 71, 116, 142, 153, 155, 160, 173, 213, 227, 240, 277, 287, 327, 330, 336, 350, 367, 373, 374, 383, 400, 432, 449, 453, 464, 477, 543, 550, 551, 556, 569, 582, 605, 624, 625, 627, 628, 655, 666, 667, 680, 686, 707, 713, 724, 747, 761, 794, 815, 848, 883, 888, 913, 955, 993, 1020, 1024, 1037, 1051, 1056, 1070, 1077, 1192, 1194, 1199, 1209, 1216, 1238, 1249, 1257, 1285, 1334, 1366, 1392, 1401, 1441, 1442, 1476]
155: [20, 33, 76, 78, 94, 103, 122, 129, 133, 154, 156, 185, 203, 239, 250, 251, 263, 266, 280, 301, 308, 337, 344, 380, 412, 418, 420, 427, 465, 480, 524, 529, 566, 577, 591, 623, 675, 691, 733, 740, 754, 782, 819, 833, 878, 906, 933, 936, 973, 1101, 1117, 1121, 1149, 1163, 1164, 1227, 1247, 1272, 1279, 1359, 1424, 1437, 1471, 1473, 1476, 1487]
156: [43, 47, 58, 67, 73, 84, 85, 93, 114, 123, 138, 155, 157, 208, 210, 251, 297, 330, 331, 336, 337, 349, 357, 359, 406, 422, 429, 502, 534, 581, 601, 604, 610, 624, 647, 652, 678, 689, 692, 751, 777, 846, 847, 865, 879, 900, 938, 987, 989, 990, 997, 999, 1001, 1007, 1019, 1093, 1119, 1147, 1154, 1265, 1278, 1381, 1388, 1411, 1413, 1460, 1484, 1496]
157: [25, 37, 41, 47, 66, 89, 92, 96, 136, 156, 158, 164, 166, 174, 214, 240, 278, 283, 305, 314, 324, 338, 340, 374, 400, 422, 439, 468, 469, 474, 478, 503, 509, 515, 522, 527, 531, 544, 596, 617, 624, 630, 636, 709, 725, 732, 744, 760, 763, 776, 781, 823, 897, 944, 948, 956, 966, 1032, 1051, 1081, 1093, 1112, 1113, 1165, 1211, 1233, 1237, 1243, 1264, 1316, 1318, 1344, 1348, 1367, 1369, 1399, 1400, 1408, 1414, 1424, 1436, 1463, 1480, 1489, 1495]
158: [26, 50, 83, 90, 95, 98, 99, 134, 145, 157, 159, 167, 178, 181, 185, 220, 223, 235, 240, 249, 277, 291, 304, 319, 320, 333, 380, 382, 401, 435, 474, 482, 494, 503, 542, 543, 552, 554, 605, 666, 700, 717, 774, 781, 784, 801, 854, 870, 873, 888, 908, 917, 918, 919, 945, 973, 987, 998, 1071, 1091, 1123, 1167, 1219, 1223, 1231, 1235, 1239, 1251, 1288, 1305, 1339, 1344, 1352, 1412, 1414, 1475]
159: [14, 19, 21, 37, 47, 53, 90, 91, 92, 132, 137, 141, 158, 160, 194, 216, 267, 276, 277, 287, 293, 323, 325, 356, 365, 381, 406, 417, 418, 429, 456, 477, 488, 492, 518, 552, 557, 568, 579, 635, 648, 652, 656, 690, 735, 772, 800, 889, 946, 964, 974, 977, 1046, 1048, 1060, 1068, 1073, 1087, 1088, 1090, 1105, 1142, 1206, 1241, 1299, 1300, 1328, 1331, 1343, 1355, 1437, 1443, 1453, 1485]
160: [30, 69, 75, 82, 97, 101, 109, 129, 130, 147, 153, 154, 159, 161, 202, 242, 245, 255, 265, 318, 342, 361, 369, 383, 415, 490, 505, 521, 584, 586, 634, 635, 660, 666, 667, 708, 760, 774, 787, 802, 819, 847, 878, 925, 961, 1002, 1050, 1078, 1127, 1128, 1135, 1176, 1193, 1218, 1232, 1246, 1275, 1347, 1354, 1384, 1408, 1496]
161: [58, 66, 78, 91, 119, 122, 134, 138, 141, 144, 150, 160, 162, 171, 217, 240, 326, 328, 331, 332, 343, 449, 474, 489, 517, 519, 548, 565, 598, 616, 657, 660, 677, 697, 707, 718, 722, 727, 756, 757, 767, 781, 786, 790, 819, 845, 904, 923, 1030, 1039, 1046, 1059, 1122, 1123, 1152, 1184, 1215, 1226, 1305, 1306, 1325, 1406, 1427, 1455, 1462]
162: [23, 58, 72, 85, 92, 105, 121, 123, 128, 146, 161, 163, 169, 173, 181, 194, 211, 288, 296, 299, 319, 364, 365, 369, 415, 426, 430, 457, 509, 541, 578, 583, 611, 639, 682, 761, 813, 852, 881, 902, 903, 940, 944, 1009, 1033, 1038, 1065, 1070, 1086, 1117, 1140, 1156, 1172, 1188, 1217, 1262, 1292, 1311, 1317, 1329, 1335, 1351, 1397, 1415, 1422, 1427, 1449, 1478]
163: [39, 44, 75, 93, 97, 145, 151, 162, 164, 190, 207, 226, 263, 279, 282, 292, 294, 346, 348, 360, 386, 412, 523, 530, 543, 562, 568, 605, 635, 636, 651, 662, 680, 684, 701, 714, 726, 736, 749, 753, 755, 781, 814, 821, 842, 861, 879, 891, 893, 894, 935, 945, 960, 982, 996, 1004, 1014, 1017, 1035, 1046, 1062, 1069, 1078, 1126, 1169, 1185, 1189, 1205, 1206, 1246, 1253, 1329, 1332, 1352, 1377, 1383, 1429, 1477, 1486, 1492, 1494]
164: [26, 36, 38, 53, 67, 93, 98, 116, 124, 157, 163, 165, 167, 218, 239, 248, 253, 277, 295, 314, 318, 349, 381, 384, 395, 410, 413, 471, 472, 484, 574, 614, 615, 634, 650, 671, 713, 725, 753, 754, 764, 827, 885, 907, 917, 920, 921, 922, 928, 943, 957, 977, 992, 1034, 1041, 1054, 1088, 1102, 1124, 1130, 1157, 1164, 1187, 1196, 1210, 1221, 1222, 1224, 1240, 1289, 1302, 1303, 1305, 1311, 1358, 1363, 1369, 1405, 1407, 1446, 1478]
165: [49, 55, 114, 142, 144, 147, 148, 164, 166, 176, 196, 249, 254, 263, 290, 309, 319, 325, 367, 378, 389, 402, 418, 427, 429, 454, 455, 493, 518, 564, 580, 612, 615, 618, 647, 670, 677, 756, 784, 840, 851, 956, 960, 992, 1008, 1030, 1051, 1070, 1078, 1100, 1102, 1121, 1155, 1166, 1199, 1202, 1216, 1223, 1224, 1255, 1309, 1337, 1389, 1487]
166: [16, 18, 26, 41, 43, 57, 70, 88, 157, 165, 167, 207, 208, 214, 251, 272, 280, 303, 317, 355, 396, 398, 423, 426, 430, 442, 475, 476, 499, 505, 507, 541, 551, 561, 564, 581, 585, 586, 630, 636, 642, 690, 724, 749, 756, 766, 791, 829, 893, 914, 923, 928, 929, 941, 959, 990, 1020, 1028, 1042, 1072, 1088, 1110, 1121, 1131, 1181, 1186, 1187, 1199, 1207, 1216, 1221, 1236, 1237, 1288, 1339, 1344, 1376, 1383, 1406, 1414, 1417, 1420, 1459, 1467, 1486]
167: [38, 49, 54, 92, 112, 127, 129, 133, 158, 164, 166, 168, 185, 213, 277, 334, 366, 372, 382, 403, 439, 454, 456, 479, 513, 521, 546, 551, 559, 588, 631, 662, 693, 696, 733, 779, 789, 817, 831, 884, 914, 916, 933, 936, 937, 941, 961, 986, 1016, 1021, 1041, 1057, 1068, 1070, 1084, 1141, 1186, 1187, 1220, 1239, 1261, 1300, 1305, 1326, 1328, 1332, 1346, 1359, 1384, 1396, 1410, 1441, 1448, 1499]
168: [40, 50, 54, 60, 73, 99, 133, 135, 140, 167, 169, 183, 188, 205, 236, 257, 317, 331, 371, 378, 380, 394, 423, 424, 440, 474, 486, 519, 520, 544, 562, 577, 578, 586, 591, 633, 664, 680, 693, 767, 769, 783, 794, 842, 898, 905, 926, 969, 1007, 1026, 1062, 1067, 1078, 1095, 1098, 1106, 1115, 1140, 1168, 1190, 1196, 1214, 1230, 1254, 1271, 1329, 1336, 1352, 1358, 1373, 1399, 1451, 1456, 1469, 1478]
169: [31, 32, 46, 80, 89, 94, 102, 110, 117, 122, 162, 168, 170, 200, 212, 217, 287, 300, 326, 331, 339, 345, 400, 411, 425, 473, 497, 520, 527, 592, 606, 653, 659, 685, 692, 704, 736, 760, 767, 776, 778, 780, 782, 787, 795, 809, 823, 853, 855, 867, 877, 885, 899, 914, 934, 971, 1024, 1035, 1041, 1064, 1071, 1079, 1110, 1147, 1160, 1221, 1224, 1239, 1254, 1289, 1293, 1324, 1342, 1343, 1351, 1353, 1426, 1431, 1463, 1471, 1474]
170: [27, 28, 31, 42, 60, 99, 105, 125, 133, 136, 145, 150, 169, 171, 177, 216, 223, 227, 246, 328, 334, 344, 360, 370, 421, 446, 497, 504, 520, 575, 623, 637, 639, 660, 666, 668, 678, 706, 707, 716, 718, 730, 737, 752, 753, 790, 808, 818, 827, 836, 840, 841, 874, 951, 960, 983, 1055, 1103, 1144, 1170, 1197, 1200, 1201, 1203, 1204, 1223, 1224, 1229, 1276, 1287, 1290, 1292, 1337, 1348, 1353, 1358, 1395, 1404, 1410, 1418, 1427, 1490, 1497, 1498]
171: [27, 52, 118, 146, 153, 161, 170, 172, 179, 188, 209, 230, 242, 250, 266, 276, 319, 324, 349, 356, 368, 373, 383, 391, 400, 424, 433, 458, 460, 470, 475, 513, 533, 539, 547, 555, 561, 574, 580, 629, 651, 652, 657, 739, 782, 784, 798, 832, 925, 968, 969, 998, 1012, 1020, 1042, 1124, 1175, 1199, 1205, 1209, 1295, 1327, 1328, 1330, 1358, 1384, 1397, 1420, 1429, 1456]
172: [36, 37, 50, 52, 54, 80, 95, 99, 119, 130, 171, 173, 181, 210, 238, 247, 250, 270, 286, 296, 316, 332, 333, 346, 353, 419, 454, 493, 585, 594, 595, 604, 639, 641, 647, 656, 657, 672, 681, 689, 692, 699, 714, 726, 765, 806, 863, 864, 871, 884, 908, 936, 976, 977, 1005, 1012, 1019, 1044, 1074, 1145, 1150, 1152, 1196, 1211, 1223, 1232, 1241, 1248, 1256, 1260, 1275, 1331, 1443, 1487, 1491]
173: [47, 73, 74, 84, 102, 107, 137, 140, 145, 154, 162, 172, 174, 204, 226, 262, 267, 272, 279, 281, 310, 328, 386, 387, 390, 410, 415, 447, 465, 475, 485, 499, 514, 522, 541, 555, 564, 622, 643, 667, 685, 695, 731, 750, 756, 790, 808, 818, 835, 836, 840, 883, 901, 906, 919, 979, 1010, 1013, 1020, 1029, 1042, 1044, 1049, 1062, 1063, 1095, 1136, 1143, 1167, 1204, 1210, 1226, 1251, 1262, 1274, 1279, 1284, 1290, 1311, 1320, 1341, 1356, 1367, 1390, 1405, 1409, 1433, 1435, 1448, 1488, 1498]
174: [18, 55, 67, 104, 126, 157, 173, 175, 206, 244, 307, 312, 339, 342, 354, 358, 361, 404, 451, 454, 456, 495, 510, 524, 529, 531, 538, 559, 568, 652, 663, 679, 681, 729, 760, 763, 773, 786, 789, 794, 809, 833, 869, 875, 890, 919, 945, 967, 1012, 1019, 1058, 1072, 1128, 1138, 1145, 1182, 1194, 1198, 1215, 1216, 1224, 1241, 1248, 1267, 1284, 1292, 1299, 1305, 1390, 1408, 1447, 1467]
175: [22, 47, 48, 73, 96, 104, 105, 131, 151, 174, 176, 178, 190, 198, 201, 233, 235, 281, 336, 347, 364, 425, 426, 466, 470, 499, 503, 519, 542, 568, 612, 664, 666, 682, 688, 719, 796, 811, 834, 872, 879, 891, 938, 950, 953, 989, 990, 1005, 1016, 1032, 1040, 1047, 1071, 1074, 1085, 1161, 1204, 1205, 1210, 1213, 1224, 1226, 1230, 1241, 1254, 1310, 1312, 1332, 1365, 1385, 1403, 1437, 1440, 1463, 1483, 1495]
176: [46, 49, 59, 60, 103, 123, 147, 165, 175, 177, 187, 196, 202, 234, 274, 288, 293, 305, 308, 349, 370, 371, 411, 413, 415, 423, 470, 480, 481, 482, 497, 499, 503, 507, 512, 545, 549, 552, 557, 586, 593, 599, 609, 610, 644, 648, 657, 676, 697, 712, 717, 719, 727, 741, 751, 772, 774, 783, 803, 804, 814, 826, 827, 837, 839, 851, 854, 880, 881, 886, 911, 934, 975, 994, 1031, 1034, 1101, 1123, 1131, 1139, 1151, 1181, 1215, 1297, 1298, 1300, 1303, 1312, 1313, 1323, 1353, 1367, 1370, 1384, 1394, 1420, 1442, 1444, 1460, 1461]
177: [40, 48, 54, 57, 105, 116, 119, 137, 150, 170, 176, 178, 185, 208, 253, 255, 258, 259, 265, 274, 343, 355, 363, 369, 375, 384, 430, 446, 484, 493, 503, 508, 541, 556, 606, 620, 626, 654, 662, 685, 688, 711, 712, 729, 732, 741, 765, 796, 805, 851, 884, 891, 915, 919, 921, 936, 955, 968, 993, 1001, 1002, 1059, 1060, 1109, 1169, 1177, 1222, 1270, 1289, 1300, 1307, 1308, 1318, 1332, 1366, 1397, 1412, 1430, 1434, 1439, 1447, 1451, 1454, 1461, 1474, 1499]
178: [17, 18, 25, 32, 70, 99, 114, 158, 175, 177, 179, 194, 205, 218, 237, 252, 292, 315, 318, 332, 370, 392, 396, 462, 465, 475, 476, 495, 524, 557, 559, 562, 570, 577, 582, 587, 605, 607, 792, 804, 809, 824, 874, 901, 928, 950, 971, 978, 993, 1036, 1037, 1061, 1143, 1147, 1198, 1245, 1296, 1311, 1313, 1315, 1387, 1392, 1413, 1434, 1493]
179: [30, 36, 124, 131, 132, 171, 178, 180, 190, 222, 247, 274, 340, 350, 359, 368, 372, 386, 387, 388, 400, 402, 406, 465, 476, 483, 504, 524, 550, 566, 570, 595, 599, 636, 638, 697, 698, 726, 735, 773, 776, 795, 811, 815, 843, 853, 868, 909, 930, 940, 953, 984, 1005, 1076, 1080, 1135, 1137, 1157, 1158, 1168, 1173, 1176, 1210, 1228, 1240, 1241, 1244, 1245, 1274, 1311, 1321, 1349, 1381, 1383, 1387, 1423, 1428, 1443, 1463, 1473, 1474, 1475]
180: [18, 29, 43, 62, 64, 81, 86, 91, 127, 151, 179, 181, 224, 225, 226, 274, 282, 317, 325, 359, 379, 400, 410, 449, 457, 496, 500, 527, 550, 567, 578, 586, 589, 599, 603, 605, 635, 655, 676, 697, 755, 794, 821, 825, 839, 867, 869, 875, 883, 888, 921, 925, 928, 939, 956, 983, 1007, 1009, 1044, 1046, 1048, 1071, 1095, 1098, 1136, 1159, 1160, 1161, 1177, 1182, 1218, 1228, 1230, 1236, 1259, 1269, 1285, 1287, 1300, 1318, 1322, 1335, 1340, 1347, 1361, 1366, 1389, 1430, 1432, 1433, 1437, 1450, 1478, 1480, 1486]
181: [34, 39, 70, 72, 85, 86, 158, 162, 172, 180, 182, 199, 239, 246, 250, 251, 304, 311, 316, 322, 334, 336, 360, 362, 372, 373, 398, 427, 457, 463, 472, 490, 502, 533, 552, 555, 566, 604, 627, 728, 794, 824, 842, 858, 880, 923, 934, 960, 975, 1030, 1034, 1044, 1046, 1058, 1064, 1088, 1107, 1109, 1130, 1145, 1159, 1161, 1186, 1187, 1198, 1205, 1262, 1267, 1275, 1292, 1297, 1317, 1321, 1327, 1331, 1344, 1353, 1356, 1365, 1380, 1403, 1411, 1415, 1419, 1440, 1443, 1461, 1472]
182: [15, 88, 92, 98, 121, 126, 140, 181, 183, 205, 215, 222, 256, 355, 398, 416, 420, 434, 441, 462, 531, 532, 535, 541, 552, 586, 598, 620, 662, 667, 701, 711, 726, 734, 735, 751, 755, 786, 803, 809, 833, 846, 874, 878, 898, 907, 912, 923, 928, 929, 934, 935, 944, 963, 1043, 1058, 1075, 1078, 1087, 1097, 1103, 1104, 1110, 1112, 1152, 1154, 1160, 1179, 1181, 1218, 1225, 1255, 1285, 1289, 1320, 1327, 1329, 1346, 1378, 1386, 1401, 1406, 1435, 1454, 1469, 1475]
183: [20, 21, 22, 27, 28, 32, 41, 59, 80, 84, 106, 112, 122, 134, 138, 144, 168, 182, 184, 204, 212, 255, 256, 284, 405, 415, 434, 445, 457, 461, 486, 489, 494, 516, 524, 551, 564, 575, 600, 606, 631, 674, 692, 836, 845, 869, 911, 916, 1006, 1024, 1033, 1058, 1061, 1087, 1107, 1118, 1172, 1184, 1187, 1225, 1249, 1250, 1263, 1310, 1313, 1324, 1362, 1372, 1390, 1414, 1453, 1459]
184: [35, 41, 62, 65, 142, 183, 185, 210, 254, 264, 282, 306, 318, 380, 411, 483, 498, 521, 532, 549, 559, 584, 590, 606, 615, 670, 689, 691, 716, 729, 744, 858, 899, 903, 913, 926, 934, 969, 1004, 1030, 1042, 1047, 1054, 1065, 1070, 1088, 1100, 1113, 1132, 1179, 1225, 1245, 1261, 1265, 1278, 1317, 1350, 1393, 1438, 1452, 1481, 1485]
185: [41, 42, 79, 86, 100, 142, 147, 155, 158, 167, 177, 184, 186, 194, 233, 252, 282, 304, 308, 323, 361, 368, 382, 387, 405, 436, 464, 490, 494, 520, 534, 540, 551, 562, 577, 601, 630, 634, 691, 706, 745, 764, 767, 768, 773, 802, 803, 820, 822, 829, 836, 838, 845, 854, 870, 873, 891, 938, 951, 1010, 1011, 1013, 1020, 1022, 1074, 1085, 1091, 1093, 1137, 1144, 1146, 1157, 1174, 1184, 1195, 1235, 1245, 1253, 1270, 1284, 1294, 1302, 1369, 1411, 1423, 1430, 1432, 1437, 1454, 1471, 1499]
186: [16, 37, 52, 55, 62, 88, 114, 152, 185, 187, 228, 259, 267, 284, 300, 307, 317, 328, 348, 372, 415, 422, 436, 439, 480, 513, 534, 582, 639, 681, 699, 736, 747, 779, 811, 878, 886, 904, 912, 931, 964, 973, 1034, 1038, 1047, 1059, 1068, 1098, 1144, 1151, 1156, 1158, 1162, 1163, 1170, 1205, 1208, 1242, 1250, 1254, 1266, 1326, 1329, 1330, 1343, 1365, 1368, 1374, 1390, 1413, 1421, 1441, 1445, 1446, 1450, 1457, 1485]
187: [34, 49, 51, 116, 136, 143, 176, 186, 188, 224, 254, 268, 271, 280, 310, 329, 342, 360, 373, 382, 390, 418, 422, 427, 430, 433, 436, 440, 450, 453, 475, 481, 483, 522, 529, 538, 551, 718, 794, 800, 833, 835, 846, 855, 860, 879, 891, 908, 930, 941, 1009, 1015, 1029, 1031, 1035, 1041, 1046, 1049, 1054, 1058, 1067, 1070, 1077, 1085, 1086, 1098, 1107, 1108, 1117, 1185, 1230, 1264, 1273, 1282, 1286, 1293, 1301, 1306, 1311, 1314, 1348, 1366, 1433, 1439, 1446, 1487, 1492, 1494]
188: [28, 36, 43, 52, 61, 77, 85, 88, 149, 168, 171, 187, 189, 228, 237, 248, 276, 319, 324, 340, 383, 392, 421, 423, 485, 494, 497, 512, 520, 527, 548, 549, 564, 617, 634, 642, 685, 712, 726, 767, 772, 788, 792, 794, 820, 822, 851, 882, 903, 948, 998, 1002, 1087, 1111, 1116, 1136, 1148, 1150, 1178, 1199, 1200, 1201, 1208, 1211, 1250, 1277, 1291, 1301, 1326, 1378, 1402, 1419, 1424, 1479, 1489]
189: [27, 42, 54, 59, 86, 105, 118, 188, 190, 251, 264, 286, 297, 301, 341, 348, 363, 389, 390, 393, 412, 465, 475, 478, 486, 499, 541, 565, 580, 596, 605, 623, 638, 639, 663, 672, 676, 680, 690, 706, 724, 726, 737, 772, 791, 798, 840, 856, 903, 913, 930, 943, 956, 974, 999, 1009, 1016, 1053, 1070, 1079, 1084, 1108, 1144, 1184, 1223, 1259, 1285, 1294, 1300, 1307, 1329, 1412, 1415, 1476]
190: [53, 55, 61, 63, 71, 152, 163, 175, 179, 189, 191, 193, 196, 200, 201, 211, 276, 303, 358, 359, 369, 380, 395, 398, 404, 520, 537, 547, 584, 590, 610, 619, 664, 680, 684, 691, 694, 695, 728, 754, 803, 854, 914, 940, 949, 950, 960, 972, 990, 1048, 1055, 1061, 1070, 1090, 1092, 1095, 1113, 1117, 1131, 1138, 1140, 1155, 1172, 1184, 1195, 1202, 1209, 1216, 1225, 1234, 1246, 1249, 1254, 1264, 1266, 1274, 1321, 1341, 1366, 1403, 1421, 1431, 1436, 1441, 1486, 1490]
191: [15, 35, 42, 50, 56, 125, 144, 146, 151, 190, 192, 199, 205, 248, 256, 261, 262, 266, 281, 295, 327, 332, 356, 365, 396, 413, 416, 420, 430, 434, 438, 459, 462, 469, 472, 481, 490, 494, 505, 542, 568, 576, 577, 580, 592, 608, 638, 647, 666, 678, 699, 720, 727, 768, 771, 781, 820, 843, 875, 884, 887, 889, 934, 938, 958, 959, 967, 969, 980, 999, 1013, 1014, 1060, 1072, 1122, 1134, 1154, 1189, 1197, 1234, 1282, 1284, 1300, 1311, 1320, 1323, 1324, 1332, 1343, 1364, 1372, 1375, 1383, 1394, 1399, 1425, 1476]
192: [15, 76, 79, 135, 191, 193, 224, 239, 255, 284, 321, 346, 366, 380, 382, 389, 432, 471, 591, 592, 593, 632, 653, 657, 660, 707, 717, 746, 752, 761, 766, 771, 807, 822, 834, 836, 846, 894, 897, 928, 955, 983, 1072, 1080, 1099, 1100, 1103, 1115, 1121, 1203, 1213, 1231, 1295, 1311, 1327, 1340, 1351, 1366, 1382, 1390, 1393, 1457, 1476, 1490]
193: [51, 107, 113, 117, 126, 148, 190, 192, 194, 239, 247, 327, 329, 353, 367, 368, 371, 377, 399, 423, 460, 514, 523, 557, 566, 579, 605, 609, 646, 665, 689, 691, 713, 721, 738, 757, 795, 818, 829, 869, 882, 891, 894, 896, 916, 951, 977, 1010, 1036, 1039, 1055, 1066, 1069, 1070, 1112, 1120, 1221, 1246, 1275, 1279, 1284, 1299, 1321, 1335, 1354, 1360, 1372, 1391, 1445, 1455, 1458, 1490]
194: [38, 104, 105, 111, 123, 148, 159, 162, 178, 185, 193, 195, 196, 218, 245, 246, 264, 316, 337, 352, 354, 397, 423, 425, 427, 471, 531, 549, 614, 647, 652, 672, 721, 763, 765, 806, 819, 837, 838, 840, 841, 864, 933, 940, 1040, 1046, 1057, 1100, 1102, 1150, 1170, 1179, 1197, 1214, 1230, 1275, 1296, 1307, 1363, 1369, 1374, 1390, 1418, 1430, 1482]
195: [21, 26, 58, 75, 83, 91, 107, 110, 126, 132, 133, 151, 194, 196, 198, 219, 254, 289, 352, 388, 434, 454, 458, 472, 482, 488, 496, 512, 534, 551, 563, 565, 566, 579, 580, 587, 610, 629, 631, 648, 650, 665, 675, 686, 691, 694, 697, 714, 724, 795, 867, 937, 991, 1013, 1022, 1062, 1070, 1074, 1079, 1105, 1106, 1120, 1138, 1155, 1164, 1171, 1237, 1257, 1266, 1270, 1281, 1352, 1439, 1444, 1445, 1493]
196: [16, 49, 94, 165, 176, 190, 194, 195, 197, 210, 216, 230, 246, 306, 307, 309, 347, 352, 397, 445, 494, 503, 513, 531, 545, 586, 643, 653, 662, 684, 694, 712, 716, 725, 742, 757, 817, 908, 928, 946, 953, 980, 995, 1034, 1038, 1061, 1075, 1088, 1101, 1104, 1111, 1113, 1141, 1144, 1165, 1171, 1205, 1217, 1224, 1243, 1249, 1270, 1290, 1299, 1309, 1318, 1353, 1359, 1462]
197: [18, 47, 50, 60, 146, 149, 196, 198, 204, 211, 218, 235, 254, 265, 272, 280, 292, 317, 332, 337, 348, 367, 378, 387, 530, 537, 541, 555, 577, 587, 627, 628, 634, 640, 647, 652, 679, 682, 702, 703, 717, 756, 789, 833, 844, 879, 881, 895, 959, 979, 988, 993, 1008, 1029, 1058, 1130, 1149, 1155, 1166, 1190, 1204, 1208, 1211, 1224, 1228, 1242, 1258, 1262, 1266, 1311, 1335, 1338, 1365, 1385, 1409, 1410, 1453, 1455, 1467, 1483, 1489]
198: [29, 42, 43, 57, 65, 75, 79, 84, 121, 124, 140, 175, 195, 197, 199, 214, 269, 312, 348, 357, 378, 388, 410, 448, 510, 518, 558, 559, 673, 707, 727, 734, 747, 754, 763, 768, 775, 787, 795, 806, 843, 878, 913, 966, 985, 1010, 1015, 1035, 1041, 1054, 1080, 1086, 1089, 1130, 1147, 1148, 1166, 1202, 1247, 1265, 1273, 1297, 1304, 1343, 1347, 1360, 1400, 1432, 1441, 1459, 1478, 1480, 1496]
199: [16, 28, 32, 61, 77, 78, 87, 108, 113, 127, 131, 138, 181, 191, 198, 200, 217, 230, 231, 260, 314, 330, 350, 353, 366, 370, 391, 425, 437, 472, 493, 496, 507, 522, 545, 551, 553, 559, 575, 577, 584, 593, 602, 678, 702, 708, 735, 781, 796, 813, 825, 859, 968, 999, 1029, 1041, 1062, 1063, 1079, 1081, 1169, 1171, 1240, 1258, 1293, 1294, 1311, 1321, 1337, 1363, 1364, 1377, 1437, 1452, 1471]
200: [14, 19, 25, 31, 35, 47, 70, 72, 76, 79, 110, 133, 146, 169, 190, 199, 201, 222, 242, 253, 257, 264, 269, 305, 327, 376, 396, 413, 439, 445, 447, 453, 498, 510, 544, 584, 586, 613, 696, 743, 802, 808, 829, 845, 849, 888, 891, 897, 920, 954, 969, 993, 1013, 1017, 1027, 1053, 1062, 1085, 1090, 1092, 1146, 1175, 1185, 1193, 1226, 1236, 1239, 1271, 1295, 1305, 1407, 1413, 1414, 1418, 1435, 1444, 1466, 1471, 1496]
201: [62, 67, 114, 175, 190, 200, 202, 208, 212, 279, 297, 306, 384, 405, 466, 477, 505, 524, 534, 586, 606, 610, 643, 668, 724, 754, 774, 821, 844, 873, 875, 885, 909, 922, 928, 944, 948, 949, 954, 962, 979, 992, 1031, 1048, 1059, 1080, 1094, 1101, 1112, 1134, 1148, 1162, 1165, 1195, 1213, 1234, 1239, 1241, 1246, 1261, 1324, 1344, 1349, 1351, 1374, 1381, 1407, 1415, 1446, 1450, 1452, 1453, 1480]
202: [24, 72, 129, 140, 160, 176, 201, 203, 235, 239, 250, 260, 262, 282, 290, 296, 302, 303, 312, 313, 324, 333, 348, 357, 398, 420, 426, 430, 441, 480, 488, 524, 550, 562, 579, 593, 713, 728, 736, 773, 803, 865, 868, 878, 912, 955, 958, 967, 1041, 1078, 1083, 1087, 1097, 1123, 1135, 1158, 1179, 1180, 1191, 1213, 1239, 1242, 1245, 1255, 1277, 1279, 1334, 1336, 1337, 1341, 1353, 1395, 1404, 1435, 1453, 1455, 1466, 1484]
203: [25, 64, 85, 98, 103, 122, 126, 130, 136, 155, 202, 204, 210, 264, 266, 268, 272, 304, 314, 327, 342, 343, 388, 399, 424, 430, 450, 468, 489, 516, 553, 567, 581, 584, 595, 601, 627, 636, 674, 687, 697, 715, 718, 735, 756, 759, 800, 815, 822, 839, 873, 914, 928, 946, 974, 981, 999, 1004, 1028, 1033, 1038, 1045, 1059, 1083, 1086, 1159, 1172, 1180, 1193, 1279, 1336, 1341, 1360, 1367, 1379, 1394, 1398, 1457]
204: [43, 68, 75, 94, 116, 173, 183, 197, 203, 205, 214, 216, 276, 292, 307, 353, 372, 392, 449, 496, 505, 551, 564, 605, 651, 653, 667, 672, 676, 700, 702, 704, 713, 715, 760, 829, 869, 880, 894, 896, 897, 911, 946, 949, 953, 1023, 1060, 1076, 1089, 1110, 1140, 1181, 1198, 1216, 1235, 1254, 1261, 1268, 1282, 1336, 1356, 1359, 1370, 1384, 1395, 1434, 1456, 1480, 1491]
205: [42, 62, 68, 89, 101, 128, 139, 147, 151, 168, 178, 182, 191, 204, 206, 236, 270, 279, 306, 337, 366, 373, 389, 402, 422, 423, 430, 439, 451, 453, 454, 474, 511, 515, 519, 553, 602, 636, 646, 657, 683, 687, 708, 723, 768, 780, 797, 822, 846, 861, 879, 880, 883, 906, 941, 993, 1010, 1030, 1049, 1051, 1053, 1062, 1073, 1075, 1108, 1132, 1165, 1166, 1185, 1189, 1215, 1224, 1231, 1235, 1240, 1262, 1281, 1311, 1332, 1354, 1366, 1378, 1395, 1424, 1453, 1461, 1468, 1484]
206: [74, 85, 112, 115, 124, 125, 134, 174, 205, 207, 257, 305, 333, 365, 380, 381, 384, 398, 407, 425, 432, 473, 477, 514, 516, 583, 614, 617, 622, 625, 629, 658, 700, 709, 715, 764, 779, 804, 810, 835, 841, 854, 881, 908, 924, 931, 943, 979, 984, 1002, 1057, 1061, 1076, 1081, 1111, 1134, 1143, 1169, 1179, 1190, 1208, 1211, 1266, 1272, 1276, 1278, 1292, 1312, 1318, 1382, 1406, 1409, 1434, 1443, 1448, 1466]
207: [19, 50, 78, 119, 127, 146, 163, 166, 206, 208, 229, 241, 276, 282, 311, 315, 352, 359, 381, 408, 409, 450, 457, 468, 491, 497, 504, 548, 550, 596, 605, 646, 655, 686, 708, 771, 777, 780, 784, 799, 833, 858, 860, 866, 915, 929, 959, 969, 974, 1006, 1016, 1048, 1049, 1082, 1123, 1132, 1160, 1163, 1177, 1178, 1223, 1230, 1257, 1260, 1263, 1268, 1271, 1296, 1323, 1331, 1342, 1348, 1374, 1393, 1394, 1404, 1440, 1452, 1473, 1475, 1489, 1498]
208: [19, 32, 55, 58, 66, 69, 156, 166, 177, 201, 207, 209, 213, 229, 251, 257, 288, 315, 338, 341, 389, 401, 439, 468, 484, 512, 520, 523, 528, 598, 617, 671, 685, 690, 728, 775, 781, 786, 795, 796, 832, 838, 864, 924, 928, 945, 946, 989, 1009, 1019, 1031, 1039, 1081, 1100, 1184, 1194, 1232, 1280, 1288, 1293, 1295, 1330, 1374, 1385, 1389, 1398, 1413, 1435, 1451, 1458, 1466, 1467]
209: [22, 26, 30, 38, 45, 46, 67, 80, 103, 111, 136, 171, 208, 210, 212, 218, 229, 262, 264, 267, 305, 309, 371, 382, 395, 396, 427, 446, 460, 476, 478, 482, 492, 495, 535, 556, 574, 583, 597, 625, 659, 673, 682, 686, 690, 732, 740, 795, 802, 804, 814, 825, 874, 895, 948, 962, 968, 1030, 1035, 1098, 1160, 1177, 1188, 1227, 1247, 1251, 1268, 1278, 1298, 1310, 1374, 1386, 1393, 1398, 1411, 1417, 1428, 1459, 1461, 1468]
210: [37, 100, 108, 128, 153, 156, 172, 184, 196, 203, 209, 211, 223, 265, 374, 387, 394, 397, 429, 451, 460, 469, 510, 512, 532, 535, 565, 572, 597, 617, 626, 634, 675, 680, 683, 705, 722, 725, 769, 771, 776, 777, 793, 798, 830, 858, 862, 890, 892, 893, 899, 915, 917, 923, 931, 946, 952, 984, 1014, 1016, 1021, 1034, 1048, 1049, 1050, 1133, 1179, 1190, 1204, 1210, 1244, 1294, 1330, 1335, 1383, 1409, 1428, 1443, 1452, 1463, 1471]
211: [16, 20, 102, 162, 190, 197, 210, 212, 268, 271, 393, 411, 424, 429, 438, 442, 448, 459, 460, 470, 518, 577, 585, 623, 637, 650, 696, 705, 712, 726, 729, 744, 803, 812, 815, 833, 862, 863, 880, 884, 885, 891, 904, 914, 918, 930, 949, 961, 967, 1001, 1003, 1059, 1102, 1105, 1111, 1129, 1130, 1132, 1148, 1152, 1160, 1161, 1166, 1233, 1242, 1266, 1309, 1310, 1312, 1328, 1340, 1350, 1420, 1424, 1429, 1450, 1484, 1488, 1497]
212: [14, 48, 53, 69, 71, 90, 127, 133, 145, 169, 183, 201, 209, 211, 213, 214, 230, 252, 276, 285, 332, 333, 368, 374, 384, 393, 400, 408, 424, 425, 510, 521, 526, 545, 548, 552, 563, 581, 595, 627, 758, 767, 777, 784, 785, 813, 831, 836, 842, 854, 892, 907, 909, 913, 917, 937, 970, 996, 997, 1036, 1063, 1070, 1074, 1129, 1141, 1199, 1211, 1249, 1286, 1304, 1306, 1325, 1345, 1348, 1363, 1414, 1422, 1427, 1439, 1450, 1465, 1466]
213: [21, 45, 47, 84, 109, 128, 136, 154, 167, 208, 212, 214, 228, 240, 248, 326, 335, 338, 411, 430, 468, 488, 501, 528, 530, 531, 536, 555, 559, 586, 591, 612, 613, 638, 700, 741, 759, 764, 780, 794, 822, 824, 841, 844, 849, 854, 862, 870, 932, 940, 965, 968, 978, 985, 1021, 1047, 1094, 1097, 1111, 1128, 1156, 1171, 1183, 1185, 1205, 1215, 1235, 1241, 1261, 1295, 1318, 1334, 1338, 1341, 1355, 1374, 1381, 1382, 1387, 1409, 1415, 1447, 1477]
214: [49, 74, 94, 95, 97, 106, 145, 157, 166, 198, 204, 212, 213, 215, 243, 252, 253, 254, 263, 281, 313, 362, 375, 390, 410, 414, 432, 433, 498, 507, 517, 518, 522, 531, 536, 540, 548, 570, 624, 625, 671, 682, 686, 695, 700, 710, 731, 782, 789, 792, 840, 884, 897, 902, 916, 919, 956, 963, 966, 997, 1016, 1036, 1092, 1097, 1127, 1143, 1206, 1241, 1244, 1247, 1260, 1287, 1304, 1316, 1321, 1329, 1391, 1394, 1398, 1426, 1448, 1477, 1495, 1496]
215: [15, 32, 37, 67, 78, 104, 105, 182, 214, 216, 257, 287, 293, 297, 308, 355, 356, 370, 400, 417, 459, 469, 476, 530, 578, 582, 634, 636, 646, 672, 673, 690, 696, 706, 811, 840, 850, 853, 854, 869, 912, 919, 933, 975, 994, 1084, 1090, 1109, 1113, 1115, 1148, 1162, 1244, 1279, 1280, 1307, 1322, 1342, 1344, 1355, 1368, 1398, 1454, 1484]
216: [50, 61, 65, 76, 150, 159, 170, 196, 204, 215, 217, 229, 243, 250, 261, 273, 283, 287, 324, 326, 430, 435, 437, 457, 463, 468, 487, 515, 540, 582, 599, 602, 642, 686, 687, 697, 706, 711, 791, 821, 823, 826, 845, 890, 931, 970, 996, 1023, 1052, 1053, 1128, 1140, 1152, 1170, 1182, 1242, 1252, 1254, 1272, 1302, 1304, 1325, 1359, 1373, 1478]
217: [22, 27, 37, 68, 106, 130, 142, 153, 161, 169, 199, 216, 218, 221, 224, 227, 238, 256, 311, 333, 342, 386, 404, 432, 468, 472, 477, 485, 499, 511, 524, 527, 547, 551, 556, 587, 593, 620, 622, 637, 638, 643, 678, 708, 717, 721, 727, 729, 804, 815, 841, 917, 922, 934, 956, 962, 964, 1009, 1029, 1092, 1098, 1171, 1172, 1224, 1243, 1282, 1287, 1369, 1387, 1402, 1416, 1424, 1459, 1467]
218: [23, 33, 57, 69, 93, 98, 124, 146, 149, 164, 178, 194, 197, 209, 217, 219, 221, 251, 254, 255, 278, 295, 306, 317, 336, 337, 384, 403, 425, 426, 427, 439, 446, 458, 472, 479, 495, 549, 557, 577, 613, 623, 669, 682, 701, 716, 741, 748, 765, 769, 777, 781, 792, 804, 832, 852, 867, 868, 874, 896, 909, 1024, 1029, 1034, 1047, 1048, 1067, 1107, 1148, 1175, 1176, 1203, 1257, 1268, 1296, 1388, 1408, 1431, 1432, 1450, 1457, 1476, 1486, 1496, 1497, 1498]
219: [15, 20, 26, 50, 57, 76, 80, 100, 106, 114, 117, 120, 140, 195, 218, 220, 237, 240, 243, 250, 259, 276, 300, 306, 317, 371, 434, 479, 493, 495, 535, 540, 544, 547, 558, 580, 603, 606, 620, 623, 624, 656, 674, 753, 767, 780, 794, 844, 906, 955, 958, 989, 1026, 1046, 1051, 1060, 1095, 1138, 1179, 1188, 1224, 1282, 1306, 1342, 1345, 1372, 1379, 1405, 1407, 1432, 1459, 1466]
220: [33, 79, 86, 98, 158, 219, 221, 225, 246, 261, 262, 276, 279, 289, 296, 298, 337, 338, 381, 384, 394, 416, 472, 490, 502, 504, 513, 548, 555, 613, 616, 643, 652, 703, 722, 723, 735, 738, 747, 764, 766, 769, 771, 776, 782, 786, 819, 829, 834, 915, 920, 936, 946, 977, 1010, 1017, 1020, 1021, 1052, 1103, 1121, 1142, 1149, 1150, 1164, 1186, 1240, 1284, 1291, 1347, 1362, 1363, 1371, 1390, 1391, 1397, 1409, 1420, 1453, 1490]
221: [120, 127, 133, 134, 142, 217, 218, 220, 222, 241, 278, 281, 296, 299, 367, 395, 401, 413, 428, 440, 447, 456, 478, 479, 492, 496, 537, 539, 542, 597, 602, 609, 613, 645, 675, 682, 685, 706, 748, 759, 760, 762, 812, 843, 855, 923, 959, 966, 976, 981, 1019, 1025, 1068, 1078, 1121, 1123, 1167, 1170, 1208, 1235, 1246, 1263, 1281, 1325, 1351, 1354, 1367, 1431, 1436, 1440, 1481]
222: [21, 35, 40, 47, 54, 63, 81, 99, 105, 109, 136, 179, 182, 200, 221, 223, 248, 252, 267, 309, 313, 420, 451, 455, 459, 505, 538, 545, 546, 550, 575, 625, 731, 737, 755, 784, 785, 821, 835, 838, 858, 873, 905, 918, 943, 947, 954, 961, 989, 995, 1032, 1077, 1087, 1111, 1118, 1128, 1150, 1159, 1160, 1229, 1233, 1254, 1276, 1285, 1297, 1305, 1314, 1330, 1335, 1344, 1365, 1388, 1412, 1414, 1427, 1432, 1479, 1486]
223: [34, 76, 85, 96, 122, 158, 170, 210, 222, 224, 236, 239, 319, 342, 356, 408, 431, 473, 477, 501, 529, 530, 570, 588, 592, 633, 639, 644, 648, 659, 667, 694, 712, 752, 774, 778, 789, 793, 819, 824, 829, 831, 840, 860, 881, 906, 912, 930, 947, 948, 966, 1007, 1073, 1074, 1085, 1109, 1118, 1119, 1127, 1137, 1146, 1180, 1202, 1247, 1279, 1293, 1309, 1316, 1331, 1341, 1374, 1399, 1473, 1483]
224: [81, 89, 90, 91, 97, 108, 117, 122, 133, 140, 143, 180, 187, 192, 217, 223, 225, 285, 294, 298, 312, 313, 328, 329, 332, 333, 346, 361, 363, 399, 426, 429, 431, 436, 447, 518, 521, 542, 620, 636, 648, 649, 687, 708, 710, 733, 768, 814, 874, 878, 896, 924, 946, 989, 1004, 1009, 1033, 1049, 1053, 1063, 1079, 1092, 1117, 1126, 1136, 1150, 1171, 1206, 1218, 1229, 1288, 1340, 1472, 1475, 1476, 1488, 1491]
225: [50, 145, 151, 180, 220, 224, 226, 250, 263, 282, 331, 373, 397, 401, 432, 438, 442, 446, 467, 502, 513, 516, 541, 544, 574, 580, 596, 634, 661, 697, 702, 737, 765, 782, 792, 802, 828, 856, 884, 911, 913, 943, 948, 955, 988, 1004, 1053, 1055, 1088, 1110, 1140, 1170, 1176, 1186, 1187, 1222, 1243, 1252, 1272, 1273, 1289, 1319, 1321, 1369, 1394, 1402, 1408, 1486]
226: [27, 28, 32, 66, 101, 118, 163, 173, 180, 225, 227, 241, 303, 331, 360, 382, 397, 399, 408, 425, 445, 477, 516, 547, 584, 598, 610, 615, 623, 637, 710, 749, 750, 762, 787, 815, 875, 893, 905, 911, 930, 953, 973, 979, 997, 1020, 1058, 1063, 1080, 1109, 1162, 1166, 1208, 1227, 1231, 1237, 1264, 1315, 1317, 1333, 1334, 1337, 1347, 1374, 1380, 1412, 1486, 1488]
227: [41, 70, 74, 90, 119, 125, 131, 132, 149, 154, 170, 217, 226, 228, 233, 250, 292, 323, 331, 343, 362, 377, 382, 386, 399, 413, 468, 475, 538, 555, 558, 562, 612, 631, 635, 640, 647, 651, 688, 702, 707, 733, 742, 747, 755, 761, 771, 799, 811, 812, 827, 829, 866, 933, 943, 971, 990, 1004, 1015, 1078, 1083, 1157, 1229, 1234, 1254, 1288, 1318, 1329, 1331, 1356, 1361, 1373, 1376, 1412, 1430, 1440, 1450]
228: [16, 21, 27, 31, 36, 37, 42, 49, 58, 65, 71, 83, 89, 90, 91, 119, 125, 129, 186, 188, 213, 227, 229, 248, 255, 264, 331, 335, 356, 359, 362, 382, 383, 493, 501, 502, 513, 515, 545, 567, 582, 621, 627, 641, 659, 668, 671, 674, 696, 700, 706, 710, 727, 735, 755, 773, 779, 784, 822, 834, 835, 836, 896, 910, 918, 920, 923, 950, 990, 1004, 1025, 1034, 1054, 1080, 1104, 1140, 1176, 1178, 1182, 1206, 1210, 1211, 1214, 1237, 1266, 1271, 1277, 1292, 1331, 1336, 1342, 1355, 1373, 1399, 1420, 1427, 1498]
229: [29, 35, 59, 67, 92, 95, 134, 138, 143, 144, 147, 149, 207, 208, 209, 216, 228, 230, 278, 308, 420, 432, 444, 460, 530, 533, 619, 631, 680, 747, 802, 827, 886, 898, 906, 907, 920, 921, 933, 936, 938, 1001, 1006, 1015, 1057, 1061, 1067, 1089, 1093, 1112, 1116, 1128, 1141, 1152, 1161, 1165, 1167, 1208, 1214, 1218, 1240, 1245, 1250, 1286, 1312, 1321, 1377, 1408, 1414, 1421, 1428, 1429, 1474, 1493]
230: [15, 32, 68, 69, 90, 104, 125, 135, 138, 171, 196, 199, 212, 229, 231, 244, 257, 277, 304, 311, 312, 320, 347, 360, 404, 420, 429, 439, 451, 489, 492, 500, 560, 570, 571, 578, 601, 603, 606, 613, 627, 629, 686, 702, 714, 735, 740, 770, 826, 832, 861, 866, 921, 945, 957, 984, 988, 1032, 1034, 1075, 1098, 1128, 1173, 1179, 1187, 1195, 1197, 1202, 1214, 1215, 1263, 1266, 1333, 1340, 1342, 1386, 1398, 1436, 1480, 1487, 1489, 1490]
231: [45, 59, 72, 78, 79, 80, 146, 199, 230, 232, 235, 248, 254, 258, 259, 273, 292, 295, 325, 343, 367, 383, 387, 413, 470, 483, 500, 531, 543, 557, 578, 627, 629, 741, 751, 784, 787, 865, 901, 954, 971, 976, 988, 999, 1001, 1007, 1017, 1031, 1037, 1043, 1066, 1078, 1079, 1083, 1090, 1128, 1134, 1139, 1201, 1238, 1246, 1249, 1275, 1292, 1297, 1304, 1309, 1362, 1375, 1378, 1389, 1420, 1437, 1438, 1449, 1464]
232: [23, 43, 67, 100, 133, 145, 231, 233, 237, 259, 268, 291, 351, 383, 393, 410, 441, 461, 550, 555, 574, 576, 583, 584, 686, 713, 764, 793, 798, 820, 841, 851, 864, 876, 887, 906, 922, 936, 937, 940, 945, 1017, 1035, 1063, 1066, 1074, 1079, 1127, 1132, 1151, 1178, 1179, 1217, 1220, 1244, 1261, 1284, 1292, 1318, 1320, 1331, 1341, 1364, 1396, 1400, 1408, 1413, 1415, 1431, 1441, 1447, 1450, 1458, 1471]
233: [35, 41, 45, 76, 78, 107, 128, 149, 175, 185, 227, 232, 234, 277, 304, 329, 370, 374, 386, 408, 421, 440, 460, 468, 487, 508, 539, 551, 578, 587, 603, 680, 695, 745, 755, 764, 786, 825, 836, 844, 874, 888, 890, 892, 894, 952, 954, 955, 968, 1004, 1023, 1030, 1047, 1102, 1104, 1124, 1145, 1162, 1187, 1243, 1256, 1298, 1299, 1315, 1316, 1332, 1335, 1365, 1393, 1403, 1414, 1452, 1459, 1481]
234: [15, 43, 46, 73, 100, 111, 144, 176, 233, 235, 267, 268, 296, 347, 359, 375, 406, 411, 412, 451, 484, 516, 552, 564, 586, 610, 612, 615, 667, 668, 758, 766, 802, 803, 821, 827, 914, 918, 936, 958, 981, 1014, 1027, 1043, 1047, 1078, 1096, 1110, 1112, 1125, 1132, 1161, 1187, 1198, 1259, 1262, 1307, 1310, 1313, 1349, 1411, 1427, 1430, 1460, 1474, 1492]
235: [49, 50, 89, 141, 158, 175, 197, 202, 231, 234, 236, 254, 260, 278, 295, 308, 310, 352, 353, 385, 449, 452, 466, 496, 497, 514, 518, 525, 535, 540, 574, 616, 631, 646, 655, 680, 681, 701, 726, 767, 787, 791, 799, 811, 815, 841, 851, 918, 924, 936, 969, 1011, 1014, 1020, 1093, 1110, 1135, 1146, 1167, 1179, 1181, 1190, 1199, 1204, 1212, 1215, 1227, 1277, 1294, 1339, 1345, 1353, 1358, 1369, 1374, 1377, 1390, 1417, 1439, 1471]
236: [19, 124, 126, 168, 205, 223, 235, 237, 309, 389, 411, 414, 423, 431, 432, 468, 472, 487, 488, 513, 534, 587, 633, 640, 681, 691, 722, 724, 732, 740, 742, 765, 841, 860, 878, 890, 902, 908, 940, 956, 982, 983, 992, 1040, 1048, 1050, 1057, 1089, 1118, 1136, 1151, 1163, 1178, 1181, 1251, 1253, 1256, 1279, 1280, 1285, 1290, 1295, 1308, 1341, 1391, 1408, 1414, 1416, 1425, 1457, 1468, 1484]
237: [15, 83, 95, 103, 111, 113, 118, 120, 178, 188, 219, 232, 236, 238, 255, 263, 303, 307, 318, 354, 358, 376, 441, 443, 467, 508, 529, 562, 581, 583, 594, 605, 617, 644, 685, 765, 788, 795, 877, 880, 883, 895, 930, 975, 989, 1011, 1106, 1128, 1134, 1152, 1163, 1179, 1224, 1242, 1259, 1308, 1310, 1316, 1322, 1347, 1358, 1383, 1388, 1400, 1422, 1426, 1431, 1446, 1458, 1460, 1461, 1466, 1479, 1499]
238: [21, 26, 71, 83, 89, 109, 121, 143, 149, 172, 217, 237, 239, 282, 284, 309, 317, 337, 342, 400, 421, 451, 469, 471, 477, 482, 527, 543, 557, 582, 588, 608, 618, 643, 679, 692, 707, 727, 732, 753, 806, 821, 860, 867, 895, 905, 974, 984, 993, 1026, 1036, 1065, 1106, 1132, 1148, 1154, 1168, 1171, 1198, 1288, 1306, 1314, 1342, 1345, 1369, 1378, 1412, 1414, 1440, 1452, 1459, 1474]
239: [35, 63, 78, 79, 86, 105, 136, 149, 155, 164, 181, 192, 193, 202, 223, 238, 240, 250, 261, 283, 306, 316, 345, 384, 387, 461, 470, 482, 486, 497, 520, 536, 546, 557, 572, 579, 581, 621, 629, 638, 672, 680, 693, 697, 700, 725, 747, 755, 773, 822, 863, 872, 884, 890, 897, 936, 948, 952, 965, 1009, 1071, 1077, 1081, 1131, 1134, 1135, 1162, 1177, 1217, 1259, 1275, 1309, 1314, 1327, 1337, 1417, 1421, 1429, 1444, 1470, 1488, 1493]
240: [15, 25, 98, 122, 124, 131, 154, 157, 158, 161, 213, 219, 239, 241, 249, 260, 274, 275, 328, 345, 347, 359, 365, 382, 385, 406, 414, 423, 438, 502, 553, 577, 604, 611, 631, 640, 658, 676, 677, 689, 694, 705, 741, 763, 784, 812, 854, 856, 884, 950, 958, 961, 986, 987, 1018, 1022, 1023, 1035, 1054, 1055, 1067, 1074, 1080, 1109, 1122, 1124, 1135, 1160, 1161, 1180, 1192, 1207, 1209, 1238, 1251, 1287, 1316, 1355, 1360, 1412, 1426, 1428, 1441, 1449, 1495, 1498]
241: [24, 30, 43, 46, 50, 76, 114, 122, 134, 149, 207, 221, 226, 240, 242, 257, 273, 283, 291, 313, 325, 352, 370, 420, 455, 508, 524, 554, 557, 575, 613, 636, 638, 650, 653, 657, 673, 718, 782, 827, 838, 855, 872, 876, 940, 951, 984, 1009, 1020, 1027, 1035, 1070, 1100, 1115, 1119, 1187, 1190, 1198, 1221, 1240, 1259, 1261, 1271, 1283, 1287, 1312, 1327, 1393, 1408, 1419, 1433, 1438, 1443, 1446, 1456, 1458, 1465, 1470, 1474, 1490]
242: [16, 34, 36, 55, 80, 89, 139, 151, 153, 160, 171, 200, 241, 243, 261, 270, 276, 287, 295, 303, 312, 317, 331, 352, 355, 367, 374, 390, 393, 410, 414, 444, 488, 496, 501, 506, 516, 543, 557, 619, 631, 654, 660, 678, 713, 717, 746, 792, 793, 798, 800, 815, 839, 862, 865, 878, 895, 915, 934, 973, 999, 1001, 1056, 1084, 1096, 1102, 1103, 1166, 1185, 1205, 1230, 1236, 1243, 1245, 1254, 1346, 1386, 1403, 1412, 1426, 1430, 1439, 1445]
243: [18, 43, 89, 100, 112, 117, 129, 214, 216, 219, 242, 244, 257, 287, 301, 317, 324, 351, 370, 383, 399, 403, 418, 421, 440, 442, 455, 495, 524, 527, 581, 584, 587, 596, 599, 625, 672, 695, 704, 754, 804, 822, 826, 845, 855, 886, 898, 930, 944, 999, 1053, 1064, 1078, 1086, 1114, 1116, 1144, 1156, 1179, 1182, 1187, 1192, 1199, 1200, 1208, 1225, 1243, 1247, 1257, 1269, 1295, 1326, 1338, 1356, 1387, 1416, 1427, 1446]
244: [16, 40, 80, 85, 93, 95, 107, 144, 174, 230, 243, 245, 252, 276, 279, 281, 285, 347, 370, 397, 398, 437, 438, 493, 502, 509, 570, 582, 587, 632, 649, 665, 668, 685, 705, 714, 717, 747, 750, 781, 794, 837, 859, 864, 872, 888, 890, 891, 901, 919, 949, 1012, 1030, 1044, 1056, 1058, 1069, 1104, 1146, 1151, 1157, 1196, 1218, 1220, 1229, 1237, 1254, 1263, 1268, 1310, 1311, 1326, 1364, 1367, 1376, 1382, 1386, 1392, 1409, 1420, 1449, 1458, 1482]
245: [36, 72, 97, 131, 152, 160, 194, 244, 246, 250, 257, 258, 274, 277, 301, 331, 336, 349, 359, 368, 391, 465, 506, 530, 543, 546, 562, 594, 600, 609, 630, 631, 646, 675, 677, 680, 695, 708, 712, 752, 757, 765, 790, 806, 807, 850, 857, 892, 913, 940, 947, 964, 981, 998, 1004, 1005, 1008, 1053, 1112, 1126, 1134, 1143, 1169, 1170, 1177, 1197, 1207, 1208, 1226, 1239, 1244, 1277, 1305, 1366, 1371, 1376, 1389, 1414, 1433, 1491]
246: [35, 79, 104, 129, 134, 136, 139, 146, 170, 181, 194, 196, 220, 245, 247, 264, 282, 300, 331, 347, 349, 389, 410, 418, 478, 484, 486, 514, 517, 526, 594, 600, 620, 636, 648, 660, 696, 710, 730, 731, 784, 787, 803, 819, 858, 878, 920, 922, 998, 1003, 1015, 1033, 1043, 1056, 1062, 1078, 1080, 1084, 1121, 1126, 1132, 1154, 1156, 1181, 1191, 1195, 1204, 1222, 1233, 1246, 1251, 1268, 1284, 1289, 1313, 1316, 1328, 1334, 1354, 1374, 1383, 1401, 1406, 1412, 1417, 1438]
247: [29, 39, 40, 42, 104, 130, 172, 179, 193, 246, 248, 282, 300, 317, 318, 332, 364, 391, 408, 409, 412, 552, 581, 587, 669, 683, 689, 697, 717, 774, 813, 869, 888, 915, 920, 924, 956, 961, 964, 997, 1047, 1055, 1066, 1126, 1154, 1234, 1242, 1261, 1271, 1283, 1291, 1311, 1323, 1331, 1342, 1347, 1378, 1397, 1406]
248: [38, 45, 64, 117, 146, 152, 164, 188, 191, 213, 222, 228, 231, 247, 249, 268, 288, 303, 337, 370, 401, 411, 428, 480, 483, 510, 512, 514, 515, 520, 526, 530, 540, 545, 559, 571, 582, 584, 591, 630, 635, 648, 661, 691, 698, 707, 720, 736, 739, 749, 773, 786, 788, 802, 820, 842, 852, 871, 876, 887, 916, 937, 947, 968, 993, 1011, 1013, 1028, 1042, 1086, 1087, 1094, 1123, 1129, 1133, 1155, 1205, 1232, 1236, 1306, 1360, 1369, 1374, 1386, 1432, 1445, 1448, 1454, 1456, 1480, 1489]
249: [47, 61, 79, 80, 93, 95, 96, 119, 158, 165, 240, 248, 250, 280, 289, 309, 315, 318, 404, 428, 437, 441, 477, 496, 518, 535, 539, 542, 562, 586, 603, 609, 610, 635, 641, 647, 655, 681, 705, 706, 724, 729, 735, 739, 741, 746, 753, 775, 843, 885, 894, 935, 958, 986, 995, 999, 1003, 1048, 1140, 1147, 1153, 1159, 1242, 1274, 1322, 1348, 1364, 1397, 1415, 1434, 1436, 1489, 1494]
250: [15, 50, 64, 91, 118, 130, 141, 155, 171, 172, 181, 202, 216, 219, 225, 227, 239, 245, 249, 251, 300, 480, 536, 540, 555, 602, 710, 734, 737, 756, 805, 815, 818, 855, 883, 904, 905, 931, 936, 968, 989, 1006, 1029, 1035, 1073, 1108, 1117, 1134, 1149, 1196, 1208, 1223, 1226, 1273, 1283, 1297, 1330, 1332, 1365, 1385, 1392, 1398, 1441, 1443, 1457, 1464, 1497]
251: [34, 43, 82, 128, 155, 156, 166, 181, 189, 208, 218, 250, 252, 267, 282, 289, 342, 353, 396, 446, 462, 463, 495, 497, 498, 517, 530, 548, 555, 566, 719, 730, 731, 732, 796, 870, 911, 926, 930, 937, 972, 976, 1002, 1010, 1016, 1026, 1032, 1038, 1042, 1055, 1060, 1105, 1122, 1125, 1128, 1165, 1195, 1210, 1258, 1263, 1283, 1286, 1299, 1305, 1335, 1376, 1459, 1469, 1486, 1488]
252: [19, 64, 94, 103, 125, 133, 178, 185, 212, 214, 222, 244, 251, 253, 298, 300, 302, 312, 320, 352, 354, 366, 378, 379, 405, 410, 414, 427, 430, 454, 468, 478, 493, 505, 514, 518, 528, 590, 597, 681, 688, 698, 701, 714, 766, 769, 787, 793, 831, 836, 846, 851, 861, 884, 929, 937, 958, 969, 994, 1002, 1015, 1027, 1042, 1049, 1107, 1111, 1127, 1135, 1141, 1164, 1166, 1192, 1242, 1274, 1305, 1309, 1315, 1374, 1383, 1415, 1438, 1442, 1461]
253: [34, 38, 49, 74, 94, 114, 122, 136, 144, 153, 164, 177, 200, 214, 252, 254, 322, 343, 348, 360, 410, 434, 459, 483, 516, 531, 549, 568, 579, 606, 607, 627, 651, 655, 661, 672, 685, 692, 696, 698, 714, 715, 719, 742, 769, 777, 803, 807, 813, 858, 862, 887, 890, 896, 943, 960, 975, 984, 1002, 1029, 1041, 1057, 1119, 1130, 1217, 1225, 1229, 1313, 1320, 1325, 1328, 1333, 1344, 1383, 1404, 1416, 1425, 1433, 1452, 1487]
254: [82, 104, 165, 184, 187, 195, 197, 214, 218, 231, 235, 253, 255, 275, 319, 328, 391, 411, 427, 442, 444, 453, 459, 462, 465, 473, 479, 494, 518, 526, 572, 614, 618, 660, 705, 722, 727, 728, 743, 752, 770, 795, 813, 823, 828, 848, 868, 873, 874, 891, 899, 916, 919, 943, 982, 1004, 1012, 1066, 1069, 1073, 1122, 1127, 1138, 1176, 1244, 1255, 1258, 1286, 1408, 1470, 1482]
255: [40, 42, 45, 52, 76, 102, 122, 135, 139, 160, 177, 183, 192, 218, 228, 237, 254, 256, 257, 275, 309, 316, 383, 400, 433, 477, 491, 515, 524, 546, 548, 556, 564, 578, 601, 606, 608, 610, 618, 626, 685, 692, 695, 702, 711, 752, 754, 757, 779, 790, 795, 952, 955, 1024, 1082, 1090, 1103, 1106, 1109, 1147, 1223, 1252, 1300, 1357, 1373, 1394, 1404, 1405, 1418, 1421, 1435, 1465, 1479]
256: [14, 18, 27, 115, 120, 182, 183, 191, 217, 255, 257, 291, 294, 343, 357, 377, 383, 450, 463, 471, 482, 503, 511, 520, 577, 595, 615, 648, 650, 676, 736, 758, 784, 838, 851, 858, 865, 871, 887, 938, 980, 990, 1011, 1023, 1052, 1065, 1080, 1106, 1120, 1123, 1127, 1150, 1155, 1177, 1193, 1194, 1241, 1255, 1271, 1282, 1305, 1339, 1345, 1352, 1379, 1395, 1409, 1422, 1455, 1460, 1464, 1471, 1485]
257: [37, 44, 72, 99, 111, 153, 168, 200, 206, 208, 215, 230, 241, 243, 245, 255, 256, 258, 268, 292, 299, 303, 311, 328, 350, 353, 369, 387, 389, 394, 420, 421, 523, 526, 528, 557, 625, 633, 644, 645, 675, 757, 762, 775, 796, 810, 849, 866, 885, 916, 919, 924, 928, 933, 936, 941, 947, 987, 1019, 1022, 1048, 1071, 1076, 1081, 1092, 1120, 1178, 1184, 1188, 1198, 1222, 1272, 1351, 1361, 1373, 1384, 1422, 1423, 1443, 1459, 1464, 1489, 1495]
258: [16, 54, 62, 86, 106, 177, 231, 245, 257, 259, 271, 283, 304, 310, 315, 336, 343, 362, 371, 405, 533, 566, 575, 595, 620, 631, 632, 677, 682, 689, 774, 775, 790, 798, 799, 803, 837, 846, 855, 876, 887, 907, 908, 920, 943, 945, 975, 1012, 1037, 1046, 1073, 1075, 1086, 1091, 1095, 1113, 1137, 1151, 1167, 1173, 1189, 1191, 1209, 1247, 1250, 1260, 1278, 1300, 1308, 1314, 1336, 1348, 1352, 1493]
259: [20, 32, 45, 46, 71, 73, 74, 84, 92, 100, 110, 126, 177, 186, 219, 231, 232, 258, 260, 274, 312, 358, 390, 413, 447, 488, 576, 603, 637, 645, 650, 689, 732, 739, 765, 805, 813, 830, 834, 842, 853, 869, 875, 884, 888, 895, 929, 934, 985, 992, 1012, 1046, 1051, 1055, 1059, 1090, 1098, 1099, 1103, 1106, 1126, 1148, 1182, 1198, 1261, 1276, 1297, 1320, 1356, 1370, 1379, 1382, 1406, 1427, 1456, 1472, 1484, 1489, 1490]
260: [31, 42, 45, 61, 67, 127, 138, 199, 202, 235, 240, 259, 261, 264, 332, 391, 395, 458, 462, 487, 492, 506, 508, 512, 530, 532, 560, 577, 647, 658, 678, 738, 753, 757, 814, 819, 829, 835, 876, 880, 881, 887, 888, 896, 922, 924, 977, 998, 1036, 1057, 1061, 1091, 1096, 1175, 1179, 1188, 1202, 1210, 1213, 1230, 1247, 1250, 1345, 1352, 1361, 1374, 1379, 1381, 1397, 1453, 1464, 1466]
261: [67, 72, 110, 122, 151, 191, 216, 220, 239, 242, 260, 262, 347, 350, 399, 406, 425, 456, 466, 471, 509, 510, 525, 531, 534, 535, 539, 545, 560, 565, 605, 629, 719, 734, 763, 788, 790, 813, 862, 869, 877, 887, 913, 955, 966, 1015, 1019, 1043, 1047, 1082, 1095, 1109, 1172, 1244, 1258, 1267, 1287, 1289, 1309, 1406, 1459, 1483]
262: [18, 23, 69, 71, 76, 136, 173, 191, 202, 209, 220, 261, 263, 277, 292, 299, 310, 311, 313, 315, 320, 326, 347, 354, 357, 359, 368, 374, 384, 410, 420, 444, 458, 460, 464, 481, 488, 492, 514, 545, 573, 586, 596, 615, 626, 666, 680, 721, 728, 742, 744, 747, 762, 779, 818, 860, 971, 991, 1023, 1027, 1060, 1061, 1064, 1094, 1102, 1122, 1143, 1177, 1185, 1187, 1192, 1218, 1219, 1230, 1245, 1277, 1287, 1289, 1322, 1351, 1395, 1417, 1419, 1426, 1438, 1451, 1453, 1480, 1491, 1492]
263: [85, 100, 135, 148, 155, 163, 165, 214, 225, 237, 262, 264, 266, 281, 338, 350, 351, 371, 387, 392, 407, 408, 410, 413, 429, 441, 448, 478, 491, 525, 539, 541, 555, 622, 679, 681, 688, 689, 716, 728, 740, 775, 846, 850, 858, 870, 879, 897, 934, 943, 1015, 1024, 1033, 1065, 1121, 1137, 1138, 1155, 1163, 1172, 1174, 1214, 1233, 1265, 1267, 1279, 1294, 1319, 1330, 1349, 1371, 1388, 1411, 1432, 1453, 1476, 1478, 1480, 1488]
264: [16, 34, 72, 74, 95, 98, 104, 148, 184, 189, 194, 200, 203, 209, 228, 246, 260, 263, 265, 318, 348, 419, 431, 512, 530, 542, 550, 592, 606, 703, 748, 764, 770, 795, 813, 815, 816, 818, 819, 823, 827, 839, 843, 845, 865, 894, 906, 936, 1006, 1029, 1064, 1125, 1134, 1181, 1207, 1235, 1237, 1260, 1326, 1341, 1352, 1356, 1393, 1408, 1425, 1434, 1446, 1448, 1467, 1488, 1492]
265: [23, 32, 33, 37, 43, 50, 56, 69, 82, 116, 144, 160, 177, 197, 210, 264, 266, 292, 297, 315, 335, 392, 414, 457, 460, 472, 481, 483, 484, 503, 512, 550, 562, 578, 588, 593, 606, 618, 635, 653, 655, 657, 675, 680, 685, 696, 706, 711, 742, 764, 789, 793, 816, 856, 880, 901, 902, 937, 969, 971, 991, 1057, 1062, 1073, 1108, 1113, 1133, 1135, 1141, 1147, 1213, 1230, 1283, 1290, 1291, 1299, 1310, 1346, 1349, 1384, 1456]
266: [17, 55, 89, 96, 114, 116, 121, 153, 155, 171, 191, 203, 263, 265, 267, 270, 328, 344, 364, 366, 387, 388, 401, 414, 423, 450, 466, 487, 492, 497, 507, 509, 522, 526, 535, 581, 588, 634, 639, 645, 648, 651, 660, 668, 741, 777, 793, 816, 834, 842, 852, 904, 916, 938, 952, 960, 966, 968, 983, 994, 1009, 1029, 1056, 1058, 1092, 1095, 1101, 1115, 1116, 1146, 1153, 1156, 1198, 1205, 1210, 1238, 1264, 1313, 1348, 1376, 1402, 1412, 1413, 1426, 1455, 1464]
267: [33, 60, 81, 93, 121, 127, 136, 145, 159, 173, 186, 209, 222, 234, 251, 266, 268, 271, 299, 319, 337, 378, 380, 405, 423, 434, 437, 444, 448, 453, 560, 573, 577, 584, 600, 620, 637, 661, 668, 721, 731, 767, 777, 830, 847, 909, 915, 923, 935, 936, 961, 967, 987, 991, 1013, 1043, 1051, 1057, 1064, 1073, 1081, 1083, 1090, 1091, 1094, 1118, 1144, 1149, 1165, 1182, 1185, 1207, 1220, 1269, 1272, 1275, 1280, 1301, 1304, 1352, 1386, 1456, 1464, 1483]
268: [48, 61, 82, 90, 96, 187, 203, 211, 232, 234, 248, 257, 267, 269, 381, 417, 420, 455, 480, 520, 548, 576, 614, 628, 662, 669, 671, 700, 720, 733, 745, 759, 765, 771, 843, 855, 861, 881, 900, 934, 1003, 1009, 1046, 1084, 1110, 1126, 1132, 1151, 1154, 1185, 1224, 1296, 1298, 1314, 1329, 1342, 1352, 1366, 1382, 1398, 1401, 1434, 1440, 1496]
269: [51, 89, 95, 102, 103, 198, 200, 268, 270, 290, 291, 304, 308, 311, 331, 336, 340, 347, 362, 366, 381, 382, 386, 394, 410, 450, 517, 559, 573, 574, 593, 624, 650, 652, 670, 704, 705, 709, 721, 757, 774, 801, 802, 836, 852, 858, 869, 890, 893, 928, 972, 977, 1001, 1005, 1010, 1018, 1044, 1102, 1146, 1218, 1255, 1260, 1268, 1272, 1282, 1309, 1328, 1339, 1341, 1349, 1350, 1358, 1377, 1446, 1458, 1462]
270: [41, 46, 59, 61, 108, 172, 205, 242, 266, 269, 271, 302, 314, 316, 368, 379, 396, 410, 413, 415, 445, 452, 454, 457, 469, 484, 508, 525, 534, 536, 542, 543, 547, 571, 590, 595, 631, 696, 817, 821, 825, 829, 852, 894, 909, 954, 955, 976, 984, 986, 991, 994, 1056, 1096, 1101, 1108, 1132, 1152, 1174, 1194, 1197, 1234, 1236, 1255, 1262, 1273, 1289, 1294, 1304, 1336, 1377, 1400, 1402, 1414, 1478]
271: [26, 41, 62, 105, 112, 131, 187, 211, 258, 267, 270, 272, 281, 316, 336, 344, 397, 398, 399, 438, 452, 467, 528, 532, 540, 556, 571, 590, 592, 646, 662, 697, 702, 703, 735, 804, 806, 836, 854, 921, 937, 938, 940, 960, 991, 1124, 1156, 1159, 1173, 1178, 1181, 1190, 1191, 1195, 1227, 1241, 1272, 1364, 1445, 1475, 1480, 1485]
272: [37, 68, 70, 76, 82, 84, 109, 166, 173, 197, 203, 271, 273, 278, 308, 319, 353, 385, 386, 407, 409, 462, 467, 503, 562, 574, 577, 589, 628, 660, 666, 708, 722, 775, 780, 801, 814, 827, 844, 852, 871, 889, 919, 933, 940, 952, 953, 958, 975, 1085, 1088, 1095, 1103, 1117, 1121, 1207, 1237, 1248, 1252, 1256, 1265, 1272, 1297, 1300, 1302, 1305, 1317, 1356, 1357, 1358, 1418, 1422, 1443]
273: [19, 31, 34, 96, 112, 117, 119, 120, 148, 149, 150, 216, 231, 241, 272, 274, 281, 291, 304, 321, 361, 396, 401, 410, 417, 435, 451, 457, 489, 490, 497, 511, 533, 586, 591, 624, 645, 703, 714, 734, 746, 763, 767, 840, 854, 860, 864, 887, 895, 911, 963, 975, 997, 1005, 1021, 1049, 1059, 1075, 1077, 1087, 1102, 1157, 1167, 1175, 1178, 1222, 1227, 1233, 1254, 1268, 1279, 1353, 1373, 1375, 1380, 1399]
274: [17, 77, 142, 176, 177, 179, 180, 240, 245, 259, 273, 275, 283, 314, 351, 358, 384, 414, 477, 479, 492, 493, 525, 545, 570, 590, 627, 679, 698, 716, 727, 757, 775, 776, 813, 827, 903, 906, 914, 925, 971, 981, 985, 1015, 1021, 1028, 1032, 1041, 1045, 1063, 1073, 1079, 1098, 1110, 1124, 1156, 1189, 1194, 1200, 1214, 1229, 1231, 1235, 1239, 1266, 1283, 1293, 1341, 1343, 1369, 1387, 1456, 1473, 1481, 1490]
275: [21, 88, 94, 102, 152, 240, 254, 255, 274, 276, 277, 280, 286, 314, 330, 335, 408, 417, 428, 474, 494, 584, 617, 641, 642, 688, 715, 753, 775, 778, 811, 827, 829, 889, 924, 934, 950, 951, 954, 973, 983, 997, 1007, 1046, 1067, 1068, 1122, 1223, 1300, 1310, 1316, 1364, 1371, 1383, 1384, 1434, 1453, 1469, 1489]
276: [37, 57, 61, 70, 75, 93, 98, 106, 112, 117, 118, 132, 138, 141, 159, 171, 188, 190, 204, 207, 212, 219, 220, 242, 244, 275, 277, 285, 362, 380, 439, 505, 513, 545, 547, 556, 571, 598, 639, 640, 652, 667, 672, 693, 763, 766, 792, 802, 804, 816, 828, 829, 838, 945, 963, 966, 974, 978, 1000, 1021, 1028, 1034, 1038, 1044, 1057, 1065, 1075, 1077, 1086, 1088, 1168, 1184, 1191, 1200, 1234, 1256, 1261, 1296, 1308, 1328, 1345, 1375, 1397, 1419, 1430, 1444, 1460, 1461]
277: [24, 77, 101, 109, 116, 154, 158, 159, 164, 167, 230, 233, 245, 262, 275, 276, 278, 285, 324, 328, 351, 353, 364, 407, 475, 477, 493, 509, 510, 528, 560, 566, 570, 602, 608, 624, 648, 662, 680, 684, 696, 757, 774, 792, 813, 822, 849, 858, 864, 910, 926, 927, 956, 966, 985, 1012, 1033, 1056, 1074, 1080, 1106, 1141, 1171, 1192, 1196, 1220, 1222, 1227, 1229, 1239, 1254, 1269, 1320, 1338, 1371, 1382, 1398, 1403, 1409, 1413, 1415, 1416, 1425, 1439, 1441, 1453, 1476]
278: [24, 42, 65, 106, 118, 120, 157, 218, 221, 229, 235, 272, 277, 279, 306, 347, 366, 370, 371, 373, 386, 416, 424, 454, 468, 504, 505, 546, 600, 620, 624, 673, 678, 711, 723, 760, 781, 820, 835, 856, 862, 867, 887, 891, 901, 903, 928, 946, 960, 980, 985, 1015, 1065, 1070, 1090, 1127, 1133, 1135, 1160, 1171, 1198, 1216, 1238, 1265, 1297, 1319, 1324, 1334, 1351, 1364, 1368, 1371, 1373, 1384, 1388, 1393, 1415, 1444, 1449, 1456, 1492]
279: [14, 15, 38, 42, 51, 53, 66, 75, 85, 134, 139, 163, 173, 201, 205, 220, 244, 278, 280, 281, 308, 320, 345, 347, 364, 371, 380, 396, 407, 427, 437, 480, 514, 534, 544, 566, 582, 587, 588, 609, 612, 613, 650, 653, 663, 667, 690, 714, 735, 740, 748, 756, 768, 774, 785, 807, 816, 822, 827, 845, 872, 873, 889, 900, 942, 957, 959, 975, 984, 997, 1007, 1018, 1043, 1069, 1080, 1083, 1093, 1097, 1150, 1160, 1172, 1187, 1190, 1220, 1256, 1263, 1288, 1312, 1335, 1340, 1406, 1439, 1441, 1454, 1464, 1474]
280: [63, 74, 109, 132, 135, 155, 166, 187, 197, 249, 275, 279, 281, 314, 393, 394, 398, 406, 447, 482, 509, 539, 563, 569, 597, 598, 613, 639, 649, 661, 691, 709, 713, 743, 754, 786, 792, 806, 837, 840, 859, 891, 938, 1031, 1055, 1099, 1113, 1132, 1148, 1174, 1216, 1230, 1239, 1241, 1302, 1310, 1341, 1373, 1391, 1392, 1402, 1412, 1430, 1459, 1471, 1479, 1485, 1499]
281: [41, 113, 152, 173, 175, 191, 214, 221, 244, 263, 271, 273, 279, 280, 282, 314, 329, 355, 356, 368, 400, 430, 431, 437, 439, 444, 453, 462, 485, 492, 511, 539, 544, 565, 643, 651, 661, 668, 679, 681, 700, 723, 747, 765, 795, 811, 825, 830, 869, 880, 912, 915, 964, 974, 991, 1000, 1001, 1012, 1028, 1032, 1056, 1094, 1104, 1110, 1121, 1161, 1185, 1187, 1194, 1203, 1220, 1270, 1278, 1305, 1308, 1349, 1351, 1400, 1436, 1452, 1480, 1493]
282: [22, 34, 51, 56, 61, 63, 70, 81, 88, 114, 118, 124, 135, 163, 180, 184, 185, 202, 207, 225, 238, 246, 247, 251, 281, 283, 306, 312, 334, 363, 379, 384, 402, 421, 434, 436, 441, 446, 476, 485, 493, 527, 542, 559, 576, 596, 624, 629, 646, 697, 700, 711, 718, 720, 721, 726, 743, 810, 817, 884, 888, 982, 1015, 1020, 1041, 1102, 1105, 1118, 1126, 1128, 1132, 1140, 1194, 1220, 1225, 1230, 1242, 1316, 1331, 1353, 1390, 1396, 1400, 1428, 1456, 1480, 1486]
283: [31, 78, 84, 102, 121, 123, 130, 148, 157, 216, 239, 241, 258, 274, 282, 284, 322, 341, 350, 358, 376, 387, 404, 406, 444, 467, 474, 500, 514, 523, 527, 637, 645, 657, 658, 686, 715, 716, 721, 737, 747, 776, 799, 802, 888, 889, 937, 944, 948, 987, 1001, 1003, 1022, 1061, 1091, 1099, 1105, 1111, 1113, 1142, 1149, 1160, 1173, 1189, 1234, 1275, 1288, 1297, 1343, 1352, 1361, 1366, 1397, 1409, 1422, 1431, 1477, 1483, 1487]
284: [15, 100, 111, 120, 137, 153, 183, 186, 192, 238, 283, 285, 288, 339, 342, 356, 449, 486, 500, 524, 541, 557, 561, 563, 588, 601, 611, 638, 640, 665, 738, 773, 783, 784, 807, 819, 833, 853, 882, 884, 890, 910, 920, 928, 984, 989, 1008, 1017, 1030, 1036, 1053, 1091, 1121, 1158, 1178, 1207, 1225, 1229, 1232, 1239, 1240, 1255, 1267, 1276, 1301, 1339, 1353, 1357, 1370, 1380, 1391, 1402, 1481]
285: [17, 33, 49, 63, 79, 105, 107, 111, 133, 212, 224, 244, 276, 277, 284, 286, 312, 320, 321, 326, 346, 369, 490, 526, 534, 583, 597, 621, 644, 668, 670, 675, 722, 726, 744, 803, 863, 882, 891, 894, 905, 909, 917, 931, 951, 1015, 1034, 1045, 1076, 1119, 1130, 1153, 1187, 1196, 1242, 1253, 1309, 1324, 1365, 1396, 1401, 1426, 1448, 1453, 1473, 1485, 1496]
286: [28, 76, 79, 93, 116, 118, 131, 152, 172, 189, 275, 285, 287, 292, 300, 331, 362, 386, 390, 396, 399, 418, 434, 457, 467, 495, 501, 510, 525, 540, 568, 575, 656, 668, 679, 687, 688, 755, 758, 792, 801, 822, 825, 832, 839, 849, 884, 885, 894, 917, 927, 956, 1011, 1058, 1064, 1080, 1112, 1129, 1135, 1160, 1161, 1174, 1178, 1228, 1237, 1259, 1278, 1315, 1324, 1346, 1351, 1360, 1364, 1407, 1446, 1453, 1477, 1480]
287: [28, 29, 42, 60, 78, 92, 154, 159, 169, 215, 216, 242, 243, 286, 288, 319, 333, 354, 375, 402, 413, 424, 441, 474, 519, 578, 582, 598, 605, 617, 721, 738, 742, 744, 748, 772, 786, 805, 835, 845, 878, 901, 930, 950, 1031, 1055, 1075, 1091, 1103, 1142, 1191, 1199, 1212, 1236, 1240, 1265, 1270, 1296, 1318, 1339, 1347, 1368, 1428, 1446, 1486, 1491]
288: [14, 28, 30, 55, 60, 99, 105, 139, 140, 150, 162, 176, 208, 248, 284, 287, 289, 303, 310, 327, 332, 336, 337, 362, 373, 437, 442, 448, 473, 497, 530, 543, 571, 581, 583, 613, 638, 657, 665, 697, 719, 738, 765, 773, 818, 821, 828, 831, 862, 880, 890, 892, 911, 939, 960, 970, 982, 997, 1032, 1040, 1062, 1109, 1138, 1159, 1177, 1191, 1204, 1252, 1391, 1401, 1418, 1427, 1430, 1465, 1469]
289: [29, 57, 71, 79, 90, 97, 99, 120, 129, 132, 147, 153, 195, 220, 249, 251, 288, 290, 291, 346, 363, 385, 399, 412, 432, 453, 461, 467, 477, 501, 557, 583, 591, 593, 657, 663, 667, 692, 696, 729, 734, 735, 751, 792, 823, 834, 844, 846, 851, 872, 886, 932, 949, 989, 1043, 1052, 1123, 1179, 1187, 1206, 1210, 1213, 1214, 1215, 1227, 1235, 1350, 1358, 1388, 1390, 1423, 1430, 1451, 1453, 1465]
290: [22, 62, 67, 82, 100, 107, 109, 165, 202, 269, 289, 291, 298, 331, 345, 346, 347, 372, 409, 417, 436, 457, 490, 501, 526, 530, 545, 550, 576, 580, 595, 604, 610, 613, 614, 627, 631, 667, 673, 682, 688, 691, 728, 753, 781, 798, 800, 832, 893, 939, 941, 968, 986, 1047, 1050, 1075, 1091, 1103, 1123, 1127, 1129, 1134, 1136, 1154, 1173, 1190, 1193, 1234, 1274, 1307, 1351, 1398, 1435, 1464, 1479]
291: [14, 30, 49, 77, 101, 122, 131, 140, 158, 232, 241, 256, 269, 273, 289, 290, 292, 308, 317, 355, 435, 445, 451, 452, 473, 495, 496, 517, 540, 549, 577, 583, 602, 622, 624, 636, 657, 693, 717, 729, 741, 745, 757, 759, 761, 788, 794, 819, 842, 850, 873, 894, 901, 919, 942, 944, 978, 982, 995, 1032, 1033, 1040, 1069, 1100, 1116, 1121, 1133, 1151, 1177, 1201, 1204, 1234, 1237, 1250, 1252, 1262, 1280, 1299, 1313, 1370, 1385, 1423, 1431, 1434, 1449, 1490]
292: [32, 65, 66, 119, 125, 139, 163, 178, 197, 204, 227, 231, 257, 262, 265, 286, 291, 293, 305, 342, 354, 361, 367, 393, 399, 440, 463, 467, 468, 477, 494, 510, 556, 599, 616, 622, 638, 655, 668, 687, 690, 697, 713, 714, 732, 765, 785, 787, 793, 795, 805, 807, 822, 850, 853, 878, 932, 955, 966, 967, 972, 974, 996, 1005, 1011, 1022, 1035, 1040, 1044, 1069, 1122, 1124, 1140, 1159, 1167, 1230, 1274, 1307, 1354, 1383, 1407, 1428, 1429, 1432, 1468, 1473]
293: [25, 41, 47, 49, 54, 66, 93, 102, 118, 130, 159, 176, 215, 292, 294, 305, 322, 368, 387, 394, 429, 430, 448, 466, 488, 540, 553, 554, 556, 562, 565, 567, 578, 582, 590, 621, 633, 649, 659, 670, 696, 702, 743, 746, 770, 780, 790, 844, 855, 863, 867, 868, 897, 901, 928, 937, 958, 963, 969, 972, 984, 988, 989, 1068, 1131, 1145, 1187, 1222, 1273, 1297, 1312, 1324, 1354, 1371, 1404, 1411, 1421, 1423, 1490, 1494]
294: [20, 34, 43, 52, 77, 83, 111, 116, 142, 143, 147, 163, 224, 256, 293, 295, 305, 332, 370, 373, 379, 414, 424, 503, 512, 515, 538, 548, 554, 608, 617, 628, 660, 671, 679, 689, 716, 719, 745, 757, 786, 809, 822, 827, 849, 915, 955, 964, 982, 989, 992, 1004, 1022, 1057, 1073, 1099, 1140, 1145, 1153, 1186, 1202, 1206, 1207, 1272, 1279, 1282, 1300, 1311, 1362, 1405, 1407, 1419, 1422, 1445, 1462, 1463]
295: [14, 28, 97, 104, 149, 164, 191, 218, 231, 235, 242, 294, 296, 372, 429, 440, 470, 493, 497, 503, 513, 546, 547, 576, 602, 614, 627, 683, 694, 704, 708, 724, 726, 733, 747, 765, 777, 831, 860, 890, 892, 962, 977, 1013, 1043, 1116, 1142, 1175, 1192, 1208, 1223, 1242, 1272, 1289, 1304, 1311, 1360, 1391, 1399, 1442, 1450]
296: [28, 49, 59, 76, 90, 91, 95, 105, 116, 121, 126, 137, 162, 172, 202, 220, 221, 234, 295, 297, 309, 315, 335, 369, 372, 375, 382, 383, 385, 409, 419, 430, 431, 466, 481, 491, 498, 516, 566, 589, 590, 591, 630, 643, 686, 707, 717, 719, 730, 733, 737, 771, 777, 787, 805, 819, 834, 839, 890, 915, 932, 967, 971, 980, 1069, 1074, 1097, 1102, 1128, 1134, 1135, 1142, 1163, 1167, 1180, 1181, 1187, 1196, 1201, 1216, 1226, 1244, 1249, 1254, 1276, 1277, 1312, 1320, 1324, 1327, 1352, 1374, 1379, 1397, 1418, 1447, 1454, 1456, 1461, 1492]
297: [61, 75, 79, 97, 140, 156, 189, 201, 215, 265, 296, 298, 300, 324, 338, 354, 370, 381, 386, 424, 436, 439, 471, 533, 610, 643, 653, 658, 663, 685, 722, 738, 743, 759, 769, 778, 791, 807, 815, 821, 866, 869, 883, 909, 921, 923, 957, 959, 979, 1070, 1092, 1093, 1106, 1120, 1153, 1162, 1167, 1197, 1216, 1219, 1293, 1350, 1381, 1387, 1388, 1400, 1445, 1450, 1451, 1472]
298: [30, 34, 51, 62, 63, 95, 102, 114, 123, 133, 220, 224, 252, 290, 297, 299, 312, 337, 354, 364, 375, 376, 419, 451, 469, 486, 508, 516, 530, 613, 614, 619, 627, 638, 651, 657, 709, 711, 774, 786, 794, 800, 807, 814, 826, 828, 839, 844, 859, 895, 899, 951, 954, 959, 970, 1010, 1035, 1037, 1041, 1067, 1137, 1166, 1167, 1180, 1192, 1199, 1207, 1212, 1217, 1250, 1265, 1273, 1301, 1305, 1314, 1315, 1336, 1345, 1374, 1392, 1396, 1430, 1442, 1449, 1456, 1471, 1472, 1473, 1474]
299: [23, 28, 35, 55, 59, 65, 95, 110, 115, 132, 152, 162, 221, 257, 262, 267, 298, 300, 307, 327, 329, 338, 341, 343, 394, 438, 445, 460, 484, 488, 493, 498, 503, 504, 511, 512, 542, 577, 581, 599, 600, 604, 614, 641, 663, 669, 685, 692, 695, 708, 714, 719, 742, 746, 760, 768, 798, 799, 803, 847, 849, 858, 887, 919, 949, 971, 984, 1045, 1065, 1081, 1134, 1144, 1146, 1153, 1169, 1184, 1196, 1222, 1278, 1285, 1377, 1425, 1444, 1448, 1470]
300: [40, 52, 82, 85, 97, 107, 119, 139, 169, 186, 219, 246, 247, 250, 252, 286, 297, 299, 301, 325, 329, 343, 346, 348, 365, 445, 447, 489, 499, 513, 546, 547, 557, 603, 611, 649, 658, 709, 726, 736, 741, 778, 802, 804, 811, 813, 820, 890, 934, 956, 970, 1005, 1015, 1016, 1040, 1055, 1070, 1080, 1083, 1084, 1093, 1134, 1143, 1150, 1191, 1197, 1227, 1244, 1251, 1272, 1277, 1294, 1300, 1330, 1335, 1342, 1377, 1418, 1441, 1468, 1484, 1492]
301: [23, 47, 64, 74, 94, 100, 110, 124, 125, 140, 155, 189, 243, 245, 300, 302, 347, 348, 358, 393, 427, 429, 439, 448, 458, 481, 523, 568, 604, 623, 650, 689, 690, 695, 714, 733, 756, 768, 802, 823, 830, 834, 843, 853, 861, 878, 889, 968, 1000, 1043, 1048, 1070, 1091, 1154, 1166, 1199, 1211, 1239, 1244, 1245, 1256, 1263, 1267, 1293, 1318, 1350, 1372, 1376, 1383, 1398, 1424, 1470, 1472, 1484, 1489, 1499]
302: [21, 128, 202, 252, 270, 301, 303, 362, 386, 446, 468, 474, 481, 514, 530, 552, 572, 579, 586, 652, 674, 679, 687, 739, 783, 787, 818, 822, 823, 826, 835, 836, 871, 900, 907, 923, 982, 999, 1007, 1014, 1042, 1045, 1051, 1106, 1161, 1176, 1287, 1290, 1328, 1329, 1334, 1339, 1347, 1358, 1366, 1393, 1413, 1433, 1490]
303: [18, 20, 40, 69, 70, 96, 128, 136, 166, 190, 202, 226, 237, 242, 248, 257, 288, 302, 304, 327, 328, 331, 350, 377, 378, 398, 409, 412, 439, 447, 478, 504, 525, 553, 570, 599, 607, 610, 611, 620, 671, 688, 697, 721, 725, 764, 770, 771, 852, 879, 882, 886, 908, 1004, 1020, 1040, 1109, 1154, 1175, 1188, 1224, 1229, 1236, 1241, 1250, 1267, 1271, 1286, 1324, 1359, 1363, 1372, 1384, 1393, 1412, 1416, 1421, 1471, 1486, 1488]
304: [20, 30, 32, 69, 94, 97, 119, 137, 138, 158, 181, 185, 203, 230, 233, 258, 269, 273, 303, 305, 342, 363, 376, 387, 516, 537, 554, 571, 575, 603, 611, 629, 633, 636, 664, 687, 734, 752, 754, 801, 815, 862, 879, 888, 915, 1005, 1012, 1054, 1071, 1147, 1169, 1194, 1215, 1230, 1246, 1282, 1340, 1351, 1353, 1362, 1383, 1396, 1412, 1432, 1460, 1465, 1484, 1485, 1487]
305: [26, 74, 80, 113, 114, 143, 157, 176, 200, 206, 209, 292, 293, 294, 304, 306, 319, 321, 331, 337, 357, 359, 363, 369, 373, 441, 478, 512, 528, 559, 582, 587, 591, 618, 627, 674, 684, 690, 770, 772, 808, 824, 941, 963, 1009, 1020, 1030, 1051, 1103, 1130, 1132, 1167, 1174, 1191, 1215, 1250, 1297, 1305, 1307, 1309, 1321, 1329, 1330, 1423, 1426, 1451]
306: [21, 31, 36, 42, 56, 64, 93, 94, 119, 184, 196, 201, 205, 218, 219, 239, 278, 282, 305, 307, 323, 347, 353, 361, 381, 402, 405, 409, 441, 469, 491, 519, 549, 579, 585, 591, 632, 638, 639, 652, 653, 764, 809, 814, 821, 871, 879, 916, 924, 930, 941, 975, 998, 1026, 1059, 1062, 1096, 1120, 1135, 1269, 1271, 1307, 1330, 1333, 1370, 1389, 1411, 1464]
307: [14, 19, 27, 36, 51, 68, 77, 88, 97, 98, 99, 113, 174, 186, 196, 204, 237, 299, 306, 308, 316, 326, 339, 351, 360, 369, 374, 383, 398, 399, 414, 426, 472, 474, 487, 514, 543, 552, 569, 583, 599, 612, 643, 700, 750, 773, 799, 807, 870, 891, 906, 914, 965, 968, 986, 1028, 1041, 1055, 1067, 1076, 1106, 1108, 1112, 1119, 1148, 1204, 1253, 1331, 1339, 1361, 1374, 1383, 1391, 1446, 1453, 1467, 1489]
308: [18, 22, 28, 39, 73, 74, 78, 139, 155, 176, 185, 215, 229, 235, 269, 272, 279, 291, 307, 309, 321, 343, 345, 360, 369, 372, 378, 459, 475, 501, 512, 518, 519, 529, 533, 560, 569, 608, 616, 619, 652, 679, 693, 709, 736, 767, 779, 799, 814, 836, 839, 890, 918, 930, 936, 1022, 1028, 1090, 1093, 1116, 1140, 1145, 1170, 1213, 1217, 1248, 1317, 1325, 1335, 1342, 1349, 1358, 1377, 1387, 1397, 1403, 1424, 1425, 1449, 1456, 1460, 1489]
309: [88, 96, 97, 99, 135, 139, 145, 165, 196, 209, 222, 236, 238, 249, 255, 296, 308, 310, 319, 332, 349, 355, 361, 424, 428, 444, 446, 454, 458, 478, 483, 523, 551, 566, 593, 598, 605, 636, 640, 650, 691, 698, 707, 749, 776, 786, 794, 802, 844, 860, 885, 938, 951, 983, 992, 1009, 1012, 1035, 1056, 1059, 1081, 1087, 1096, 1105, 1127, 1147, 1157, 1160, 1171, 1175, 1185, 1280, 1303, 1314, 1342, 1379, 1423, 1427, 1433, 1452]
310: [45, 63, 113, 127, 150, 173, 187, 235, 258, 262, 288, 309, 311, 314, 321, 334, 380, 381, 435, 438, 439, 462, 489, 519, 549, 596, 607, 648, 678, 715, 738, 760, 764, 776, 779, 783, 798, 806, 808, 853, 885, 894, 923, 980, 1004, 1067, 1086, 1093, 1109, 1119, 1162, 1200, 1216, 1219, 1227, 1232, 1237, 1291, 1312, 1357, 1369, 1417, 1452, 1484]
311: [15, 27, 113, 117, 133, 181, 207, 217, 230, 257, 262, 269, 310, 312, 313, 358, 359, 367, 384, 410, 422, 428, 430, 439, 441, 442, 498, 513, 533, 606, 616, 657, 667, 672, 675, 711, 749, 797, 815, 827, 838, 843, 863, 864, 869, 884, 909, 921, 929, 938, 970, 972, 997, 1033, 1074, 1087, 1108, 1131, 1171, 1181, 1189, 1203, 1212, 1227, 1256, 1264, 1275, 1287, 1295, 1307, 1312, 1370, 1398, 1429, 1438, 1441, 1490]
312: [19, 28, 54, 70, 83, 93, 94, 96, 103, 105, 136, 174, 198, 202, 224, 230, 242, 252, 259, 282, 285, 298, 311, 313, 322, 337, 349, 356, 381, 386, 389, 416, 421, 429, 436, 465, 483, 497, 516, 552, 568, 593, 601, 612, 639, 658, 664, 709, 711, 721, 724, 726, 780, 786, 803, 820, 836, 847, 860, 865, 924, 927, 934, 939, 959, 971, 978, 1006, 1011, 1016, 1028, 1089, 1095, 1098, 1149, 1155, 1156, 1159, 1162, 1165, 1193, 1202, 1206, 1207, 1224, 1255, 1274, 1305, 1332, 1366, 1388, 1404, 1445, 1453, 1489, 1493]
313: [34, 36, 38, 54, 114, 118, 202, 214, 222, 224, 241, 262, 311, 312, 314, 349, 373, 375, 423, 447, 475, 488, 524, 554, 559, 562, 609, 629, 651, 653, 688, 716, 827, 868, 877, 881, 890, 894, 927, 941, 947, 950, 952, 979, 981, 1019, 1067, 1089, 1092, 1095, 1098, 1128, 1157, 1161, 1312, 1340, 1350, 1360, 1379, 1388, 1406, 1414, 1422, 1457, 1459, 1461, 1467, 1478]
314: [29, 45, 53, 56, 73, 80, 125, 132, 135, 140, 153, 157, 164, 199, 203, 270, 274, 275, 280, 281, 310, 313, 315, 331, 335, 351, 359, 373, 392, 401, 447, 522, 542, 543, 552, 573, 575, 581, 631, 635, 640, 698, 754, 770, 778, 779, 783, 850, 880, 882, 899, 915, 944, 950, 996, 1039, 1040, 1127, 1138, 1144, 1192, 1222, 1263, 1268, 1269, 1296, 1300, 1301, 1316, 1322, 1332, 1333, 1344, 1367, 1409, 1451, 1458, 1471, 1477, 1491, 1493, 1494]
315: [36, 51, 62, 67, 70, 83, 93, 133, 140, 143, 178, 207, 208, 249, 258, 262, 265, 296, 314, 316, 331, 332, 389, 408, 429, 461, 468, 471, 481, 483, 486, 526, 577, 590, 603, 683, 689, 716, 731, 733, 750, 791, 822, 830, 904, 951, 952, 991, 995, 1004, 1020, 1022, 1053, 1068, 1100, 1126, 1166, 1232, 1248, 1280, 1281, 1291, 1332, 1357, 1389, 1392, 1407, 1438, 1454, 1456, 1460, 1468, 1472]
316: [57, 66, 73, 102, 107, 153, 172, 181, 194, 239, 255, 270, 271, 307, 315, 317, 330, 362, 387, 394, 432, 472, 474, 491, 502, 505, 518, 573, 574, 575, 592, 595, 599, 601, 626, 656, 657, 670, 679, 687, 707, 708, 763, 775, 799, 814, 819, 820, 827, 836, 893, 915, 936, 955, 960, 962, 981, 995, 1005, 1018, 1024, 1025, 1081, 1092, 1105, 1118, 1154, 1158, 1206, 1212, 1217, 1230, 1239, 1247, 1269, 1280, 1282, 1322, 1323, 1336, 1339, 1367, 1370, 1377, 1385, 1394, 1404, 1406, 1417, 1419, 1425, 1444, 1445]
317: [20, 28, 91, 106, 118, 128, 136, 166, 168, 180, 186, 197, 218, 219, 238, 242, 243, 247, 291, 316, 318, 360, 387, 389, 391, 430, 452, 469, 494, 532, 594, 595, 630, 639, 677, 710, 743, 749, 757, 787, 800, 838, 839, 866, 884, 894, 897, 898, 914, 919, 944, 947, 950, 986, 1007, 1012, 1014, 1024, 1070, 1104, 1154, 1194, 1199, 1230, 1244, 1283, 1292, 1321, 1344, 1349, 1380, 1396, 1409, 1435, 1444, 1446, 1449, 1458, 1468, 1473, 1489]
318: [22, 26, 50, 61, 94, 99, 125, 134, 160, 164, 178, 184, 237, 247, 249, 264, 317, 319, 345, 381, 383, 405, 409, 418, 423, 426, 434, 453, 485, 594, 642, 684, 695, 721, 755, 774, 778, 792, 810, 814, 818, 862, 887, 898, 921, 931, 938, 974, 1002, 1013, 1051, 1053, 1066, 1100, 1104, 1110, 1116, 1127, 1140, 1154, 1169, 1186, 1187, 1200, 1202, 1209, 1244, 1245, 1249, 1277, 1310, 1314, 1335, 1340, 1349, 1352, 1357, 1388, 1393, 1499]
319: [14, 31, 56, 78, 95, 97, 111, 113, 115, 127, 136, 143, 158, 162, 165, 171, 188, 223, 254, 267, 272, 287, 305, 309, 318, 320, 323, 335, 359, 377, 391, 396, 397, 458, 478, 488, 495, 522, 523, 536, 540, 574, 578, 579, 580, 602, 626, 653, 669, 678, 686, 729, 749, 750, 754, 765, 767, 775, 786, 788, 810, 829, 834, 853, 905, 910, 941, 989, 1010, 1033, 1052, 1081, 1097, 1110, 1124, 1125, 1175, 1185, 1192, 1204, 1211, 1235, 1278, 1280, 1292, 1327, 1365, 1375, 1385, 1403, 1408, 1413, 1484, 1494]
320: [21, 26, 32, 66, 68, 131, 158, 230, 252, 262, 279, 285, 319, 321, 352, 360, 365, 376, 403, 411, 460, 470, 479, 503, 504, 536, 553, 570, 608, 626, 638, 647, 741, 768, 778, 820, 870, 876, 913, 997, 1005, 1013, 1050, 1070, 1077, 1132, 1137, 1143, 1184, 1270, 1290, 1303, 1320, 1334, 1335, 1343, 1357, 1393, 1402, 1410, 1418, 1426, 1429, 1454, 1457, 1473]
321: [39, 79, 98, 134, 136, 192, 273, 285, 305, 308, 310, 320, 322, 340, 395, 398, 412, 413, 420, 428, 433, 483, 484, 500, 507, 520, 533, 573, 579, 583, 609, 668, 674, 691, 710, 798, 838, 859, 867, 874, 880, 903, 947, 948, 1011, 1028, 1029, 1033, 1084, 1122, 1203, 1215, 1229, 1233, 1235, 1244, 1266, 1282, 1323, 1326, 1356, 1427, 1436, 1476, 1480]
322: [45, 79, 92, 101, 104, 108, 109, 135, 137, 141, 153, 181, 253, 283, 293, 312, 321, 323, 354, 392, 413, 431, 463, 477, 481, 482, 527, 532, 540, 598, 607, 619, 620, 628, 632, 634, 654, 657, 659, 668, 674, 680, 690, 691, 719, 737, 741, 768, 805, 818, 870, 890, 911, 998, 1048, 1053, 1075, 1088, 1107, 1137, 1174, 1209, 1223, 1227, 1255, 1272, 1279, 1280, 1286, 1302, 1322, 1347, 1425, 1486]
323: [76, 80, 84, 87, 129, 159, 185, 227, 306, 319, 322, 324, 390, 412, 452, 465, 472, 478, 484, 524, 526, 572, 589, 590, 628, 633, 700, 708, 709, 721, 729, 736, 774, 784, 803, 830, 839, 881, 916, 922, 927, 951, 965, 980, 990, 1011, 1043, 1099, 1133, 1212, 1233, 1235, 1241, 1293, 1313, 1319, 1334, 1355, 1356, 1361, 1393, 1449, 1469, 1487]
324: [19, 26, 80, 82, 103, 157, 171, 188, 202, 216, 243, 277, 297, 323, 325, 356, 367, 411, 416, 422, 446, 448, 478, 483, 505, 524, 529, 544, 573, 578, 592, 606, 620, 633, 641, 643, 669, 692, 709, 715, 742, 757, 768, 799, 818, 837, 893, 923, 942, 948, 981, 990, 1002, 1026, 1032, 1054, 1066, 1131, 1133, 1146, 1190, 1200, 1218, 1233, 1237, 1239, 1247, 1259, 1261, 1262, 1287, 1289, 1299, 1312, 1344, 1345, 1375, 1396, 1410, 1415, 1441, 1472, 1480, 1489, 1490, 1492, 1498]
325: [21, 40, 46, 64, 71, 91, 159, 165, 180, 231, 241, 300, 324, 326, 351, 375, 388, 396, 413, 429, 432, 439, 482, 490, 544, 561, 590, 599, 690, 691, 698, 708, 733, 739, 744, 745, 763, 791, 795, 801, 812, 818, 849, 863, 889, 900, 917, 942, 1042, 1069, 1070, 1083, 1123, 1124, 1129, 1133, 1152, 1194, 1222, 1228, 1242, 1255, 1258, 1269, 1305, 1350, 1446, 1448]
326: [31, 43, 45, 48, 161, 169, 213, 216, 262, 285, 307, 325, 327, 329, 367, 368, 395, 400, 426, 431, 450, 462, 480, 491, 492, 498, 499, 515, 536, 580, 596, 608, 632, 638, 658, 659, 681, 732, 733, 809, 817, 845, 873, 897, 950, 955, 974, 977, 990, 1024, 1037, 1052, 1059, 1077, 1091, 1146, 1171, 1173, 1190, 1211, 1215, 1261, 1284, 1290, 1295, 1313, 1333, 1352, 1368, 1382, 1392, 1454, 1470]
327: [25, 31, 74, 120, 122, 130, 133, 138, 154, 191, 193, 200, 203, 288, 299, 303, 326, 328, 367, 402, 405, 419, 431, 478, 490, 553, 593, 597, 607, 628, 641, 653, 675, 688, 712, 720, 811, 841, 845, 851, 855, 864, 893, 923, 927, 944, 962, 977, 979, 981, 998, 1021, 1038, 1048, 1053, 1061, 1120, 1134, 1135, 1141, 1148, 1175, 1178, 1211, 1218, 1278, 1375, 1387, 1431, 1447, 1469, 1479, 1486, 1487, 1494]
328: [23, 40, 45, 93, 101, 104, 122, 152, 161, 170, 173, 186, 224, 240, 254, 257, 266, 277, 303, 327, 329, 335, 349, 371, 404, 408, 424, 443, 445, 459, 473, 507, 515, 532, 550, 572, 585, 621, 659, 665, 669, 714, 771, 772, 783, 789, 820, 867, 868, 889, 896, 906, 919, 963, 979, 991, 1017, 1036, 1048, 1071, 1083, 1121, 1206, 1234, 1247, 1261, 1276, 1285, 1309, 1346, 1352, 1370, 1406, 1445, 1455, 1478]
329: [56, 91, 96, 104, 108, 126, 141, 149, 187, 193, 224, 233, 281, 299, 300, 326, 328, 330, 332, 357, 413, 448, 477, 490, 528, 549, 598, 600, 640, 647, 648, 668, 669, 702, 707, 729, 730, 737, 753, 760, 791, 822, 824, 838, 847, 930, 984, 986, 989, 1004, 1057, 1070, 1079, 1080, 1105, 1128, 1144, 1161, 1190, 1198, 1213, 1231, 1274, 1326, 1357, 1360, 1367, 1398, 1413, 1477, 1486]
330: [64, 126, 133, 147, 154, 156, 199, 275, 316, 329, 331, 333, 336, 424, 473, 481, 484, 493, 506, 509, 519, 538, 550, 559, 575, 592, 602, 608, 637, 660, 686, 715, 724, 744, 828, 851, 861, 875, 878, 900, 926, 935, 947, 961, 974, 1010, 1011, 1049, 1104, 1121, 1125, 1140, 1196, 1199, 1230, 1256, 1277, 1328, 1387, 1407, 1428, 1436, 1450, 1453, 1470]
331: [26, 97, 101, 112, 116, 120, 131, 152, 156, 161, 168, 169, 225, 226, 227, 228, 242, 245, 246, 269, 286, 290, 303, 305, 314, 315, 330, 332, 361, 364, 403, 404, 408, 411, 422, 432, 441, 469, 480, 495, 497, 525, 533, 622, 629, 632, 637, 647, 668, 677, 679, 699, 728, 730, 772, 777, 785, 787, 814, 826, 862, 867, 895, 1021, 1041, 1076, 1077, 1138, 1246, 1249, 1254, 1261, 1286, 1287, 1343, 1350, 1365, 1406, 1420, 1428, 1432, 1443, 1449, 1459, 1464, 1497]
332: [16, 34, 60, 64, 76, 94, 161, 172, 178, 191, 197, 212, 224, 247, 260, 288, 294, 309, 315, 329, 331, 333, 403, 454, 458, 459, 463, 496, 498, 532, 570, 598, 606, 625, 632, 658, 674, 703, 714, 734, 780, 786, 828, 885, 910, 914, 916, 917, 947, 972, 1046, 1059, 1087, 1102, 1124, 1127, 1149, 1155, 1167, 1182, 1211, 1226, 1260, 1269, 1297, 1300, 1326, 1340, 1350, 1358, 1368, 1393, 1409, 1415]
333: [38, 48, 53, 64, 85, 86, 87, 89, 104, 113, 158, 172, 202, 206, 212, 217, 224, 287, 330, 332, 334, 348, 352, 382, 389, 390, 392, 394, 413, 464, 475, 508, 537, 539, 543, 598, 602, 618, 626, 686, 694, 706, 712, 717, 731, 765, 767, 812, 852, 863, 908, 947, 1003, 1016, 1029, 1042, 1048, 1055, 1086, 1101, 1116, 1134, 1150, 1159, 1196, 1223, 1261, 1282, 1310, 1317, 1330, 1377, 1382, 1388, 1401, 1408, 1421, 1434, 1462, 1467, 1483, 1498]
334: [46, 50, 60, 62, 71, 106, 134, 153, 167, 170, 181, 282, 310, 333, 335, 362, 383, 397, 450, 457, 459, 465, 490, 495, 508, 511, 543, 600, 654, 659, 687, 702, 717, 729, 742, 757, 823, 847, 880, 883, 892, 908, 918, 948, 982, 1004, 1035, 1076, 1086, 1112, 1136, 1150, 1174, 1188, 1207, 1214, 1215, 1277, 1289, 1290, 1299, 1307, 1317, 1343, 1345, 1387, 1398, 1418, 1420, 1437, 1443, 1462, 1470, 1491]
335: [20, 40, 50, 72, 73, 83, 85, 112, 140, 213, 228, 265, 275, 296, 314, 319, 328, 334, 336, 354, 377, 412, 417, 418, 446, 462, 467, 491, 498, 505, 519, 575, 579, 603, 623, 625, 628, 640, 652, 679, 746, 785, 788, 800, 808, 815, 826, 846, 852, 853, 917, 941, 1034, 1036, 1097, 1124, 1131, 1158, 1180, 1200, 1201, 1218, 1251, 1265, 1274, 1283, 1307, 1339, 1345, 1350, 1369, 1396, 1419, 1433, 1444, 1472]
336: [16, 79, 85, 88, 103, 113, 117, 154, 156, 175, 181, 218, 245, 258, 269, 271, 288, 330, 335, 337, 340, 341, 371, 390, 394, 430, 437, 442, 454, 473, 478, 492, 512, 522, 549, 587, 658, 681, 713, 728, 735, 745, 767, 770, 789, 808, 813, 849, 866, 877, 942, 964, 985, 989, 1034, 1062, 1069, 1094, 1123, 1130, 1139, 1145, 1156, 1198, 1200, 1204, 1222, 1238, 1248, 1293, 1299, 1303, 1317, 1380, 1406, 1418, 1428, 1488, 1494]
337: [73, 108, 119, 144, 150, 155, 156, 194, 197, 205, 218, 220, 238, 248, 267, 288, 298, 305, 312, 336, 338, 340, 360, 366, 368, 431, 457, 470, 495, 501, 518, 548, 661, 675, 684, 719, 725, 784, 786, 787, 830, 866, 879, 902, 920, 939, 940, 957, 972, 973, 981, 984, 1003, 1023, 1028, 1072, 1080, 1087, 1107, 1113, 1126, 1168, 1181, 1202, 1212, 1224, 1242, 1257, 1345, 1349, 1368, 1376, 1413, 1420, 1429, 1444, 1468, 1482, 1484, 1488, 1496]
338: [16, 19, 24, 56, 62, 157, 208, 213, 220, 263, 297, 299, 337, 339, 384, 386, 390, 393, 406, 433, 458, 525, 534, 586, 609, 620, 652, 659, 671, 684, 686, 731, 744, 748, 774, 780, 807, 809, 853, 869, 890, 908, 912, 939, 943, 951, 981, 992, 998, 1023, 1080, 1188, 1221, 1245, 1250, 1263, 1299, 1307, 1308, 1318, 1349, 1357, 1360, 1371, 1424, 1442, 1451, 1467]
339: [44, 79, 106, 118, 123, 169, 174, 284, 307, 338, 340, 365, 409, 411, 437, 444, 447, 453, 473, 487, 503, 510, 519, 555, 595, 644, 659, 667, 717, 753, 776, 804, 809, 820, 832, 859, 889, 920, 929, 962, 983, 1035, 1067, 1074, 1083, 1101, 1107, 1126, 1129, 1139, 1144, 1149, 1170, 1174, 1182, 1190, 1196, 1237, 1245, 1271, 1275, 1315, 1343, 1361, 1387, 1391, 1398, 1425, 1430, 1433, 1444, 1451, 1454, 1461, 1469, 1470, 1491, 1496]
340: [21, 119, 120, 151, 157, 179, 188, 269, 321, 336, 337, 339, 341, 369, 377, 403, 411, 429, 431, 443, 447, 514, 521, 523, 554, 610, 711, 736, 746, 781, 782, 784, 828, 829, 852, 860, 883, 888, 932, 936, 950, 1005, 1034, 1038, 1050, 1063, 1068, 1108, 1120, 1131, 1182, 1187, 1223, 1243, 1249, 1264, 1293, 1301, 1305, 1346, 1367, 1368, 1412, 1437, 1473]
341: [33, 62, 85, 95, 122, 123, 130, 189, 208, 283, 299, 336, 340, 342, 361, 369, 372, 373, 399, 402, 410, 414, 424, 453, 455, 456, 459, 476, 530, 539, 559, 591, 595, 607, 611, 642, 674, 699, 709, 717, 733, 743, 746, 788, 809, 849, 850, 853, 863, 864, 874, 890, 895, 900, 917, 957, 970, 975, 983, 1016, 1028, 1036, 1037, 1039, 1042, 1065, 1095, 1124, 1146, 1153, 1236, 1248, 1272, 1299, 1311, 1335, 1360, 1370, 1378, 1380, 1387, 1415, 1433, 1456, 1481, 1496, 1497]
342: [15, 26, 28, 90, 97, 102, 108, 121, 147, 151, 160, 174, 187, 203, 217, 223, 238, 251, 284, 292, 304, 341, 343, 362, 364, 368, 382, 431, 436, 446, 450, 484, 662, 665, 668, 670, 714, 724, 730, 765, 780, 796, 801, 816, 879, 898, 901, 908, 915, 950, 951, 952, 957, 986, 1002, 1007, 1008, 1026, 1042, 1071, 1077, 1139, 1141, 1144, 1147, 1152, 1156, 1158, 1180, 1199, 1201, 1202, 1233, 1241, 1242, 1260, 1271, 1273, 1329, 1408, 1447, 1449, 1486, 1489]
343: [18, 36, 47, 88, 97, 99, 119, 121, 134, 161, 177, 203, 227, 231, 253, 256, 258, 299, 300, 308, 342, 344, 381, 395, 427, 433, 436, 449, 479, 505, 537, 551, 631, 645, 665, 699, 715, 719, 734, 735, 780, 869, 901, 920, 928, 934, 954, 979, 1038, 1061, 1069, 1111, 1134, 1136, 1140, 1199, 1322, 1324, 1369, 1377, 1395, 1447, 1459, 1487, 1488]
344: [21, 34, 42, 65, 78, 80, 144, 155, 170, 266, 271, 343, 345, 358, 364, 375, 383, 474, 488, 507, 513, 516, 521, 553, 557, 583, 588, 591, 610, 678, 702, 707, 709, 733, 736, 841, 909, 943, 950, 973, 1036, 1054, 1094, 1103, 1125, 1137, 1139, 1161, 1212, 1216, 1264, 1265, 1287, 1290, 1327, 1334, 1336, 1338, 1356, 1375, 1378, 1426, 1458, 1484]
345: [37, 58, 64, 75, 115, 147, 169, 239, 240, 279, 290, 308, 318, 344, 346, 365, 390, 416, 439, 449, 493, 550, 556, 560, 565, 575, 583, 603, 639, 644, 659, 709, 710, 712, 718, 731, 740, 752, 786, 789, 795, 817, 863, 871, 876, 897, 918, 933, 979, 984, 1005, 1010, 1015, 1025, 1049, 1085, 1102, 1111, 1130, 1199, 1244, 1268, 1313, 1325, 1334, 1342, 1387, 1393, 1400, 1430, 1437, 1439, 1445, 1457, 1462, 1470]
346: [37, 47, 50, 66, 103, 113, 114, 163, 172, 192, 224, 285, 289, 290, 300, 345, 347, 358, 373, 407, 416, 417, 421, 442, 476, 497, 520, 530, 541, 563, 583, 585, 601, 631, 695, 707, 760, 771, 774, 781, 794, 795, 799, 800, 815, 825, 858, 887, 892, 916, 921, 927, 963, 1042, 1044, 1048, 1069, 1081, 1084, 1085, 1098, 1103, 1141, 1146, 1167, 1169, 1185, 1189, 1234, 1238, 1280, 1285, 1296, 1309, 1319, 1323, 1374, 1382, 1391, 1392, 1405, 1488, 1490]
347: [33, 94, 100, 108, 137, 175, 196, 230, 234, 240, 244, 246, 261, 262, 269, 278, 279, 290, 301, 306, 346, 348, 362, 422, 426, 439, 440, 444, 454, 494, 496, 499, 500, 515, 516, 542, 582, 591, 598, 618, 643, 662, 672, 681, 682, 689, 718, 750, 751, 771, 779, 804, 813, 828, 842, 844, 894, 916, 926, 942, 971, 994, 1013, 1026, 1031, 1074, 1106, 1119, 1175, 1179, 1203, 1208, 1300, 1323, 1332, 1333, 1335, 1337, 1344, 1346, 1351, 1359, 1389, 1398, 1448, 1461, 1462, 1471, 1476]
348: [26, 69, 99, 111, 135, 163, 186, 189, 197, 198, 202, 253, 264, 300, 301, 333, 347, 349, 367, 371, 381, 406, 426, 440, 468, 551, 558, 576, 582, 605, 615, 659, 674, 676, 695, 706, 729, 775, 799, 805, 819, 842, 845, 857, 883, 928, 946, 973, 979, 992, 1010, 1017, 1026, 1061, 1075, 1080, 1128, 1155, 1169, 1170, 1185, 1200, 1228, 1234, 1245, 1273, 1316, 1335, 1393, 1410, 1435, 1439, 1468, 1471, 1474, 1484, 1487]
349: [25, 64, 70, 77, 88, 129, 156, 164, 171, 176, 245, 246, 309, 312, 313, 328, 348, 350, 355, 366, 396, 399, 409, 412, 425, 429, 431, 444, 465, 469, 534, 550, 625, 667, 669, 677, 723, 761, 834, 838, 850, 856, 872, 889, 922, 962, 976, 990, 1002, 1013, 1015, 1046, 1053, 1063, 1067, 1069, 1092, 1096, 1098, 1101, 1117, 1123, 1138, 1170, 1203, 1213, 1231, 1248, 1254, 1255, 1269, 1276, 1320, 1334, 1335, 1337, 1348, 1378, 1386, 1423, 1427, 1446, 1478]
350: [42, 126, 151, 154, 179, 199, 257, 261, 263, 283, 303, 349, 351, 376, 410, 420, 437, 495, 560, 586, 598, 609, 646, 652, 669, 671, 703, 741, 820, 826, 898, 914, 965, 981, 983, 1016, 1053, 1061, 1081, 1087, 1105, 1110, 1136, 1181, 1206, 1223, 1259, 1305, 1310, 1316, 1321, 1322, 1342, 1345, 1384, 1385, 1388, 1402, 1428, 1437, 1466, 1484, 1488]
351: [21, 39, 46, 109, 232, 243, 263, 274, 277, 307, 314, 325, 350, 352, 381, 397, 437, 445, 462, 474, 475, 500, 518, 585, 589, 601, 604, 654, 667, 668, 717, 726, 738, 741, 765, 778, 796, 808, 890, 921, 925, 947, 953, 966, 987, 1013, 1023, 1042, 1044, 1057, 1092, 1098, 1185, 1186, 1202, 1293, 1301, 1311, 1312, 1333, 1356, 1359, 1361, 1369, 1379, 1386, 1417, 1433, 1436, 1450, 1461, 1487, 1493]
352: [16, 43, 47, 54, 99, 103, 124, 128, 146, 194, 195, 196, 207, 235, 241, 242, 252, 320, 333, 351, 353, 417, 425, 427, 431, 496, 511, 513, 533, 583, 606, 610, 615, 634, 664, 670, 731, 775, 776, 843, 847, 854, 859, 866, 885, 902, 935, 946, 948, 978, 1008, 1038, 1054, 1061, 1066, 1108, 1153, 1183, 1198, 1199, 1229, 1231, 1252, 1269, 1290, 1292, 1300, 1302, 1332, 1334, 1388, 1422, 1432, 1459, 1462, 1465]
353: [51, 70, 90, 106, 153, 172, 193, 199, 204, 235, 251, 257, 272, 277, 306, 352, 354, 357, 382, 385, 399, 456, 464, 480, 490, 506, 507, 555, 584, 587, 614, 622, 626, 628, 634, 638, 669, 710, 738, 767, 781, 784, 809, 832, 852, 861, 862, 867, 885, 919, 951, 965, 995, 1009, 1064, 1115, 1124, 1169, 1172, 1191, 1216, 1222, 1258, 1269, 1290, 1324, 1413, 1446, 1453, 1471, 1483, 1497]
354: [39, 44, 62, 65, 123, 130, 133, 174, 194, 237, 252, 262, 287, 292, 297, 298, 322, 335, 353, 355, 376, 381, 386, 403, 480, 488, 511, 527, 533, 543, 572, 583, 586, 612, 620, 629, 634, 710, 711, 734, 739, 754, 755, 808, 813, 828, 837, 862, 865, 873, 876, 882, 899, 902, 937, 945, 958, 971, 978, 1003, 1056, 1084, 1087, 1097, 1098, 1132, 1141, 1143, 1190, 1251, 1261, 1265, 1266, 1287, 1314, 1330, 1339, 1346, 1378, 1380, 1407, 1409, 1418, 1448, 1491]
355: [47, 54, 61, 69, 89, 115, 123, 124, 152, 166, 177, 182, 215, 242, 281, 291, 309, 349, 354, 356, 376, 382, 394, 420, 438, 439, 442, 448, 495, 496, 497, 498, 520, 544, 553, 556, 595, 599, 608, 633, 652, 654, 657, 688, 715, 719, 778, 800, 834, 837, 860, 869, 905, 925, 950, 1003, 1008, 1031, 1039, 1040, 1054, 1069, 1074, 1098, 1108, 1112, 1117, 1155, 1185, 1209, 1225, 1233, 1302, 1315, 1337, 1342, 1360, 1370, 1421, 1428, 1443, 1494]
356: [53, 77, 101, 126, 128, 134, 138, 142, 159, 171, 191, 215, 223, 228, 281, 284, 312, 324, 355, 357, 364, 427, 453, 470, 478, 485, 530, 574, 582, 594, 602, 606, 614, 628, 643, 682, 683, 713, 764, 818, 837, 863, 892, 936, 953, 992, 998, 1034, 1035, 1060, 1086, 1157, 1167, 1177, 1180, 1198, 1209, 1236, 1247, 1273, 1280, 1307, 1322, 1344, 1356, 1406, 1433, 1450, 1451]
357: [21, 68, 69, 77, 104, 119, 120, 122, 150, 156, 198, 202, 256, 262, 305, 329, 353, 356, 358, 378, 401, 404, 468, 563, 578, 621, 642, 737, 740, 743, 799, 800, 801, 831, 834, 846, 872, 873, 882, 904, 910, 929, 944, 976, 978, 981, 998, 1005, 1042, 1056, 1066, 1081, 1096, 1136, 1139, 1196, 1231, 1409, 1416, 1440, 1444, 1476]
358: [30, 35, 38, 44, 141, 147, 148, 149, 174, 190, 237, 259, 274, 283, 301, 311, 344, 346, 357, 359, 362, 375, 376, 396, 408, 439, 463, 490, 503, 505, 509, 512, 522, 572, 586, 606, 629, 635, 660, 697, 737, 773, 778, 781, 783, 817, 852, 857, 887, 914, 915, 936, 1001, 1005, 1022, 1029, 1077, 1102, 1110, 1134, 1149, 1151, 1166, 1189, 1190, 1201, 1208, 1245, 1255, 1352, 1354, 1367, 1379, 1437, 1483, 1484]
359: [16, 38, 57, 64, 71, 73, 104, 113, 156, 179, 180, 190, 207, 228, 234, 240, 245, 262, 305, 311, 314, 319, 358, 360, 395, 428, 436, 439, 452, 463, 490, 498, 520, 545, 578, 623, 627, 636, 660, 671, 691, 702, 712, 748, 780, 783, 824, 825, 852, 860, 861, 881, 925, 966, 984, 992, 993, 1008, 1026, 1040, 1131, 1136, 1197, 1238, 1286, 1312, 1316, 1327, 1380, 1390, 1416, 1468, 1495]
360: [105, 108, 121, 122, 135, 146, 163, 170, 181, 187, 226, 230, 253, 307, 308, 317, 320, 337, 359, 361, 371, 419, 440, 461, 467, 473, 490, 524, 547, 556, 566, 567, 587, 604, 624, 635, 642, 654, 657, 667, 674, 716, 803, 810, 820, 849, 873, 929, 953, 1017, 1026, 1050, 1053, 1070, 1101, 1138, 1143, 1159, 1197, 1224, 1252, 1281, 1304, 1320, 1327, 1367, 1369, 1420, 1421, 1425, 1434]
361: [28, 29, 105, 111, 121, 128, 138, 160, 174, 185, 224, 273, 292, 306, 309, 331, 341, 360, 362, 379, 392, 394, 405, 457, 502, 503, 527, 537, 538, 562, 580, 606, 625, 629, 651, 652, 680, 688, 699, 700, 779, 790, 825, 837, 847, 901, 905, 921, 930, 947, 958, 966, 975, 977, 1000, 1096, 1152, 1156, 1178, 1185, 1189, 1224, 1240, 1248, 1271, 1301, 1302, 1303, 1368, 1393, 1396, 1401, 1417, 1421]
362: [18, 67, 105, 150, 153, 181, 214, 227, 228, 258, 269, 276, 286, 288, 302, 316, 334, 342, 347, 358, 361, 363, 371, 379, 380, 464, 493, 520, 530, 532, 549, 601, 604, 616, 632, 649, 664, 668, 683, 703, 729, 780, 789, 826, 839, 840, 883, 884, 885, 890, 920, 941, 975, 977, 992, 1023, 1064, 1069, 1087, 1090, 1105, 1124, 1148, 1150, 1151, 1174, 1208, 1267, 1293, 1303, 1306, 1307, 1314, 1330, 1346, 1368, 1401, 1440, 1465, 1496]
363: [33, 95, 130, 177, 189, 224, 282, 289, 304, 305, 362, 364, 376, 388, 410, 419, 439, 442, 450, 460, 484, 511, 523, 529, 535, 574, 587, 608, 644, 656, 744, 765, 772, 776, 810, 864, 876, 899, 915, 985, 1026, 1034, 1037, 1041, 1042, 1075, 1122, 1134, 1148, 1151, 1156, 1167, 1175, 1185, 1192, 1206, 1236, 1247, 1280, 1288, 1295, 1303, 1314, 1317, 1318, 1342, 1366, 1369, 1372, 1384, 1419, 1448]
364: [20, 128, 134, 138, 142, 162, 175, 247, 266, 277, 279, 298, 331, 342, 344, 356, 363, 365, 373, 443, 498, 510, 516, 541, 550, 585, 612, 650, 686, 769, 803, 804, 836, 846, 900, 906, 925, 933, 938, 947, 962, 986, 1006, 1009, 1010, 1024, 1042, 1051, 1081, 1094, 1111, 1118, 1119, 1133, 1142, 1157, 1182, 1205, 1211, 1226, 1275, 1286, 1290, 1291, 1294, 1297, 1323, 1329, 1334, 1348, 1354, 1371, 1376, 1396, 1401, 1444, 1453, 1470, 1476, 1485]
365: [20, 40, 68, 103, 117, 119, 143, 148, 159, 162, 191, 206, 240, 300, 320, 339, 345, 364, 366, 374, 419, 463, 484, 529, 561, 609, 637, 667, 716, 736, 756, 758, 779, 815, 827, 852, 892, 901, 907, 909, 911, 944, 951, 959, 961, 969, 989, 1002, 1014, 1021, 1053, 1057, 1068, 1082, 1087, 1088, 1089, 1103, 1109, 1113, 1120, 1131, 1166, 1203, 1218, 1242, 1248, 1253, 1264, 1268, 1281, 1288, 1290, 1306, 1316, 1317, 1324, 1325, 1372, 1387, 1401, 1427, 1438, 1450, 1478]
366: [30, 44, 55, 77, 107, 110, 132, 167, 192, 199, 205, 252, 266, 269, 278, 337, 349, 365, 367, 371, 390, 395, 396, 418, 426, 430, 432, 475, 483, 489, 495, 505, 566, 568, 588, 609, 646, 662, 685, 728, 730, 762, 786, 834, 885, 896, 910, 1088, 1154, 1169, 1176, 1211, 1214, 1215, 1279, 1296, 1301, 1335, 1353, 1361, 1367, 1398, 1432, 1436]
367: [43, 99, 104, 154, 165, 193, 197, 221, 231, 242, 292, 311, 324, 326, 327, 348, 366, 368, 375, 407, 411, 437, 441, 452, 460, 465, 471, 481, 510, 518, 562, 571, 589, 656, 722, 732, 741, 745, 779, 784, 835, 840, 862, 900, 911, 929, 987, 991, 1014, 1038, 1066, 1093, 1100, 1103, 1135, 1188, 1204, 1218, 1222, 1266, 1317, 1353, 1381, 1412, 1416, 1421, 1423, 1428, 1437, 1442]
368: [16, 46, 50, 89, 103, 108, 116, 171, 179, 185, 193, 212, 245, 262, 270, 281, 293, 326, 337, 342, 367, 369, 415, 443, 456, 467, 473, 478, 488, 514, 520, 533, 538, 569, 575, 589, 601, 603, 637, 644, 655, 666, 671, 698, 718, 747, 750, 772, 799, 803, 818, 832, 850, 863, 873, 880, 890, 895, 911, 931, 953, 954, 980, 985, 999, 1060, 1067, 1081, 1091, 1097, 1181, 1200, 1207, 1244, 1248, 1270, 1287, 1335, 1336, 1337, 1389, 1404, 1421, 1433, 1466, 1486]
369: [15, 24, 35, 41, 49, 58, 68, 70, 80, 96, 111, 118, 160, 162, 177, 190, 257, 285, 296, 305, 307, 308, 340, 341, 368, 370, 385, 388, 404, 410, 413, 431, 453, 474, 486, 492, 497, 510, 516, 538, 540, 541, 565, 579, 584, 585, 587, 649, 696, 705, 733, 735, 739, 763, 765, 783, 784, 788, 819, 827, 844, 847, 866, 890, 910, 914, 949, 960, 961, 988, 994, 1027, 1068, 1081, 1095, 1103, 1106, 1116, 1118, 1134, 1145, 1155, 1185, 1198, 1241, 1247, 1301, 1313, 1323, 1342, 1368, 1409, 1424, 1430, 1433, 1487, 1492]
370: [39, 40, 49, 63, 66, 99, 103, 119, 129, 130, 135, 145, 170, 176, 178, 199, 215, 233, 241, 243, 244, 248, 278, 294, 297, 369, 371, 376, 378, 406, 419, 434, 471, 518, 557, 559, 571, 604, 617, 620, 624, 634, 704, 712, 714, 751, 757, 785, 796, 817, 818, 862, 907, 914, 922, 934, 972, 1016, 1024, 1046, 1068, 1075, 1082, 1129, 1168, 1173, 1184, 1209, 1235, 1241, 1254, 1269, 1271, 1274, 1291, 1322, 1327, 1348, 1411, 1423, 1441, 1445, 1456, 1472, 1478]
371: [30, 38, 49, 56, 73, 85, 89, 129, 145, 168, 176, 193, 209, 219, 258, 263, 278, 279, 328, 336, 348, 360, 362, 366, 370, 372, 464, 612, 622, 635, 657, 676, 738, 744, 750, 801, 807, 941, 952, 961, 964, 1006, 1015, 1048, 1061, 1121, 1158, 1164, 1168, 1208, 1224, 1228, 1278, 1303, 1309, 1312, 1315, 1346, 1357, 1383, 1419, 1434, 1438, 1444, 1446, 1479, 1480]
372: [25, 35, 40, 82, 92, 105, 108, 125, 127, 134, 141, 152, 167, 179, 181, 186, 204, 290, 295, 296, 308, 341, 371, 373, 386, 394, 398, 399, 431, 466, 493, 515, 548, 571, 591, 635, 650, 692, 716, 742, 752, 755, 788, 816, 864, 871, 872, 887, 892, 893, 898, 921, 944, 977, 995, 1009, 1037, 1048, 1088, 1122, 1132, 1148, 1183, 1210, 1217, 1219, 1223, 1273, 1286, 1299, 1312, 1335, 1338, 1340, 1384, 1411, 1423, 1426, 1441, 1442, 1491, 1498]
373: [63, 83, 92, 122, 154, 171, 181, 187, 205, 225, 278, 288, 294, 305, 313, 314, 341, 346, 364, 372, 374, 384, 389, 397, 398, 409, 416, 426, 443, 453, 458, 466, 471, 475, 479, 525, 568, 578, 607, 645, 649, 651, 653, 674, 685, 686, 689, 713, 722, 747, 749, 751, 768, 789, 833, 842, 863, 866, 869, 870, 922, 923, 965, 978, 1002, 1008, 1072, 1079, 1120, 1141, 1145, 1183, 1196, 1208, 1263, 1300, 1369, 1377, 1409, 1419, 1428, 1452, 1477]
374: [22, 42, 49, 55, 59, 68, 86, 88, 89, 94, 118, 149, 151, 154, 157, 210, 212, 233, 242, 262, 307, 365, 373, 375, 384, 387, 388, 409, 438, 443, 482, 493, 529, 578, 604, 620, 621, 656, 697, 710, 721, 726, 732, 770, 781, 783, 827, 833, 838, 847, 887, 893, 965, 973, 994, 995, 997, 1001, 1018, 1045, 1068, 1072, 1088, 1111, 1132, 1145, 1164, 1174, 1196, 1293, 1314, 1322, 1325, 1345, 1374, 1402, 1407, 1409, 1413, 1416, 1450, 1469]
375: [16, 21, 37, 57, 65, 67, 101, 128, 133, 177, 214, 234, 287, 296, 298, 313, 325, 344, 358, 367, 374, 376, 384, 398, 401, 419, 447, 487, 509, 538, 545, 548, 582, 584, 609, 638, 663, 677, 693, 706, 714, 722, 748, 749, 773, 781, 799, 802, 815, 858, 867, 902, 911, 917, 942, 948, 952, 962, 989, 997, 1010, 1015, 1023, 1025, 1031, 1033, 1041, 1051, 1064, 1067, 1075, 1098, 1108, 1112, 1115, 1139, 1146, 1173, 1188, 1209, 1228, 1303, 1316, 1329, 1354, 1367, 1373, 1399, 1405, 1409, 1420, 1421, 1437, 1460, 1463, 1473, 1474, 1480, 1484]
376: [31, 33, 37, 71, 125, 200, 237, 283, 298, 304, 320, 350, 354, 355, 358, 363, 370, 375, 377, 385, 389, 390, 402, 424, 426, 427, 475, 483, 538, 576, 583, 631, 634, 638, 685, 701, 711, 729, 731, 732, 749, 757, 774, 788, 793, 794, 841, 850, 856, 867, 873, 874, 893, 918, 956, 966, 973, 987, 1000, 1006, 1050, 1062, 1076, 1116, 1134, 1146, 1158, 1161, 1185, 1203, 1216, 1245, 1252, 1290, 1292, 1311, 1349, 1372, 1403, 1415, 1419, 1481]
377: [82, 83, 107, 117, 122, 193, 227, 256, 303, 319, 335, 340, 376, 378, 380, 387, 393, 415, 439, 464, 466, 535, 544, 549, 574, 610, 621, 658, 665, 695, 720, 726, 765, 852, 857, 862, 904, 907, 966, 977, 987, 1007, 1021, 1027, 1041, 1048, 1075, 1088, 1136, 1149, 1162, 1187, 1237, 1277, 1294, 1309, 1342, 1344, 1354, 1374, 1417, 1447, 1456, 1458, 1469, 1490]
378: [39, 71, 77, 88, 108, 131, 144, 165, 168, 197, 198, 252, 267, 303, 308, 357, 370, 377, 379, 391, 435, 439, 444, 448, 477, 483, 488, 512, 531, 541, 546, 618, 619, 643, 654, 689, 690, 699, 703, 721, 752, 782, 788, 807, 833, 857, 860, 877, 884, 888, 896, 897, 904, 943, 966, 971, 972, 1022, 1082, 1083, 1099, 1179, 1194, 1195, 1212, 1225, 1272, 1276, 1278, 1305, 1345, 1363, 1416, 1476, 1478, 1489, 1491, 1493]
379: [20, 37, 83, 105, 120, 180, 252, 270, 282, 294, 361, 362, 378, 380, 392, 405, 487, 496, 572, 600, 612, 620, 636, 648, 664, 666, 672, 736, 772, 781, 789, 797, 809, 827, 845, 865, 906, 913, 914, 941, 945, 959, 1053, 1074, 1088, 1112, 1114, 1116, 1195, 1198, 1248, 1302, 1303, 1305, 1317, 1319, 1327, 1347, 1356, 1407, 1413, 1430, 1477]
380: [24, 56, 68, 89, 91, 114, 120, 155, 158, 168, 184, 190, 192, 206, 267, 276, 279, 310, 362, 377, 379, 381, 396, 400, 410, 441, 446, 476, 477, 500, 530, 551, 560, 586, 599, 616, 621, 638, 672, 692, 715, 726, 765, 769, 775, 785, 837, 857, 876, 934, 967, 978, 1012, 1061, 1070, 1077, 1080, 1105, 1176, 1177, 1201, 1206, 1207, 1215, 1242, 1249, 1252, 1308, 1315, 1338, 1389, 1412, 1416, 1417, 1427, 1436, 1444, 1445, 1450, 1466, 1490]
381: [33, 42, 53, 66, 70, 75, 103, 147, 159, 164, 206, 207, 220, 268, 269, 297, 306, 310, 312, 318, 343, 348, 351, 354, 380, 382, 407, 420, 455, 567, 592, 594, 600, 619, 674, 692, 724, 769, 810, 821, 839, 843, 874, 883, 935, 953, 955, 996, 1049, 1056, 1059, 1074, 1088, 1119, 1155, 1181, 1186, 1212, 1213, 1266, 1288, 1303, 1317, 1318, 1341, 1371, 1381, 1393, 1440, 1453, 1454, 1477, 1480, 1493, 1497]
382: [18, 22, 26, 86, 107, 115, 118, 124, 126, 144, 148, 158, 167, 185, 187, 192, 209, 226, 227, 228, 240, 269, 296, 333, 342, 353, 355, 381, 383, 386, 394, 435, 475, 517, 561, 571, 580, 614, 674, 698, 704, 732, 745, 758, 773, 825, 852, 863, 878, 901, 922, 926, 927, 934, 946, 956, 969, 977, 981, 1009, 1015, 1025, 1059, 1078, 1124, 1195, 1205, 1264, 1267, 1276, 1277, 1288, 1301, 1303, 1314, 1319, 1328, 1357, 1358, 1367, 1368, 1375, 1388, 1440, 1451, 1460, 1471, 1482]
383: [29, 39, 66, 94, 153, 154, 160, 171, 188, 228, 231, 232, 243, 255, 256, 296, 307, 318, 334, 344, 382, 384, 390, 391, 397, 426, 428, 450, 456, 458, 479, 511, 594, 601, 611, 612, 615, 653, 675, 679, 689, 730, 764, 783, 794, 802, 809, 857, 891, 893, 896, 929, 954, 966, 1006, 1019, 1074, 1076, 1115, 1117, 1118, 1128, 1192, 1194, 1201, 1202, 1257, 1293, 1332, 1342, 1350, 1360, 1383, 1426, 1449, 1460, 1475, 1477, 1482]
384: [24, 81, 146, 164, 177, 201, 206, 212, 218, 220, 239, 262, 274, 282, 311, 338, 373, 374, 375, 383, 385, 410, 433, 435, 482, 556, 564, 582, 583, 589, 610, 624, 626, 683, 698, 722, 723, 737, 738, 741, 826, 841, 844, 866, 867, 887, 948, 951, 971, 977, 978, 982, 986, 999, 1048, 1052, 1081, 1094, 1101, 1153, 1162, 1167, 1175, 1238, 1268, 1279, 1289, 1295, 1297, 1332, 1353, 1456, 1472, 1475, 1478]
385: [36, 68, 86, 105, 108, 126, 127, 131, 132, 235, 240, 272, 289, 296, 353, 369, 376, 384, 386, 445, 448, 455, 460, 470, 486, 528, 571, 585, 588, 589, 591, 611, 612, 629, 670, 672, 687, 705, 707, 728, 738, 755, 762, 764, 772, 795, 799, 833, 848, 859, 873, 877, 885, 903, 929, 931, 934, 942, 980, 1039, 1042, 1064, 1164, 1202, 1233, 1239, 1256, 1267, 1274, 1281, 1311, 1331, 1337, 1350, 1353, 1359, 1374, 1405, 1423, 1445, 1455, 1460, 1463, 1482]
386: [19, 23, 35, 38, 82, 83, 87, 116, 123, 143, 163, 173, 179, 217, 227, 233, 269, 272, 278, 286, 297, 302, 312, 338, 354, 372, 382, 385, 387, 454, 466, 482, 489, 562, 592, 608, 674, 774, 807, 833, 842, 860, 891, 906, 917, 922, 932, 941, 954, 959, 999, 1049, 1054, 1084, 1122, 1146, 1207, 1226, 1227, 1243, 1282, 1284, 1287, 1291, 1294, 1331, 1346, 1354, 1376, 1384, 1401, 1433, 1463]
387: [21, 25, 28, 50, 86, 173, 179, 185, 197, 210, 231, 239, 257, 263, 266, 283, 293, 304, 316, 317, 374, 377, 386, 388, 422, 434, 448, 454, 458, 473, 475, 521, 531, 548, 575, 602, 632, 651, 654, 659, 677, 683, 714, 715, 729, 741, 753, 766, 781, 826, 853, 859, 862, 898, 933, 994, 1006, 1008, 1032, 1061, 1072, 1073, 1078, 1099, 1134, 1148, 1150, 1155, 1173, 1181, 1189, 1193, 1220, 1326, 1351, 1356, 1357, 1382, 1404, 1413, 1453, 1469, 1480, 1488, 1494]
388: [38, 57, 61, 63, 75, 89, 95, 100, 140, 179, 195, 198, 203, 266, 325, 363, 369, 374, 387, 389, 414, 437, 443, 462, 507, 517, 543, 583, 604, 690, 697, 700, 703, 712, 723, 735, 753, 759, 775, 815, 846, 918, 923, 928, 934, 993, 1008, 1017, 1025, 1031, 1036, 1062, 1069, 1071, 1079, 1095, 1129, 1166, 1188, 1198, 1200, 1235, 1237, 1268, 1279, 1314, 1315, 1344, 1356, 1425, 1429, 1462, 1484, 1490]
389: [30, 90, 93, 104, 118, 126, 137, 165, 189, 192, 205, 208, 236, 246, 257, 312, 315, 317, 333, 373, 376, 388, 390, 416, 420, 444, 475, 504, 525, 536, 567, 578, 669, 676, 741, 808, 814, 822, 825, 854, 879, 899, 903, 909, 915, 938, 939, 944, 953, 1005, 1055, 1072, 1132, 1210, 1253, 1256, 1286, 1344, 1382, 1386, 1390, 1400, 1427, 1458, 1462, 1485]
390: [25, 34, 76, 80, 147, 173, 187, 189, 214, 242, 259, 286, 323, 333, 336, 338, 345, 366, 376, 383, 389, 391, 407, 411, 429, 454, 460, 463, 483, 499, 503, 511, 555, 562, 581, 586, 606, 614, 615, 620, 621, 634, 666, 679, 685, 757, 767, 784, 802, 806, 819, 863, 868, 895, 936, 944, 951, 969, 977, 985, 999, 1004, 1011, 1031, 1033, 1051, 1060, 1086, 1096, 1104, 1105, 1154, 1183, 1226, 1227, 1264, 1269, 1280, 1308, 1310, 1316, 1328, 1330, 1413, 1414, 1446, 1450, 1467, 1495]
391: [45, 104, 105, 107, 108, 171, 199, 245, 247, 254, 260, 317, 319, 378, 383, 390, 392, 400, 412, 453, 503, 518, 591, 598, 600, 632, 653, 665, 668, 717, 719, 735, 742, 767, 774, 775, 794, 803, 813, 815, 819, 828, 857, 928, 947, 956, 988, 994, 1009, 1077, 1086, 1089, 1091, 1111, 1138, 1154, 1161, 1170, 1175, 1207, 1215, 1234, 1249, 1256, 1262, 1270, 1271, 1302, 1309, 1340, 1341, 1362, 1385, 1409, 1427, 1454, 1456, 1477, 1480, 1491]
392: [65, 89, 106, 110, 134, 149, 178, 188, 204, 263, 265, 314, 322, 333, 361, 379, 391, 393, 396, 402, 434, 436, 448, 457, 498, 500, 504, 546, 551, 562, 571, 586, 714, 718, 726, 730, 749, 766, 767, 774, 849, 860, 878, 894, 993, 1031, 1040, 1070, 1078, 1140, 1155, 1180, 1183, 1193, 1194, 1221, 1241, 1244, 1256, 1261, 1333, 1337, 1355, 1366, 1376, 1395, 1406, 1412, 1424, 1435, 1458, 1467, 1473, 1475, 1492]
393: [36, 65, 66, 74, 82, 96, 118, 128, 131, 143, 147, 189, 211, 212, 232, 242, 280, 292, 301, 338, 377, 392, 394, 446, 472, 480, 494, 506, 527, 529, 539, 540, 564, 571, 584, 593, 606, 612, 623, 624, 625, 630, 660, 687, 699, 721, 727, 755, 782, 804, 829, 843, 870, 905, 908, 968, 1029, 1072, 1073, 1107, 1110, 1135, 1146, 1156, 1173, 1175, 1194, 1212, 1215, 1235, 1239, 1267, 1302, 1315, 1318, 1319, 1392, 1412, 1428, 1429, 1433, 1452, 1458, 1459]
394: [42, 44, 56, 60, 62, 77, 113, 124, 168, 210, 220, 257, 269, 280, 293, 299, 316, 333, 336, 355, 361, 372, 382, 393, 395, 431, 458, 532, 587, 600, 611, 624, 642, 647, 659, 666, 694, 734, 745, 752, 773, 774, 781, 805, 823, 841, 867, 873, 877, 899, 931, 942, 958, 962, 1028, 1054, 1069, 1082, 1109, 1117, 1122, 1206, 1216, 1220, 1252, 1286, 1308, 1317, 1318, 1322, 1361, 1367, 1379, 1436, 1453]
395: [15, 20, 54, 73, 84, 97, 113, 128, 164, 190, 209, 221, 260, 321, 326, 343, 359, 366, 394, 396, 402, 407, 417, 419, 447, 485, 493, 563, 574, 580, 600, 607, 609, 638, 641, 646, 647, 654, 681, 715, 720, 728, 734, 751, 757, 772, 791, 814, 834, 881, 898, 910, 915, 919, 928, 956, 984, 1010, 1083, 1167, 1199, 1215, 1228, 1254, 1257, 1259, 1273, 1295, 1315, 1323, 1333, 1357, 1359, 1397, 1398, 1416, 1423, 1455, 1475, 1478]
396: [37, 55, 56, 61, 69, 71, 152, 166, 178, 191, 200, 209, 251, 270, 273, 279, 286, 319, 325, 349, 358, 366, 380, 392, 395, 397, 405, 427, 439, 459, 488, 503, 508, 509, 515, 573, 588, 603, 611, 615, 628, 643, 648, 651, 654, 661, 678, 715, 729, 745, 752, 770, 776, 780, 811, 812, 814, 821, 870, 884, 897, 910, 918, 921, 937, 943, 966, 979, 1051, 1068, 1075, 1085, 1124, 1134, 1150, 1152, 1196, 1218, 1234, 1258, 1270, 1318, 1339, 1340, 1344, 1414, 1421, 1426]
397: [18, 72, 77, 194, 196, 210, 225, 226, 244, 271, 319, 334, 351, 373, 383, 396, 398, 419, 421, 427, 455, 489, 494, 506, 508, 527, 543, 563, 576, 589, 595, 639, 686, 752, 771, 784, 799, 826, 831, 898, 955, 962, 1007, 1023, 1072, 1116, 1148, 1168, 1189, 1194, 1247, 1276, 1299, 1316, 1358, 1379, 1429, 1450, 1498]
398: [42, 46, 67, 71, 78, 83, 90, 101, 122, 128, 130, 166, 181, 182, 190, 202, 206, 244, 271, 280, 303, 307, 321, 372, 373, 375, 397, 399, 401, 426, 481, 486, 498, 528, 534, 573, 601, 604, 611, 615, 620, 632, 676, 677, 680, 699, 774, 782, 796, 829, 831, 859, 883, 886, 890, 891, 970, 986, 988, 990, 1014, 1028, 1029, 1030, 1042, 1058, 1078, 1098, 1132, 1150, 1151, 1165, 1179, 1183, 1216, 1223, 1249, 1289, 1344, 1348, 1400, 1415, 1421, 1453, 1460, 1464, 1481]
399: [40, 50, 52, 95, 98, 107, 129, 193, 203, 224, 226, 227, 243, 261, 271, 286, 289, 292, 307, 341, 349, 353, 372, 398, 400, 401, 419, 420, 429, 442, 446, 467, 481, 482, 483, 488, 494, 546, 599, 602, 618, 691, 692, 695, 730, 742, 744, 764, 804, 817, 820, 876, 913, 971, 974, 1031, 1042, 1045, 1055, 1065, 1068, 1086, 1096, 1098, 1121, 1131, 1167, 1169, 1175, 1176, 1216, 1226, 1227, 1242, 1254, 1281, 1291, 1299, 1322, 1331, 1340, 1357, 1389, 1410, 1426, 1428, 1444, 1486]
400: [41, 104, 105, 107, 154, 157, 169, 171, 179, 180, 212, 215, 238, 255, 281, 326, 380, 391, 399, 401, 402, 461, 509, 529, 532, 583, 603, 630, 642, 654, 663, 702, 795, 798, 820, 830, 844, 866, 884, 886, 898, 900, 908, 912, 949, 967, 977, 1014, 1037, 1135, 1140, 1179, 1204, 1226, 1243, 1276, 1288, 1312, 1330, 1333, 1363, 1413, 1454, 1459, 1469, 1492]
401: [17, 46, 49, 56, 96, 98, 109, 142, 143, 153, 158, 208, 221, 225, 248, 266, 273, 314, 357, 375, 398, 399, 400, 402, 414, 420, 430, 489, 490, 513, 559, 561, 599, 621, 650, 695, 712, 720, 726, 745, 841, 871, 897, 917, 924, 939, 946, 962, 982, 1015, 1027, 1038, 1054, 1056, 1087, 1135, 1137, 1147, 1167, 1174, 1175, 1191, 1224, 1245, 1257, 1281, 1340, 1372, 1382, 1413, 1428, 1463, 1476, 1494]
402: [27, 38, 59, 82, 84, 93, 110, 119, 141, 143, 147, 165, 179, 205, 282, 287, 306, 327, 341, 376, 392, 395, 400, 401, 403, 424, 449, 476, 492, 508, 540, 550, 554, 572, 614, 618, 625, 646, 724, 727, 735, 752, 767, 770, 820, 839, 858, 864, 883, 885, 895, 956, 972, 978, 993, 1004, 1031, 1094, 1099, 1125, 1128, 1152, 1157, 1208, 1246, 1254, 1269, 1273, 1295, 1313, 1315, 1350, 1366, 1397, 1399, 1411, 1418, 1494]
403: [18, 27, 36, 41, 52, 63, 76, 102, 103, 143, 167, 218, 243, 320, 331, 332, 340, 354, 402, 404, 431, 477, 483, 503, 533, 583, 602, 638, 653, 669, 694, 712, 719, 724, 759, 775, 787, 831, 869, 884, 888, 908, 921, 949, 954, 959, 998, 1031, 1072, 1083, 1095, 1107, 1141, 1160, 1166, 1187, 1217, 1267, 1269, 1293, 1296, 1302, 1305, 1353, 1374, 1386, 1392, 1425, 1426, 1447, 1449, 1453, 1455, 1463, 1483, 1485, 1496]
404: [28, 51, 54, 67, 85, 100, 109, 110, 119, 123, 134, 139, 174, 190, 217, 230, 249, 283, 328, 331, 357, 369, 403, 405, 414, 418, 432, 446, 464, 487, 514, 541, 562, 566, 583, 591, 595, 659, 681, 709, 727, 758, 839, 842, 863, 909, 948, 954, 969, 1069, 1112, 1120, 1154, 1159, 1208, 1217, 1225, 1281, 1335, 1373, 1382, 1408, 1445, 1461, 1480]
405: [54, 58, 65, 86, 87, 120, 145, 183, 185, 201, 252, 258, 267, 306, 318, 327, 361, 379, 396, 404, 406, 434, 509, 589, 599, 611, 614, 626, 629, 640, 644, 647, 661, 707, 713, 747, 774, 796, 852, 927, 934, 966, 968, 974, 979, 988, 995, 1027, 1057, 1082, 1083, 1096, 1109, 1164, 1182, 1206, 1215, 1242, 1253, 1256, 1291, 1315, 1342, 1360, 1368, 1373, 1383, 1435, 1450, 1459, 1486, 1489, 1495, 1499]
406: [19, 23, 50, 53, 61, 80, 96, 113, 114, 123, 129, 137, 156, 159, 179, 234, 240, 261, 280, 283, 338, 348, 370, 405, 407, 536, 547, 565, 584, 615, 669, 682, 691, 702, 748, 756, 760, 762, 769, 771, 783, 788, 807, 816, 821, 845, 850, 876, 890, 902, 930, 931, 935, 938, 944, 945, 957, 988, 1024, 1047, 1056, 1086, 1115, 1129, 1154, 1179, 1183, 1200, 1233, 1277, 1280, 1318, 1324, 1327, 1341, 1370, 1382, 1386, 1408, 1425, 1439, 1465]
407: [16, 20, 56, 99, 127, 128, 206, 263, 272, 277, 279, 346, 367, 381, 390, 395, 406, 408, 434, 439, 445, 468, 538, 570, 577, 589, 608, 640, 732, 741, 754, 770, 787, 791, 799, 816, 836, 858, 860, 898, 899, 964, 974, 990, 1015, 1019, 1020, 1042, 1059, 1060, 1074, 1080, 1088, 1144, 1165, 1170, 1177, 1208, 1216, 1238, 1242, 1262, 1279, 1285, 1291, 1298, 1308, 1322, 1324, 1349, 1361, 1376, 1383, 1385, 1390, 1424, 1425, 1449, 1461, 1467, 1469, 1474, 1482, 1491]
408: [108, 135, 136, 207, 212, 223, 226, 233, 247, 263, 275, 315, 328, 331, 358, 407, 409, 413, 456, 458, 502, 507, 508, 528, 529, 532, 550, 582, 587, 607, 673, 687, 696, 710, 713, 767, 804, 842, 864, 889, 891, 898, 910, 932, 967, 983, 991, 993, 1125, 1131, 1170, 1184, 1220, 1240, 1244, 1264, 1293, 1294, 1300, 1308, 1323, 1352, 1374, 1395, 1437, 1442, 1446, 1459, 1461, 1468, 1488]
409: [32, 90, 103, 142, 147, 207, 247, 272, 290, 296, 303, 306, 318, 339, 349, 373, 374, 408, 410, 426, 447, 486, 495, 570, 580, 583, 587, 602, 605, 612, 620, 636, 639, 733, 748, 753, 777, 787, 789, 810, 835, 890, 909, 968, 971, 981, 983, 1045, 1046, 1144, 1149, 1194, 1207, 1233, 1274, 1330, 1335, 1380, 1393, 1407, 1431, 1459, 1482, 1484, 1495]
410: [31, 37, 45, 57, 121, 128, 132, 134, 138, 143, 144, 164, 173, 180, 198, 214, 232, 242, 246, 252, 253, 262, 263, 269, 270, 273, 311, 341, 350, 363, 369, 380, 384, 409, 411, 447, 456, 470, 477, 495, 501, 553, 563, 574, 584, 614, 653, 702, 714, 817, 839, 879, 887, 941, 953, 986, 1034, 1046, 1062, 1076, 1081, 1145, 1183, 1238, 1256, 1276, 1317, 1347, 1361, 1364, 1407]
411: [20, 35, 46, 70, 86, 122, 134, 148, 152, 169, 176, 184, 211, 213, 234, 236, 248, 254, 320, 324, 331, 339, 340, 367, 390, 410, 412, 417, 444, 448, 471, 479, 503, 505, 517, 536, 537, 571, 577, 579, 612, 623, 656, 680, 682, 696, 705, 708, 727, 729, 925, 927, 957, 982, 998, 1015, 1017, 1030, 1036, 1047, 1063, 1078, 1135, 1153, 1154, 1172, 1217, 1234, 1245, 1286, 1288, 1291, 1292, 1315, 1332, 1343, 1383, 1386, 1424, 1446, 1475]
412: [73, 155, 163, 189, 234, 247, 289, 303, 321, 323, 335, 349, 391, 411, 413, 420, 426, 431, 439, 456, 477, 489, 499, 505, 518, 557, 573, 611, 640, 644, 722, 726, 743, 792, 800, 802, 879, 910, 915, 943, 969, 974, 997, 1025, 1037, 1049, 1064, 1067, 1129, 1153, 1178, 1191, 1207, 1245, 1286, 1293, 1324, 1371, 1381, 1387, 1402, 1440, 1476, 1477, 1489]
413: [31, 38, 44, 61, 64, 66, 67, 80, 84, 97, 103, 164, 176, 191, 200, 221, 227, 231, 259, 263, 270, 287, 321, 322, 325, 329, 333, 369, 408, 412, 414, 449, 481, 483, 526, 580, 629, 635, 700, 707, 749, 758, 850, 859, 862, 894, 903, 909, 923, 924, 954, 968, 981, 1025, 1110, 1118, 1161, 1163, 1171, 1188, 1261, 1300, 1329, 1352, 1454, 1470]
414: [20, 23, 38, 39, 46, 68, 74, 80, 96, 98, 100, 113, 121, 122, 124, 125, 134, 153, 214, 236, 240, 242, 252, 265, 266, 274, 294, 307, 341, 388, 401, 404, 413, 415, 470, 503, 509, 522, 547, 557, 559, 565, 577, 581, 582, 619, 669, 685, 700, 706, 728, 731, 751, 759, 778, 788, 790, 811, 824, 855, 857, 882, 888, 934, 937, 938, 974, 1004, 1023, 1072, 1123, 1126, 1166, 1195, 1201, 1218, 1220, 1244, 1327, 1340, 1354, 1368, 1375, 1395, 1435, 1488, 1493]
415: [26, 34, 39, 85, 91, 102, 107, 134, 142, 145, 148, 160, 162, 173, 176, 183, 186, 270, 368, 377, 414, 416, 424, 430, 500, 526, 529, 549, 557, 563, 567, 571, 596, 602, 626, 681, 684, 688, 698, 728, 812, 813, 831, 848, 849, 933, 975, 979, 1008, 1038, 1051, 1098, 1114, 1139, 1141, 1166, 1202, 1234, 1240, 1278, 1280, 1305, 1368, 1381, 1384, 1393, 1409, 1450]
416: [37, 49, 101, 107, 114, 117, 182, 191, 220, 278, 312, 324, 345, 346, 373, 389, 415, 417, 436, 445, 452, 461, 471, 520, 585, 629, 644, 657, 679, 732, 757, 802, 813, 842, 944, 950, 980, 987, 1001, 1046, 1068, 1103, 1112, 1144, 1157, 1185, 1222, 1250, 1275, 1286, 1310, 1330, 1377, 1381, 1484]
417: [61, 67, 73, 84, 102, 137, 145, 159, 215, 268, 273, 275, 290, 335, 346, 352, 395, 411, 416, 418, 419, 427, 435, 458, 469, 510, 522, 525, 599, 605, 609, 661, 693, 749, 751, 827, 834, 840, 845, 846, 877, 879, 881, 901, 905, 1021, 1036, 1055, 1063, 1064, 1069, 1104, 1106, 1139, 1140, 1141, 1158, 1159, 1192, 1240, 1242, 1256, 1274, 1276, 1295, 1296, 1307, 1317, 1324, 1334, 1353, 1375, 1379, 1397, 1419, 1440, 1447, 1492]
418: [26, 47, 81, 97, 100, 122, 148, 155, 159, 165, 187, 243, 246, 286, 318, 335, 366, 404, 417, 419, 422, 427, 448, 450, 474, 504, 523, 550, 571, 600, 635, 642, 688, 710, 720, 756, 774, 795, 843, 859, 867, 886, 895, 927, 971, 985, 990, 999, 1042, 1045, 1057, 1069, 1087, 1088, 1115, 1148, 1171, 1193, 1197, 1255, 1284, 1290, 1301, 1310, 1358, 1398, 1430, 1441, 1471, 1495]
419: [16, 19, 63, 91, 95, 123, 124, 172, 264, 296, 298, 327, 360, 363, 365, 370, 375, 395, 397, 399, 417, 418, 420, 421, 463, 527, 562, 626, 630, 632, 645, 653, 660, 674, 686, 691, 694, 698, 706, 715, 738, 745, 750, 806, 855, 886, 902, 905, 908, 916, 940, 943, 945, 967, 987, 1012, 1048, 1073, 1101, 1128, 1130, 1137, 1144, 1173, 1199, 1209, 1211, 1225, 1229, 1234, 1265, 1266, 1272, 1298, 1310, 1313, 1324, 1410, 1416, 1425, 1426, 1428, 1461, 1465, 1468, 1473, 1498]
420: [14, 15, 16, 21, 39, 51, 53, 64, 84, 99, 109, 114, 155, 182, 191, 202, 222, 229, 230, 241, 257, 262, 268, 321, 350, 355, 381, 389, 399, 401, 412, 419, 421, 426, 432, 441, 466, 496, 511, 523, 524, 556, 565, 567, 572, 661, 714, 720, 769, 791, 827, 841, 858, 903, 913, 961, 964, 981, 990, 993, 995, 1000, 1004, 1042, 1063, 1072, 1076, 1089, 1129, 1140, 1181, 1223, 1226, 1239, 1257, 1260, 1276, 1277, 1282, 1307, 1322, 1332, 1348, 1365, 1367, 1371, 1379, 1391, 1395, 1403, 1453]
421: [25, 71, 134, 139, 170, 188, 233, 238, 243, 257, 282, 312, 346, 397, 419, 420, 422, 432, 474, 498, 529, 531, 532, 542, 559, 574, 582, 616, 642, 667, 673, 684, 709, 711, 733, 745, 755, 819, 832, 861, 935, 994, 1040, 1050, 1061, 1072, 1137, 1139, 1144, 1153, 1157, 1164, 1165, 1170, 1193, 1201, 1233, 1306, 1338, 1385, 1386, 1421, 1428, 1434, 1447, 1451, 1464, 1472, 1497]
422: [15, 55, 120, 132, 137, 143, 156, 157, 186, 187, 205, 311, 324, 331, 347, 387, 418, 421, 423, 450, 518, 523, 531, 544, 558, 569, 603, 640, 641, 660, 669, 688, 692, 710, 724, 730, 774, 874, 892, 898, 944, 950, 954, 982, 990, 994, 1021, 1030, 1063, 1087, 1093, 1102, 1104, 1120, 1126, 1192, 1194, 1213, 1261, 1273, 1277, 1298, 1305, 1344, 1362, 1385, 1419, 1421, 1438, 1470, 1495]
423: [52, 75, 91, 95, 109, 110, 127, 166, 168, 176, 188, 193, 194, 205, 236, 240, 266, 267, 313, 318, 422, 424, 433, 460, 466, 483, 497, 502, 519, 552, 557, 599, 620, 626, 630, 657, 681, 695, 722, 733, 740, 759, 812, 816, 818, 828, 838, 853, 884, 887, 888, 959, 983, 1014, 1028, 1030, 1048, 1050, 1071, 1105, 1147, 1160, 1183, 1247, 1297, 1299, 1306, 1338, 1351, 1353, 1395, 1396, 1417, 1442, 1450, 1489, 1492, 1497, 1498]
424: [21, 24, 25, 39, 40, 56, 97, 140, 151, 168, 171, 203, 211, 212, 278, 287, 294, 297, 309, 328, 330, 341, 376, 402, 415, 423, 425, 440, 444, 447, 469, 473, 475, 500, 522, 523, 541, 543, 547, 562, 572, 625, 632, 700, 710, 725, 745, 763, 789, 798, 807, 823, 825, 835, 846, 895, 922, 926, 950, 954, 982, 983, 991, 1009, 1017, 1029, 1058, 1071, 1083, 1088, 1135, 1145, 1153, 1173, 1189, 1203, 1214, 1218, 1226, 1330, 1376, 1382, 1391, 1401, 1407, 1412, 1419, 1425, 1428, 1461, 1469, 1470, 1479, 1490, 1496]
425: [37, 42, 55, 86, 87, 92, 123, 135, 143, 149, 169, 175, 194, 199, 206, 212, 218, 226, 261, 349, 352, 424, 426, 428, 435, 455, 458, 461, 478, 480, 501, 544, 565, 567, 578, 593, 659, 660, 686, 690, 697, 719, 735, 736, 738, 745, 764, 800, 813, 818, 841, 860, 882, 904, 914, 924, 938, 1045, 1057, 1095, 1097, 1098, 1123, 1160, 1162, 1163, 1172, 1223, 1242, 1254, 1269, 1278, 1307, 1335, 1347, 1413, 1415, 1433, 1442, 1487, 1489]
426: [38, 48, 116, 118, 131, 162, 166, 175, 202, 218, 224, 307, 318, 326, 347, 348, 366, 373, 376, 383, 398, 409, 412, 420, 425, 427, 452, 540, 564, 579, 588, 604, 610, 630, 646, 669, 691, 730, 749, 771, 779, 784, 799, 803, 815, 817, 831, 842, 866, 878, 886, 894, 903, 905, 906, 914, 920, 922, 953, 975, 982, 985, 1031, 1042, 1071, 1076, 1077, 1096, 1123, 1135, 1138, 1177, 1199, 1209, 1215, 1229, 1234, 1246, 1300, 1303, 1350, 1372, 1387, 1390, 1400, 1417, 1494]
427: [17, 21, 36, 58, 90, 97, 102, 110, 111, 129, 136, 146, 155, 165, 181, 187, 194, 209, 218, 252, 254, 279, 301, 343, 352, 356, 376, 396, 397, 417, 418, 426, 428, 453, 454, 470, 476, 485, 486, 507, 531, 592, 619, 676, 686, 702, 705, 730, 738, 779, 796, 827, 835, 880, 881, 903, 1049, 1057, 1072, 1080, 1095, 1103, 1111, 1135, 1136, 1157, 1161, 1176, 1207, 1225, 1237, 1316, 1342, 1343, 1360, 1392, 1418, 1426, 1430, 1445, 1452, 1470, 1494]
428: [26, 36, 103, 119, 221, 248, 249, 275, 309, 311, 321, 359, 383, 425, 427, 429, 435, 438, 458, 489, 510, 514, 543, 553, 569, 584, 608, 611, 656, 663, 681, 687, 689, 714, 741, 748, 769, 781, 792, 802, 817, 818, 833, 868, 893, 927, 941, 953, 976, 997, 1019, 1042, 1072, 1086, 1169, 1212, 1233, 1251, 1253, 1275, 1287, 1292, 1298, 1332, 1361, 1364, 1387, 1411, 1444, 1449, 1452, 1454, 1466, 1483, 1485, 1491]
429: [30, 40, 76, 136, 147, 156, 159, 165, 210, 211, 224, 230, 263, 293, 295, 301, 312, 315, 325, 340, 349, 390, 399, 428, 430, 489, 524, 534, 537, 598, 600, 604, 626, 655, 662, 670, 689, 713, 723, 740, 741, 753, 755, 771, 837, 844, 884, 929, 934, 945, 962, 968, 989, 999, 1008, 1022, 1026, 1027, 1028, 1039, 1070, 1078, 1083, 1086, 1105, 1144, 1167, 1192, 1216, 1234, 1265, 1267, 1272, 1281, 1374, 1410, 1417, 1452, 1472, 1473]
430: [18, 45, 65, 79, 105, 120, 133, 145, 162, 166, 177, 187, 191, 202, 203, 205, 213, 216, 252, 281, 293, 296, 311, 317, 336, 366, 401, 415, 429, 431, 452, 489, 507, 536, 539, 572, 580, 610, 618, 657, 660, 668, 704, 707, 708, 718, 720, 732, 770, 804, 808, 828, 866, 867, 899, 906, 966, 969, 978, 996, 1018, 1040, 1059, 1070, 1083, 1096, 1098, 1157, 1161, 1167, 1235, 1275, 1291, 1327, 1363, 1395, 1426, 1436, 1440, 1448, 1466, 1474]
431: [38, 48, 52, 59, 83, 119, 134, 223, 224, 236, 264, 281, 296, 322, 326, 327, 337, 340, 342, 349, 352, 369, 372, 394, 403, 412, 430, 432, 440, 463, 495, 513, 569, 581, 636, 648, 649, 662, 684, 731, 737, 738, 739, 778, 788, 793, 796, 810, 831, 889, 891, 910, 916, 937, 948, 992, 997, 1021, 1024, 1033, 1039, 1063, 1095, 1107, 1110, 1137, 1142, 1221, 1242, 1252, 1263, 1288, 1294, 1326, 1344, 1358, 1368, 1408, 1420, 1438, 1440, 1485, 1490, 1491]
432: [28, 35, 48, 62, 72, 85, 101, 110, 130, 154, 192, 206, 214, 217, 225, 229, 236, 289, 316, 325, 331, 366, 404, 420, 421, 431, 433, 453, 475, 506, 508, 549, 590, 592, 599, 615, 622, 629, 662, 683, 685, 708, 710, 716, 739, 745, 767, 779, 780, 807, 825, 826, 829, 831, 834, 845, 875, 883, 887, 912, 929, 938, 978, 1017, 1054, 1069, 1072, 1078, 1092, 1108, 1144, 1155, 1207, 1286, 1313, 1322, 1328, 1380, 1431, 1437]
433: [25, 49, 50, 56, 69, 115, 120, 125, 131, 171, 187, 214, 255, 321, 338, 343, 384, 423, 432, 434, 473, 507, 533, 539, 556, 577, 598, 612, 640, 664, 684, 806, 811, 827, 830, 857, 861, 868, 890, 911, 923, 938, 953, 971, 993, 999, 1005, 1044, 1067, 1105, 1106, 1121, 1153, 1164, 1188, 1189, 1206, 1227, 1249, 1252, 1261, 1271, 1274, 1290, 1298, 1307, 1356, 1398, 1407, 1410, 1426, 1471, 1475, 1481]
434: [49, 55, 88, 121, 134, 135, 182, 183, 191, 195, 219, 253, 267, 282, 286, 318, 370, 387, 392, 405, 407, 433, 435, 462, 470, 482, 483, 505, 510, 518, 569, 572, 577, 647, 663, 672, 674, 676, 680, 719, 726, 752, 796, 799, 837, 840, 877, 884, 927, 932, 993, 1018, 1019, 1027, 1030, 1110, 1127, 1143, 1174, 1200, 1210, 1238, 1300, 1306, 1328, 1383, 1387, 1404, 1444, 1455, 1470]
435: [61, 72, 87, 126, 131, 158, 216, 273, 291, 310, 378, 382, 384, 417, 425, 428, 434, 436, 439, 472, 473, 494, 579, 594, 604, 622, 625, 688, 717, 730, 736, 747, 751, 773, 777, 778, 796, 822, 827, 837, 870, 891, 895, 899, 941, 946, 952, 965, 1015, 1044, 1061, 1086, 1090, 1110, 1115, 1124, 1171, 1185, 1194, 1195, 1231, 1234, 1258, 1280, 1293, 1300, 1356, 1366, 1377, 1401, 1414, 1443, 1454, 1462, 1476, 1499]
436: [18, 20, 43, 61, 66, 69, 75, 80, 81, 86, 101, 104, 117, 118, 144, 185, 186, 187, 224, 282, 290, 297, 312, 342, 343, 359, 392, 416, 435, 437, 438, 504, 522, 523, 528, 542, 555, 573, 585, 644, 679, 682, 739, 742, 761, 767, 776, 786, 808, 818, 840, 845, 852, 854, 894, 895, 928, 935, 993, 1001, 1002, 1016, 1033, 1039, 1052, 1080, 1097, 1120, 1122, 1129, 1153, 1212, 1267, 1302, 1305, 1376, 1383, 1397, 1416, 1457, 1465, 1487]
437: [32, 38, 58, 60, 82, 106, 137, 150, 199, 216, 244, 249, 267, 279, 281, 288, 336, 339, 350, 351, 367, 388, 436, 438, 466, 510, 535, 558, 581, 590, 595, 597, 625, 630, 673, 682, 715, 755, 762, 798, 814, 833, 886, 915, 926, 928, 933, 957, 961, 966, 989, 992, 1001, 1012, 1018, 1023, 1098, 1121, 1140, 1158, 1164, 1176, 1179, 1208, 1218, 1230, 1237, 1283, 1307, 1310, 1333, 1458, 1486, 1497]
438: [24, 42, 52, 71, 77, 94, 107, 122, 140, 191, 211, 225, 240, 244, 271, 299, 310, 355, 374, 428, 436, 437, 439, 480, 505, 519, 530, 546, 552, 555, 573, 660, 681, 688, 689, 700, 704, 710, 735, 761, 773, 804, 805, 813, 855, 857, 886, 894, 905, 985, 996, 1000, 1030, 1042, 1050, 1085, 1087, 1095, 1135, 1139, 1161, 1183, 1217, 1260, 1280, 1312, 1351, 1380, 1392, 1400, 1419, 1424, 1428, 1434, 1443, 1470, 1474, 1489, 1492]
439: [31, 64, 74, 90, 101, 133, 157, 167, 186, 200, 205, 208, 218, 230, 276, 281, 297, 301, 303, 310, 311, 325, 345, 347, 355, 358, 359, 363, 377, 378, 396, 407, 412, 435, 438, 440, 444, 455, 511, 537, 660, 669, 696, 747, 762, 763, 766, 768, 817, 834, 848, 901, 926, 950, 958, 996, 1001, 1010, 1022, 1025, 1032, 1041, 1088, 1113, 1122, 1125, 1126, 1130, 1135, 1160, 1174, 1179, 1191, 1199, 1213, 1223, 1228, 1259, 1270, 1310, 1325, 1326, 1351, 1355, 1358, 1360, 1389, 1408, 1435, 1450, 1484, 1492, 1494]
440: [16, 28, 44, 59, 60, 109, 124, 135, 168, 187, 221, 233, 243, 292, 295, 347, 348, 360, 424, 431, 439, 441, 447, 450, 470, 475, 548, 552, 568, 577, 602, 639, 665, 697, 701, 705, 717, 718, 726, 727, 760, 768, 771, 773, 798, 809, 814, 846, 850, 854, 869, 942, 971, 982, 993, 1003, 1035, 1079, 1112, 1119, 1129, 1165, 1203, 1218, 1234, 1240, 1250, 1259, 1271, 1275, 1289, 1303, 1325, 1349, 1365, 1372, 1380, 1416, 1418, 1426, 1439, 1488]
441: [48, 58, 62, 85, 91, 99, 109, 115, 127, 148, 182, 202, 232, 237, 249, 263, 282, 287, 305, 306, 311, 331, 367, 380, 420, 440, 442, 487, 514, 541, 543, 550, 562, 578, 579, 592, 598, 612, 633, 639, 654, 740, 767, 818, 833, 836, 851, 879, 889, 893, 901, 926, 939, 944, 996, 999, 1067, 1087, 1111, 1117, 1124, 1134, 1171, 1176, 1198, 1215, 1253, 1257, 1268, 1289, 1318, 1328, 1331, 1336, 1404, 1433, 1435, 1460, 1468]
442: [19, 20, 27, 33, 39, 46, 166, 211, 225, 243, 254, 288, 311, 336, 346, 355, 363, 399, 441, 443, 453, 528, 588, 655, 663, 720, 759, 765, 773, 783, 799, 801, 820, 867, 870, 896, 898, 900, 923, 930, 941, 992, 1042, 1050, 1056, 1078, 1091, 1109, 1125, 1166, 1167, 1171, 1174, 1197, 1207, 1216, 1230, 1252, 1268, 1283, 1370, 1381, 1392, 1412, 1448, 1463, 1473, 1474]
443: [17, 23, 43, 50, 53, 54, 98, 111, 113, 140, 153, 237, 328, 340, 364, 368, 373, 374, 388, 442, 444, 468, 495, 499, 502, 503, 508, 516, 532, 533, 545, 564, 574, 591, 596, 611, 618, 624, 632, 657, 663, 695, 711, 714, 733, 742, 745, 754, 770, 804, 806, 893, 894, 925, 942, 950, 966, 968, 987, 997, 1003, 1042, 1044, 1061, 1064, 1098, 1107, 1128, 1143, 1179, 1196, 1241, 1266, 1273, 1369, 1420, 1457, 1471]
444: [20, 53, 120, 143, 229, 242, 254, 262, 267, 281, 283, 309, 339, 347, 349, 378, 389, 411, 424, 439, 443, 445, 452, 456, 484, 491, 496, 507, 515, 533, 534, 556, 571, 599, 601, 608, 612, 613, 621, 643, 644, 658, 727, 740, 781, 815, 816, 823, 873, 879, 899, 947, 968, 994, 1007, 1010, 1025, 1080, 1089, 1117, 1138, 1199, 1236, 1246, 1265, 1272, 1312, 1321, 1342, 1358, 1453, 1456, 1476, 1477, 1489]
445: [23, 47, 79, 91, 98, 123, 150, 183, 196, 200, 226, 270, 291, 299, 300, 328, 351, 385, 407, 416, 444, 446, 447, 459, 472, 492, 497, 543, 554, 557, 569, 571, 582, 619, 646, 666, 676, 688, 700, 701, 709, 710, 767, 785, 803, 811, 815, 820, 823, 844, 867, 876, 887, 906, 934, 967, 972, 983, 1000, 1010, 1023, 1058, 1077, 1109, 1122, 1158, 1165, 1182, 1183, 1190, 1196, 1249, 1251, 1260, 1285, 1294, 1296, 1305, 1333, 1348, 1380, 1383, 1416, 1437, 1490, 1493]
446: [52, 55, 65, 81, 101, 113, 170, 177, 209, 218, 225, 251, 282, 302, 309, 324, 335, 342, 380, 393, 399, 404, 445, 447, 455, 479, 503, 521, 538, 544, 563, 574, 579, 656, 658, 669, 671, 698, 702, 714, 765, 768, 769, 785, 854, 878, 901, 918, 926, 930, 964, 978, 991, 996, 1000, 1018, 1028, 1130, 1132, 1149, 1153, 1184, 1297, 1308, 1343, 1373, 1382, 1429, 1431, 1454, 1456, 1461, 1493, 1498]
447: [89, 111, 112, 139, 151, 173, 200, 221, 224, 259, 280, 300, 303, 313, 314, 339, 340, 375, 395, 409, 410, 424, 440, 445, 446, 448, 453, 492, 500, 516, 523, 543, 574, 582, 596, 674, 676, 678, 691, 722, 742, 786, 806, 874, 884, 905, 919, 923, 934, 967, 970, 976, 981, 994, 997, 1014, 1022, 1035, 1060, 1087, 1099, 1166, 1190, 1256, 1296, 1302, 1341, 1348, 1373, 1416, 1478]
448: [22, 24, 57, 90, 103, 131, 142, 146, 153, 198, 211, 263, 267, 288, 293, 301, 324, 329, 355, 378, 385, 387, 392, 411, 418, 447, 449, 472, 494, 501, 542, 568, 576, 615, 648, 652, 655, 662, 686, 687, 732, 734, 737, 739, 752, 759, 787, 798, 799, 845, 873, 875, 899, 911, 921, 929, 930, 932, 937, 972, 995, 1004, 1020, 1025, 1026, 1035, 1036, 1042, 1104, 1152, 1173, 1187, 1206, 1215, 1225, 1230, 1285, 1289, 1291, 1308, 1326, 1332, 1335, 1358, 1369, 1389, 1426, 1444, 1451, 1490]
449: [15, 49, 102, 110, 128, 139, 151, 154, 161, 180, 204, 235, 284, 343, 345, 402, 413, 448, 450, 455, 466, 476, 477, 521, 549, 579, 587, 601, 603, 610, 635, 644, 673, 696, 701, 718, 749, 755, 758, 763, 781, 798, 799, 837, 850, 875, 883, 915, 928, 974, 990, 1004, 1007, 1031, 1053, 1070, 1072, 1086, 1099, 1148, 1168, 1183, 1266, 1299, 1312, 1317, 1326, 1342, 1388, 1424, 1452, 1482, 1489, 1492]
450: [19, 33, 76, 88, 89, 115, 141, 187, 203, 207, 256, 266, 269, 326, 334, 342, 363, 383, 418, 422, 440, 449, 451, 457, 520, 530, 540, 543, 549, 557, 564, 573, 587, 589, 593, 603, 605, 620, 640, 641, 652, 664, 677, 725, 739, 742, 744, 762, 797, 806, 834, 926, 929, 952, 953, 970, 977, 985, 1009, 1011, 1031, 1045, 1046, 1073, 1103, 1131, 1143, 1175, 1185, 1227, 1263, 1287, 1320, 1340, 1341, 1390, 1449, 1468]
451: [20, 24, 53, 63, 88, 91, 106, 120, 124, 135, 146, 148, 174, 205, 210, 222, 230, 234, 238, 273, 291, 298, 450, 452, 458, 465, 474, 489, 499, 501, 515, 537, 542, 576, 643, 646, 659, 675, 691, 705, 713, 723, 735, 756, 758, 779, 826, 883, 903, 915, 922, 936, 941, 951, 985, 991, 1017, 1020, 1027, 1059, 1066, 1076, 1077, 1081, 1102, 1150, 1165, 1208, 1223, 1254, 1264, 1275, 1284, 1287, 1314, 1371, 1380, 1400, 1426, 1435, 1485]
452: [20, 35, 37, 106, 107, 111, 140, 147, 148, 149, 235, 270, 271, 291, 317, 323, 359, 367, 416, 426, 430, 444, 451, 453, 466, 479, 488, 496, 503, 504, 516, 530, 563, 576, 581, 591, 603, 638, 641, 675, 680, 698, 716, 722, 728, 760, 763, 770, 800, 845, 867, 891, 895, 899, 911, 977, 986, 988, 1068, 1075, 1078, 1079, 1104, 1124, 1159, 1169, 1187, 1217, 1220, 1252, 1292, 1308, 1318, 1365, 1392, 1399, 1409, 1414, 1417, 1442, 1470, 1474]
453: [19, 22, 42, 71, 103, 110, 154, 187, 200, 205, 254, 267, 281, 289, 318, 339, 341, 356, 369, 373, 391, 427, 432, 442, 447, 452, 454, 466, 497, 545, 548, 578, 591, 629, 638, 704, 707, 713, 717, 721, 722, 733, 781, 783, 821, 828, 837, 847, 857, 859, 885, 895, 901, 902, 907, 930, 939, 948, 958, 964, 969, 995, 1036, 1047, 1068, 1106, 1115, 1122, 1169, 1177, 1229, 1247, 1259, 1263, 1269, 1288, 1297, 1315, 1317, 1375, 1378, 1394, 1408]
454: [23, 49, 54, 64, 65, 86, 123, 124, 147, 165, 167, 172, 174, 195, 205, 252, 270, 278, 309, 332, 336, 347, 386, 387, 390, 427, 453, 455, 466, 480, 510, 513, 524, 538, 563, 575, 593, 634, 641, 656, 666, 667, 693, 709, 741, 742, 778, 779, 814, 859, 887, 902, 911, 922, 1002, 1025, 1043, 1061, 1138, 1200, 1211, 1236, 1258, 1272, 1286, 1304, 1307, 1344, 1354, 1410, 1425, 1427, 1436, 1471, 1480, 1489, 1492]
455: [72, 81, 89, 106, 132, 145, 147, 149, 165, 222, 241, 243, 268, 341, 381, 385, 397, 425, 439, 446, 449, 454, 456, 533, 563, 591, 601, 612, 622, 650, 683, 721, 756, 776, 796, 800, 819, 821, 827, 840, 844, 893, 915, 960, 962, 1003, 1005, 1010, 1029, 1042, 1055, 1056, 1066, 1119, 1126, 1169, 1172, 1184, 1193, 1226, 1235, 1241, 1257, 1272, 1334, 1360, 1369, 1371, 1384, 1393, 1411, 1441, 1467]
456: [21, 43, 73, 108, 135, 159, 167, 174, 221, 261, 341, 353, 368, 383, 408, 410, 412, 444, 455, 457, 460, 472, 489, 500, 502, 504, 515, 518, 524, 525, 534, 543, 602, 608, 662, 672, 676, 682, 683, 686, 717, 739, 758, 767, 772, 795, 806, 877, 889, 890, 901, 908, 913, 917, 995, 1024, 1031, 1043, 1050, 1065, 1136, 1155, 1201, 1231, 1239, 1253, 1286, 1301, 1310, 1333, 1339, 1342, 1348, 1349, 1353, 1361, 1378, 1411, 1455, 1464, 1495]
457: [49, 52, 84, 107, 140, 144, 162, 180, 181, 183, 207, 216, 265, 270, 273, 286, 290, 334, 337, 361, 392, 450, 456, 458, 472, 491, 508, 510, 517, 527, 545, 546, 557, 559, 569, 578, 585, 588, 622, 624, 682, 689, 694, 704, 717, 735, 746, 756, 770, 790, 791, 806, 812, 857, 880, 882, 883, 888, 899, 901, 954, 956, 961, 962, 964, 973, 1011, 1049, 1069, 1142, 1171, 1191, 1217, 1220, 1225, 1246, 1279, 1286, 1287, 1295, 1330, 1344, 1347, 1376, 1377, 1395, 1430, 1473, 1481, 1490]
458: [25, 37, 59, 81, 98, 100, 124, 125, 171, 195, 218, 260, 262, 301, 309, 319, 332, 338, 373, 383, 387, 394, 408, 417, 425, 428, 451, 457, 459, 496, 505, 512, 514, 517, 531, 553, 561, 631, 636, 654, 669, 673, 676, 681, 686, 692, 701, 705, 735, 751, 818, 820, 841, 851, 898, 943, 945, 946, 957, 965, 994, 1010, 1062, 1064, 1068, 1070, 1083, 1091, 1106, 1142, 1144, 1151, 1183, 1187, 1210, 1214, 1228, 1271, 1312, 1377, 1385, 1397, 1400, 1423, 1448, 1453, 1456, 1461, 1465, 1476]
459: [41, 50, 106, 115, 191, 211, 215, 222, 253, 254, 308, 328, 332, 334, 341, 396, 445, 458, 460, 488, 490, 521, 536, 547, 574, 580, 604, 621, 651, 655, 672, 679, 721, 727, 730, 833, 885, 907, 934, 938, 979, 999, 1043, 1053, 1082, 1139, 1161, 1183, 1215, 1231, 1240, 1253, 1274, 1316, 1363, 1367, 1418, 1426]
460: [46, 85, 103, 116, 117, 132, 134, 138, 171, 193, 209, 210, 211, 229, 233, 262, 265, 299, 320, 363, 367, 385, 390, 423, 456, 459, 461, 463, 467, 489, 532, 542, 563, 566, 627, 732, 745, 768, 781, 826, 874, 882, 887, 896, 922, 951, 987, 993, 1060, 1061, 1086, 1129, 1146, 1198, 1221, 1222, 1246, 1284, 1299, 1314, 1332, 1340, 1359, 1366, 1369, 1415, 1416, 1431, 1441]
461: [62, 65, 109, 124, 131, 183, 232, 239, 289, 315, 360, 400, 416, 425, 460, 462, 479, 504, 506, 516, 520, 552, 611, 648, 675, 720, 746, 756, 760, 768, 796, 828, 833, 835, 839, 864, 869, 885, 898, 900, 942, 1030, 1031, 1051, 1111, 1132, 1142, 1147, 1166, 1204, 1227, 1236, 1239, 1240, 1257, 1284, 1311, 1320, 1321, 1324, 1331, 1344, 1361, 1364, 1408, 1461, 1469, 1478]
462: [20, 41, 78, 90, 102, 145, 178, 182, 191, 251, 254, 260, 272, 281, 310, 326, 335, 351, 388, 434, 461, 463, 470, 480, 499, 508, 539, 571, 621, 674, 693, 694, 715, 738, 801, 854, 879, 884, 888, 891, 892, 893, 934, 950, 976, 1054, 1106, 1114, 1117, 1135, 1145, 1152, 1153, 1185, 1195, 1214, 1247, 1281, 1315, 1328, 1336, 1339, 1355, 1359, 1374, 1386, 1425, 1427, 1432, 1458, 1480, 1492]
463: [76, 85, 89, 92, 93, 95, 102, 112, 143, 181, 216, 251, 256, 292, 322, 332, 358, 359, 365, 390, 419, 431, 460, 462, 464, 471, 472, 481, 487, 520, 524, 530, 541, 552, 570, 574, 581, 600, 612, 626, 630, 699, 725, 782, 791, 829, 870, 937, 961, 1015, 1082, 1099, 1100, 1104, 1118, 1126, 1181, 1204, 1273, 1293, 1320, 1321, 1362, 1374, 1399, 1409, 1429, 1430, 1457, 1465, 1466, 1475]
464: [14, 16, 45, 53, 65, 97, 100, 132, 141, 154, 185, 262, 333, 353, 362, 371, 377, 404, 463, 465, 516, 519, 626, 663, 665, 677, 679, 692, 760, 771, 774, 834, 868, 872, 882, 886, 887, 896, 909, 921, 990, 1019, 1021, 1024, 1059, 1118, 1122, 1125, 1126, 1157, 1271, 1278, 1286, 1288, 1298, 1307, 1328, 1342, 1368, 1415, 1416, 1435, 1436, 1453, 1455, 1490, 1495]
465: [25, 35, 60, 67, 70, 75, 85, 90, 97, 142, 152, 155, 173, 178, 179, 189, 245, 254, 312, 323, 334, 349, 367, 451, 464, 466, 518, 523, 525, 530, 580, 591, 610, 626, 636, 651, 663, 669, 673, 678, 685, 692, 709, 716, 739, 740, 746, 750, 761, 774, 799, 839, 845, 847, 860, 864, 874, 878, 889, 891, 895, 896, 901, 915, 979, 985, 1003, 1008, 1037, 1040, 1049, 1081, 1085, 1105, 1106, 1123, 1162, 1176, 1236, 1249, 1258, 1306, 1312, 1321, 1343, 1345, 1398, 1417, 1420, 1421, 1460, 1471, 1478, 1491]
466: [41, 57, 78, 85, 100, 120, 140, 175, 201, 235, 261, 266, 293, 296, 372, 373, 377, 386, 420, 423, 437, 449, 452, 453, 454, 465, 467, 484, 486, 488, 493, 501, 518, 539, 541, 552, 585, 635, 682, 688, 698, 699, 715, 738, 739, 740, 747, 761, 763, 787, 794, 831, 833, 861, 886, 925, 944, 945, 964, 966, 977, 990, 998, 1032, 1048, 1067, 1119, 1122, 1125, 1141, 1149, 1172, 1208, 1271, 1299, 1318, 1338, 1361, 1392, 1471, 1486]
467: [14, 45, 52, 74, 100, 113, 116, 118, 132, 225, 237, 271, 272, 283, 286, 289, 292, 335, 360, 368, 399, 460, 466, 468, 564, 565, 571, 580, 581, 593, 618, 627, 656, 713, 719, 722, 733, 736, 776, 808, 815, 870, 872, 873, 881, 904, 919, 931, 948, 963, 991, 1001, 1003, 1017, 1024, 1028, 1032, 1115, 1132, 1178, 1205, 1231, 1232, 1235, 1249, 1269, 1272, 1340, 1412, 1424, 1460, 1464, 1477, 1481, 1484, 1488, 1489]
468: [25, 96, 100, 132, 144, 157, 203, 207, 208, 213, 216, 217, 227, 233, 236, 252, 278, 292, 302, 315, 348, 357, 407, 443, 467, 469, 481, 486, 527, 528, 560, 593, 610, 629, 655, 676, 687, 704, 726, 746, 747, 807, 873, 902, 903, 913, 924, 930, 947, 981, 1023, 1043, 1047, 1054, 1064, 1078, 1090, 1094, 1097, 1121, 1129, 1138, 1165, 1169, 1186, 1233, 1235, 1269, 1270, 1285, 1300, 1323, 1341, 1346, 1365, 1379, 1404, 1435, 1458, 1477]
469: [72, 78, 107, 125, 143, 157, 191, 210, 215, 238, 270, 298, 306, 317, 331, 349, 417, 424, 468, 470, 476, 481, 490, 530, 588, 591, 618, 652, 703, 775, 811, 819, 844, 906, 966, 1011, 1061, 1063, 1082, 1103, 1123, 1155, 1181, 1189, 1209, 1211, 1220, 1234, 1239, 1245, 1277, 1296, 1347, 1398, 1411, 1419, 1423, 1448, 1475, 1477, 1481, 1496]
470: [45, 46, 53, 95, 101, 152, 171, 175, 176, 211, 231, 239, 295, 320, 337, 356, 385, 410, 414, 427, 434, 440, 462, 469, 471, 511, 530, 601, 619, 642, 648, 675, 681, 699, 779, 804, 817, 825, 859, 862, 865, 879, 881, 882, 898, 912, 952, 969, 983, 988, 996, 1007, 1044, 1071, 1114, 1128, 1137, 1141, 1152, 1165, 1213, 1230, 1238, 1244, 1250, 1259, 1266, 1270, 1279, 1286, 1304, 1308, 1313, 1348, 1380, 1385, 1408, 1423, 1428, 1433, 1443, 1445, 1449, 1468, 1478, 1488]
471: [31, 46, 54, 71, 76, 79, 90, 103, 115, 121, 135, 164, 192, 194, 238, 256, 261, 297, 315, 367, 370, 373, 411, 416, 463, 470, 472, 475, 497, 520, 523, 599, 602, 604, 623, 647, 648, 674, 690, 710, 739, 743, 830, 832, 856, 872, 927, 931, 955, 1004, 1010, 1036, 1044, 1064, 1065, 1083, 1096, 1106, 1114, 1126, 1141, 1144, 1170, 1174, 1188, 1200, 1205, 1227, 1246, 1254, 1259, 1292, 1414, 1446, 1486, 1494]
472: [43, 66, 90, 103, 119, 123, 131, 138, 143, 164, 181, 191, 195, 199, 217, 218, 220, 236, 265, 307, 316, 323, 393, 435, 445, 448, 456, 457, 463, 471, 473, 479, 489, 506, 597, 601, 602, 634, 651, 662, 666, 675, 724, 729, 740, 749, 765, 773, 831, 894, 904, 933, 941, 950, 957, 968, 978, 1014, 1057, 1061, 1071, 1080, 1158, 1226, 1227, 1237, 1246, 1265, 1273, 1284, 1300, 1328, 1333, 1343, 1365, 1379, 1380, 1383, 1395, 1459]
473: [83, 126, 129, 169, 206, 223, 254, 288, 291, 328, 330, 336, 339, 360, 368, 387, 424, 433, 435, 472, 474, 492, 518, 526, 547, 582, 596, 617, 640, 674, 730, 805, 814, 816, 832, 834, 854, 892, 978, 979, 1020, 1038, 1075, 1115, 1120, 1135, 1167, 1178, 1200, 1222, 1228, 1248, 1251, 1260, 1274, 1293, 1298, 1319, 1333, 1356, 1401, 1406, 1451, 1454, 1464, 1490, 1494, 1498]
474: [27, 29, 50, 51, 61, 71, 139, 144, 157, 158, 161, 168, 205, 275, 283, 287, 302, 307, 316, 344, 351, 369, 418, 421, 451, 473, 475, 478, 531, 540, 542, 550, 566, 588, 589, 590, 607, 631, 654, 660, 671, 712, 718, 726, 761, 779, 800, 817, 819, 843, 849, 871, 891, 896, 900, 915, 930, 956, 982, 1000, 1004, 1010, 1035, 1044, 1050, 1066, 1074, 1097, 1108, 1112, 1125, 1128, 1160, 1184, 1194, 1218, 1262, 1281, 1311, 1327, 1409, 1441, 1449, 1460, 1472, 1481]
475: [28, 50, 65, 80, 108, 166, 171, 173, 178, 187, 189, 227, 277, 308, 313, 333, 351, 366, 373, 376, 382, 387, 389, 424, 432, 440, 471, 474, 476, 477, 482, 504, 521, 542, 560, 580, 595, 601, 639, 689, 692, 709, 741, 750, 752, 761, 781, 817, 842, 843, 875, 889, 891, 904, 931, 933, 963, 975, 1004, 1034, 1068, 1089, 1114, 1122, 1129, 1131, 1169, 1186, 1232, 1237, 1244, 1266, 1269, 1274, 1286, 1314, 1330, 1385, 1411, 1454, 1462, 1464]
476: [30, 54, 64, 75, 83, 95, 113, 166, 178, 179, 209, 215, 282, 341, 346, 380, 402, 427, 449, 469, 475, 477, 478, 508, 536, 555, 636, 702, 724, 743, 766, 767, 773, 803, 806, 818, 820, 842, 871, 875, 911, 939, 950, 975, 978, 1027, 1038, 1052, 1058, 1101, 1111, 1123, 1142, 1145, 1171, 1190, 1206, 1208, 1267, 1272, 1288, 1322, 1325, 1329, 1397, 1411, 1441, 1498]
477: [17, 40, 61, 64, 94, 103, 138, 145, 154, 159, 201, 206, 217, 223, 226, 238, 249, 255, 274, 277, 289, 292, 322, 329, 378, 380, 403, 410, 412, 449, 475, 476, 478, 489, 497, 500, 504, 514, 613, 622, 651, 653, 689, 722, 740, 743, 768, 778, 832, 835, 850, 953, 979, 984, 987, 1002, 1004, 1014, 1074, 1078, 1079, 1104, 1111, 1114, 1121, 1157, 1185, 1211, 1219, 1258, 1273, 1285, 1291, 1294, 1313, 1315, 1320, 1332, 1333, 1347, 1378, 1397, 1412, 1419, 1420, 1423, 1434, 1452]
478: [20, 22, 42, 46, 69, 81, 83, 116, 143, 157, 189, 209, 221, 246, 252, 263, 303, 305, 309, 319, 323, 324, 327, 336, 356, 368, 425, 474, 476, 477, 479, 484, 499, 509, 516, 549, 590, 594, 598, 605, 625, 632, 646, 650, 651, 676, 704, 723, 725, 744, 761, 861, 863, 872, 893, 904, 935, 937, 945, 947, 1000, 1022, 1068, 1077, 1082, 1092, 1145, 1155, 1164, 1180, 1186, 1207, 1228, 1280, 1281, 1301, 1307, 1321, 1323, 1365, 1382, 1400, 1420, 1421, 1437, 1454, 1463, 1468]
479: [82, 86, 87, 90, 148, 167, 218, 219, 221, 254, 274, 320, 343, 373, 383, 411, 446, 452, 461, 472, 478, 480, 483, 499, 508, 511, 516, 557, 562, 593, 603, 604, 609, 621, 637, 680, 704, 705, 707, 739, 744, 745, 779, 797, 819, 829, 855, 873, 878, 894, 904, 933, 954, 957, 970, 1001, 1008, 1013, 1021, 1054, 1055, 1065, 1086, 1098, 1144, 1160, 1185, 1193, 1207, 1212, 1226, 1229, 1250, 1256, 1265, 1297, 1305, 1307, 1308, 1319, 1327, 1389, 1406, 1454]
480: [21, 30, 34, 36, 52, 76, 108, 112, 145, 155, 176, 186, 202, 248, 250, 268, 279, 326, 331, 353, 354, 393, 425, 438, 454, 462, 479, 481, 484, 486, 496, 508, 535, 541, 558, 594, 597, 603, 634, 639, 675, 704, 707, 767, 804, 806, 829, 838, 904, 913, 934, 937, 950, 953, 981, 982, 1005, 1025, 1029, 1039, 1062, 1063, 1086, 1106, 1111, 1126, 1199, 1211, 1243, 1251, 1262, 1283, 1336, 1343, 1345, 1371, 1373, 1381, 1386, 1394, 1420, 1462, 1463, 1466, 1481]
481: [16, 21, 59, 67, 98, 108, 110, 147, 176, 187, 191, 262, 265, 296, 301, 302, 315, 322, 330, 367, 398, 399, 413, 463, 468, 469, 480, 482, 484, 516, 542, 568, 629, 636, 653, 720, 721, 725, 729, 742, 752, 793, 794, 795, 798, 801, 833, 890, 910, 949, 957, 972, 995, 1007, 1045, 1046, 1048, 1061, 1073, 1128, 1183, 1214, 1229, 1254, 1284, 1340, 1351, 1355, 1369, 1414, 1418, 1420, 1441, 1443, 1451, 1460, 1491]
482: [78, 110, 158, 176, 195, 209, 238, 239, 256, 280, 322, 325, 374, 384, 386, 399, 434, 475, 481, 483, 534, 548, 566, 579, 640, 660, 681, 682, 689, 691, 700, 726, 742, 757, 779, 790, 796, 815, 822, 837, 857, 875, 882, 883, 884, 887, 894, 928, 931, 1070, 1075, 1080, 1088, 1095, 1098, 1100, 1151, 1172, 1176, 1196, 1197, 1199, 1232, 1236, 1237, 1268, 1284, 1285, 1290, 1292, 1349, 1354, 1425, 1461, 1493, 1495, 1497]
483: [21, 38, 88, 116, 179, 184, 187, 231, 248, 253, 265, 309, 312, 315, 321, 324, 366, 376, 378, 390, 399, 403, 413, 423, 434, 479, 482, 484, 502, 522, 536, 563, 577, 588, 597, 625, 640, 644, 651, 654, 660, 694, 742, 771, 781, 795, 869, 884, 900, 917, 946, 955, 968, 984, 1029, 1039, 1072, 1136, 1142, 1156, 1168, 1208, 1218, 1219, 1224, 1229, 1238, 1263, 1280, 1297, 1317, 1343, 1360, 1404, 1414, 1434]
484: [15, 54, 72, 73, 130, 164, 177, 208, 234, 246, 265, 270, 299, 321, 323, 330, 342, 363, 365, 444, 466, 478, 480, 481, 483, 485, 492, 571, 572, 578, 606, 652, 655, 674, 686, 689, 702, 728, 735, 750, 752, 767, 795, 802, 803, 816, 821, 830, 893, 936, 1004, 1010, 1051, 1054, 1058, 1068, 1089, 1093, 1098, 1099, 1106, 1110, 1122, 1147, 1148, 1160, 1181, 1201, 1204, 1213, 1217, 1253, 1271, 1284, 1337, 1345, 1353, 1376, 1420, 1423, 1478]
485: [30, 47, 54, 59, 104, 150, 173, 188, 217, 281, 282, 318, 356, 395, 427, 484, 486, 499, 507, 532, 556, 590, 591, 592, 600, 620, 631, 671, 699, 703, 774, 780, 795, 807, 817, 840, 849, 852, 857, 860, 872, 881, 885, 902, 923, 928, 936, 982, 998, 1003, 1045, 1050, 1110, 1142, 1154, 1164, 1206, 1231, 1248, 1255, 1260, 1270, 1274, 1278, 1289, 1290, 1301, 1302, 1305, 1334, 1338, 1353, 1358, 1378, 1383, 1428, 1449, 1451, 1462, 1476, 1489]
486: [15, 54, 108, 168, 183, 189, 239, 246, 284, 298, 315, 369, 385, 398, 409, 427, 466, 468, 480, 485, 487, 510, 520, 526, 531, 537, 571, 586, 596, 606, 610, 615, 668, 678, 710, 759, 776, 783, 784, 824, 841, 852, 875, 886, 902, 910, 946, 960, 978, 999, 1018, 1035, 1081, 1082, 1128, 1142, 1147, 1155, 1196, 1250, 1258, 1259, 1265, 1297, 1299, 1368, 1376, 1392, 1425, 1439, 1451, 1476, 1493]
487: [71, 81, 82, 117, 132, 151, 216, 233, 236, 260, 266, 307, 339, 375, 379, 404, 441, 463, 486, 488, 490, 495, 505, 524, 529, 533, 546, 548, 570, 618, 626, 643, 645, 657, 685, 725, 740, 801, 813, 814, 831, 847, 849, 871, 890, 937, 940, 966, 996, 1017, 1034, 1062, 1090, 1093, 1099, 1114, 1156, 1169, 1190, 1207, 1210, 1253, 1267, 1328, 1332, 1359, 1377, 1378, 1393, 1415, 1450, 1459, 1493]
488: [22, 24, 33, 96, 114, 128, 129, 159, 195, 202, 213, 236, 242, 259, 262, 293, 299, 313, 319, 344, 354, 368, 378, 396, 399, 452, 459, 466, 487, 489, 499, 502, 512, 541, 546, 547, 561, 564, 603, 626, 644, 648, 671, 673, 696, 709, 736, 781, 809, 826, 852, 855, 862, 872, 904, 925, 954, 959, 973, 976, 1021, 1062, 1065, 1068, 1079, 1102, 1148, 1152, 1155, 1159, 1171, 1178, 1181, 1184, 1269, 1325, 1331, 1332, 1361, 1363, 1371, 1394, 1402, 1418, 1483]
489: [161, 183, 203, 230, 273, 300, 310, 366, 386, 397, 401, 412, 428, 429, 430, 451, 456, 460, 472, 477, 488, 490, 539, 547, 577, 582, 634, 679, 681, 694, 717, 743, 748, 761, 766, 777, 798, 808, 832, 846, 881, 892, 937, 949, 959, 964, 983, 1016, 1043, 1048, 1064, 1077, 1154, 1180, 1190, 1224, 1227, 1284, 1296, 1319, 1332, 1341, 1385, 1458, 1483]
490: [16, 24, 80, 115, 148, 152, 160, 181, 185, 191, 220, 273, 285, 290, 325, 327, 329, 334, 353, 358, 359, 360, 401, 459, 469, 487, 489, 491, 495, 508, 522, 529, 534, 538, 543, 552, 553, 566, 608, 613, 637, 699, 721, 739, 741, 742, 744, 763, 788, 824, 834, 847, 881, 891, 909, 914, 936, 941, 945, 947, 1072, 1091, 1118, 1133, 1156, 1188, 1192, 1277, 1298, 1302, 1321, 1398, 1424, 1430, 1488, 1493, 1495]
491: [20, 35, 125, 136, 143, 207, 255, 263, 296, 306, 316, 326, 335, 444, 457, 490, 492, 511, 535, 538, 542, 549, 557, 620, 633, 677, 678, 700, 703, 739, 769, 770, 908, 918, 928, 938, 957, 999, 1000, 1006, 1021, 1034, 1063, 1080, 1110, 1182, 1217, 1238, 1244, 1256, 1269, 1274, 1276, 1285, 1297, 1368]
492: [18, 22, 27, 46, 50, 53, 70, 73, 78, 86, 89, 97, 159, 209, 221, 230, 260, 262, 266, 274, 281, 326, 336, 369, 402, 445, 447, 473, 484, 491, 493, 518, 550, 566, 581, 602, 606, 618, 678, 692, 693, 715, 725, 728, 733, 747, 755, 758, 790, 801, 832, 841, 885, 904, 930, 935, 948, 949, 952, 971, 1056, 1081, 1086, 1115, 1134, 1136, 1189, 1190, 1226, 1267, 1277, 1305, 1329, 1369, 1398, 1412, 1417, 1445, 1471, 1483, 1489, 1491, 1496]
493: [17, 18, 39, 63, 77, 82, 88, 109, 146, 151, 165, 172, 177, 199, 219, 228, 244, 252, 274, 277, 282, 295, 299, 330, 345, 362, 372, 374, 395, 466, 492, 494, 521, 573, 601, 626, 648, 706, 718, 729, 731, 758, 763, 793, 808, 823, 828, 872, 877, 900, 943, 998, 1004, 1017, 1027, 1044, 1055, 1066, 1088, 1112, 1124, 1167, 1187, 1194, 1206, 1231, 1246, 1278, 1311, 1334, 1344, 1363, 1382, 1395, 1404, 1431, 1484, 1498]
494: [17, 34, 46, 59, 73, 127, 142, 158, 183, 185, 188, 191, 196, 254, 275, 292, 317, 347, 393, 397, 399, 435, 448, 493, 495, 500, 514, 517, 533, 535, 537, 587, 609, 624, 626, 649, 650, 659, 674, 677, 678, 740, 742, 746, 766, 769, 773, 781, 786, 787, 792, 799, 860, 886, 894, 969, 991, 1011, 1023, 1030, 1037, 1045, 1075, 1151, 1155, 1205, 1214, 1217, 1227, 1234, 1239, 1243, 1262, 1266, 1268, 1298, 1303, 1306, 1317, 1336, 1341, 1376, 1379, 1403, 1492]
495: [24, 65, 86, 138, 174, 178, 209, 218, 219, 243, 251, 286, 291, 319, 331, 334, 337, 350, 355, 366, 409, 410, 431, 443, 487, 490, 494, 496, 502, 516, 544, 546, 668, 673, 679, 694, 696, 703, 704, 710, 717, 743, 755, 781, 792, 817, 821, 823, 843, 844, 846, 911, 917, 920, 940, 941, 949, 984, 986, 993, 1001, 1048, 1058, 1122, 1179, 1186, 1188, 1189, 1231, 1248, 1266, 1282, 1283, 1302, 1311, 1342, 1352, 1402, 1403, 1409, 1451, 1453, 1462, 1484]
496: [63, 80, 92, 132, 180, 195, 199, 204, 221, 235, 242, 249, 291, 332, 347, 352, 355, 379, 420, 444, 452, 458, 480, 495, 497, 509, 516, 568, 628, 649, 660, 685, 689, 690, 713, 714, 717, 722, 739, 741, 747, 759, 772, 808, 821, 846, 870, 892, 931, 937, 957, 972, 997, 1021, 1051, 1071, 1083, 1148, 1166, 1177, 1259, 1271, 1343, 1356, 1362, 1398, 1438, 1469, 1476]
497: [22, 33, 35, 41, 69, 72, 90, 113, 118, 169, 170, 176, 188, 207, 235, 239, 251, 266, 273, 288, 295, 312, 331, 346, 355, 369, 423, 445, 453, 471, 477, 496, 498, 545, 564, 581, 619, 657, 670, 677, 690, 699, 729, 756, 784, 794, 799, 835, 856, 859, 898, 909, 917, 928, 939, 945, 947, 967, 1002, 1010, 1048, 1051, 1086, 1115, 1117, 1121, 1132, 1172, 1216, 1223, 1227, 1241, 1254, 1283, 1291, 1304, 1359, 1405, 1432, 1446]
498: [15, 28, 48, 127, 184, 200, 214, 251, 296, 299, 311, 326, 332, 335, 355, 359, 364, 392, 398, 421, 497, 499, 534, 537, 573, 575, 581, 583, 586, 594, 634, 640, 692, 709, 736, 737, 761, 768, 775, 791, 817, 820, 831, 862, 875, 877, 906, 918, 945, 951, 959, 976, 978, 994, 998, 1012, 1041, 1043, 1094, 1115, 1126, 1186, 1215, 1226, 1256, 1271, 1303, 1315, 1316, 1321, 1325, 1327, 1347, 1348, 1351, 1355, 1373, 1381, 1394, 1401, 1437, 1475, 1482]
499: [25, 70, 81, 118, 130, 166, 173, 175, 176, 189, 217, 300, 326, 347, 390, 412, 443, 451, 462, 478, 479, 485, 488, 498, 500, 517, 526, 556, 640, 681, 692, 708, 710, 724, 740, 741, 782, 821, 841, 849, 880, 890, 913, 925, 945, 949, 978, 990, 1023, 1028, 1062, 1071, 1116, 1180, 1190, 1216, 1226, 1252, 1275, 1299, 1357, 1365, 1397, 1447, 1469, 1477, 1497]
500: [19, 41, 46, 71, 107, 113, 114, 151, 180, 230, 231, 283, 284, 321, 347, 351, 380, 392, 415, 424, 447, 456, 477, 494, 499, 501, 565, 571, 599, 619, 644, 648, 697, 717, 732, 750, 751, 808, 814, 828, 865, 870, 893, 906, 909, 912, 968, 969, 979, 992, 1024, 1036, 1037, 1044, 1073, 1084, 1086, 1087, 1126, 1131, 1135, 1151, 1171, 1195, 1200, 1202, 1205, 1221, 1263, 1268, 1336, 1353, 1382, 1384, 1408, 1419, 1420, 1423, 1445, 1492, 1494]
501: [35, 65, 77, 133, 150, 151, 213, 223, 228, 242, 286, 289, 290, 308, 337, 410, 425, 448, 451, 466, 500, 502, 503, 506, 521, 535, 557, 561, 567, 571, 588, 591, 609, 631, 645, 657, 665, 670, 739, 801, 805, 807, 817, 836, 838, 840, 846, 863, 866, 887, 924, 991, 1009, 1017, 1020, 1057, 1058, 1061, 1067, 1071, 1083, 1110, 1182, 1187, 1258, 1286, 1288, 1294, 1306, 1309, 1315, 1347, 1362, 1369, 1396, 1401, 1458, 1465, 1480, 1484]
502: [32, 67, 86, 109, 125, 135, 141, 148, 156, 181, 220, 225, 228, 240, 244, 316, 361, 408, 423, 443, 456, 483, 488, 495, 501, 503, 524, 567, 602, 603, 625, 646, 666, 699, 701, 731, 752, 757, 759, 802, 869, 886, 898, 915, 968, 969, 970, 983, 988, 1018, 1040, 1042, 1048, 1056, 1074, 1085, 1153, 1170, 1173, 1176, 1214, 1259, 1263, 1273, 1275, 1289, 1291, 1315, 1335, 1342, 1350, 1376, 1378, 1398, 1406, 1424, 1427, 1446, 1474, 1495]
503: [41, 112, 125, 138, 157, 158, 175, 176, 177, 196, 256, 265, 272, 294, 295, 299, 320, 339, 358, 361, 390, 391, 396, 403, 411, 414, 443, 446, 452, 501, 502, 504, 510, 519, 526, 561, 579, 594, 603, 605, 626, 634, 699, 700, 710, 741, 760, 766, 771, 790, 802, 806, 818, 824, 838, 844, 857, 866, 894, 912, 923, 969, 973, 981, 991, 1007, 1021, 1023, 1094, 1108, 1115, 1120, 1134, 1182, 1185, 1193, 1209, 1217, 1218, 1225, 1241, 1265, 1271, 1288, 1314, 1315, 1344, 1373, 1391, 1407, 1413, 1426, 1455, 1467, 1475, 1496]
504: [24, 68, 69, 78, 88, 101, 113, 137, 138, 170, 179, 207, 220, 278, 299, 303, 320, 389, 392, 418, 436, 452, 456, 461, 475, 477, 503, 505, 556, 585, 596, 634, 635, 639, 642, 649, 652, 701, 718, 740, 752, 759, 769, 786, 790, 793, 843, 884, 905, 910, 921, 941, 954, 984, 988, 1020, 1063, 1064, 1070, 1093, 1137, 1163, 1181, 1189, 1208, 1216, 1220, 1231, 1258, 1259, 1268, 1269, 1300, 1319, 1343, 1348, 1351, 1364, 1372, 1398, 1402, 1435, 1440, 1497]
505: [31, 67, 87, 96, 104, 114, 124, 126, 153, 160, 166, 191, 201, 204, 222, 252, 276, 278, 316, 324, 335, 343, 358, 366, 411, 412, 434, 438, 458, 487, 504, 506, 562, 584, 587, 623, 644, 683, 713, 757, 769, 774, 776, 785, 802, 812, 934, 950, 969, 970, 974, 990, 1044, 1052, 1093, 1100, 1104, 1112, 1131, 1146, 1147, 1183, 1188, 1200, 1207, 1224, 1241, 1295, 1296, 1331, 1349, 1360, 1406, 1437, 1443, 1484, 1489, 1493]
506: [17, 36, 76, 242, 245, 260, 330, 353, 393, 397, 432, 461, 472, 501, 505, 507, 509, 524, 525, 549, 552, 572, 573, 590, 619, 621, 625, 659, 718, 742, 785, 796, 813, 821, 835, 838, 849, 865, 875, 876, 897, 900, 902, 925, 955, 991, 997, 1032, 1056, 1064, 1071, 1079, 1106, 1137, 1141, 1143, 1149, 1194, 1195, 1242, 1250, 1254, 1266, 1319, 1328, 1332, 1342, 1349, 1360, 1387, 1392, 1399, 1417, 1423, 1429, 1488, 1494]
507: [14, 22, 41, 51, 72, 95, 115, 146, 148, 166, 176, 199, 214, 266, 321, 328, 344, 353, 388, 408, 427, 430, 433, 444, 485, 506, 508, 570, 591, 594, 596, 597, 616, 621, 629, 670, 683, 702, 717, 734, 750, 777, 788, 790, 829, 856, 862, 866, 891, 984, 1035, 1052, 1054, 1067, 1082, 1104, 1132, 1135, 1140, 1144, 1195, 1209, 1271, 1280, 1296, 1318, 1324, 1332, 1347, 1371, 1468, 1479]
508: [16, 36, 49, 61, 69, 70, 86, 98, 104, 119, 144, 177, 233, 237, 241, 260, 270, 298, 333, 334, 396, 397, 402, 408, 432, 443, 457, 462, 476, 479, 480, 490, 507, 509, 517, 541, 543, 561, 591, 594, 612, 633, 702, 704, 735, 756, 758, 773, 804, 847, 879, 887, 888, 918, 940, 952, 978, 985, 992, 1019, 1042, 1076, 1084, 1092, 1165, 1181, 1183, 1188, 1233, 1279, 1286, 1307, 1331, 1349, 1359, 1364, 1367, 1397, 1401, 1411, 1447, 1478, 1493]
509: [21, 92, 133, 157, 162, 244, 261, 266, 277, 280, 330, 358, 375, 396, 400, 405, 414, 478, 496, 506, 508, 510, 524, 526, 528, 531, 569, 578, 579, 589, 599, 604, 666, 676, 714, 737, 801, 808, 823, 864, 892, 916, 928, 935, 960, 1001, 1084, 1097, 1101, 1120, 1145, 1152, 1201, 1220, 1277, 1288, 1290, 1309, 1328, 1335, 1356, 1376, 1377, 1399, 1401, 1412, 1426, 1431, 1444, 1455, 1463, 1475, 1476, 1486, 1491]
510: [37, 60, 94, 102, 128, 136, 174, 198, 200, 210, 212, 248, 261, 277, 286, 292, 339, 364, 367, 369, 417, 428, 434, 437, 454, 457, 486, 503, 509, 511, 519, 524, 533, 551, 640, 658, 715, 723, 740, 751, 815, 826, 865, 874, 879, 881, 933, 947, 959, 980, 985, 991, 999, 1099, 1100, 1146, 1183, 1186, 1221, 1224, 1231, 1234, 1253, 1299, 1309, 1345, 1346, 1402, 1433, 1440, 1456]
511: [19, 70, 125, 133, 205, 217, 256, 273, 281, 299, 334, 352, 354, 363, 383, 390, 420, 439, 470, 479, 491, 510, 512, 522, 531, 535, 542, 591, 612, 621, 628, 629, 633, 639, 655, 701, 718, 724, 765, 780, 782, 796, 798, 803, 876, 909, 925, 933, 973, 1030, 1050, 1065, 1077, 1088, 1111, 1166, 1178, 1185, 1197, 1203, 1229, 1275, 1315, 1356, 1360, 1389, 1397, 1476]
512: [64, 77, 95, 143, 150, 176, 188, 195, 208, 210, 248, 260, 264, 265, 294, 299, 305, 308, 336, 358, 378, 458, 488, 511, 513, 525, 526, 539, 541, 553, 576, 595, 602, 652, 733, 759, 770, 781, 793, 798, 823, 830, 844, 853, 904, 933, 945, 952, 953, 956, 1040, 1050, 1053, 1069, 1093, 1099, 1126, 1132, 1159, 1227, 1248, 1251, 1255, 1297, 1325, 1344, 1345, 1348, 1369, 1414, 1440, 1491]
513: [17, 47, 74, 77, 105, 111, 115, 122, 124, 134, 167, 171, 186, 196, 220, 225, 228, 236, 276, 295, 300, 311, 344, 352, 401, 431, 454, 512, 514, 561, 563, 583, 591, 628, 636, 663, 670, 685, 690, 723, 744, 765, 787, 839, 887, 893, 894, 912, 947, 971, 975, 985, 991, 999, 1006, 1015, 1047, 1113, 1128, 1134, 1145, 1191, 1197, 1198, 1221, 1227, 1249, 1262, 1299, 1309, 1312, 1315, 1318, 1333, 1348, 1369, 1394, 1395, 1421, 1435, 1468]
514: [43, 93, 109, 130, 173, 193, 206, 235, 246, 248, 252, 262, 279, 283, 302, 307, 340, 368, 404, 428, 441, 458, 477, 494, 513, 515, 525, 534, 550, 563, 565, 584, 600, 606, 607, 608, 627, 646, 716, 748, 750, 778, 832, 849, 876, 917, 963, 979, 1016, 1052, 1056, 1059, 1060, 1065, 1101, 1180, 1220, 1299, 1317, 1346, 1374, 1394, 1395, 1458, 1482]
515: [20, 35, 74, 76, 77, 125, 142, 148, 149, 157, 205, 216, 228, 248, 255, 294, 326, 328, 347, 372, 396, 444, 451, 456, 514, 516, 533, 558, 565, 568, 577, 633, 707, 715, 728, 734, 744, 757, 758, 780, 802, 803, 806, 873, 898, 904, 911, 939, 987, 988, 1019, 1024, 1052, 1057, 1061, 1094, 1119, 1120, 1134, 1187, 1249, 1331, 1366, 1453, 1456, 1467, 1491]
516: [16, 33, 89, 90, 136, 183, 203, 206, 225, 226, 234, 242, 253, 296, 298, 304, 312, 344, 347, 364, 369, 443, 447, 452, 461, 464, 478, 479, 481, 495, 496, 515, 517, 548, 554, 557, 585, 591, 612, 641, 664, 669, 671, 680, 724, 749, 750, 755, 787, 790, 793, 800, 838, 889, 906, 910, 936, 968, 979, 991, 994, 998, 1028, 1047, 1083, 1124, 1171, 1195, 1225, 1235, 1257, 1268, 1311, 1323, 1340, 1346, 1382, 1420, 1453, 1468, 1487]
517: [21, 65, 85, 98, 102, 110, 120, 161, 214, 246, 251, 269, 291, 382, 388, 411, 457, 458, 494, 499, 508, 516, 518, 529, 533, 542, 579, 588, 620, 655, 664, 681, 692, 694, 716, 720, 739, 742, 781, 788, 789, 795, 813, 831, 865, 875, 882, 902, 912, 928, 947, 951, 956, 958, 968, 969, 1003, 1024, 1044, 1052, 1062, 1080, 1092, 1165, 1205, 1245, 1285, 1309, 1311, 1313, 1331, 1365, 1382, 1388, 1403, 1416, 1426, 1461, 1484, 1487]
518: [45, 62, 79, 101, 129, 138, 145, 152, 159, 165, 198, 211, 214, 224, 235, 249, 252, 254, 308, 316, 337, 351, 367, 370, 391, 412, 422, 434, 456, 465, 466, 473, 492, 517, 519, 564, 568, 574, 585, 632, 642, 644, 663, 678, 692, 703, 706, 739, 759, 770, 822, 841, 842, 856, 884, 917, 958, 966, 996, 998, 1019, 1020, 1025, 1061, 1149, 1180, 1206, 1212, 1214, 1255, 1271, 1297, 1303, 1304, 1314, 1318, 1331, 1340, 1369, 1391, 1416, 1432, 1437, 1457, 1472]
519: [42, 56, 68, 71, 87, 113, 127, 161, 168, 175, 205, 287, 306, 308, 310, 330, 335, 339, 423, 438, 464, 503, 510, 518, 520, 538, 541, 582, 607, 622, 624, 630, 683, 697, 717, 728, 781, 804, 864, 920, 927, 1005, 1014, 1030, 1055, 1059, 1114, 1117, 1118, 1164, 1172, 1290, 1305, 1309, 1344, 1366, 1400, 1417, 1421, 1441, 1451, 1462]
520: [15, 51, 84, 85, 88, 93, 101, 126, 137, 168, 169, 170, 185, 188, 190, 208, 239, 248, 256, 268, 321, 346, 355, 359, 362, 368, 416, 450, 461, 463, 471, 486, 519, 521, 539, 551, 572, 583, 589, 592, 593, 603, 610, 615, 619, 620, 625, 639, 640, 659, 710, 742, 748, 788, 800, 856, 864, 880, 895, 950, 973, 995, 1008, 1029, 1053, 1076, 1100, 1115, 1118, 1120, 1176, 1186, 1222, 1242, 1260, 1281, 1319, 1326, 1329, 1410, 1451, 1481]
521: [17, 22, 31, 32, 55, 61, 64, 123, 133, 160, 167, 184, 212, 224, 340, 344, 387, 446, 449, 459, 475, 493, 501, 520, 522, 535, 559, 571, 632, 640, 649, 652, 674, 692, 697, 703, 734, 743, 757, 768, 769, 802, 805, 806, 827, 835, 838, 851, 884, 918, 1043, 1066, 1067, 1077, 1089, 1131, 1180, 1226, 1228, 1236, 1249, 1254, 1256, 1268, 1274, 1277, 1305, 1318, 1334, 1335, 1353, 1386, 1390, 1397, 1405, 1406, 1414, 1419, 1433, 1445, 1471, 1483]
522: [56, 67, 100, 108, 130, 137, 140, 143, 149, 157, 173, 187, 199, 214, 266, 314, 319, 336, 358, 414, 417, 424, 436, 483, 490, 511, 521, 523, 544, 582, 669, 682, 690, 697, 699, 737, 743, 759, 772, 792, 795, 796, 805, 807, 812, 862, 900, 916, 919, 927, 961, 975, 977, 979, 1012, 1039, 1042, 1069, 1070, 1078, 1104, 1194, 1196, 1203, 1241, 1243, 1263, 1270, 1301, 1309, 1323, 1329, 1334, 1363, 1387, 1394, 1410, 1432]
523: [18, 28, 81, 92, 109, 112, 115, 120, 144, 163, 193, 208, 257, 283, 301, 309, 319, 340, 363, 418, 420, 422, 424, 436, 447, 465, 471, 522, 524, 559, 572, 576, 587, 600, 616, 683, 705, 709, 724, 727, 736, 772, 782, 848, 856, 860, 880, 889, 896, 901, 924, 938, 954, 956, 962, 968, 1023, 1052, 1053, 1066, 1076, 1123, 1158, 1169, 1177, 1218, 1289, 1300, 1305, 1362, 1373, 1386, 1392, 1404, 1411, 1444, 1464, 1473, 1485, 1488, 1489]
524: [32, 56, 58, 60, 82, 102, 111, 136, 145, 155, 174, 178, 179, 183, 201, 202, 217, 241, 243, 255, 284, 313, 323, 324, 360, 420, 429, 454, 456, 463, 487, 502, 506, 509, 510, 523, 525, 550, 574, 583, 627, 643, 644, 654, 691, 711, 727, 730, 738, 740, 744, 831, 850, 884, 904, 907, 913, 929, 940, 961, 964, 965, 975, 983, 1000, 1009, 1031, 1033, 1040, 1082, 1094, 1095, 1104, 1111, 1150, 1163, 1197, 1203, 1219, 1250, 1281, 1282, 1290, 1299, 1321, 1327, 1348, 1353, 1384, 1410, 1422, 1427, 1428, 1451, 1468]
525: [22, 44, 66, 67, 113, 147, 150, 152, 235, 261, 263, 270, 274, 286, 303, 331, 338, 373, 389, 417, 456, 465, 506, 512, 514, 524, 526, 537, 553, 576, 593, 606, 623, 626, 635, 655, 659, 701, 702, 722, 724, 730, 750, 774, 781, 787, 836, 858, 861, 865, 913, 923, 954, 969, 981, 999, 1018, 1023, 1068, 1087, 1111, 1144, 1155, 1176, 1205, 1269, 1328, 1342, 1361, 1367, 1369, 1380, 1381, 1395, 1406, 1412, 1428, 1430, 1447, 1456, 1464]
526: [20, 29, 49, 56, 60, 79, 84, 123, 144, 212, 246, 248, 254, 257, 266, 285, 290, 315, 323, 413, 415, 473, 486, 499, 503, 509, 512, 525, 527, 538, 563, 595, 598, 600, 606, 678, 700, 739, 762, 787, 809, 830, 838, 849, 878, 911, 984, 988, 991, 1006, 1008, 1035, 1066, 1104, 1108, 1111, 1131, 1136, 1165, 1166, 1199, 1209, 1210, 1218, 1231, 1247, 1309, 1324, 1399, 1453, 1459, 1497]
527: [48, 53, 73, 107, 116, 153, 157, 169, 180, 188, 217, 238, 243, 282, 283, 322, 354, 361, 393, 397, 419, 457, 468, 526, 528, 534, 536, 544, 559, 593, 618, 624, 626, 628, 629, 647, 658, 692, 694, 711, 721, 737, 763, 768, 794, 803, 807, 813, 833, 841, 908, 942, 947, 958, 968, 1023, 1031, 1070, 1079, 1103, 1185, 1227, 1232, 1310, 1321, 1325, 1428, 1446, 1458, 1464, 1475, 1490]
528: [26, 29, 63, 68, 90, 103, 111, 126, 139, 208, 213, 252, 257, 271, 277, 305, 329, 385, 398, 408, 436, 442, 468, 509, 527, 529, 586, 587, 598, 613, 618, 623, 650, 668, 713, 721, 728, 750, 758, 771, 772, 777, 827, 837, 838, 839, 848, 879, 885, 891, 894, 930, 945, 977, 980, 989, 997, 1023, 1107, 1120, 1187, 1196, 1211, 1242, 1265, 1268, 1275, 1331, 1332, 1352, 1389, 1400, 1407, 1417, 1436, 1438, 1450, 1459, 1475]
529: [46, 76, 80, 96, 98, 105, 128, 129, 155, 174, 187, 223, 237, 308, 324, 363, 365, 374, 393, 400, 408, 415, 421, 487, 490, 517, 528, 530, 566, 595, 638, 664, 670, 704, 768, 807, 811, 835, 897, 898, 921, 955, 976, 1035, 1039, 1063, 1105, 1116, 1131, 1146, 1163, 1180, 1187, 1218, 1219, 1230, 1250, 1262, 1329, 1388, 1394, 1417, 1440, 1448, 1455, 1466, 1472, 1496]
530: [20, 45, 56, 59, 98, 163, 197, 213, 215, 223, 229, 245, 248, 251, 260, 264, 288, 290, 298, 302, 341, 346, 356, 362, 380, 438, 450, 452, 463, 465, 469, 470, 529, 531, 533, 575, 584, 619, 656, 657, 676, 679, 698, 710, 720, 735, 755, 767, 768, 781, 787, 818, 863, 875, 896, 930, 938, 958, 959, 961, 973, 999, 1032, 1044, 1052, 1060, 1067, 1084, 1125, 1144, 1156, 1169, 1170, 1181, 1194, 1297, 1313, 1340, 1350, 1359, 1439, 1449, 1471, 1496]
531: [21, 45, 85, 136, 157, 174, 182, 194, 196, 213, 214, 231, 253, 261, 378, 387, 421, 422, 427, 458, 474, 486, 509, 511, 530, 532, 533, 594, 608, 640, 645, 681, 736, 770, 778, 784, 830, 837, 864, 866, 886, 902, 965, 988, 1093, 1095, 1103, 1105, 1114, 1118, 1151, 1161, 1162, 1163, 1175, 1225, 1245, 1289, 1323, 1327, 1333, 1347, 1353, 1376, 1463, 1490]
532: [25, 40, 135, 138, 145, 182, 184, 210, 260, 271, 317, 322, 328, 332, 362, 394, 400, 408, 421, 443, 460, 485, 531, 533, 619, 645, 661, 690, 691, 699, 703, 711, 729, 773, 782, 783, 814, 864, 872, 893, 934, 945, 951, 1031, 1065, 1123, 1132, 1142, 1175, 1226, 1251, 1255, 1283, 1319, 1330, 1336, 1372, 1405, 1408, 1435, 1438, 1456]
533: [22, 41, 44, 50, 64, 77, 90, 171, 181, 229, 258, 273, 297, 308, 311, 321, 331, 352, 354, 368, 403, 433, 443, 444, 455, 487, 494, 510, 515, 517, 530, 531, 532, 534, 551, 568, 594, 595, 611, 635, 667, 669, 676, 685, 688, 690, 714, 721, 726, 734, 757, 800, 854, 861, 938, 944, 946, 968, 1002, 1053, 1084, 1108, 1139, 1141, 1161, 1198, 1224, 1249, 1262, 1286, 1295, 1355, 1388, 1415, 1416, 1425, 1426, 1428, 1451, 1453]
534: [30, 33, 93, 98, 147, 156, 185, 186, 195, 201, 236, 261, 270, 279, 285, 338, 349, 398, 429, 444, 456, 482, 490, 498, 514, 527, 533, 535, 573, 596, 629, 673, 677, 686, 704, 713, 720, 756, 759, 768, 777, 781, 796, 834, 838, 864, 909, 918, 927, 945, 946, 950, 966, 981, 992, 996, 1009, 1016, 1026, 1094, 1127, 1132, 1135, 1185, 1190, 1200, 1211, 1238, 1280, 1284, 1343, 1400, 1409, 1421, 1437, 1448, 1465, 1469, 1472, 1475, 1488]
535: [24, 31, 41, 58, 60, 70, 77, 142, 182, 209, 210, 219, 235, 249, 261, 266, 363, 377, 437, 480, 491, 494, 501, 511, 521, 534, 536, 564, 629, 639, 645, 671, 720, 749, 777, 779, 789, 812, 815, 854, 884, 899, 931, 937, 972, 988, 992, 999, 1004, 1023, 1029, 1042, 1043, 1062, 1072, 1085, 1124, 1150, 1159, 1246, 1254, 1266, 1281, 1324, 1364, 1374, 1396, 1436, 1450, 1455]
536: [59, 65, 86, 88, 100, 123, 124, 147, 213, 214, 239, 250, 270, 319, 320, 326, 389, 406, 411, 430, 459, 476, 483, 527, 535, 537, 550, 552, 580, 592, 617, 623, 641, 642, 645, 658, 690, 693, 704, 769, 776, 814, 827, 866, 876, 878, 916, 954, 970, 974, 977, 987, 989, 1011, 1020, 1039, 1042, 1049, 1094, 1150, 1168, 1185, 1195, 1218, 1226, 1257, 1279, 1301, 1330, 1359, 1374, 1392, 1474]
537: [18, 27, 34, 36, 53, 66, 75, 110, 143, 190, 197, 221, 304, 333, 343, 361, 411, 429, 439, 451, 486, 494, 498, 525, 536, 538, 544, 547, 578, 581, 609, 653, 661, 724, 731, 792, 795, 797, 815, 858, 859, 875, 887, 926, 956, 976, 1011, 1049, 1057, 1063, 1104, 1135, 1151, 1192, 1208, 1223, 1231, 1251, 1256, 1290, 1317, 1345, 1389, 1473, 1481, 1489]
538: [23, 27, 33, 57, 87, 138, 141, 153, 174, 187, 222, 227, 294, 330, 361, 368, 369, 375, 376, 407, 446, 454, 490, 491, 519, 526, 537, 539, 545, 546, 575, 591, 596, 631, 648, 651, 653, 663, 675, 676, 694, 695, 725, 763, 766, 804, 811, 840, 894, 901, 928, 1004, 1048, 1053, 1057, 1103, 1114, 1125, 1131, 1147, 1149, 1169, 1183, 1237, 1265, 1280, 1283, 1308, 1312, 1436, 1448, 1454, 1459, 1478, 1495]
539: [18, 36, 41, 47, 74, 117, 124, 171, 221, 233, 249, 261, 263, 280, 281, 333, 341, 393, 430, 433, 462, 466, 489, 512, 520, 538, 540, 569, 638, 699, 713, 721, 724, 730, 741, 763, 772, 792, 800, 806, 814, 820, 843, 868, 869, 886, 905, 912, 927, 933, 943, 953, 972, 980, 1006, 1009, 1011, 1022, 1030, 1053, 1087, 1095, 1110, 1129, 1131, 1169, 1195, 1216, 1282, 1293, 1333, 1336, 1358, 1359, 1401, 1437, 1442, 1461, 1464, 1481, 1494]
540: [64, 185, 214, 216, 219, 235, 248, 250, 271, 286, 291, 293, 319, 322, 369, 393, 402, 426, 450, 474, 539, 541, 545, 554, 558, 560, 579, 601, 641, 653, 662, 702, 716, 717, 746, 760, 784, 855, 860, 907, 915, 920, 928, 934, 968, 989, 991, 992, 1000, 1004, 1020, 1043, 1072, 1086, 1088, 1122, 1138, 1144, 1184, 1189, 1199, 1220, 1221, 1228, 1238, 1247, 1257, 1258, 1264, 1267, 1282, 1284, 1303, 1335, 1358, 1364, 1388, 1410, 1437, 1439, 1447, 1449]
541: [25, 27, 28, 48, 56, 112, 124, 125, 133, 162, 166, 173, 177, 182, 189, 197, 225, 263, 284, 346, 364, 369, 378, 404, 424, 441, 463, 466, 480, 488, 508, 512, 519, 540, 542, 562, 565, 572, 579, 596, 614, 643, 645, 665, 666, 693, 720, 727, 733, 743, 808, 816, 849, 851, 863, 874, 884, 902, 923, 929, 1021, 1076, 1087, 1104, 1108, 1129, 1134, 1172, 1207, 1223, 1227, 1244, 1254, 1293, 1315, 1326, 1340, 1345, 1359, 1372, 1373, 1374, 1395, 1400, 1410, 1420, 1455, 1461]
542: [61, 64, 158, 175, 191, 221, 224, 249, 264, 270, 282, 299, 314, 347, 421, 436, 448, 451, 460, 474, 475, 481, 491, 511, 517, 541, 543, 562, 581, 591, 604, 614, 638, 639, 641, 642, 666, 689, 749, 785, 789, 796, 898, 941, 944, 989, 1033, 1054, 1065, 1113, 1150, 1154, 1179, 1186, 1197, 1204, 1226, 1229, 1238, 1314, 1358, 1360, 1407, 1417, 1424, 1455, 1460, 1461, 1466, 1468, 1488]
543: [25, 39, 55, 60, 67, 75, 99, 111, 123, 126, 154, 158, 163, 231, 238, 242, 245, 270, 288, 307, 314, 333, 334, 354, 388, 397, 424, 428, 441, 445, 447, 450, 456, 490, 508, 542, 544, 552, 588, 613, 630, 654, 656, 701, 713, 766, 784, 788, 796, 818, 842, 849, 858, 860, 875, 891, 895, 915, 943, 958, 1000, 1021, 1022, 1026, 1081, 1098, 1104, 1114, 1120, 1130, 1131, 1155, 1161, 1164, 1176, 1188, 1215, 1219, 1243, 1255, 1260, 1308, 1356, 1372, 1391, 1398, 1421, 1426, 1432, 1442, 1449, 1464, 1468, 1473, 1487, 1492]
544: [16, 19, 23, 34, 38, 56, 93, 103, 121, 138, 157, 168, 200, 219, 225, 279, 281, 324, 325, 355, 377, 422, 425, 446, 495, 522, 527, 537, 543, 545, 552, 562, 603, 610, 651, 685, 707, 737, 739, 755, 767, 780, 802, 833, 880, 1020, 1044, 1087, 1091, 1092, 1110, 1119, 1124, 1169, 1179, 1183, 1225, 1267, 1316, 1359, 1366, 1402, 1406, 1476, 1483]
545: [41, 63, 66, 74, 124, 131, 135, 147, 176, 196, 199, 212, 222, 228, 248, 261, 262, 274, 276, 290, 359, 375, 443, 453, 457, 497, 538, 540, 544, 546, 571, 617, 651, 673, 675, 692, 695, 698, 706, 716, 722, 751, 758, 762, 778, 831, 832, 833, 842, 875, 950, 1001, 1010, 1024, 1026, 1031, 1033, 1082, 1092, 1099, 1131, 1137, 1164, 1175, 1188, 1208, 1215, 1234, 1252, 1256, 1266, 1267, 1288, 1335, 1349, 1377, 1379, 1412, 1416, 1418, 1430, 1435, 1462, 1464, 1472]
546: [16, 20, 76, 109, 119, 140, 167, 222, 239, 245, 255, 278, 295, 300, 378, 392, 399, 438, 457, 487, 488, 495, 538, 545, 547, 563, 572, 574, 577, 587, 636, 641, 643, 648, 655, 676, 687, 692, 718, 729, 734, 739, 742, 753, 798, 803, 866, 928, 932, 956, 959, 966, 981, 1015, 1081, 1110, 1115, 1132, 1135, 1146, 1153, 1158, 1171, 1173, 1179, 1193, 1213, 1230, 1249, 1265, 1269, 1286, 1291, 1307, 1312, 1352, 1385, 1455, 1463, 1491]
547: [18, 27, 33, 52, 69, 82, 148, 171, 190, 217, 219, 226, 270, 276, 295, 300, 360, 406, 414, 424, 459, 473, 488, 489, 537, 546, 548, 575, 582, 596, 609, 613, 615, 616, 636, 657, 660, 674, 684, 690, 711, 725, 738, 749, 751, 762, 768, 771, 777, 792, 841, 856, 862, 885, 899, 928, 961, 997, 1001, 1002, 1022, 1023, 1034, 1044, 1051, 1054, 1063, 1084, 1115, 1125, 1197, 1242, 1262, 1265, 1272, 1281, 1338, 1342, 1351, 1431, 1436, 1458]
548: [21, 25, 51, 112, 161, 188, 207, 212, 214, 220, 251, 255, 268, 294, 337, 372, 375, 387, 440, 453, 482, 487, 516, 547, 549, 601, 640, 651, 687, 693, 776, 800, 827, 847, 852, 859, 869, 894, 902, 950, 1033, 1040, 1056, 1094, 1102, 1138, 1149, 1154, 1201, 1208, 1213, 1217, 1229, 1294, 1315, 1340, 1343, 1351, 1388, 1429, 1450, 1463, 1468, 1477, 1484, 1489, 1498]
549: [40, 50, 65, 176, 184, 188, 194, 218, 253, 291, 306, 310, 329, 336, 362, 377, 415, 432, 449, 450, 478, 491, 506, 548, 550, 555, 566, 638, 641, 666, 676, 691, 727, 736, 776, 815, 818, 844, 851, 854, 887, 900, 933, 942, 955, 966, 1016, 1059, 1068, 1134, 1175, 1188, 1258, 1306, 1310, 1321, 1373, 1384, 1401, 1405, 1419, 1423, 1424, 1430, 1452, 1456]
550: [25, 34, 48, 78, 89, 97, 132, 139, 154, 179, 180, 202, 207, 222, 232, 264, 265, 290, 328, 330, 345, 349, 364, 402, 408, 418, 441, 474, 492, 514, 524, 536, 549, 551, 559, 588, 591, 607, 617, 645, 661, 741, 758, 770, 772, 789, 792, 832, 841, 845, 852, 858, 859, 860, 872, 884, 887, 894, 896, 913, 917, 926, 943, 946, 973, 995, 1017, 1026, 1034, 1037, 1041, 1116, 1119, 1124, 1129, 1131, 1132, 1142, 1152, 1153, 1154, 1160, 1166, 1183, 1188, 1214, 1217, 1241, 1267, 1279, 1289, 1290, 1298, 1304, 1306, 1380, 1401, 1406, 1479]
551: [29, 42, 47, 71, 78, 79, 97, 120, 129, 147, 154, 166, 167, 183, 185, 187, 195, 199, 204, 217, 233, 309, 343, 348, 380, 392, 510, 520, 533, 550, 552, 594, 628, 634, 655, 668, 669, 670, 714, 733, 734, 761, 763, 767, 784, 810, 822, 840, 846, 847, 863, 877, 878, 905, 917, 941, 951, 974, 986, 1016, 1034, 1046, 1057, 1092, 1102, 1104, 1126, 1163, 1187, 1209, 1216, 1239, 1250, 1276, 1305, 1319, 1348, 1354, 1386, 1428, 1432, 1461, 1466, 1478, 1482, 1491, 1498]
552: [21, 38, 48, 64, 68, 77, 84, 90, 113, 131, 151, 158, 159, 176, 181, 182, 212, 234, 247, 302, 307, 312, 314, 423, 438, 440, 461, 463, 466, 490, 506, 536, 543, 544, 551, 553, 557, 593, 619, 624, 629, 643, 660, 665, 675, 683, 739, 772, 818, 860, 887, 897, 926, 928, 948, 958, 970, 971, 993, 1019, 1024, 1051, 1065, 1072, 1089, 1090, 1094, 1098, 1104, 1137, 1207, 1219, 1278, 1296, 1308, 1315, 1387, 1435, 1467, 1470, 1475, 1480]
553: [34, 37, 54, 56, 63, 71, 88, 106, 131, 134, 199, 203, 205, 240, 293, 303, 320, 327, 344, 355, 410, 428, 458, 490, 512, 525, 552, 554, 561, 609, 617, 656, 684, 711, 712, 767, 788, 796, 807, 817, 821, 824, 834, 917, 918, 922, 928, 931, 946, 950, 987, 1016, 1021, 1027, 1061, 1086, 1100, 1103, 1108, 1122, 1172, 1193, 1207, 1211, 1253, 1259, 1269, 1284, 1297, 1301, 1304, 1372, 1416, 1441, 1489]
554: [17, 53, 158, 241, 293, 294, 304, 313, 340, 402, 445, 516, 540, 553, 555, 605, 612, 626, 627, 648, 687, 708, 731, 741, 742, 770, 785, 796, 802, 805, 832, 894, 918, 958, 1027, 1043, 1102, 1105, 1110, 1111, 1115, 1117, 1162, 1186, 1190, 1205, 1223, 1243, 1298, 1316, 1333, 1344, 1412, 1424, 1435, 1450, 1455, 1480]
555: [29, 35, 36, 59, 80, 130, 171, 173, 181, 197, 213, 220, 227, 232, 250, 251, 263, 339, 353, 390, 436, 438, 476, 549, 554, 556, 569, 598, 618, 692, 696, 723, 731, 751, 771, 810, 824, 840, 866, 912, 929, 931, 933, 964, 968, 980, 985, 989, 1035, 1074, 1082, 1096, 1105, 1132, 1149, 1173, 1175, 1189, 1233, 1239, 1253, 1254, 1261, 1266, 1297, 1312, 1355, 1371, 1373, 1412, 1413]
556: [22, 40, 59, 64, 103, 154, 177, 209, 217, 255, 271, 276, 292, 293, 345, 355, 360, 384, 420, 433, 444, 485, 499, 504, 555, 557, 607, 624, 641, 713, 716, 732, 752, 796, 807, 851, 873, 883, 895, 917, 933, 936, 952, 960, 971, 976, 981, 989, 998, 1054, 1105, 1110, 1128, 1150, 1178, 1194, 1228, 1240, 1290, 1291, 1319, 1357, 1358, 1385, 1389, 1417]
557: [59, 72, 87, 103, 111, 159, 176, 178, 193, 218, 231, 238, 239, 241, 242, 257, 284, 289, 300, 344, 370, 412, 414, 415, 423, 445, 450, 457, 479, 491, 501, 516, 552, 556, 558, 608, 645, 673, 678, 721, 744, 759, 760, 772, 774, 778, 783, 802, 815, 820, 840, 844, 863, 865, 875, 913, 919, 923, 924, 967, 1000, 1006, 1009, 1037, 1112, 1127, 1132, 1167, 1300, 1304, 1312, 1321, 1357, 1421, 1463]
558: [44, 52, 95, 96, 100, 107, 127, 198, 219, 227, 348, 422, 437, 480, 515, 540, 557, 559, 564, 601, 637, 662, 664, 671, 694, 703, 706, 712, 715, 744, 749, 759, 771, 806, 812, 835, 875, 883, 887, 889, 917, 920, 932, 935, 942, 945, 957, 973, 1045, 1066, 1086, 1127, 1143, 1190, 1191, 1206, 1221, 1241, 1266, 1268, 1269, 1312, 1316, 1334, 1357, 1401, 1406]
559: [19, 43, 46, 65, 111, 112, 125, 167, 174, 178, 184, 198, 199, 213, 248, 269, 282, 305, 313, 330, 341, 370, 401, 414, 421, 457, 521, 523, 527, 550, 558, 560, 600, 640, 668, 675, 693, 745, 763, 795, 807, 822, 838, 839, 846, 894, 905, 928, 947, 970, 979, 1051, 1076, 1092, 1100, 1105, 1107, 1118, 1137, 1195, 1227, 1231, 1233, 1251, 1258, 1306, 1347, 1386, 1390, 1414, 1432, 1435, 1439, 1469]
560: [21, 59, 62, 73, 103, 112, 129, 153, 230, 260, 261, 267, 277, 308, 345, 350, 380, 468, 475, 540, 559, 561, 564, 569, 586, 595, 669, 695, 729, 769, 782, 790, 832, 868, 885, 902, 905, 919, 932, 974, 1008, 1011, 1031, 1106, 1135, 1182, 1186, 1208, 1227, 1228, 1252, 1281, 1325, 1361, 1369, 1403, 1410, 1411, 1429, 1433, 1436, 1459, 1464]
561: [35, 57, 64, 90, 97, 166, 171, 284, 325, 365, 382, 401, 458, 488, 501, 503, 508, 513, 553, 560, 562, 568, 570, 605, 639, 644, 648, 661, 684, 694, 703, 705, 718, 806, 876, 883, 941, 983, 985, 1022, 1082, 1090, 1099, 1114, 1115, 1162, 1163, 1199, 1250, 1253, 1266, 1302, 1324, 1344, 1345, 1364, 1401, 1418, 1461, 1467, 1470, 1485]
562: [17, 30, 35, 49, 50, 68, 89, 113, 141, 163, 168, 178, 185, 202, 227, 237, 245, 249, 265, 272, 293, 313, 361, 367, 386, 390, 392, 404, 419, 424, 441, 479, 505, 541, 542, 544, 561, 563, 566, 582, 605, 612, 622, 633, 643, 654, 669, 684, 693, 712, 726, 787, 791, 795, 870, 874, 876, 888, 945, 956, 965, 971, 990, 991, 997, 998, 1051, 1064, 1084, 1131, 1139, 1199, 1207, 1214, 1222, 1231, 1243, 1244, 1272, 1291, 1347, 1352, 1380, 1385, 1400, 1420, 1423, 1435, 1438, 1480, 1489]
563: [43, 46, 80, 90, 133, 152, 195, 212, 280, 284, 346, 357, 395, 397, 410, 415, 446, 452, 454, 455, 460, 483, 513, 514, 526, 546, 562, 564, 579, 581, 590, 591, 596, 645, 652, 688, 706, 748, 825, 827, 856, 871, 873, 877, 919, 968, 998, 1002, 1019, 1048, 1051, 1113, 1150, 1155, 1204, 1208, 1255, 1278, 1293, 1294, 1333, 1352, 1356, 1372, 1393, 1428, 1457, 1458, 1479, 1494]
564: [32, 41, 58, 60, 73, 86, 91, 105, 108, 118, 145, 165, 166, 173, 183, 188, 204, 234, 255, 384, 393, 426, 443, 450, 467, 488, 497, 518, 535, 558, 560, 563, 565, 568, 571, 572, 585, 587, 615, 637, 662, 664, 679, 699, 701, 716, 726, 729, 741, 800, 826, 837, 841, 870, 883, 890, 894, 915, 929, 934, 945, 954, 976, 999, 1009, 1062, 1064, 1067, 1068, 1074, 1084, 1141, 1156, 1181, 1182, 1197, 1243, 1265, 1268, 1273, 1324, 1333, 1346, 1367, 1376, 1413, 1422, 1426, 1480, 1486, 1499]
565: [29, 62, 100, 102, 143, 161, 189, 195, 210, 261, 281, 293, 345, 369, 406, 414, 420, 425, 467, 500, 514, 515, 541, 564, 566, 576, 581, 587, 611, 622, 626, 662, 688, 712, 722, 766, 807, 827, 848, 924, 968, 981, 984, 1004, 1018, 1020, 1021, 1036, 1042, 1050, 1075, 1111, 1129, 1174, 1181, 1198, 1209, 1297, 1300, 1324, 1332, 1358, 1371, 1376, 1416, 1443, 1462, 1485]
566: [22, 27, 61, 70, 82, 106, 155, 179, 181, 193, 195, 251, 258, 277, 279, 296, 309, 360, 366, 404, 460, 474, 482, 490, 492, 529, 549, 562, 565, 567, 577, 585, 609, 611, 619, 623, 631, 634, 668, 676, 679, 703, 710, 718, 780, 803, 804, 812, 828, 829, 855, 863, 867, 873, 896, 929, 945, 973, 990, 994, 1003, 1036, 1046, 1047, 1057, 1080, 1087, 1113, 1128, 1144, 1189, 1192, 1203, 1215, 1227, 1229, 1231, 1248, 1298, 1300, 1324, 1388, 1393, 1418, 1422, 1432, 1433]
567: [134, 149, 180, 203, 228, 293, 360, 381, 389, 415, 420, 425, 501, 502, 566, 568, 578, 590, 601, 614, 625, 638, 642, 646, 729, 785, 803, 863, 884, 969, 1008, 1015, 1016, 1024, 1025, 1030, 1045, 1128, 1140, 1144, 1154, 1172, 1207, 1211, 1217, 1333, 1338, 1366, 1381, 1394, 1481, 1491]
568: [40, 62, 67, 83, 150, 159, 163, 174, 175, 191, 253, 286, 301, 312, 366, 373, 440, 448, 481, 496, 515, 518, 533, 561, 564, 567, 569, 581, 599, 633, 638, 646, 658, 662, 671, 680, 682, 687, 690, 733, 737, 746, 753, 758, 792, 803, 812, 826, 854, 916, 986, 1018, 1040, 1064, 1073, 1080, 1113, 1174, 1179, 1198, 1205, 1221, 1240, 1251, 1273, 1304, 1339, 1353, 1384, 1410, 1443, 1481, 1498]
569: [21, 75, 108, 111, 154, 280, 307, 308, 368, 422, 428, 431, 434, 445, 457, 509, 539, 555, 560, 568, 570, 601, 650, 707, 711, 748, 759, 794, 804, 824, 847, 890, 912, 913, 919, 940, 956, 960, 966, 971, 982, 1016, 1031, 1034, 1065, 1091, 1110, 1112, 1113, 1183, 1196, 1209, 1213, 1224, 1228, 1279, 1302, 1308, 1317, 1361, 1382, 1383, 1471]
570: [19, 60, 82, 83, 87, 102, 108, 113, 123, 128, 178, 179, 214, 223, 230, 244, 274, 277, 303, 320, 332, 407, 409, 463, 487, 507, 561, 569, 571, 574, 593, 607, 615, 632, 668, 678, 706, 734, 769, 790, 818, 833, 846, 849, 860, 896, 943, 964, 988, 1020, 1023, 1043, 1055, 1065, 1066, 1127, 1154, 1175, 1191, 1218, 1265, 1275, 1286, 1315, 1321, 1331, 1379, 1407, 1470, 1482, 1489, 1496]
571: [24, 88, 126, 133, 135, 138, 230, 248, 270, 271, 276, 288, 304, 367, 370, 372, 382, 385, 392, 393, 411, 415, 418, 444, 445, 462, 467, 484, 486, 500, 501, 521, 545, 564, 570, 572, 622, 626, 634, 708, 716, 720, 733, 752, 756, 810, 849, 868, 888, 890, 892, 893, 913, 914, 925, 929, 930, 950, 963, 969, 997, 1026, 1032, 1049, 1064, 1086, 1152, 1153, 1160, 1183, 1195, 1207, 1209, 1242, 1287, 1309, 1316, 1335, 1338, 1345, 1353, 1361, 1364, 1408, 1479, 1489]
572: [29, 31, 54, 65, 91, 97, 111, 114, 119, 124, 132, 210, 239, 254, 302, 323, 328, 354, 358, 379, 402, 420, 424, 430, 434, 484, 506, 520, 523, 541, 546, 564, 571, 573, 576, 580, 586, 664, 771, 775, 776, 782, 795, 797, 801, 808, 818, 838, 881, 893, 902, 924, 938, 940, 941, 944, 950, 962, 1006, 1014, 1025, 1040, 1050, 1069, 1089, 1090, 1123, 1166, 1186, 1197, 1229, 1235, 1257, 1263, 1276, 1357, 1358, 1362, 1363, 1380, 1391, 1400, 1410, 1425, 1440, 1458, 1471, 1486, 1498]
573: [14, 20, 32, 79, 86, 98, 108, 119, 137, 149, 262, 267, 269, 314, 316, 321, 324, 396, 398, 412, 436, 438, 450, 493, 498, 506, 534, 572, 574, 591, 605, 615, 689, 704, 746, 758, 771, 798, 804, 813, 820, 822, 832, 836, 849, 854, 875, 876, 896, 904, 910, 920, 935, 957, 965, 968, 970, 1004, 1024, 1068, 1128, 1140, 1193, 1222, 1261, 1298, 1319, 1353, 1380, 1403, 1413, 1423, 1425, 1429, 1440, 1447, 1491, 1495, 1499]
574: [18, 20, 27, 86, 116, 164, 171, 209, 225, 232, 235, 269, 272, 316, 319, 356, 363, 377, 395, 410, 421, 443, 446, 447, 459, 463, 518, 524, 546, 570, 573, 575, 602, 610, 659, 688, 706, 710, 723, 726, 730, 741, 764, 768, 806, 827, 844, 890, 926, 945, 954, 992, 998, 1001, 1008, 1013, 1019, 1044, 1053, 1156, 1181, 1254, 1270, 1280, 1294, 1343, 1348, 1358, 1362, 1381, 1428, 1443, 1445, 1480]
575: [16, 56, 74, 81, 93, 94, 144, 170, 183, 199, 222, 241, 258, 286, 304, 314, 316, 330, 335, 345, 368, 387, 454, 498, 530, 538, 547, 574, 576, 669, 701, 719, 722, 775, 804, 815, 818, 845, 860, 878, 899, 920, 928, 950, 953, 962, 976, 984, 1031, 1070, 1147, 1167, 1175, 1196, 1232, 1240, 1276, 1294, 1315, 1344, 1354, 1379, 1386, 1424, 1435, 1448]
576: [78, 82, 96, 112, 132, 191, 232, 259, 268, 282, 290, 295, 348, 376, 397, 448, 451, 452, 512, 523, 525, 565, 572, 575, 577, 601, 616, 627, 656, 669, 679, 837, 848, 857, 873, 896, 913, 931, 974, 1025, 1096, 1107, 1108, 1150, 1161, 1168, 1172, 1188, 1213, 1216, 1218, 1251, 1253, 1276, 1294, 1301, 1320, 1355, 1423, 1451, 1455, 1493]
577: [39, 113, 128, 133, 142, 144, 155, 168, 178, 185, 191, 197, 199, 211, 218, 240, 256, 260, 267, 272, 291, 299, 315, 407, 411, 414, 433, 434, 440, 483, 489, 515, 546, 566, 576, 578, 582, 592, 620, 627, 633, 659, 712, 731, 732, 734, 775, 805, 814, 831, 840, 856, 866, 892, 898, 916, 928, 935, 943, 990, 1016, 1035, 1044, 1050, 1063, 1081, 1096, 1112, 1122, 1124, 1161, 1185, 1246, 1262, 1275, 1299, 1355, 1405, 1409, 1417, 1463, 1464, 1493]
578: [91, 131, 162, 168, 180, 215, 230, 231, 233, 255, 265, 287, 293, 319, 324, 357, 359, 373, 374, 389, 425, 441, 453, 457, 484, 509, 537, 567, 577, 579, 613, 638, 643, 661, 692, 696, 702, 711, 715, 720, 725, 727, 804, 830, 837, 858, 903, 913, 928, 957, 961, 977, 982, 983, 988, 1016, 1022, 1032, 1057, 1070, 1084, 1090, 1098, 1127, 1142, 1155, 1167, 1189, 1214, 1215, 1216, 1229, 1236, 1252, 1259, 1323, 1347, 1348, 1373, 1453, 1459, 1465, 1488]
579: [40, 68, 93, 115, 120, 123, 136, 159, 193, 195, 202, 239, 253, 302, 306, 319, 321, 335, 369, 411, 426, 435, 441, 446, 449, 482, 503, 509, 517, 540, 541, 563, 578, 580, 588, 589, 620, 638, 655, 693, 695, 711, 731, 736, 740, 783, 817, 821, 856, 857, 871, 935, 955, 959, 994, 1045, 1069, 1080, 1088, 1136, 1156, 1178, 1179, 1182, 1190, 1229, 1244, 1255, 1259, 1269, 1322, 1329, 1340, 1352, 1392, 1406, 1418, 1437, 1438, 1490]
580: [56, 92, 96, 101, 105, 120, 124, 134, 136, 165, 171, 189, 191, 195, 219, 225, 290, 319, 326, 361, 382, 395, 409, 413, 430, 459, 465, 467, 475, 536, 572, 579, 581, 594, 600, 649, 664, 681, 682, 724, 735, 764, 770, 775, 909, 923, 944, 951, 957, 962, 967, 972, 1001, 1003, 1018, 1025, 1038, 1048, 1084, 1087, 1131, 1153, 1160, 1165, 1174, 1177, 1196, 1218, 1228, 1237, 1260, 1262, 1283, 1399, 1417, 1418, 1424, 1452, 1453, 1467]
581: [50, 51, 58, 82, 96, 100, 101, 116, 125, 129, 132, 156, 166, 203, 212, 237, 239, 243, 247, 266, 288, 299, 314, 390, 414, 431, 437, 452, 463, 467, 492, 497, 498, 537, 542, 563, 565, 568, 580, 582, 597, 611, 630, 640, 665, 674, 679, 683, 691, 750, 778, 781, 800, 808, 834, 860, 861, 896, 904, 907, 916, 917, 918, 947, 961, 964, 1001, 1010, 1019, 1065, 1066, 1075, 1078, 1087, 1105, 1138, 1157, 1173, 1209, 1228, 1250, 1255, 1271, 1276, 1277, 1306, 1315, 1330, 1333, 1355, 1414, 1496]
582: [23, 24, 25, 81, 100, 128, 154, 178, 186, 215, 216, 228, 238, 244, 248, 279, 287, 293, 305, 347, 348, 356, 375, 384, 408, 414, 421, 445, 447, 473, 489, 519, 522, 547, 562, 577, 581, 583, 627, 646, 648, 658, 662, 680, 701, 702, 718, 744, 759, 788, 813, 826, 903, 937, 954, 960, 969, 978, 1002, 1006, 1010, 1059, 1073, 1140, 1142, 1154, 1175, 1205, 1247, 1308, 1314, 1360, 1389, 1444, 1490, 1497]
583: [71, 126, 146, 162, 206, 209, 232, 237, 285, 288, 289, 291, 307, 321, 344, 345, 346, 352, 354, 376, 384, 388, 400, 403, 404, 409, 498, 513, 520, 524, 582, 584, 593, 606, 610, 626, 645, 675, 688, 731, 741, 774, 782, 784, 791, 797, 815, 824, 836, 857, 876, 883, 983, 985, 991, 1039, 1050, 1079, 1098, 1146, 1162, 1171, 1201, 1212, 1225, 1247, 1295, 1317, 1320, 1384, 1401, 1465]
584: [26, 54, 76, 133, 160, 184, 190, 199, 200, 203, 226, 232, 243, 248, 267, 275, 353, 369, 375, 393, 406, 410, 428, 505, 514, 530, 583, 585, 589, 609, 639, 679, 706, 710, 725, 765, 767, 785, 804, 819, 838, 848, 852, 860, 886, 888, 896, 919, 921, 951, 956, 980, 989, 993, 1000, 1015, 1035, 1036, 1041, 1044, 1056, 1068, 1070, 1091, 1125, 1148, 1155, 1208, 1226, 1231, 1275, 1286, 1290, 1297, 1340, 1387, 1458]
585: [24, 26, 34, 74, 75, 102, 126, 166, 172, 211, 306, 328, 346, 351, 364, 369, 385, 416, 436, 457, 466, 504, 516, 518, 564, 566, 584, 586, 593, 602, 615, 623, 630, 645, 662, 688, 694, 706, 740, 747, 748, 750, 760, 794, 806, 812, 819, 823, 828, 848, 885, 901, 917, 939, 956, 960, 979, 991, 1012, 1029, 1079, 1111, 1118, 1137, 1151, 1169, 1176, 1197, 1210, 1227, 1229, 1295, 1299, 1301, 1353, 1361, 1417, 1434, 1453, 1469, 1472, 1485]
586: [14, 24, 37, 41, 61, 67, 92, 118, 139, 147, 148, 160, 166, 168, 176, 180, 182, 196, 200, 201, 213, 234, 249, 262, 273, 302, 338, 350, 354, 358, 380, 390, 392, 486, 498, 528, 560, 572, 585, 587, 604, 639, 648, 674, 686, 716, 732, 749, 757, 777, 786, 795, 843, 858, 868, 892, 934, 944, 960, 970, 985, 1043, 1057, 1079, 1085, 1089, 1120, 1136, 1143, 1197, 1200, 1237, 1272, 1291, 1311, 1322, 1330, 1352, 1359, 1401, 1402, 1469, 1483, 1484, 1494, 1496]
587: [14, 24, 54, 70, 75, 110, 119, 126, 130, 131, 133, 142, 178, 195, 197, 217, 233, 236, 243, 244, 247, 279, 305, 336, 353, 360, 363, 369, 394, 408, 409, 449, 450, 494, 505, 523, 528, 546, 564, 565, 586, 588, 632, 647, 661, 765, 804, 813, 860, 868, 870, 906, 913, 930, 951, 1030, 1038, 1052, 1073, 1081, 1126, 1131, 1143, 1159, 1172, 1206, 1224, 1250, 1256, 1298, 1299, 1304, 1336, 1357, 1384, 1387, 1410, 1431, 1453, 1475, 1487, 1488]
588: [26, 31, 36, 58, 80, 116, 119, 122, 127, 149, 167, 223, 238, 265, 266, 279, 284, 344, 366, 385, 396, 426, 442, 457, 469, 474, 483, 501, 517, 543, 550, 579, 587, 589, 603, 604, 622, 642, 663, 671, 689, 690, 724, 748, 752, 754, 774, 797, 803, 818, 831, 870, 876, 886, 899, 923, 935, 946, 974, 986, 994, 1017, 1022, 1048, 1100, 1117, 1127, 1175, 1177, 1200, 1201, 1206, 1221, 1238, 1253, 1254, 1313, 1326, 1330, 1341, 1352, 1394, 1425, 1437, 1455]
589: [29, 53, 61, 62, 69, 104, 115, 128, 146, 147, 151, 180, 272, 296, 323, 351, 367, 368, 384, 385, 397, 405, 407, 450, 474, 509, 520, 579, 584, 588, 590, 592, 597, 623, 635, 670, 685, 691, 726, 736, 740, 785, 802, 825, 835, 873, 909, 945, 953, 970, 976, 1017, 1066, 1076, 1175, 1181, 1186, 1192, 1200, 1263, 1268, 1296, 1332, 1337, 1362, 1382, 1389, 1416, 1423, 1452, 1472, 1498]
590: [48, 54, 86, 96, 122, 131, 132, 139, 150, 184, 190, 252, 270, 271, 274, 293, 296, 315, 323, 325, 432, 437, 474, 478, 485, 506, 563, 567, 589, 591, 611, 613, 650, 664, 730, 743, 748, 750, 752, 754, 755, 772, 783, 810, 885, 887, 894, 930, 946, 951, 975, 981, 989, 1077, 1091, 1143, 1164, 1174, 1199, 1220, 1242, 1251, 1256, 1285, 1303, 1305, 1311, 1339, 1342, 1347, 1378, 1385, 1398, 1412, 1419, 1422, 1423, 1441, 1443, 1454]
591: [19, 47, 49, 120, 121, 140, 142, 155, 168, 192, 213, 248, 273, 289, 296, 305, 306, 341, 344, 347, 372, 385, 391, 404, 443, 452, 453, 455, 465, 469, 485, 501, 507, 508, 511, 513, 516, 538, 542, 550, 563, 573, 590, 592, 631, 646, 655, 665, 699, 700, 720, 763, 772, 781, 797, 807, 841, 842, 889, 890, 903, 918, 961, 968, 970, 984, 991, 1001, 1011, 1030, 1033, 1111, 1140, 1166, 1190, 1201, 1217, 1263, 1276, 1305, 1349, 1355, 1382, 1390, 1392, 1399, 1432, 1449, 1455, 1460]
592: [42, 44, 72, 73, 102, 115, 169, 191, 192, 223, 264, 271, 316, 324, 330, 381, 386, 427, 432, 441, 485, 520, 536, 577, 589, 591, 593, 596, 605, 610, 620, 627, 629, 638, 656, 657, 664, 668, 772, 813, 840, 845, 858, 876, 892, 937, 938, 960, 1002, 1003, 1040, 1051, 1055, 1058, 1061, 1067, 1068, 1079, 1085, 1092, 1126, 1144, 1175, 1208, 1292, 1302, 1306, 1349, 1357, 1389, 1430, 1482, 1489]
593: [25, 36, 53, 103, 124, 133, 149, 176, 192, 199, 202, 217, 265, 269, 289, 309, 312, 327, 393, 425, 450, 454, 467, 468, 479, 520, 525, 527, 552, 570, 583, 585, 592, 594, 604, 643, 646, 650, 683, 699, 716, 725, 756, 781, 807, 810, 811, 840, 857, 863, 886, 895, 908, 917, 933, 938, 940, 942, 959, 972, 996, 1017, 1020, 1030, 1049, 1086, 1094, 1095, 1115, 1125, 1174, 1200, 1209, 1215, 1247, 1267, 1274, 1278, 1288, 1295, 1300, 1310, 1340, 1341, 1394, 1424, 1425, 1428, 1429, 1439, 1441, 1449, 1492]
594: [24, 44, 59, 66, 86, 91, 141, 172, 237, 245, 246, 317, 318, 356, 381, 383, 435, 478, 480, 498, 503, 507, 508, 531, 533, 551, 580, 593, 595, 597, 601, 617, 624, 634, 673, 674, 725, 780, 793, 818, 825, 845, 856, 869, 881, 903, 912, 924, 956, 1013, 1014, 1046, 1069, 1097, 1113, 1138, 1153, 1162, 1257, 1277, 1352, 1396, 1417]
595: [30, 42, 50, 68, 74, 123, 129, 140, 149, 172, 179, 203, 212, 256, 258, 270, 290, 316, 317, 339, 341, 355, 397, 404, 437, 475, 512, 526, 529, 533, 560, 594, 596, 597, 635, 642, 651, 677, 682, 725, 738, 767, 769, 779, 784, 790, 815, 878, 909, 915, 921, 931, 937, 940, 966, 1007, 1047, 1058, 1120, 1127, 1142, 1145, 1148, 1157, 1171, 1176, 1189, 1207, 1246, 1267, 1269, 1274, 1276, 1302, 1318, 1331, 1357, 1374, 1395, 1437, 1494]
596: [68, 72, 73, 77, 79, 81, 82, 83, 86, 111, 120, 121, 132, 157, 189, 207, 225, 243, 262, 282, 310, 326, 415, 443, 447, 473, 486, 504, 507, 534, 538, 541, 547, 563, 592, 595, 597, 639, 648, 657, 666, 674, 679, 681, 693, 708, 713, 729, 776, 782, 818, 828, 864, 927, 931, 955, 996, 1015, 1019, 1039, 1051, 1053, 1073, 1084, 1106, 1136, 1142, 1147, 1230, 1241, 1309, 1338, 1391, 1415]
597: [72, 77, 106, 107, 209, 210, 221, 252, 280, 285, 327, 437, 472, 480, 483, 507, 581, 589, 594, 595, 596, 598, 604, 617, 637, 650, 700, 707, 713, 750, 772, 792, 808, 812, 818, 828, 838, 844, 863, 864, 878, 890, 902, 907, 927, 937, 976, 999, 1028, 1030, 1039, 1043, 1051, 1075, 1084, 1085, 1101, 1118, 1139, 1149, 1203, 1217, 1227, 1265, 1314, 1318, 1320, 1356, 1370, 1371, 1379, 1384, 1430]
598: [31, 57, 60, 136, 161, 182, 208, 226, 276, 280, 287, 309, 322, 329, 332, 333, 347, 350, 391, 429, 433, 441, 478, 526, 528, 555, 597, 599, 638, 647, 649, 661, 696, 701, 706, 715, 726, 749, 794, 795, 796, 800, 840, 859, 904, 912, 918, 920, 930, 948, 950, 960, 961, 1036, 1078, 1099, 1105, 1131, 1133, 1163, 1168, 1186, 1189, 1191, 1203, 1257, 1292, 1302, 1319, 1329, 1361, 1418, 1444, 1475, 1482]
599: [15, 28, 67, 78, 88, 111, 118, 123, 125, 176, 179, 180, 216, 243, 292, 299, 303, 307, 316, 325, 355, 380, 399, 401, 405, 417, 423, 432, 444, 471, 500, 509, 568, 598, 600, 604, 669, 671, 708, 787, 810, 814, 849, 892, 893, 902, 903, 925, 929, 952, 962, 972, 985, 989, 1028, 1029, 1063, 1072, 1080, 1099, 1105, 1137, 1139, 1150, 1160, 1206, 1229, 1245, 1249, 1272, 1277, 1288, 1293, 1385, 1388, 1396, 1411, 1418, 1422, 1478]
600: [57, 64, 102, 110, 183, 245, 246, 267, 278, 299, 329, 334, 379, 381, 391, 394, 395, 418, 429, 463, 485, 514, 523, 526, 559, 580, 599, 601, 620, 630, 679, 688, 725, 737, 791, 813, 825, 832, 853, 869, 871, 906, 922, 928, 932, 992, 1020, 1041, 1117, 1119, 1125, 1168, 1170, 1186, 1191, 1193, 1209, 1222, 1227, 1237, 1254, 1256, 1279, 1311, 1328, 1342, 1355, 1371, 1400, 1405, 1406, 1419, 1420, 1451, 1457, 1465, 1477, 1478]
601: [30, 52, 72, 87, 109, 115, 128, 139, 156, 185, 203, 230, 255, 284, 312, 316, 346, 351, 362, 368, 383, 398, 444, 449, 455, 470, 472, 475, 493, 540, 548, 558, 567, 569, 576, 594, 600, 602, 605, 607, 625, 663, 690, 720, 721, 726, 770, 776, 780, 783, 809, 816, 825, 843, 851, 906, 909, 910, 917, 939, 971, 978, 983, 988, 992, 1006, 1022, 1055, 1083, 1093, 1100, 1108, 1130, 1156, 1160, 1166, 1167, 1180, 1186, 1205, 1228, 1249, 1259, 1263, 1293, 1340, 1389, 1455, 1490]
602: [20, 27, 37, 56, 151, 199, 205, 216, 221, 250, 277, 291, 295, 319, 330, 333, 356, 387, 399, 403, 409, 415, 440, 456, 471, 472, 492, 502, 512, 574, 585, 601, 603, 622, 642, 656, 673, 689, 698, 706, 711, 732, 744, 748, 753, 755, 775, 781, 797, 800, 801, 891, 900, 996, 1044, 1056, 1146, 1161, 1162, 1166, 1191, 1207, 1220, 1228, 1230, 1262, 1263, 1281, 1329, 1336, 1342, 1348, 1377, 1393, 1402, 1490]
603: [18, 34, 42, 49, 54, 69, 76, 83, 132, 180, 219, 230, 233, 249, 259, 300, 304, 315, 335, 345, 368, 396, 400, 422, 449, 450, 452, 479, 480, 488, 502, 503, 520, 544, 588, 602, 604, 616, 620, 630, 702, 705, 718, 730, 733, 758, 760, 780, 798, 814, 820, 824, 832, 835, 840, 874, 876, 890, 917, 932, 1038, 1042, 1045, 1054, 1071, 1076, 1081, 1129, 1160, 1186, 1187, 1193, 1239, 1247, 1292, 1325, 1339, 1341, 1348, 1378, 1408, 1410, 1431]
604: [25, 27, 60, 71, 100, 119, 156, 172, 181, 240, 290, 299, 301, 351, 360, 362, 370, 374, 388, 398, 426, 429, 435, 459, 471, 479, 509, 542, 586, 588, 593, 597, 599, 603, 605, 610, 634, 636, 684, 691, 712, 713, 724, 733, 737, 752, 765, 797, 817, 841, 845, 854, 867, 882, 886, 890, 934, 938, 945, 966, 976, 993, 994, 996, 998, 1030, 1046, 1066, 1108, 1128, 1181, 1188, 1189, 1204, 1214, 1218, 1220, 1229, 1240, 1248, 1255, 1285, 1310, 1312, 1316, 1349, 1355, 1369, 1377, 1385, 1435, 1451, 1452, 1472, 1474, 1481]
605: [37, 49, 63, 67, 86, 87, 99, 127, 154, 158, 163, 178, 180, 189, 193, 204, 207, 237, 261, 287, 309, 348, 409, 417, 450, 478, 503, 554, 561, 562, 573, 592, 601, 604, 606, 623, 648, 651, 664, 678, 697, 704, 762, 775, 806, 814, 842, 861, 872, 876, 889, 890, 896, 918, 919, 936, 956, 977, 982, 986, 1032, 1069, 1082, 1086, 1087, 1094, 1096, 1145, 1154, 1230, 1239, 1242, 1244, 1246, 1247, 1268, 1298, 1339, 1353, 1388, 1406, 1444]
606: [17, 20, 33, 39, 52, 64, 75, 104, 109, 145, 169, 177, 183, 184, 201, 219, 230, 253, 255, 264, 265, 311, 324, 332, 352, 356, 358, 361, 390, 393, 484, 486, 492, 514, 525, 526, 583, 605, 607, 623, 666, 670, 685, 718, 732, 790, 800, 823, 840, 852, 864, 898, 900, 907, 931, 948, 971, 973, 1013, 1020, 1029, 1032, 1046, 1048, 1054, 1094, 1105, 1172, 1179, 1241, 1247, 1252, 1266, 1268, 1292, 1341, 1352, 1358, 1367, 1391, 1397, 1408, 1430, 1449, 1457, 1490]
607: [15, 24, 93, 98, 178, 253, 303, 310, 322, 327, 341, 373, 395, 408, 474, 514, 519, 550, 556, 570, 601, 606, 608, 621, 648, 654, 673, 692, 744, 799, 822, 845, 850, 853, 885, 889, 895, 938, 962, 1012, 1041, 1061, 1071, 1077, 1084, 1151, 1156, 1162, 1165, 1168, 1181, 1198, 1227, 1231, 1278, 1310, 1314, 1332, 1380, 1394, 1440, 1452, 1468, 1479]
608: [15, 17, 21, 38, 39, 41, 87, 103, 140, 191, 238, 255, 277, 294, 308, 320, 326, 330, 355, 363, 386, 407, 428, 444, 456, 490, 514, 531, 557, 607, 609, 650, 651, 653, 688, 694, 714, 778, 815, 826, 863, 865, 958, 965, 994, 1008, 1026, 1047, 1048, 1049, 1081, 1086, 1131, 1144, 1149, 1175, 1205, 1234, 1235, 1247, 1295, 1340, 1346, 1366, 1374, 1389, 1411, 1458, 1475, 1479]
609: [50, 60, 77, 90, 136, 176, 193, 221, 245, 249, 279, 313, 321, 338, 350, 365, 366, 375, 395, 417, 479, 494, 501, 537, 547, 553, 566, 584, 608, 610, 638, 640, 655, 667, 694, 701, 756, 779, 788, 799, 807, 855, 881, 896, 906, 929, 944, 973, 1013, 1034, 1036, 1068, 1070, 1150, 1153, 1160, 1212, 1242, 1257, 1260, 1297, 1299, 1307, 1324, 1345, 1363, 1426, 1463, 1471, 1487]
610: [34, 41, 47, 76, 101, 133, 150, 156, 176, 190, 195, 201, 226, 234, 249, 255, 290, 297, 303, 340, 344, 352, 377, 384, 426, 430, 449, 465, 468, 486, 520, 544, 574, 583, 592, 604, 609, 611, 637, 692, 698, 699, 714, 771, 786, 793, 825, 880, 885, 915, 929, 934, 942, 970, 1036, 1061, 1063, 1068, 1132, 1141, 1155, 1193, 1208, 1228, 1234, 1275, 1321, 1330, 1365, 1374, 1376, 1378, 1389, 1425, 1434, 1437, 1460, 1495]
611: [31, 137, 138, 148, 149, 162, 240, 284, 300, 303, 304, 341, 383, 385, 394, 396, 398, 405, 412, 428, 443, 461, 533, 565, 566, 581, 590, 610, 612, 658, 686, 710, 713, 743, 853, 875, 904, 925, 955, 967, 972, 1021, 1022, 1048, 1049, 1127, 1177, 1178, 1181, 1229, 1233, 1244, 1251, 1349, 1365, 1366, 1367, 1427, 1430, 1444, 1447]
612: [18, 27, 28, 53, 68, 77, 93, 113, 147, 165, 175, 213, 227, 234, 279, 307, 312, 354, 364, 371, 379, 383, 385, 393, 409, 411, 433, 441, 444, 455, 463, 508, 511, 516, 554, 562, 611, 613, 630, 634, 682, 686, 694, 714, 732, 758, 773, 774, 816, 862, 876, 879, 906, 911, 919, 920, 934, 959, 960, 1037, 1087, 1098, 1134, 1153, 1162, 1164, 1184, 1193, 1264, 1276, 1289, 1291, 1334, 1338, 1352, 1366, 1372, 1382, 1391, 1404, 1439, 1450, 1490]
613: [29, 42, 44, 64, 72, 73, 98, 122, 200, 213, 218, 220, 221, 230, 241, 279, 280, 288, 290, 298, 444, 477, 490, 528, 543, 547, 578, 590, 612, 614, 615, 619, 629, 676, 695, 697, 718, 781, 796, 809, 833, 840, 847, 859, 891, 892, 911, 959, 960, 971, 977, 990, 998, 1026, 1054, 1067, 1077, 1098, 1099, 1104, 1128, 1149, 1151, 1162, 1186, 1235, 1270, 1339, 1346, 1378, 1442, 1444, 1455]
614: [33, 39, 50, 82, 107, 146, 164, 194, 206, 254, 268, 290, 295, 298, 299, 353, 356, 382, 390, 402, 405, 410, 541, 542, 567, 613, 615, 630, 643, 659, 676, 687, 701, 729, 756, 769, 804, 853, 871, 921, 944, 966, 982, 985, 1011, 1017, 1039, 1090, 1112, 1165, 1166, 1178, 1214, 1221, 1242, 1253, 1268, 1273, 1277, 1283, 1312, 1370, 1384, 1413, 1420, 1427, 1428, 1434, 1447, 1450, 1458, 1469, 1486]
615: [22, 40, 53, 66, 90, 137, 164, 165, 184, 226, 234, 256, 262, 348, 352, 383, 390, 396, 398, 406, 432, 448, 486, 520, 547, 564, 570, 573, 585, 613, 614, 616, 626, 642, 669, 696, 709, 718, 722, 739, 802, 814, 822, 826, 839, 847, 859, 868, 929, 960, 1020, 1070, 1074, 1080, 1083, 1084, 1087, 1098, 1101, 1133, 1141, 1149, 1159, 1169, 1178, 1189, 1263, 1291, 1342, 1347, 1350, 1387, 1425, 1453]
616: [19, 25, 33, 89, 111, 128, 129, 161, 220, 235, 292, 308, 311, 362, 380, 421, 507, 523, 547, 576, 603, 615, 617, 625, 633, 639, 671, 687, 709, 710, 712, 714, 719, 740, 745, 774, 785, 793, 803, 825, 868, 869, 879, 882, 894, 917, 930, 949, 961, 973, 1005, 1027, 1078, 1085, 1091, 1167, 1179, 1189, 1191, 1200, 1244, 1263, 1284, 1287, 1331, 1333, 1342, 1357, 1397, 1400, 1405, 1436, 1455, 1456]
617: [32, 38, 112, 131, 157, 188, 206, 208, 210, 237, 275, 287, 294, 370, 473, 536, 545, 550, 553, 594, 597, 616, 618, 624, 652, 662, 671, 673, 674, 699, 716, 750, 775, 779, 796, 848, 871, 878, 882, 885, 924, 941, 952, 958, 960, 992, 1025, 1028, 1096, 1102, 1168, 1173, 1186, 1241, 1244, 1261, 1262, 1297, 1320, 1321, 1330, 1346, 1361, 1384, 1388, 1397, 1398, 1402, 1409, 1462, 1471]
618: [14, 32, 67, 70, 118, 123, 131, 133, 146, 152, 165, 238, 254, 255, 265, 305, 333, 347, 378, 399, 402, 430, 443, 467, 469, 487, 492, 527, 528, 555, 617, 619, 621, 672, 679, 695, 721, 751, 774, 787, 797, 813, 847, 919, 930, 944, 950, 975, 1001, 1008, 1011, 1042, 1047, 1053, 1068, 1069, 1093, 1123, 1154, 1158, 1168, 1223, 1258, 1266, 1285, 1316, 1333, 1343, 1354, 1411, 1436, 1441]
619: [70, 107, 136, 190, 229, 242, 298, 308, 322, 378, 381, 414, 427, 445, 470, 497, 500, 506, 520, 530, 532, 552, 566, 613, 618, 620, 684, 687, 689, 737, 738, 751, 789, 820, 828, 837, 868, 870, 890, 905, 919, 942, 946, 980, 981, 986, 989, 1017, 1019, 1066, 1068, 1107, 1150, 1166, 1183, 1191, 1242, 1270, 1282, 1345, 1375, 1384, 1432, 1433, 1442, 1445, 1448, 1471]
620: [27, 44, 66, 101, 123, 177, 182, 217, 219, 224, 246, 258, 267, 278, 303, 322, 324, 338, 354, 370, 374, 379, 390, 398, 409, 423, 450, 485, 491, 517, 520, 577, 579, 592, 600, 603, 619, 621, 636, 642, 681, 685, 689, 705, 741, 747, 751, 774, 790, 793, 796, 850, 852, 877, 878, 928, 935, 946, 949, 956, 998, 1000, 1076, 1085, 1110, 1130, 1143, 1175, 1186, 1193, 1210, 1220, 1226, 1230, 1262, 1273, 1313, 1342, 1352, 1393, 1418, 1441, 1446, 1455]
621: [19, 21, 28, 33, 86, 93, 115, 128, 132, 228, 239, 285, 293, 328, 357, 374, 377, 380, 390, 401, 444, 459, 462, 479, 506, 507, 511, 607, 618, 620, 622, 639, 640, 660, 671, 681, 693, 701, 716, 735, 737, 767, 779, 792, 873, 884, 890, 923, 940, 974, 978, 980, 1040, 1046, 1048, 1085, 1107, 1108, 1115, 1124, 1127, 1132, 1165, 1192, 1262, 1266, 1268, 1296, 1313, 1326, 1335, 1338, 1365, 1380, 1383, 1412, 1417, 1437, 1452]
622: [26, 39, 135, 140, 147, 173, 206, 217, 263, 291, 292, 331, 353, 371, 432, 435, 455, 457, 477, 519, 562, 565, 571, 588, 602, 621, 623, 637, 648, 649, 657, 661, 681, 705, 721, 743, 755, 761, 766, 782, 795, 815, 818, 843, 857, 869, 878, 937, 938, 967, 970, 975, 976, 977, 1012, 1037, 1043, 1046, 1052, 1070, 1136, 1161, 1171, 1179, 1212, 1220, 1273, 1280, 1295, 1318, 1323, 1408, 1425, 1426, 1463, 1494]
623: [15, 33, 52, 83, 93, 132, 146, 155, 170, 189, 211, 218, 219, 226, 301, 335, 359, 393, 411, 471, 505, 525, 528, 536, 566, 585, 589, 605, 606, 622, 624, 642, 653, 673, 713, 772, 817, 852, 856, 860, 872, 875, 879, 881, 898, 924, 936, 974, 1001, 1018, 1024, 1033, 1101, 1123, 1151, 1161, 1185, 1194, 1203, 1206, 1260, 1360, 1375, 1396, 1415, 1425, 1436, 1442, 1445, 1457, 1460, 1461, 1470, 1473]
624: [46, 48, 49, 56, 69, 91, 120, 123, 130, 140, 154, 156, 157, 214, 219, 269, 273, 277, 278, 282, 291, 360, 370, 384, 393, 394, 443, 457, 494, 519, 527, 552, 556, 594, 617, 623, 625, 679, 692, 695, 699, 701, 756, 803, 808, 810, 814, 815, 847, 859, 861, 866, 904, 912, 957, 991, 1009, 1012, 1015, 1083, 1099, 1108, 1128, 1148, 1164, 1168, 1188, 1195, 1198, 1205, 1206, 1241, 1243, 1251, 1253, 1265, 1267, 1313, 1329, 1345, 1352, 1371, 1373, 1398, 1427, 1441, 1449, 1480]
625: [43, 72, 85, 96, 104, 114, 130, 144, 146, 154, 206, 209, 214, 222, 243, 257, 332, 335, 349, 361, 393, 402, 424, 435, 437, 478, 483, 502, 506, 520, 567, 601, 616, 624, 626, 633, 655, 662, 678, 720, 744, 762, 811, 818, 831, 856, 861, 868, 870, 888, 909, 932, 961, 978, 1010, 1061, 1092, 1117, 1152, 1156, 1162, 1228, 1271, 1274, 1281, 1283, 1302, 1323, 1345, 1385, 1391, 1410, 1413, 1429, 1452, 1469, 1491]
626: [17, 109, 121, 153, 177, 210, 255, 262, 316, 319, 320, 333, 353, 384, 405, 415, 419, 423, 429, 463, 464, 465, 487, 488, 493, 494, 503, 525, 527, 554, 565, 571, 583, 615, 625, 627, 644, 653, 661, 696, 715, 748, 806, 819, 833, 918, 960, 971, 985, 1011, 1020, 1025, 1032, 1041, 1064, 1070, 1073, 1075, 1102, 1143, 1188, 1244, 1270, 1285, 1310, 1364, 1421, 1443, 1445]
627: [88, 92, 93, 103, 117, 147, 148, 154, 181, 197, 203, 212, 228, 230, 231, 253, 274, 290, 295, 298, 305, 359, 460, 467, 514, 524, 554, 576, 577, 582, 592, 626, 628, 661, 668, 693, 695, 730, 756, 759, 764, 771, 778, 808, 816, 858, 859, 894, 923, 937, 957, 1001, 1025, 1030, 1084, 1101, 1102, 1138, 1162, 1163, 1171, 1175, 1185, 1211, 1215, 1242, 1288, 1302, 1303, 1305, 1306, 1317, 1324, 1353, 1369, 1378, 1387, 1480, 1493]
628: [25, 26, 29, 88, 91, 101, 106, 109, 154, 197, 268, 272, 294, 322, 323, 327, 335, 353, 356, 396, 496, 511, 513, 527, 551, 627, 629, 683, 713, 738, 743, 756, 778, 785, 787, 813, 817, 826, 843, 860, 876, 887, 891, 893, 897, 900, 935, 957, 962, 981, 994, 1026, 1027, 1037, 1050, 1058, 1094, 1113, 1131, 1191, 1203, 1207, 1235, 1244, 1315, 1334, 1364, 1389, 1421, 1427, 1436, 1444, 1458, 1475, 1497]
629: [22, 37, 50, 64, 74, 84, 102, 110, 134, 149, 171, 195, 206, 230, 231, 239, 261, 282, 304, 313, 331, 354, 358, 361, 385, 405, 413, 416, 432, 453, 468, 481, 507, 511, 527, 534, 535, 552, 592, 613, 628, 630, 631, 662, 663, 670, 708, 723, 731, 803, 823, 824, 839, 900, 906, 909, 912, 913, 923, 934, 971, 975, 990, 995, 1004, 1010, 1019, 1028, 1113, 1134, 1144, 1151, 1156, 1179, 1182, 1231, 1237, 1244, 1260, 1271, 1275, 1302, 1312, 1341, 1382, 1397, 1463, 1486]
630: [36, 97, 134, 157, 166, 185, 245, 248, 296, 317, 393, 400, 419, 423, 426, 437, 463, 519, 543, 581, 585, 600, 603, 612, 614, 629, 631, 657, 658, 685, 697, 755, 758, 779, 787, 796, 800, 805, 820, 845, 861, 894, 932, 950, 965, 971, 972, 979, 982, 1033, 1044, 1056, 1064, 1090, 1109, 1110, 1131, 1148, 1153, 1158, 1169, 1175, 1213, 1216, 1220, 1231, 1241, 1293, 1310, 1323, 1329, 1396, 1428, 1477]
631: [65, 74, 114, 125, 129, 167, 183, 195, 227, 229, 235, 240, 242, 245, 258, 270, 290, 314, 343, 346, 376, 458, 474, 485, 501, 538, 566, 591, 629, 630, 632, 656, 658, 683, 695, 777, 798, 837, 895, 905, 950, 978, 992, 1021, 1057, 1116, 1122, 1153, 1182, 1183, 1198, 1211, 1225, 1252, 1254, 1267, 1275, 1302, 1319, 1322, 1323, 1345, 1351, 1391, 1417, 1419, 1449, 1464, 1476]
632: [22, 23, 42, 49, 71, 73, 80, 99, 140, 142, 192, 244, 258, 306, 322, 326, 331, 332, 362, 387, 391, 398, 419, 424, 443, 478, 518, 521, 570, 587, 631, 633, 640, 641, 643, 644, 686, 713, 730, 733, 745, 752, 804, 834, 866, 875, 901, 921, 932, 959, 978, 993, 1001, 1008, 1013, 1061, 1068, 1076, 1086, 1146, 1152, 1156, 1159, 1168, 1175, 1200, 1222, 1242, 1274, 1277, 1298, 1301, 1308, 1310, 1328, 1377, 1385, 1437, 1460, 1469, 1479]
633: [19, 33, 83, 89, 96, 107, 123, 137, 168, 223, 236, 257, 293, 304, 323, 324, 355, 441, 491, 508, 511, 515, 562, 568, 577, 616, 625, 632, 634, 643, 673, 692, 721, 726, 752, 763, 796, 817, 860, 863, 868, 878, 940, 954, 958, 965, 968, 984, 987, 1017, 1020, 1069, 1076, 1087, 1094, 1103, 1105, 1117, 1133, 1141, 1149, 1154, 1166, 1173, 1187, 1214, 1215, 1252, 1260, 1266, 1294, 1301, 1307, 1317, 1333, 1393, 1399, 1410, 1418, 1424, 1429, 1457, 1461, 1472]
634: [40, 62, 81, 95, 98, 107, 134, 160, 164, 185, 188, 197, 210, 215, 225, 266, 322, 352, 353, 354, 370, 376, 390, 454, 472, 480, 489, 498, 503, 504, 551, 566, 571, 594, 604, 612, 633, 635, 640, 644, 649, 655, 689, 719, 727, 738, 745, 771, 773, 801, 802, 867, 891, 908, 909, 910, 925, 927, 932, 1005, 1011, 1027, 1085, 1091, 1134, 1157, 1167, 1177, 1232, 1245, 1256, 1277, 1327, 1386, 1391, 1396, 1416, 1445, 1468, 1492]
635: [14, 31, 33, 44, 101, 107, 159, 160, 163, 180, 227, 248, 249, 265, 314, 358, 360, 371, 372, 413, 418, 449, 466, 504, 525, 533, 589, 595, 634, 636, 645, 695, 716, 736, 738, 748, 758, 808, 824, 832, 843, 848, 858, 867, 904, 927, 929, 930, 931, 942, 1004, 1018, 1072, 1081, 1097, 1103, 1118, 1135, 1160, 1161, 1184, 1187, 1223, 1248, 1283, 1302, 1304, 1359, 1361, 1364, 1379, 1380, 1396, 1402, 1410, 1433, 1445, 1453, 1480]
636: [38, 52, 76, 78, 132, 135, 153, 157, 163, 166, 179, 203, 205, 215, 224, 241, 246, 291, 304, 309, 359, 379, 409, 431, 458, 465, 476, 481, 513, 546, 547, 604, 620, 635, 637, 647, 652, 707, 721, 733, 741, 761, 785, 826, 844, 856, 875, 923, 928, 931, 953, 955, 975, 990, 1009, 1023, 1033, 1036, 1053, 1064, 1100, 1134, 1139, 1168, 1181, 1242, 1259, 1266, 1278, 1286, 1304, 1313, 1315, 1342, 1344, 1350, 1371, 1375, 1379, 1388, 1399, 1443, 1455, 1490, 1493]
637: [33, 62, 67, 96, 98, 112, 134, 170, 211, 217, 226, 259, 267, 283, 330, 331, 365, 368, 479, 490, 558, 564, 597, 610, 622, 636, 638, 681, 709, 769, 782, 813, 843, 875, 880, 959, 985, 989, 1015, 1024, 1035, 1060, 1069, 1077, 1083, 1094, 1099, 1132, 1145, 1158, 1186, 1198, 1206, 1243, 1245, 1254, 1263, 1302, 1315, 1332, 1411, 1446, 1452, 1496]
638: [43, 52, 68, 79, 138, 147, 148, 151, 179, 189, 191, 213, 217, 239, 241, 284, 288, 292, 298, 306, 320, 326, 353, 375, 376, 380, 395, 403, 452, 453, 529, 539, 542, 549, 567, 568, 578, 579, 592, 598, 609, 637, 639, 673, 683, 705, 707, 723, 724, 738, 739, 742, 756, 757, 775, 780, 808, 830, 834, 862, 873, 886, 955, 968, 973, 974, 985, 1009, 1037, 1045, 1053, 1079, 1107, 1108, 1116, 1136, 1145, 1185, 1207, 1242, 1244, 1254, 1308, 1326, 1334, 1339, 1341, 1355, 1361, 1375, 1376, 1410, 1431, 1444, 1483]
639: [14, 19, 75, 81, 96, 109, 120, 124, 162, 170, 172, 186, 189, 223, 266, 276, 280, 306, 312, 317, 345, 397, 409, 440, 441, 475, 480, 504, 511, 520, 535, 542, 561, 584, 586, 596, 616, 621, 638, 640, 654, 682, 758, 776, 777, 806, 811, 840, 849, 876, 896, 912, 943, 956, 976, 1021, 1028, 1030, 1058, 1066, 1080, 1214, 1215, 1250, 1263, 1315, 1316, 1326, 1341, 1361, 1384, 1392, 1393, 1409, 1431, 1480, 1490]
640: [23, 31, 32, 33, 39, 66, 77, 82, 96, 98, 113, 121, 136, 197, 227, 236, 240, 276, 284, 309, 314, 329, 335, 405, 407, 412, 422, 433, 450, 473, 482, 483, 498, 499, 510, 520, 521, 531, 548, 559, 581, 609, 621, 632, 634, 639, 641, 681, 713, 739, 740, 759, 772, 780, 792, 817, 820, 827, 838, 840, 873, 883, 887, 888, 910, 918, 1015, 1028, 1035, 1059, 1078, 1128, 1156, 1184, 1196, 1225, 1234, 1250, 1251, 1254, 1288, 1297, 1318, 1427, 1463, 1469, 1480, 1488]
641: [19, 98, 99, 112, 153, 172, 228, 249, 275, 299, 324, 327, 395, 422, 450, 452, 454, 516, 536, 540, 542, 546, 549, 556, 632, 640, 642, 644, 663, 767, 771, 776, 778, 802, 803, 820, 829, 886, 892, 894, 898, 951, 957, 974, 976, 989, 1014, 1026, 1041, 1049, 1058, 1076, 1107, 1183, 1223, 1225, 1275, 1303, 1313, 1344, 1375, 1412, 1415, 1432, 1433, 1449, 1456, 1479, 1489]
642: [19, 21, 30, 31, 42, 118, 126, 127, 149, 166, 188, 216, 275, 318, 341, 357, 360, 394, 400, 418, 421, 470, 504, 518, 536, 542, 567, 588, 595, 602, 615, 620, 623, 641, 643, 743, 807, 832, 844, 863, 868, 882, 906, 937, 953, 959, 1014, 1022, 1035, 1072, 1080, 1086, 1096, 1113, 1121, 1167, 1180, 1189, 1196, 1215, 1237, 1297, 1315, 1335, 1357, 1379, 1391, 1415, 1432, 1441, 1445, 1489, 1496]
643: [17, 59, 79, 88, 90, 96, 153, 173, 196, 201, 217, 220, 238, 281, 296, 297, 307, 324, 347, 356, 378, 396, 444, 451, 487, 524, 541, 546, 552, 562, 578, 593, 614, 632, 633, 642, 644, 667, 685, 713, 726, 732, 738, 768, 775, 798, 811, 873, 1004, 1009, 1012, 1017, 1025, 1058, 1060, 1136, 1140, 1198, 1247, 1255, 1299, 1300, 1305, 1329, 1330, 1335, 1345, 1356, 1381, 1434, 1461, 1488]
644: [31, 59, 85, 151, 176, 223, 237, 257, 285, 339, 345, 363, 368, 405, 412, 416, 436, 444, 449, 483, 488, 500, 505, 518, 524, 561, 626, 632, 634, 641, 643, 645, 660, 663, 678, 721, 722, 731, 747, 752, 769, 817, 846, 858, 898, 916, 928, 963, 984, 1052, 1058, 1117, 1132, 1146, 1168, 1205, 1209, 1220, 1226, 1229, 1240, 1250, 1264, 1299, 1311, 1312, 1321, 1347, 1350, 1373, 1392, 1435, 1441, 1458, 1460]
645: [37, 53, 65, 79, 98, 106, 129, 221, 257, 259, 266, 273, 283, 343, 373, 419, 487, 501, 531, 532, 535, 536, 541, 550, 557, 563, 583, 585, 635, 644, 646, 648, 658, 669, 709, 772, 796, 804, 807, 813, 841, 849, 880, 887, 911, 955, 1055, 1091, 1123, 1126, 1140, 1180, 1187, 1208, 1227, 1245, 1295, 1297, 1302, 1323, 1325, 1384, 1465]
646: [20, 25, 32, 73, 87, 113, 133, 144, 193, 205, 207, 215, 235, 245, 271, 282, 350, 366, 395, 402, 426, 445, 451, 478, 502, 514, 567, 568, 582, 591, 593, 645, 647, 666, 671, 696, 722, 734, 770, 771, 784, 799, 804, 808, 810, 820, 822, 824, 846, 856, 866, 873, 882, 893, 897, 900, 902, 920, 923, 948, 981, 982, 1016, 1056, 1076, 1103, 1121, 1129, 1176, 1180, 1181, 1223, 1253, 1272, 1274, 1278, 1317, 1401, 1420, 1463]
647: [43, 52, 91, 156, 165, 172, 191, 194, 197, 227, 249, 260, 320, 329, 331, 394, 395, 405, 434, 471, 527, 587, 598, 636, 646, 648, 685, 706, 724, 741, 743, 767, 768, 789, 798, 814, 815, 821, 852, 861, 870, 883, 894, 898, 911, 936, 944, 951, 952, 969, 986, 996, 1005, 1009, 1052, 1152, 1167, 1233, 1234, 1260, 1266, 1296, 1311, 1318, 1321, 1352, 1421, 1424, 1428, 1433, 1439, 1485, 1494]
648: [24, 34, 36, 51, 55, 65, 88, 142, 159, 176, 195, 223, 224, 246, 248, 256, 266, 277, 310, 329, 379, 396, 431, 448, 461, 470, 471, 488, 493, 500, 538, 546, 554, 561, 582, 586, 596, 605, 607, 622, 645, 647, 649, 726, 750, 791, 803, 818, 860, 900, 902, 926, 944, 951, 966, 988, 991, 1041, 1053, 1061, 1094, 1097, 1106, 1109, 1123, 1126, 1135, 1177, 1238, 1250, 1251, 1252, 1253, 1312, 1349, 1364, 1376, 1381, 1405, 1417, 1433, 1439, 1462, 1464, 1470, 1474, 1489, 1496]
649: [14, 49, 78, 85, 96, 102, 224, 244, 280, 293, 300, 362, 369, 373, 431, 494, 496, 504, 521, 580, 598, 622, 634, 648, 650, 664, 672, 679, 729, 754, 797, 815, 836, 851, 869, 877, 878, 890, 919, 947, 996, 1035, 1089, 1091, 1116, 1151, 1173, 1213, 1215, 1217, 1260, 1269, 1275, 1283, 1326, 1344, 1351, 1357, 1396, 1401, 1423, 1440, 1448, 1462, 1476, 1495]
650: [20, 21, 38, 68, 115, 122, 164, 195, 211, 241, 256, 259, 269, 279, 301, 309, 364, 372, 401, 455, 478, 494, 528, 569, 590, 593, 597, 608, 649, 651, 691, 694, 707, 716, 718, 761, 763, 798, 809, 814, 860, 892, 933, 945, 959, 986, 1026, 1056, 1108, 1113, 1145, 1156, 1157, 1184, 1186, 1211, 1243, 1271, 1301, 1314, 1322, 1340, 1369, 1396, 1404, 1409, 1413, 1437, 1448, 1467, 1490]
651: [21, 31, 88, 100, 101, 148, 163, 171, 204, 227, 253, 266, 281, 298, 313, 361, 373, 387, 396, 459, 465, 472, 477, 478, 483, 538, 544, 545, 548, 595, 605, 608, 650, 652, 654, 664, 680, 697, 728, 746, 749, 757, 769, 804, 858, 881, 887, 902, 923, 1005, 1042, 1094, 1102, 1133, 1199, 1206, 1238, 1246, 1252, 1267, 1269, 1309, 1312, 1321, 1389, 1397, 1415, 1447, 1454, 1487]
652: [45, 75, 92, 99, 132, 138, 156, 159, 171, 174, 194, 197, 220, 269, 276, 302, 306, 308, 335, 338, 350, 355, 361, 448, 450, 469, 484, 504, 512, 521, 563, 617, 636, 651, 653, 725, 734, 748, 844, 870, 884, 907, 909, 936, 942, 945, 958, 1050, 1053, 1054, 1055, 1062, 1070, 1073, 1093, 1103, 1117, 1198, 1203, 1210, 1211, 1218, 1225, 1248, 1258, 1269, 1316, 1340, 1373, 1379, 1401, 1406, 1415, 1439, 1445, 1467]
653: [15, 18, 36, 45, 69, 76, 110, 120, 149, 169, 192, 196, 204, 241, 265, 279, 297, 306, 313, 319, 327, 373, 383, 391, 403, 410, 419, 477, 481, 537, 538, 540, 608, 623, 626, 652, 654, 671, 686, 707, 709, 737, 742, 881, 909, 950, 967, 1014, 1034, 1048, 1071, 1078, 1113, 1134, 1161, 1163, 1174, 1205, 1219, 1240, 1246, 1254, 1287, 1298, 1322, 1326, 1328, 1343, 1365, 1371, 1432, 1483]
654: [15, 59, 74, 117, 119, 125, 150, 177, 242, 322, 334, 351, 355, 360, 378, 387, 395, 396, 400, 441, 458, 474, 483, 524, 543, 562, 607, 639, 651, 653, 655, 743, 753, 763, 824, 831, 860, 870, 893, 895, 897, 905, 927, 932, 934, 961, 967, 968, 974, 983, 1023, 1042, 1046, 1049, 1065, 1069, 1079, 1082, 1101, 1131, 1162, 1176, 1181, 1215, 1217, 1221, 1253, 1259, 1269, 1271, 1292, 1317, 1385, 1395, 1418]
655: [16, 36, 80, 81, 102, 126, 133, 143, 154, 180, 207, 235, 249, 253, 265, 292, 368, 429, 442, 448, 459, 468, 484, 511, 517, 525, 546, 551, 579, 591, 609, 625, 634, 654, 656, 724, 742, 766, 791, 808, 909, 982, 1029, 1058, 1071, 1088, 1093, 1127, 1136, 1151, 1157, 1187, 1200, 1218, 1251, 1273, 1289, 1295, 1306, 1330, 1333, 1337, 1343, 1351, 1352, 1397, 1427, 1429, 1452, 1476, 1479]
656: [25, 56, 79, 99, 100, 107, 121, 134, 139, 142, 145, 159, 172, 219, 286, 316, 363, 367, 374, 411, 428, 446, 454, 467, 530, 543, 553, 576, 592, 602, 631, 655, 657, 710, 766, 769, 775, 799, 837, 851, 904, 909, 920, 924, 926, 937, 982, 1030, 1038, 1043, 1050, 1078, 1080, 1096, 1144, 1167, 1173, 1183, 1255, 1275, 1305, 1310, 1386, 1430, 1432, 1443, 1459, 1489]
657: [14, 70, 75, 117, 123, 132, 161, 171, 172, 176, 192, 205, 241, 265, 283, 288, 289, 291, 298, 311, 316, 322, 355, 360, 371, 416, 423, 430, 443, 487, 497, 501, 530, 547, 592, 596, 622, 630, 656, 658, 659, 692, 695, 698, 702, 705, 779, 828, 871, 920, 936, 944, 950, 971, 974, 1001, 1009, 1011, 1024, 1049, 1064, 1079, 1105, 1166, 1206, 1222, 1257, 1272, 1338, 1348, 1363, 1380, 1382, 1392, 1397, 1418, 1444, 1494]
658: [67, 91, 98, 114, 125, 129, 206, 240, 260, 283, 297, 300, 312, 326, 332, 336, 377, 444, 446, 510, 527, 536, 568, 582, 611, 630, 631, 645, 657, 659, 687, 689, 764, 765, 802, 808, 840, 842, 904, 929, 948, 952, 955, 977, 1000, 1021, 1027, 1029, 1030, 1062, 1065, 1085, 1097, 1098, 1113, 1148, 1166, 1184, 1229, 1251, 1260, 1261, 1265, 1280, 1326, 1403, 1411, 1434, 1440, 1442, 1460, 1466, 1482]
659: [18, 30, 47, 79, 84, 89, 108, 114, 119, 126, 137, 169, 209, 223, 228, 293, 322, 326, 328, 334, 338, 339, 345, 348, 387, 394, 404, 425, 451, 494, 506, 520, 525, 574, 577, 614, 657, 658, 660, 722, 741, 753, 757, 778, 797, 830, 868, 876, 878, 946, 950, 964, 985, 990, 1021, 1088, 1170, 1187, 1220, 1237, 1244, 1255, 1303, 1315, 1322, 1327, 1346, 1347, 1354, 1367, 1369, 1402, 1415, 1440, 1444, 1454, 1457, 1470, 1484]
660: [24, 31, 77, 84, 106, 133, 140, 160, 161, 170, 192, 242, 246, 254, 266, 272, 294, 330, 358, 359, 393, 419, 422, 425, 430, 438, 439, 474, 482, 483, 496, 547, 552, 621, 644, 659, 661, 662, 672, 693, 694, 705, 710, 722, 730, 746, 801, 832, 850, 860, 867, 871, 909, 941, 962, 990, 1030, 1051, 1108, 1122, 1186, 1273, 1296, 1301, 1317, 1334, 1340, 1352, 1359, 1448, 1484]
661: [31, 64, 65, 91, 135, 225, 248, 253, 267, 280, 281, 337, 396, 405, 417, 420, 532, 537, 550, 561, 578, 587, 598, 622, 626, 627, 660, 662, 663, 690, 719, 725, 763, 765, 777, 799, 801, 804, 847, 894, 895, 911, 940, 1005, 1062, 1118, 1156, 1163, 1185, 1194, 1198, 1203, 1275, 1303, 1352, 1354, 1362, 1383, 1449, 1482, 1483, 1495]
662: [18, 22, 24, 32, 70, 76, 82, 101, 110, 118, 125, 132, 149, 163, 167, 177, 182, 196, 268, 271, 277, 342, 347, 366, 429, 431, 432, 448, 456, 472, 540, 558, 564, 565, 568, 582, 585, 617, 625, 629, 660, 661, 663, 668, 673, 680, 694, 699, 717, 718, 748, 791, 794, 801, 824, 825, 882, 883, 885, 894, 917, 924, 963, 976, 978, 989, 1030, 1031, 1038, 1041, 1056, 1060, 1069, 1074, 1086, 1088, 1121, 1184, 1219, 1247, 1254, 1315, 1347, 1350, 1363, 1373, 1390, 1395, 1399, 1400, 1406, 1416, 1428, 1454]
663: [17, 19, 35, 77, 102, 117, 138, 174, 189, 279, 289, 297, 299, 375, 400, 428, 434, 442, 443, 464, 465, 513, 518, 538, 588, 601, 629, 641, 644, 661, 662, 664, 668, 669, 730, 737, 747, 757, 765, 796, 798, 833, 838, 858, 874, 947, 972, 982, 1002, 1043, 1048, 1054, 1064, 1077, 1079, 1088, 1138, 1151, 1166, 1183, 1256, 1259, 1266, 1271, 1298, 1312, 1317, 1334, 1392, 1405, 1414, 1427, 1437, 1451]
664: [25, 41, 56, 59, 68, 86, 153, 168, 175, 190, 304, 312, 352, 362, 379, 433, 450, 516, 517, 529, 558, 564, 572, 580, 590, 592, 605, 649, 651, 663, 665, 674, 708, 709, 740, 744, 783, 799, 809, 815, 926, 932, 942, 943, 951, 957, 961, 964, 976, 984, 997, 1021, 1030, 1058, 1062, 1066, 1094, 1107, 1111, 1116, 1128, 1170, 1173, 1212, 1214, 1234, 1237, 1285, 1314, 1357, 1360, 1365, 1396, 1404, 1422, 1446, 1488, 1490, 1496]
665: [26, 34, 42, 48, 49, 90, 113, 122, 143, 145, 193, 195, 244, 284, 288, 328, 342, 343, 377, 391, 440, 464, 501, 541, 552, 581, 591, 664, 666, 667, 717, 739, 745, 748, 775, 833, 879, 909, 941, 961, 975, 979, 982, 1023, 1059, 1144, 1184, 1194, 1196, 1219, 1227, 1245, 1299, 1301, 1320, 1333, 1350, 1361, 1366, 1372, 1379, 1389, 1402, 1443, 1447, 1450, 1451, 1496, 1499]
666: [21, 26, 58, 93, 104, 115, 153, 154, 158, 160, 170, 175, 191, 262, 272, 368, 379, 390, 394, 445, 454, 472, 502, 509, 541, 542, 549, 596, 606, 646, 665, 667, 670, 702, 734, 741, 761, 765, 775, 784, 789, 792, 799, 824, 860, 866, 905, 906, 912, 921, 939, 940, 957, 966, 976, 990, 1013, 1040, 1043, 1062, 1087, 1107, 1111, 1124, 1131, 1174, 1216, 1234, 1242, 1244, 1255, 1284, 1295, 1334, 1338, 1340, 1375, 1405, 1410, 1426, 1438, 1470, 1490]
667: [25, 80, 91, 102, 125, 143, 154, 160, 173, 182, 204, 223, 234, 276, 279, 289, 290, 311, 339, 349, 351, 360, 365, 421, 454, 533, 609, 643, 665, 666, 668, 701, 706, 713, 723, 731, 746, 759, 779, 794, 814, 848, 855, 864, 880, 896, 900, 922, 973, 997, 1027, 1045, 1053, 1084, 1093, 1146, 1152, 1196, 1197, 1203, 1221, 1252, 1265, 1308, 1312, 1315, 1331, 1336, 1363, 1378, 1404, 1492]
668: [33, 38, 65, 69, 113, 121, 135, 138, 139, 144, 170, 201, 228, 234, 244, 266, 267, 281, 285, 286, 292, 321, 322, 329, 331, 342, 351, 362, 391, 430, 486, 495, 528, 551, 559, 566, 570, 592, 627, 662, 663, 667, 669, 693, 702, 726, 733, 764, 789, 825, 885, 906, 909, 920, 931, 937, 951, 954, 969, 973, 980, 990, 1048, 1067, 1126, 1130, 1141, 1187, 1194, 1202, 1218, 1229, 1275, 1302, 1306, 1307, 1344, 1354, 1375, 1429, 1447, 1453, 1469, 1470, 1480, 1492, 1495, 1499]
669: [50, 58, 64, 74, 90, 132, 218, 247, 268, 299, 319, 324, 328, 329, 349, 350, 353, 389, 403, 406, 414, 422, 426, 439, 446, 458, 465, 516, 522, 533, 551, 560, 562, 575, 576, 599, 615, 645, 663, 668, 670, 677, 716, 721, 755, 773, 790, 798, 802, 845, 859, 860, 863, 871, 948, 953, 958, 1018, 1054, 1081, 1101, 1103, 1111, 1120, 1129, 1160, 1164, 1189, 1203, 1206, 1223, 1226, 1249, 1285, 1406, 1416, 1426, 1447, 1476, 1483, 1493]
670: [43, 60, 71, 74, 85, 95, 111, 112, 165, 184, 269, 285, 293, 316, 342, 352, 385, 429, 497, 501, 507, 513, 529, 551, 589, 606, 629, 666, 669, 671, 673, 679, 682, 691, 729, 751, 755, 768, 821, 839, 840, 843, 872, 888, 895, 925, 966, 1028, 1035, 1045, 1068, 1086, 1104, 1146, 1161, 1176, 1186, 1187, 1188, 1207, 1237, 1271, 1317, 1333, 1353, 1362, 1366, 1368, 1383, 1388, 1391, 1422, 1426, 1431, 1439, 1444, 1448, 1471, 1473, 1474, 1478]
671: [36, 44, 111, 126, 138, 147, 164, 208, 214, 228, 268, 294, 303, 338, 350, 359, 368, 446, 474, 485, 488, 516, 535, 558, 568, 588, 599, 616, 617, 621, 646, 653, 670, 672, 674, 726, 748, 766, 782, 841, 852, 865, 869, 893, 902, 926, 954, 956, 972, 976, 1001, 1012, 1024, 1059, 1076, 1078, 1115, 1123, 1125, 1131, 1141, 1168, 1203, 1244, 1246, 1291, 1361, 1381, 1400, 1442, 1448, 1453, 1456, 1481, 1489]
672: [15, 20, 22, 27, 32, 36, 69, 77, 78, 117, 144, 172, 189, 194, 204, 215, 239, 243, 253, 276, 311, 347, 379, 380, 385, 434, 456, 459, 618, 649, 660, 671, 673, 680, 689, 692, 795, 812, 813, 819, 871, 892, 906, 922, 939, 958, 1012, 1105, 1176, 1194, 1197, 1203, 1225, 1300, 1330, 1371, 1374, 1394, 1425, 1449, 1497]
673: [16, 21, 26, 44, 71, 137, 146, 150, 198, 209, 215, 241, 278, 290, 408, 421, 437, 449, 458, 465, 488, 495, 534, 545, 557, 594, 602, 607, 617, 623, 633, 638, 662, 670, 672, 674, 679, 694, 706, 710, 721, 781, 799, 826, 828, 852, 905, 909, 919, 922, 940, 945, 946, 971, 982, 986, 1040, 1046, 1070, 1071, 1072, 1088, 1097, 1100, 1103, 1105, 1132, 1134, 1186, 1220, 1229, 1242, 1283, 1301, 1395, 1407, 1421, 1448, 1468, 1475]
674: [25, 28, 42, 102, 105, 116, 150, 183, 203, 219, 228, 302, 305, 321, 322, 332, 341, 348, 360, 373, 381, 382, 386, 419, 434, 447, 462, 471, 473, 484, 494, 521, 547, 581, 586, 594, 596, 617, 664, 671, 673, 675, 679, 731, 741, 759, 809, 828, 894, 925, 961, 1006, 1026, 1036, 1087, 1096, 1106, 1109, 1112, 1124, 1176, 1235, 1266, 1322, 1324, 1346, 1368, 1372, 1405, 1413, 1422, 1450, 1454, 1457, 1466, 1472, 1478, 1485]
675: [47, 49, 138, 155, 195, 210, 221, 245, 257, 265, 285, 311, 327, 337, 383, 451, 452, 461, 470, 472, 480, 538, 545, 552, 559, 583, 674, 676, 708, 712, 722, 724, 760, 769, 789, 816, 820, 838, 876, 882, 887, 890, 951, 976, 979, 983, 1026, 1034, 1038, 1095, 1108, 1142, 1151, 1195, 1219, 1228, 1338, 1349, 1357, 1370, 1374, 1381, 1407, 1408, 1421, 1457, 1492]
676: [41, 68, 76, 80, 110, 126, 150, 176, 180, 189, 204, 240, 256, 348, 371, 389, 398, 427, 434, 445, 447, 456, 458, 468, 478, 509, 530, 533, 538, 546, 549, 566, 613, 614, 675, 677, 682, 686, 698, 726, 729, 797, 800, 823, 829, 830, 861, 871, 897, 911, 931, 974, 998, 1013, 1014, 1051, 1052, 1060, 1103, 1105, 1110, 1117, 1127, 1131, 1135, 1140, 1152, 1196, 1211, 1225, 1230, 1244, 1332, 1374, 1379, 1389, 1398, 1409, 1417, 1420, 1422, 1432, 1453, 1458, 1486]
677: [20, 38, 92, 97, 126, 153, 161, 165, 240, 245, 258, 317, 331, 349, 375, 387, 398, 450, 464, 491, 494, 497, 534, 595, 669, 676, 678, 684, 711, 739, 773, 809, 814, 822, 865, 910, 942, 952, 962, 1031, 1032, 1037, 1042, 1053, 1074, 1075, 1079, 1095, 1110, 1111, 1122, 1129, 1146, 1166, 1168, 1171, 1195, 1207, 1246, 1252, 1267, 1282, 1285, 1307, 1324, 1334, 1352, 1355, 1370, 1381, 1382, 1408, 1409, 1414, 1430, 1457, 1459, 1469, 1495]
678: [17, 29, 40, 62, 89, 99, 100, 110, 115, 156, 170, 191, 199, 217, 242, 260, 278, 310, 319, 344, 396, 447, 465, 486, 491, 492, 494, 518, 526, 557, 570, 605, 625, 644, 677, 679, 699, 746, 755, 760, 763, 765, 778, 782, 783, 818, 853, 922, 929, 972, 1027, 1049, 1078, 1095, 1104, 1122, 1178, 1228, 1274, 1310, 1318, 1340, 1346, 1361, 1417, 1430, 1432, 1445, 1460, 1467, 1472, 1473, 1489]
679: [23, 29, 35, 42, 53, 71, 123, 135, 139, 143, 174, 197, 238, 263, 274, 281, 286, 294, 302, 308, 316, 331, 335, 383, 390, 416, 436, 459, 464, 489, 495, 530, 564, 566, 576, 581, 584, 596, 600, 618, 624, 649, 670, 673, 674, 678, 680, 705, 733, 745, 836, 842, 845, 850, 857, 886, 902, 920, 932, 941, 961, 985, 991, 1011, 1025, 1056, 1098, 1147, 1159, 1203, 1221, 1236, 1278, 1300, 1335, 1337, 1351, 1358, 1366, 1384, 1392, 1447, 1460, 1471]
680: [34, 64, 90, 101, 107, 110, 128, 152, 154, 163, 168, 189, 190, 210, 229, 233, 235, 239, 245, 262, 265, 277, 322, 361, 398, 411, 434, 452, 479, 516, 568, 582, 651, 662, 672, 679, 681, 708, 719, 730, 739, 776, 809, 816, 852, 854, 873, 941, 946, 965, 973, 984, 1001, 1030, 1067, 1079, 1189, 1191, 1194, 1213, 1227, 1233, 1243, 1279, 1286, 1335, 1344, 1357, 1367, 1375, 1393, 1425, 1426, 1433, 1454, 1455, 1458, 1480, 1492]
681: [46, 56, 58, 80, 95, 108, 118, 141, 147, 172, 174, 186, 235, 236, 249, 252, 263, 281, 326, 336, 347, 395, 404, 415, 423, 428, 438, 458, 470, 482, 489, 499, 517, 531, 580, 596, 620, 621, 622, 637, 640, 680, 682, 745, 757, 766, 780, 845, 846, 871, 898, 947, 963, 978, 987, 991, 998, 1001, 1018, 1024, 1026, 1064, 1079, 1090, 1120, 1170, 1208, 1218, 1231, 1264, 1267, 1324, 1358, 1418, 1449, 1467, 1492]
682: [41, 73, 80, 97, 101, 162, 175, 197, 209, 214, 218, 221, 258, 290, 347, 356, 406, 411, 436, 437, 456, 457, 466, 482, 522, 568, 580, 595, 612, 639, 670, 676, 681, 683, 711, 737, 763, 768, 821, 851, 880, 1023, 1031, 1070, 1122, 1134, 1146, 1151, 1166, 1168, 1171, 1172, 1214, 1216, 1231, 1250, 1258, 1284, 1316, 1339, 1346, 1377, 1398, 1425, 1429, 1474, 1497]
683: [25, 29, 60, 88, 205, 210, 247, 295, 315, 356, 362, 384, 387, 432, 455, 456, 505, 507, 519, 523, 552, 581, 593, 628, 631, 638, 682, 684, 705, 718, 743, 746, 749, 769, 771, 775, 781, 809, 836, 862, 888, 921, 924, 959, 964, 967, 993, 1003, 1025, 1031, 1032, 1041, 1078, 1085, 1114, 1128, 1191, 1213, 1265, 1280, 1298, 1299, 1307, 1313, 1339, 1366, 1411, 1457, 1489]
684: [49, 62, 74, 163, 190, 196, 277, 305, 318, 337, 338, 415, 421, 431, 433, 547, 553, 561, 562, 604, 619, 677, 683, 685, 692, 713, 717, 742, 760, 776, 829, 838, 853, 871, 899, 900, 909, 925, 952, 955, 997, 1015, 1025, 1035, 1051, 1073, 1094, 1115, 1122, 1125, 1173, 1202, 1203, 1212, 1231, 1242, 1246, 1255, 1279, 1290, 1324, 1343, 1350, 1361, 1385, 1412, 1413, 1432, 1493]
685: [14, 19, 22, 75, 93, 94, 98, 169, 173, 177, 188, 208, 221, 237, 244, 253, 255, 265, 297, 299, 366, 373, 376, 390, 414, 432, 465, 487, 496, 513, 533, 544, 589, 606, 620, 630, 643, 647, 684, 686, 723, 726, 727, 752, 768, 772, 796, 875, 889, 891, 912, 913, 933, 939, 950, 966, 1010, 1035, 1041, 1049, 1071, 1085, 1087, 1099, 1110, 1150, 1152, 1159, 1216, 1233, 1239, 1255, 1316, 1384, 1433, 1444, 1467, 1478, 1496]
686: [26, 27, 31, 33, 62, 110, 116, 133, 154, 195, 207, 209, 214, 216, 230, 232, 283, 296, 319, 330, 333, 338, 364, 373, 397, 419, 425, 427, 448, 456, 458, 484, 534, 586, 611, 612, 632, 653, 676, 685, 687, 745, 759, 778, 802, 803, 868, 884, 887, 888, 906, 921, 929, 931, 935, 993, 1004, 1007, 1017, 1055, 1061, 1092, 1113, 1124, 1132, 1135, 1175, 1220, 1236, 1266, 1271, 1279, 1292, 1303, 1314, 1316, 1328, 1356, 1367, 1390, 1412, 1418, 1437, 1491]
687: [19, 31, 51, 104, 109, 123, 203, 205, 216, 224, 286, 292, 302, 304, 316, 334, 385, 393, 408, 428, 448, 468, 546, 548, 554, 568, 614, 616, 619, 658, 686, 688, 720, 739, 753, 776, 824, 842, 868, 890, 905, 911, 921, 937, 1010, 1048, 1077, 1088, 1101, 1155, 1156, 1181, 1184, 1185, 1190, 1205, 1207, 1236, 1301, 1342, 1385, 1390, 1403, 1418, 1436, 1455, 1456, 1461, 1474]
688: [22, 90, 101, 102, 134, 175, 177, 227, 252, 263, 275, 286, 290, 303, 313, 327, 355, 361, 415, 418, 422, 435, 438, 445, 466, 533, 563, 565, 574, 583, 585, 600, 608, 687, 689, 691, 699, 714, 776, 804, 827, 853, 855, 858, 874, 886, 917, 923, 937, 938, 943, 972, 988, 1000, 1012, 1046, 1068, 1160, 1177, 1188, 1193, 1206, 1208, 1220, 1247, 1305, 1320, 1344, 1374, 1382, 1401, 1408, 1424, 1446, 1469, 1482, 1484]
689: [25, 30, 40, 76, 111, 129, 144, 156, 172, 184, 193, 240, 247, 258, 259, 263, 294, 301, 315, 347, 373, 378, 383, 428, 429, 438, 457, 475, 477, 482, 484, 496, 542, 573, 588, 602, 619, 620, 634, 658, 672, 688, 690, 694, 711, 715, 753, 784, 807, 816, 818, 820, 859, 864, 921, 951, 965, 966, 971, 987, 992, 994, 1073, 1076, 1084, 1086, 1093, 1095, 1100, 1116, 1129, 1134, 1136, 1183, 1184, 1208, 1242, 1291, 1300, 1312, 1313, 1328, 1339, 1347, 1350, 1396, 1409, 1419, 1430, 1443, 1464, 1475, 1476, 1489]
690: [19, 32, 65, 76, 85, 110, 127, 159, 166, 189, 208, 209, 215, 279, 292, 301, 305, 322, 325, 378, 388, 425, 471, 496, 497, 513, 522, 532, 533, 536, 547, 568, 588, 601, 661, 689, 691, 727, 769, 770, 778, 804, 808, 829, 834, 852, 861, 898, 923, 936, 944, 963, 975, 1008, 1010, 1011, 1013, 1016, 1021, 1033, 1056, 1067, 1077, 1127, 1133, 1145, 1163, 1164, 1194, 1260, 1299, 1306, 1320, 1324, 1342, 1372, 1399, 1451, 1460, 1468]
691: [14, 19, 41, 57, 77, 78, 97, 130, 155, 184, 185, 190, 193, 195, 236, 248, 280, 290, 309, 321, 322, 325, 359, 399, 406, 419, 426, 447, 451, 482, 524, 532, 549, 581, 589, 604, 650, 670, 688, 690, 692, 695, 701, 705, 710, 732, 775, 787, 813, 816, 827, 828, 832, 868, 879, 885, 892, 898, 901, 910, 1017, 1036, 1042, 1058, 1079, 1083, 1100, 1105, 1113, 1123, 1126, 1165, 1179, 1182, 1201, 1243, 1247, 1264, 1308, 1309, 1314, 1331, 1355, 1369, 1380, 1409, 1421, 1444, 1485, 1497]
692: [82, 114, 129, 156, 169, 172, 183, 238, 253, 255, 289, 299, 324, 372, 380, 381, 399, 422, 458, 464, 465, 475, 492, 498, 499, 517, 518, 521, 527, 545, 546, 555, 578, 607, 610, 624, 633, 657, 672, 684, 691, 693, 703, 754, 771, 787, 796, 846, 848, 856, 873, 877, 897, 915, 919, 920, 948, 954, 967, 968, 1006, 1047, 1071, 1087, 1103, 1104, 1123, 1127, 1130, 1147, 1171, 1187, 1196, 1234, 1248, 1252, 1279, 1334, 1346, 1353, 1368, 1383, 1386, 1469, 1470, 1475]
693: [19, 35, 43, 70, 102, 128, 150, 167, 168, 239, 276, 291, 308, 375, 417, 454, 462, 492, 536, 541, 548, 559, 562, 579, 596, 621, 627, 660, 668, 692, 694, 697, 711, 717, 734, 787, 818, 903, 928, 932, 1001, 1013, 1018, 1028, 1029, 1034, 1044, 1045, 1049, 1050, 1089, 1107, 1112, 1126, 1165, 1196, 1230, 1236, 1284, 1296, 1307, 1323, 1333, 1334, 1338, 1344, 1348, 1354, 1358, 1368, 1383, 1405, 1430, 1436, 1447, 1449, 1472]
694: [54, 87, 88, 89, 111, 114, 140, 190, 195, 196, 223, 240, 295, 333, 394, 403, 419, 457, 462, 483, 489, 495, 517, 527, 538, 558, 561, 585, 608, 609, 612, 650, 660, 662, 673, 689, 693, 695, 763, 784, 792, 796, 801, 808, 811, 862, 870, 874, 888, 917, 952, 960, 974, 1015, 1020, 1037, 1063, 1069, 1070, 1073, 1081, 1089, 1111, 1120, 1130, 1162, 1167, 1191, 1209, 1234, 1261, 1263, 1277, 1359, 1374, 1393, 1394, 1440, 1443]
695: [16, 21, 51, 64, 104, 136, 139, 149, 173, 190, 214, 233, 243, 245, 255, 299, 301, 318, 346, 348, 377, 399, 401, 423, 443, 538, 545, 560, 579, 613, 618, 624, 627, 631, 635, 657, 691, 694, 696, 714, 719, 828, 829, 879, 890, 904, 936, 950, 1002, 1005, 1057, 1061, 1065, 1082, 1083, 1239, 1240, 1243, 1256, 1257, 1291, 1293, 1298, 1362, 1368, 1404, 1411, 1414, 1436, 1446, 1487]
696: [54, 110, 130, 167, 200, 211, 215, 228, 246, 253, 265, 270, 277, 289, 293, 369, 408, 411, 439, 449, 488, 495, 555, 578, 598, 615, 626, 646, 695, 697, 708, 717, 739, 757, 783, 797, 806, 823, 830, 841, 860, 870, 872, 952, 970, 1058, 1083, 1103, 1104, 1115, 1125, 1127, 1151, 1155, 1172, 1177, 1192, 1195, 1201, 1206, 1208, 1211, 1213, 1248, 1273, 1277, 1286, 1287, 1300, 1318, 1330, 1333, 1361, 1362, 1402, 1406, 1433, 1447, 1456, 1477, 1487]
697: [22, 62, 113, 161, 176, 179, 180, 195, 203, 216, 225, 239, 247, 271, 282, 288, 292, 303, 358, 374, 388, 425, 440, 500, 519, 521, 522, 605, 613, 630, 651, 693, 696, 698, 710, 720, 721, 750, 760, 796, 815, 841, 849, 853, 860, 893, 916, 938, 951, 954, 983, 1007, 1064, 1101, 1139, 1145, 1183, 1201, 1203, 1260, 1280, 1299, 1385, 1393, 1397, 1398, 1412, 1455, 1470, 1493]
698: [39, 49, 50, 67, 71, 81, 92, 179, 248, 252, 253, 274, 309, 314, 325, 368, 382, 384, 415, 419, 446, 452, 466, 530, 545, 602, 610, 657, 676, 697, 699, 704, 736, 738, 743, 754, 755, 763, 781, 801, 810, 855, 871, 907, 917, 954, 967, 971, 986, 1001, 1010, 1016, 1022, 1037, 1059, 1087, 1104, 1117, 1121, 1171, 1183, 1295, 1348, 1364, 1368, 1405, 1434, 1491, 1496]
699: [19, 40, 73, 75, 101, 124, 172, 186, 191, 331, 341, 343, 361, 378, 393, 398, 463, 466, 470, 485, 490, 497, 502, 503, 522, 532, 539, 564, 591, 593, 610, 617, 624, 662, 678, 688, 698, 700, 701, 707, 711, 721, 725, 735, 741, 753, 782, 783, 803, 804, 828, 850, 857, 881, 885, 898, 944, 967, 988, 993, 1002, 1004, 1025, 1058, 1086, 1103, 1119, 1205, 1239, 1240, 1243, 1250, 1266, 1304, 1313, 1328, 1329, 1333, 1360, 1399, 1406, 1482]
700: [26, 78, 88, 91, 106, 109, 116, 119, 158, 204, 206, 213, 214, 228, 239, 268, 281, 282, 307, 323, 361, 388, 413, 414, 424, 438, 445, 482, 491, 503, 526, 591, 597, 699, 701, 707, 715, 722, 768, 840, 869, 871, 900, 914, 976, 986, 1010, 1027, 1028, 1045, 1052, 1062, 1080, 1091, 1193, 1229, 1235, 1239, 1245, 1247, 1262, 1290, 1314, 1319, 1331, 1367, 1401, 1406, 1455, 1456, 1457, 1474, 1475, 1489]
701: [15, 90, 105, 136, 146, 148, 149, 163, 182, 218, 235, 252, 376, 440, 445, 449, 458, 502, 504, 511, 525, 543, 564, 575, 582, 598, 609, 614, 621, 624, 667, 691, 699, 700, 702, 709, 710, 727, 746, 750, 756, 804, 806, 825, 830, 842, 906, 945, 948, 949, 971, 975, 1013, 1026, 1030, 1063, 1099, 1107, 1112, 1153, 1170, 1217, 1235, 1252, 1255, 1256, 1260, 1281, 1311, 1345, 1365, 1370, 1378, 1408, 1427, 1438, 1440, 1443, 1450, 1454, 1459, 1486, 1488]
702: [17, 46, 55, 56, 197, 199, 204, 225, 227, 230, 255, 271, 293, 329, 334, 344, 359, 400, 406, 410, 427, 446, 476, 484, 507, 508, 525, 540, 578, 582, 603, 657, 666, 668, 701, 703, 711, 747, 751, 764, 819, 820, 831, 861, 862, 880, 904, 906, 934, 956, 971, 997, 1022, 1044, 1048, 1084, 1121, 1139, 1157, 1168, 1184, 1189, 1194, 1225, 1226, 1244, 1259, 1284, 1286, 1343, 1361, 1364, 1375, 1421, 1441, 1448, 1452, 1475, 1487]
703: [45, 67, 101, 108, 115, 117, 131, 153, 197, 220, 264, 271, 273, 332, 350, 362, 378, 388, 469, 485, 491, 495, 518, 521, 532, 558, 561, 566, 692, 702, 704, 726, 736, 742, 751, 757, 767, 770, 772, 803, 806, 820, 833, 850, 852, 865, 900, 907, 916, 918, 929, 936, 958, 990, 1017, 1034, 1041, 1052, 1081, 1111, 1127, 1178, 1190, 1239, 1253, 1270, 1279, 1290, 1305, 1320, 1323, 1373, 1383, 1387, 1446, 1449, 1451, 1472]
704: [78, 119, 128, 133, 134, 169, 204, 243, 269, 295, 370, 382, 430, 438, 453, 457, 468, 478, 479, 480, 495, 508, 529, 534, 536, 573, 605, 698, 703, 705, 707, 733, 735, 750, 794, 807, 873, 892, 893, 905, 912, 913, 935, 951, 1002, 1046, 1050, 1056, 1065, 1077, 1098, 1131, 1164, 1229, 1245, 1267, 1292, 1367, 1406, 1432, 1445, 1463, 1492]
705: [21, 24, 35, 48, 60, 72, 73, 90, 91, 108, 210, 211, 240, 244, 249, 254, 269, 369, 385, 411, 427, 440, 451, 458, 479, 523, 561, 603, 620, 622, 638, 657, 660, 679, 683, 691, 704, 706, 732, 762, 772, 777, 793, 800, 821, 868, 888, 891, 902, 905, 934, 961, 972, 979, 1005, 1037, 1052, 1053, 1079, 1101, 1131, 1142, 1143, 1184, 1189, 1280, 1281, 1300, 1326, 1329, 1392, 1427, 1481]
706: [14, 54, 61, 64, 79, 87, 103, 111, 120, 152, 170, 185, 189, 215, 216, 221, 228, 249, 265, 333, 348, 375, 414, 419, 493, 518, 545, 558, 563, 570, 574, 584, 585, 598, 602, 647, 667, 673, 705, 707, 712, 746, 770, 795, 807, 811, 834, 857, 867, 887, 909, 919, 920, 925, 940, 944, 957, 972, 989, 991, 1012, 1036, 1058, 1086, 1110, 1132, 1147, 1151, 1163, 1170, 1194, 1224, 1255, 1256, 1261, 1307, 1309, 1315, 1325, 1334, 1357, 1362, 1364, 1385, 1405, 1446, 1465, 1474]
707: [33, 39, 87, 114, 154, 161, 170, 192, 198, 227, 238, 248, 296, 309, 316, 329, 344, 346, 385, 405, 413, 430, 453, 479, 480, 515, 544, 569, 597, 636, 638, 650, 653, 699, 700, 704, 706, 708, 712, 722, 723, 746, 775, 855, 873, 880, 890, 896, 917, 919, 936, 941, 944, 982, 1004, 1006, 1065, 1081, 1085, 1088, 1138, 1144, 1160, 1172, 1195, 1205, 1214, 1216, 1224, 1235, 1283, 1300, 1302, 1310, 1325, 1339, 1398, 1405, 1411, 1424, 1434, 1445, 1467, 1473, 1478]
708: [28, 36, 46, 93, 110, 129, 133, 137, 143, 160, 199, 205, 207, 217, 224, 245, 272, 295, 299, 316, 323, 325, 411, 430, 432, 499, 554, 571, 596, 599, 629, 664, 675, 680, 696, 707, 709, 742, 744, 759, 763, 765, 771, 824, 846, 847, 857, 880, 894, 920, 936, 966, 969, 1002, 1005, 1013, 1014, 1017, 1029, 1039, 1057, 1060, 1086, 1089, 1134, 1154, 1166, 1195, 1204, 1209, 1228, 1234, 1244, 1252, 1293, 1297, 1326, 1359, 1362, 1377, 1412, 1414, 1455, 1484, 1495]
709: [21, 50, 58, 148, 157, 206, 269, 280, 298, 300, 308, 312, 323, 324, 341, 344, 345, 404, 421, 445, 454, 465, 475, 488, 498, 523, 615, 616, 637, 645, 653, 664, 701, 708, 710, 715, 716, 740, 753, 761, 807, 818, 855, 858, 892, 902, 915, 1004, 1007, 1012, 1058, 1079, 1083, 1085, 1089, 1096, 1114, 1122, 1145, 1159, 1167, 1168, 1180, 1207, 1231, 1236, 1254, 1274, 1277, 1307, 1318, 1319, 1334, 1342, 1366, 1368, 1376, 1411, 1420, 1425, 1442, 1466, 1467]
710: [14, 15, 18, 49, 98, 141, 214, 224, 226, 228, 246, 250, 317, 321, 345, 353, 354, 374, 408, 418, 422, 424, 432, 438, 445, 471, 486, 495, 499, 503, 520, 530, 566, 574, 584, 611, 616, 656, 660, 673, 691, 697, 701, 709, 711, 755, 782, 788, 815, 837, 895, 905, 913, 943, 993, 1052, 1081, 1123, 1127, 1143, 1147, 1151, 1154, 1188, 1241, 1282, 1299, 1306, 1324, 1330, 1343, 1353, 1355, 1385, 1390, 1399, 1403, 1408, 1419, 1469, 1488]
711: [26, 27, 29, 33, 39, 57, 81, 90, 107, 113, 115, 128, 133, 139, 142, 177, 182, 216, 255, 265, 278, 282, 298, 311, 312, 340, 354, 376, 421, 443, 524, 527, 532, 547, 553, 569, 578, 579, 602, 677, 682, 689, 693, 699, 702, 710, 712, 717, 758, 780, 799, 813, 822, 843, 873, 912, 921, 939, 942, 970, 982, 985, 1059, 1076, 1084, 1117, 1118, 1124, 1165, 1167, 1174, 1181, 1221, 1225, 1235, 1254, 1274, 1311, 1319, 1325, 1337, 1338, 1349, 1355, 1356, 1358, 1388, 1393, 1399, 1404, 1431, 1433, 1473, 1478, 1489, 1493]
712: [16, 21, 25, 28, 42, 46, 55, 104, 107, 109, 116, 143, 144, 146, 176, 177, 188, 196, 211, 223, 245, 327, 333, 345, 359, 370, 388, 401, 403, 474, 553, 558, 562, 565, 577, 604, 616, 675, 706, 707, 711, 713, 716, 717, 729, 732, 768, 776, 780, 903, 946, 967, 1001, 1013, 1034, 1049, 1064, 1094, 1107, 1117, 1119, 1144, 1159, 1189, 1194, 1201, 1216, 1226, 1247, 1261, 1364, 1372, 1373, 1377, 1415, 1440, 1484, 1490]
713: [27, 43, 66, 72, 110, 129, 154, 164, 193, 202, 204, 232, 242, 280, 292, 336, 356, 373, 405, 408, 429, 451, 453, 467, 496, 505, 528, 534, 539, 543, 556, 596, 597, 604, 611, 623, 628, 632, 640, 643, 667, 684, 712, 714, 728, 756, 773, 787, 797, 808, 849, 883, 892, 944, 949, 986, 1000, 1024, 1069, 1082, 1120, 1149, 1179, 1202, 1223, 1297, 1300, 1310, 1343, 1344, 1421, 1426, 1428, 1434, 1452, 1458, 1465]
714: [21, 26, 57, 63, 69, 86, 89, 114, 120, 124, 127, 163, 172, 195, 230, 244, 252, 253, 273, 279, 292, 299, 301, 328, 332, 342, 370, 375, 387, 392, 410, 420, 428, 443, 446, 496, 509, 533, 551, 608, 610, 612, 616, 688, 695, 713, 715, 788, 838, 839, 854, 863, 869, 898, 900, 944, 950, 958, 970, 974, 982, 994, 1001, 1006, 1021, 1030, 1035, 1046, 1055, 1067, 1120, 1140, 1144, 1185, 1193, 1203, 1234, 1274, 1287, 1298, 1358, 1376, 1381, 1382, 1410, 1426, 1428]
715: [33, 51, 72, 75, 111, 203, 204, 206, 253, 275, 283, 310, 324, 330, 343, 355, 380, 387, 395, 396, 419, 437, 462, 466, 492, 510, 515, 558, 578, 598, 626, 689, 700, 709, 714, 716, 717, 721, 722, 748, 779, 787, 800, 801, 816, 823, 831, 838, 850, 881, 901, 925, 932, 961, 986, 992, 1101, 1158, 1181, 1249, 1253, 1268, 1291, 1297, 1330, 1334, 1348, 1354, 1377, 1399, 1419, 1428, 1447, 1454, 1456, 1470, 1472, 1478]
716: [86, 87, 89, 121, 125, 149, 170, 184, 196, 218, 263, 274, 283, 294, 313, 315, 360, 365, 372, 432, 452, 465, 514, 517, 540, 545, 556, 564, 571, 586, 593, 617, 621, 635, 650, 669, 709, 712, 715, 717, 745, 781, 797, 807, 849, 852, 866, 873, 875, 892, 916, 921, 933, 935, 971, 997, 999, 1000, 1007, 1019, 1024, 1055, 1064, 1130, 1148, 1179, 1186, 1193, 1195, 1207, 1231, 1236, 1280, 1321, 1348, 1357, 1389, 1391, 1392, 1405, 1406, 1407, 1425, 1432, 1440, 1448, 1452, 1476, 1486, 1499]
717: [48, 58, 75, 83, 122, 129, 158, 176, 192, 197, 217, 242, 244, 247, 291, 296, 333, 334, 339, 341, 351, 391, 435, 440, 453, 456, 457, 489, 495, 496, 500, 507, 519, 540, 662, 665, 684, 693, 696, 711, 712, 715, 716, 718, 752, 763, 768, 807, 818, 823, 835, 844, 859, 883, 885, 895, 899, 927, 964, 1002, 1012, 1047, 1062, 1097, 1098, 1113, 1114, 1141, 1144, 1176, 1186, 1249, 1289, 1299, 1324, 1410, 1437, 1443, 1446, 1462, 1466, 1472, 1474, 1482, 1486, 1499]
718: [14, 30, 72, 85, 94, 161, 170, 187, 203, 241, 282, 345, 347, 368, 392, 430, 440, 449, 474, 493, 504, 506, 511, 546, 561, 566, 582, 603, 606, 613, 615, 650, 662, 683, 717, 719, 728, 741, 807, 833, 837, 840, 846, 850, 862, 870, 878, 896, 909, 934, 958, 963, 994, 1056, 1064, 1072, 1087, 1099, 1109, 1113, 1150, 1156, 1161, 1169, 1193, 1200, 1205, 1216, 1231, 1241, 1293, 1297, 1310, 1315, 1331, 1363, 1392, 1437, 1462, 1472]
719: [23, 56, 57, 76, 77, 78, 96, 97, 104, 106, 119, 129, 146, 148, 175, 176, 251, 253, 261, 288, 294, 296, 299, 322, 337, 343, 355, 391, 403, 425, 434, 467, 575, 616, 634, 661, 680, 695, 718, 720, 740, 764, 776, 790, 793, 844, 857, 859, 863, 932, 969, 1031, 1043, 1047, 1063, 1064, 1073, 1100, 1114, 1141, 1176, 1221, 1246, 1265, 1272, 1282, 1284, 1294, 1338, 1347, 1394, 1408, 1418, 1424, 1425, 1447, 1449, 1456, 1465, 1473, 1475, 1487, 1492, 1495]
720: [27, 67, 117, 119, 130, 150, 153, 191, 248, 268, 282, 327, 377, 395, 401, 418, 420, 430, 442, 461, 481, 517, 530, 534, 535, 541, 571, 578, 591, 601, 625, 687, 697, 719, 721, 726, 775, 804, 838, 860, 869, 872, 887, 927, 944, 947, 968, 974, 1052, 1065, 1079, 1110, 1112, 1132, 1147, 1165, 1200, 1201, 1233, 1235, 1251, 1257, 1277, 1282, 1284, 1288, 1291, 1330, 1332, 1354, 1389, 1393, 1402, 1418, 1452, 1466, 1497]
721: [25, 29, 49, 84, 193, 194, 217, 262, 267, 269, 282, 283, 287, 303, 312, 318, 323, 374, 378, 393, 453, 455, 459, 481, 490, 527, 528, 533, 539, 557, 601, 618, 622, 633, 636, 644, 669, 673, 697, 699, 715, 720, 722, 724, 747, 764, 767, 770, 788, 801, 818, 824, 863, 871, 892, 932, 947, 982, 1065, 1068, 1097, 1112, 1139, 1163, 1177, 1180, 1207, 1209, 1233, 1234, 1320, 1332, 1334, 1340, 1350, 1368, 1390, 1406, 1417, 1424, 1426, 1432, 1437, 1440, 1457, 1473]
722: [27, 30, 44, 161, 210, 220, 236, 254, 272, 285, 297, 367, 373, 375, 384, 412, 423, 447, 452, 453, 467, 477, 496, 525, 545, 565, 575, 615, 644, 646, 659, 660, 675, 700, 707, 715, 721, 723, 739, 745, 763, 783, 793, 804, 827, 904, 918, 925, 960, 976, 1005, 1041, 1045, 1071, 1109, 1114, 1122, 1218, 1224, 1236, 1257, 1261, 1267, 1279, 1289, 1301, 1358, 1372, 1376, 1382, 1403, 1418, 1431, 1438, 1458, 1459, 1467]
723: [35, 45, 66, 71, 130, 205, 220, 278, 281, 349, 384, 388, 429, 451, 478, 510, 513, 555, 574, 629, 638, 667, 685, 707, 722, 724, 725, 726, 739, 758, 766, 808, 815, 817, 832, 897, 913, 939, 959, 963, 982, 993, 1006, 1013, 1038, 1042, 1059, 1117, 1143, 1169, 1212, 1245, 1283, 1299, 1307, 1319, 1332, 1334, 1352, 1360, 1377, 1379, 1396, 1398, 1403, 1421, 1435]
724: [62, 79, 99, 141, 154, 166, 189, 195, 201, 236, 249, 295, 312, 330, 342, 381, 402, 403, 422, 472, 476, 499, 511, 516, 523, 525, 537, 539, 580, 588, 604, 638, 647, 655, 675, 721, 723, 725, 787, 789, 817, 897, 901, 904, 917, 919, 929, 945, 956, 960, 962, 985, 994, 1016, 1060, 1066, 1071, 1095, 1124, 1127, 1147, 1148, 1183, 1184, 1194, 1225, 1232, 1239, 1252, 1267, 1282, 1294, 1306, 1325, 1338, 1339, 1364, 1379, 1442, 1461, 1483, 1486]
725: [21, 49, 57, 78, 146, 157, 164, 196, 210, 239, 303, 337, 424, 450, 463, 478, 481, 487, 492, 538, 547, 578, 584, 593, 594, 595, 600, 652, 661, 699, 723, 724, 726, 743, 757, 809, 820, 902, 920, 926, 947, 958, 972, 985, 991, 1024, 1041, 1047, 1053, 1058, 1095, 1106, 1110, 1119, 1167, 1230, 1239, 1272, 1303, 1336, 1342, 1343, 1386, 1397, 1398, 1413, 1459, 1494, 1496]
726: [46, 77, 105, 111, 122, 132, 141, 142, 143, 163, 172, 179, 182, 188, 189, 211, 235, 282, 285, 295, 300, 312, 351, 374, 377, 380, 392, 401, 412, 434, 440, 468, 474, 482, 533, 562, 564, 574, 589, 598, 601, 633, 643, 648, 668, 671, 676, 685, 703, 720, 723, 725, 727, 779, 783, 796, 829, 871, 873, 916, 918, 926, 938, 947, 975, 1005, 1024, 1029, 1045, 1165, 1169, 1172, 1177, 1213, 1251, 1281, 1311, 1313, 1327, 1345, 1369, 1375, 1384, 1387, 1390, 1426, 1460]
727: [61, 95, 105, 138, 148, 161, 176, 191, 198, 217, 228, 238, 254, 274, 393, 402, 404, 411, 440, 444, 459, 523, 524, 541, 549, 578, 634, 685, 690, 701, 726, 728, 784, 788, 795, 812, 846, 894, 940, 966, 969, 997, 1015, 1036, 1058, 1083, 1093, 1099, 1126, 1143, 1182, 1185, 1190, 1209, 1210, 1238, 1241, 1245, 1268, 1281, 1287, 1298, 1299, 1303, 1315, 1326, 1329, 1333, 1356, 1363, 1374, 1418, 1426, 1436, 1466, 1490]
728: [67, 94, 110, 114, 129, 135, 147, 181, 190, 202, 208, 254, 262, 263, 290, 331, 336, 366, 385, 395, 414, 415, 452, 484, 492, 515, 519, 528, 651, 713, 718, 727, 729, 730, 766, 774, 777, 779, 794, 796, 802, 873, 895, 911, 936, 942, 951, 953, 961, 1006, 1043, 1097, 1116, 1122, 1175, 1208, 1221, 1269, 1284, 1290, 1303, 1334, 1335, 1336, 1354, 1400, 1412, 1423, 1434, 1458, 1467, 1474, 1491]
729: [38, 44, 70, 73, 81, 174, 177, 184, 211, 217, 249, 289, 291, 319, 323, 329, 334, 348, 362, 376, 387, 396, 411, 472, 481, 493, 497, 532, 546, 560, 564, 567, 596, 614, 649, 670, 676, 712, 728, 730, 737, 810, 818, 843, 860, 863, 881, 902, 906, 909, 912, 921, 937, 938, 979, 984, 991, 1009, 1027, 1058, 1063, 1066, 1072, 1100, 1115, 1136, 1153, 1169, 1177, 1180, 1285, 1340, 1341, 1354, 1384, 1432, 1436, 1449, 1451, 1459, 1462, 1468]
730: [20, 37, 40, 46, 48, 113, 127, 136, 143, 150, 170, 246, 251, 296, 329, 331, 342, 366, 383, 392, 399, 422, 426, 427, 435, 459, 473, 524, 525, 539, 574, 590, 603, 627, 632, 660, 663, 680, 728, 729, 731, 759, 808, 856, 881, 883, 887, 891, 897, 901, 903, 915, 934, 948, 961, 968, 973, 1023, 1045, 1048, 1069, 1077, 1117, 1170, 1189, 1194, 1248, 1288, 1298, 1307, 1308, 1318, 1337, 1342, 1349, 1350, 1361, 1369, 1384, 1410, 1418, 1439, 1448, 1456, 1489, 1495]
731: [20, 25, 111, 126, 134, 143, 173, 214, 222, 246, 251, 267, 315, 333, 338, 345, 352, 376, 414, 431, 493, 502, 537, 554, 555, 577, 579, 583, 629, 644, 667, 674, 730, 732, 789, 822, 835, 867, 905, 919, 941, 977, 994, 1011, 1049, 1062, 1105, 1139, 1174, 1208, 1232, 1258, 1345, 1352, 1375, 1379, 1383, 1399, 1415, 1432, 1459, 1488]
732: [20, 32, 33, 35, 42, 53, 55, 85, 99, 143, 157, 177, 209, 236, 238, 251, 259, 292, 326, 367, 374, 376, 382, 407, 416, 430, 448, 460, 500, 556, 577, 586, 602, 606, 612, 643, 691, 705, 712, 731, 733, 745, 789, 791, 799, 811, 819, 827, 837, 849, 876, 906, 935, 941, 955, 956, 969, 981, 1034, 1056, 1077, 1100, 1114, 1136, 1160, 1163, 1183, 1204, 1215, 1232, 1327, 1341, 1379, 1421, 1436, 1472, 1477]
733: [47, 63, 64, 124, 132, 151, 155, 167, 224, 227, 268, 295, 296, 301, 315, 325, 326, 341, 344, 369, 409, 421, 423, 443, 453, 467, 492, 512, 541, 551, 568, 571, 603, 604, 632, 636, 668, 679, 704, 732, 734, 756, 796, 801, 806, 811, 819, 844, 863, 875, 884, 890, 923, 979, 984, 1068, 1069, 1070, 1077, 1113, 1122, 1127, 1187, 1197, 1235, 1250, 1251, 1260, 1265, 1290, 1292, 1304, 1305, 1333, 1352, 1363, 1379, 1384, 1393, 1396, 1397, 1412, 1431, 1447, 1457, 1464, 1480]
734: [86, 100, 115, 182, 198, 250, 261, 273, 289, 304, 332, 343, 354, 394, 395, 448, 507, 515, 521, 533, 546, 551, 570, 577, 646, 652, 666, 693, 733, 735, 750, 753, 786, 822, 857, 863, 865, 893, 912, 914, 945, 969, 992, 1011, 1028, 1046, 1048, 1051, 1058, 1093, 1097, 1123, 1141, 1142, 1143, 1147, 1157, 1166, 1183, 1192, 1216, 1217, 1247, 1265, 1286, 1347, 1359, 1383, 1406, 1430, 1440, 1453, 1467]
735: [22, 25, 30, 71, 73, 88, 100, 159, 179, 182, 199, 203, 220, 228, 230, 249, 271, 279, 289, 336, 343, 369, 388, 391, 402, 425, 438, 451, 457, 458, 484, 508, 530, 580, 621, 699, 704, 734, 736, 764, 797, 856, 857, 884, 893, 896, 941, 945, 954, 968, 976, 1028, 1082, 1094, 1100, 1110, 1136, 1165, 1193, 1247, 1298, 1311, 1320, 1324, 1327, 1330, 1337, 1349, 1357, 1364, 1370, 1402, 1410, 1440, 1459, 1469, 1473, 1483]
736: [28, 86, 89, 110, 116, 148, 163, 169, 186, 202, 248, 256, 300, 308, 323, 340, 344, 365, 379, 425, 435, 467, 488, 498, 523, 531, 549, 579, 589, 635, 698, 703, 735, 737, 760, 771, 865, 872, 896, 898, 902, 911, 921, 938, 950, 961, 988, 1030, 1064, 1077, 1079, 1114, 1123, 1152, 1181, 1183, 1184, 1204, 1296, 1297, 1363, 1390, 1395, 1417, 1454, 1489]
737: [47, 58, 86, 142, 170, 189, 222, 225, 250, 283, 296, 322, 329, 357, 358, 384, 431, 448, 498, 509, 522, 527, 544, 568, 600, 604, 619, 621, 653, 663, 682, 729, 736, 738, 750, 754, 776, 788, 796, 807, 814, 832, 834, 848, 857, 873, 878, 937, 978, 990, 1014, 1028, 1042, 1043, 1055, 1085, 1114, 1127, 1149, 1170, 1181, 1186, 1191, 1193, 1198, 1200, 1204, 1209, 1227, 1253, 1260, 1263, 1274, 1342, 1350, 1353, 1354, 1422, 1424, 1438, 1461, 1467, 1498]
738: [17, 26, 113, 128, 138, 144, 193, 220, 260, 284, 287, 288, 297, 310, 351, 353, 371, 384, 385, 419, 425, 427, 431, 462, 466, 524, 547, 595, 619, 628, 634, 635, 638, 643, 698, 737, 739, 745, 757, 801, 809, 820, 839, 848, 862, 864, 874, 887, 949, 967, 971, 1064, 1083, 1103, 1126, 1164, 1165, 1174, 1200, 1213, 1228, 1247, 1252, 1253, 1264, 1313, 1344, 1389, 1390, 1405, 1427, 1428, 1451]
739: [15, 18, 27, 40, 53, 60, 79, 88, 121, 124, 148, 149, 171, 248, 249, 259, 302, 325, 354, 369, 431, 432, 436, 448, 450, 456, 465, 466, 471, 479, 490, 491, 496, 501, 517, 518, 526, 544, 546, 552, 615, 638, 640, 665, 677, 680, 687, 696, 722, 723, 738, 740, 744, 768, 770, 780, 792, 807, 810, 828, 881, 884, 921, 933, 934, 937, 947, 963, 979, 988, 1016, 1053, 1124, 1152, 1171, 1177, 1180, 1185, 1201, 1235, 1245, 1260, 1271, 1304, 1317, 1334, 1335, 1355, 1398, 1417, 1430, 1453, 1458, 1460, 1481]
740: [21, 33, 60, 71, 81, 84, 143, 155, 209, 230, 236, 263, 279, 345, 357, 423, 429, 441, 444, 465, 466, 472, 477, 487, 494, 499, 504, 510, 524, 579, 585, 589, 616, 640, 664, 709, 719, 739, 741, 801, 803, 812, 819, 829, 852, 868, 896, 936, 960, 988, 1001, 1002, 1034, 1046, 1051, 1059, 1070, 1117, 1133, 1142, 1144, 1153, 1173, 1190, 1196, 1208, 1214, 1219, 1278, 1314, 1348, 1357, 1369, 1381, 1403, 1426, 1430, 1436, 1443, 1464, 1467, 1494, 1498]
741: [80, 105, 176, 177, 213, 218, 231, 240, 249, 266, 291, 300, 320, 322, 350, 351, 367, 384, 387, 389, 407, 428, 429, 454, 475, 490, 496, 499, 503, 539, 550, 554, 564, 574, 583, 620, 636, 647, 659, 666, 674, 699, 718, 740, 742, 749, 771, 784, 820, 821, 851, 878, 993, 1023, 1030, 1054, 1059, 1089, 1092, 1098, 1106, 1126, 1136, 1157, 1213, 1217, 1230, 1233, 1266, 1277, 1300, 1301, 1315, 1351, 1357, 1360, 1371, 1374, 1381, 1390, 1402, 1406, 1419, 1428, 1470, 1476, 1477]
742: [15, 28, 36, 105, 118, 120, 135, 196, 227, 236, 253, 262, 265, 287, 299, 324, 334, 372, 391, 399, 436, 443, 447, 450, 454, 481, 482, 483, 490, 494, 506, 517, 520, 546, 554, 638, 653, 655, 684, 703, 708, 741, 743, 744, 767, 785, 812, 838, 840, 859, 868, 895, 938, 944, 950, 975, 997, 1009, 1018, 1036, 1062, 1071, 1078, 1137, 1168, 1199, 1205, 1224, 1238, 1246, 1248, 1344, 1395, 1409, 1419, 1437, 1452, 1455, 1472, 1478]
743: [41, 102, 103, 110, 145, 200, 254, 280, 282, 293, 297, 317, 341, 357, 412, 471, 476, 477, 489, 495, 521, 522, 541, 590, 611, 622, 628, 642, 647, 654, 683, 698, 725, 742, 744, 760, 785, 791, 823, 824, 856, 868, 891, 904, 976, 989, 991, 1052, 1073, 1097, 1124, 1136, 1180, 1195, 1268, 1309, 1322, 1342, 1345, 1377, 1384, 1415, 1416, 1420, 1427, 1433, 1450, 1461, 1466]
744: [24, 73, 74, 75, 84, 101, 103, 107, 142, 146, 157, 184, 211, 262, 285, 287, 325, 330, 338, 363, 371, 399, 450, 478, 479, 490, 513, 515, 524, 557, 558, 582, 602, 607, 625, 664, 708, 739, 742, 743, 745, 783, 797, 819, 847, 891, 935, 947, 968, 974, 985, 993, 1007, 1009, 1063, 1069, 1081, 1090, 1104, 1105, 1190, 1196, 1240, 1245, 1277, 1301, 1347, 1380, 1392, 1434, 1455, 1462, 1484, 1496, 1499]
745: [39, 43, 59, 75, 81, 104, 113, 120, 185, 233, 268, 291, 294, 325, 336, 367, 382, 394, 396, 401, 419, 421, 424, 425, 432, 443, 460, 479, 559, 616, 632, 634, 665, 679, 681, 686, 716, 722, 732, 738, 744, 746, 797, 803, 820, 831, 871, 881, 893, 904, 950, 971, 997, 1005, 1017, 1040, 1072, 1087, 1095, 1103, 1122, 1131, 1139, 1144, 1165, 1248, 1300, 1305, 1324, 1336, 1344, 1422, 1434, 1467, 1468]
746: [29, 88, 102, 124, 148, 151, 192, 242, 249, 273, 293, 299, 335, 340, 341, 457, 461, 465, 468, 494, 540, 568, 573, 651, 660, 667, 678, 683, 701, 706, 707, 745, 747, 765, 831, 835, 859, 862, 876, 909, 948, 959, 978, 985, 1047, 1098, 1121, 1124, 1162, 1201, 1218, 1241, 1243, 1254, 1330, 1343, 1345, 1353, 1369, 1396, 1409, 1412, 1435]
747: [15, 40, 67, 75, 78, 154, 186, 198, 220, 227, 229, 239, 244, 262, 281, 283, 295, 368, 373, 405, 435, 439, 466, 468, 492, 496, 585, 620, 644, 663, 702, 721, 746, 748, 755, 799, 806, 829, 840, 853, 869, 871, 877, 895, 925, 931, 936, 989, 1024, 1051, 1145, 1200, 1205, 1207, 1221, 1224, 1261, 1265, 1379, 1417, 1429, 1466, 1468]
748: [14, 18, 28, 41, 55, 58, 91, 113, 218, 221, 264, 279, 287, 338, 359, 375, 406, 409, 428, 489, 514, 520, 563, 569, 585, 588, 590, 602, 626, 635, 652, 662, 665, 671, 715, 747, 749, 816, 871, 880, 881, 934, 940, 941, 972, 992, 1010, 1052, 1053, 1089, 1114, 1121, 1131, 1161, 1175, 1209, 1248, 1308, 1316, 1318, 1344, 1380, 1415, 1437, 1438, 1469, 1474]
749: [16, 57, 67, 86, 94, 102, 111, 113, 129, 163, 166, 226, 248, 309, 311, 317, 319, 373, 375, 376, 392, 413, 417, 426, 449, 472, 516, 535, 542, 547, 558, 586, 598, 651, 683, 741, 748, 750, 769, 857, 858, 862, 870, 909, 917, 930, 942, 948, 975, 1004, 1008, 1019, 1063, 1064, 1106, 1134, 1152, 1163, 1174, 1177, 1224, 1250, 1253, 1255, 1264, 1281, 1317, 1318, 1329, 1335, 1360, 1378, 1465]
750: [28, 41, 74, 85, 89, 103, 121, 135, 173, 226, 244, 307, 315, 319, 347, 368, 371, 419, 465, 475, 484, 500, 507, 514, 516, 525, 528, 581, 585, 590, 597, 617, 648, 697, 701, 704, 734, 737, 749, 751, 777, 809, 829, 832, 834, 863, 898, 904, 906, 910, 935, 995, 1014, 1024, 1039, 1087, 1109, 1126, 1148, 1149, 1160, 1171, 1190, 1197, 1209, 1234, 1240, 1241, 1245, 1253, 1264, 1283, 1312, 1351, 1363, 1388, 1483, 1491, 1497]
751: [25, 26, 34, 38, 96, 101, 117, 135, 156, 176, 182, 231, 289, 347, 370, 373, 395, 414, 417, 435, 458, 500, 510, 545, 547, 555, 618, 619, 620, 670, 702, 703, 750, 752, 770, 802, 811, 861, 877, 890, 925, 948, 965, 984, 1043, 1044, 1072, 1073, 1078, 1080, 1125, 1126, 1135, 1142, 1155, 1213, 1215, 1230, 1231, 1281, 1284, 1300, 1311, 1312, 1409, 1414, 1416, 1427, 1462, 1482, 1492]
752: [26, 29, 34, 42, 49, 59, 82, 113, 115, 116, 122, 139, 170, 192, 223, 245, 254, 255, 304, 345, 372, 378, 394, 396, 397, 402, 434, 448, 475, 481, 484, 502, 504, 556, 571, 588, 590, 604, 632, 633, 644, 685, 717, 751, 753, 758, 760, 776, 786, 806, 835, 852, 860, 877, 896, 911, 939, 950, 967, 981, 1005, 1006, 1007, 1055, 1077, 1103, 1120, 1146, 1182, 1186, 1222, 1224, 1225, 1229, 1230, 1252, 1257, 1258, 1273, 1275, 1282, 1314, 1330, 1347, 1355, 1364, 1370, 1425, 1427, 1439, 1470, 1492]
753: [39, 46, 136, 146, 163, 164, 170, 219, 238, 249, 260, 275, 290, 329, 339, 387, 388, 409, 429, 546, 568, 602, 654, 659, 687, 689, 699, 709, 734, 752, 754, 755, 756, 777, 806, 807, 822, 840, 865, 867, 871, 874, 882, 894, 910, 948, 950, 959, 965, 986, 1015, 1024, 1035, 1041, 1065, 1098, 1159, 1235, 1255, 1266, 1281, 1288, 1306, 1322, 1336, 1394, 1432, 1455, 1491]
754: [35, 40, 52, 53, 65, 89, 104, 105, 132, 136, 149, 155, 164, 190, 198, 201, 243, 255, 280, 304, 314, 319, 354, 407, 443, 588, 590, 649, 692, 698, 737, 753, 755, 768, 784, 788, 793, 826, 830, 873, 876, 908, 925, 940, 944, 990, 995, 1016, 1022, 1040, 1049, 1054, 1064, 1065, 1109, 1115, 1119, 1126, 1132, 1136, 1163, 1212, 1225, 1241, 1245, 1256, 1275, 1321, 1414, 1423, 1450, 1453, 1478, 1495]
755: [59, 65, 79, 83, 84, 105, 111, 149, 163, 180, 182, 222, 227, 228, 233, 239, 286, 318, 354, 372, 385, 393, 421, 429, 437, 449, 492, 495, 516, 530, 544, 590, 602, 622, 630, 669, 670, 678, 698, 710, 747, 753, 754, 756, 768, 769, 790, 793, 805, 815, 821, 834, 909, 912, 938, 946, 952, 965, 986, 997, 1084, 1085, 1103, 1110, 1134, 1203, 1206, 1228, 1240, 1259, 1270, 1276, 1315, 1332, 1358, 1366, 1396, 1443, 1468, 1482, 1499]
756: [18, 31, 47, 73, 77, 110, 123, 146, 148, 161, 165, 166, 173, 197, 203, 250, 279, 301, 365, 406, 418, 451, 455, 457, 461, 497, 508, 534, 571, 593, 609, 614, 624, 627, 628, 638, 701, 713, 733, 753, 755, 757, 760, 763, 767, 780, 788, 807, 842, 863, 864, 885, 915, 954, 966, 968, 969, 971, 1008, 1021, 1033, 1057, 1073, 1094, 1097, 1119, 1150, 1158, 1177, 1252, 1268, 1274, 1286, 1293, 1301, 1323, 1351, 1387, 1392, 1394, 1418, 1428, 1429, 1441, 1451, 1453, 1475]
757: [54, 56, 90, 137, 161, 193, 196, 245, 255, 257, 260, 269, 274, 277, 291, 294, 317, 324, 334, 370, 376, 390, 395, 416, 482, 502, 505, 515, 521, 533, 586, 638, 651, 659, 663, 681, 696, 703, 725, 738, 756, 758, 853, 865, 871, 873, 909, 928, 930, 933, 938, 953, 963, 977, 1036, 1037, 1040, 1043, 1056, 1124, 1156, 1157, 1240, 1258, 1274, 1281, 1283, 1288, 1332, 1344, 1353, 1392, 1400, 1435, 1476]
758: [19, 33, 44, 73, 78, 104, 110, 149, 152, 212, 234, 256, 286, 365, 382, 404, 413, 449, 451, 456, 492, 493, 508, 515, 528, 545, 550, 568, 573, 603, 612, 630, 635, 639, 711, 723, 752, 757, 759, 804, 870, 892, 921, 934, 966, 992, 995, 1000, 1023, 1028, 1040, 1059, 1072, 1114, 1130, 1146, 1158, 1178, 1180, 1181, 1183, 1196, 1201, 1213, 1214, 1231, 1254, 1259, 1276, 1287, 1295, 1315, 1319, 1367, 1369, 1420, 1473, 1475]
759: [16, 37, 61, 108, 114, 151, 203, 213, 221, 268, 291, 297, 388, 403, 414, 423, 442, 448, 486, 496, 502, 504, 512, 518, 522, 534, 557, 558, 569, 582, 627, 640, 667, 674, 686, 708, 730, 758, 760, 780, 790, 854, 870, 895, 899, 901, 908, 913, 916, 918, 935, 971, 975, 985, 1018, 1032, 1057, 1064, 1085, 1107, 1155, 1195, 1201, 1231, 1246, 1307, 1341, 1346, 1363, 1385, 1479, 1481]
760: [29, 49, 51, 52, 81, 117, 129, 130, 136, 157, 160, 169, 174, 204, 221, 278, 299, 310, 329, 346, 406, 440, 452, 461, 464, 503, 540, 557, 585, 603, 675, 678, 684, 697, 736, 743, 752, 756, 759, 761, 783, 793, 849, 942, 943, 947, 965, 979, 999, 1033, 1070, 1083, 1110, 1152, 1220, 1257, 1276, 1290, 1295, 1307, 1326, 1333, 1339, 1347, 1355, 1356, 1367, 1395, 1422, 1431, 1432, 1451, 1461]
761: [59, 64, 93, 122, 124, 138, 143, 154, 162, 192, 227, 291, 349, 436, 438, 465, 466, 474, 475, 478, 489, 498, 551, 622, 636, 650, 666, 709, 760, 762, 770, 771, 783, 785, 789, 855, 910, 924, 935, 954, 960, 975, 980, 985, 1002, 1015, 1018, 1020, 1105, 1114, 1120, 1158, 1205, 1224, 1226, 1245, 1281, 1286, 1314, 1315, 1327, 1347, 1386, 1391, 1404, 1412, 1428, 1432, 1435, 1456, 1466, 1472, 1473, 1493]
762: [15, 48, 63, 95, 97, 118, 129, 221, 226, 257, 262, 366, 385, 406, 437, 439, 450, 526, 545, 547, 605, 625, 705, 761, 763, 772, 776, 777, 805, 824, 826, 904, 924, 936, 992, 1008, 1009, 1033, 1048, 1077, 1121, 1136, 1143, 1175, 1176, 1179, 1200, 1231, 1252, 1294, 1312, 1329, 1334, 1363, 1380, 1396, 1450, 1458, 1485]
763: [32, 69, 86, 100, 127, 131, 136, 157, 174, 194, 198, 240, 261, 273, 276, 316, 325, 369, 424, 439, 449, 452, 466, 490, 493, 527, 538, 539, 551, 559, 591, 633, 650, 654, 661, 678, 682, 694, 698, 708, 717, 722, 756, 762, 764, 813, 847, 873, 889, 890, 965, 974, 998, 1000, 1003, 1006, 1023, 1028, 1053, 1072, 1093, 1107, 1114, 1115, 1151, 1170, 1179, 1195, 1197, 1258, 1300, 1325, 1340, 1342, 1355, 1406, 1426, 1436, 1464, 1476]
764: [26, 30, 45, 75, 93, 111, 132, 164, 185, 206, 213, 220, 232, 233, 264, 265, 303, 306, 310, 356, 383, 385, 399, 425, 574, 580, 627, 658, 668, 702, 719, 721, 735, 763, 765, 785, 816, 828, 834, 836, 855, 875, 902, 937, 951, 958, 962, 976, 1006, 1040, 1074, 1113, 1166, 1186, 1205, 1261, 1263, 1308, 1333, 1348, 1353, 1382, 1405, 1414, 1456, 1457, 1492]
765: [20, 30, 77, 90, 103, 143, 172, 177, 194, 218, 225, 236, 237, 245, 259, 268, 281, 288, 292, 295, 319, 333, 342, 351, 363, 369, 377, 380, 442, 446, 472, 511, 513, 584, 587, 604, 658, 661, 663, 666, 678, 708, 746, 764, 766, 775, 776, 791, 808, 862, 903, 950, 961, 975, 984, 1013, 1020, 1035, 1041, 1108, 1117, 1118, 1171, 1180, 1189, 1203, 1209, 1235, 1308, 1316, 1332, 1362, 1368, 1387, 1424, 1432, 1487]
766: [16, 36, 38, 39, 82, 88, 166, 192, 220, 234, 252, 276, 387, 392, 439, 476, 489, 494, 503, 538, 543, 565, 622, 655, 656, 671, 681, 723, 728, 765, 767, 810, 826, 854, 919, 935, 955, 970, 979, 981, 1017, 1019, 1028, 1071, 1075, 1089, 1116, 1134, 1152, 1171, 1209, 1236, 1240, 1244, 1300, 1322, 1361, 1362, 1394, 1448, 1456]
767: [42, 88, 161, 168, 169, 185, 188, 212, 219, 235, 267, 273, 308, 319, 333, 336, 353, 390, 391, 392, 402, 408, 432, 436, 441, 445, 456, 476, 480, 484, 530, 544, 551, 553, 584, 595, 621, 641, 647, 703, 721, 742, 756, 766, 768, 773, 785, 830, 857, 876, 879, 883, 889, 900, 901, 905, 944, 952, 953, 965, 972, 1054, 1055, 1080, 1108, 1109, 1110, 1162, 1170, 1186, 1209, 1227, 1238, 1239, 1267, 1304, 1315, 1362, 1364, 1384, 1390, 1395, 1412, 1488]
768: [28, 75, 105, 114, 185, 191, 198, 205, 224, 279, 299, 301, 320, 322, 324, 373, 439, 440, 446, 460, 461, 477, 498, 521, 527, 529, 530, 534, 547, 574, 643, 647, 670, 682, 685, 700, 712, 717, 739, 754, 755, 767, 769, 778, 820, 840, 852, 904, 924, 927, 975, 976, 997, 1005, 1065, 1086, 1093, 1105, 1128, 1129, 1150, 1153, 1175, 1201, 1251, 1299, 1313, 1321, 1348, 1360, 1369, 1384, 1407, 1409, 1425, 1426, 1427, 1433, 1444, 1485, 1495]
769: [18, 31, 35, 46, 50, 94, 141, 146, 150, 168, 210, 218, 220, 252, 253, 297, 364, 380, 381, 406, 420, 428, 446, 491, 494, 504, 505, 521, 536, 560, 570, 595, 614, 637, 644, 651, 656, 675, 683, 690, 749, 755, 768, 770, 772, 776, 783, 822, 830, 832, 849, 861, 882, 897, 931, 954, 971, 1023, 1032, 1037, 1047, 1062, 1065, 1113, 1202, 1210, 1213, 1223, 1232, 1234, 1265, 1271, 1291, 1304, 1426, 1467, 1483]
770: [21, 41, 49, 120, 125, 134, 138, 230, 254, 264, 293, 303, 305, 314, 336, 374, 396, 402, 407, 430, 443, 452, 457, 491, 512, 518, 531, 550, 554, 580, 601, 646, 690, 703, 706, 721, 739, 751, 761, 769, 771, 822, 871, 888, 890, 898, 909, 910, 934, 937, 968, 993, 1018, 1030, 1039, 1065, 1070, 1071, 1074, 1075, 1095, 1102, 1128, 1188, 1192, 1248, 1270, 1272, 1274, 1281, 1283, 1290, 1321, 1346, 1371, 1384, 1414, 1418, 1451, 1490, 1498]
771: [28, 29, 39, 64, 84, 103, 104, 110, 119, 191, 192, 207, 210, 220, 227, 268, 296, 303, 328, 346, 347, 397, 406, 426, 429, 440, 464, 483, 503, 528, 547, 555, 558, 572, 573, 610, 627, 634, 641, 646, 683, 692, 708, 736, 741, 761, 770, 772, 792, 856, 901, 904, 940, 956, 958, 991, 992, 1001, 1008, 1034, 1040, 1094, 1201, 1206, 1214, 1258, 1277, 1294, 1337, 1351, 1409, 1438, 1442, 1499]
772: [30, 38, 48, 69, 80, 100, 108, 121, 159, 176, 188, 189, 287, 305, 328, 331, 363, 368, 379, 385, 395, 456, 496, 522, 523, 528, 539, 550, 552, 557, 590, 591, 592, 597, 623, 640, 645, 685, 703, 705, 762, 769, 771, 773, 776, 781, 784, 806, 808, 838, 847, 849, 893, 919, 927, 935, 942, 1011, 1050, 1091, 1155, 1193, 1241, 1276, 1327, 1363, 1382, 1387, 1403, 1432, 1455, 1469]
773: [14, 20, 29, 38, 41, 60, 72, 84, 87, 111, 146, 147, 174, 179, 185, 202, 228, 239, 248, 284, 288, 307, 358, 375, 382, 394, 435, 438, 440, 442, 472, 476, 494, 508, 532, 612, 634, 669, 677, 713, 767, 772, 774, 818, 831, 876, 910, 921, 937, 968, 972, 995, 1054, 1073, 1077, 1081, 1111, 1121, 1123, 1143, 1150, 1179, 1205, 1227, 1238, 1254, 1260, 1276, 1327, 1329, 1359, 1360, 1361, 1394, 1449]
774: [31, 43, 45, 134, 158, 160, 176, 201, 223, 247, 258, 269, 277, 279, 298, 318, 323, 338, 346, 376, 386, 391, 392, 394, 398, 405, 418, 422, 464, 465, 485, 505, 525, 557, 583, 588, 612, 616, 618, 620, 728, 773, 775, 790, 832, 874, 942, 946, 980, 985, 996, 1006, 1009, 1027, 1046, 1053, 1055, 1066, 1098, 1150, 1161, 1237, 1243, 1256, 1258, 1260, 1291, 1331, 1338, 1369, 1385, 1450, 1458, 1461, 1467, 1484]
775: [51, 77, 101, 109, 118, 124, 128, 137, 198, 208, 249, 257, 258, 263, 272, 274, 275, 316, 319, 348, 352, 380, 388, 391, 403, 469, 498, 572, 575, 577, 580, 602, 605, 617, 638, 643, 656, 665, 666, 683, 691, 707, 720, 765, 774, 776, 796, 798, 828, 864, 882, 883, 907, 908, 933, 935, 965, 987, 1001, 1044, 1178, 1276, 1291, 1304, 1307, 1308, 1318, 1336, 1353, 1402, 1428, 1440, 1454, 1468, 1470, 1485, 1487]
776: [23, 26, 71, 96, 97, 113, 118, 122, 124, 153, 157, 169, 179, 210, 220, 274, 283, 309, 310, 339, 352, 363, 396, 436, 455, 467, 486, 505, 536, 548, 549, 572, 596, 601, 639, 641, 680, 684, 687, 688, 712, 719, 737, 752, 762, 765, 769, 772, 775, 777, 778, 801, 811, 836, 844, 931, 939, 956, 977, 1006, 1013, 1025, 1039, 1056, 1063, 1066, 1074, 1085, 1104, 1117, 1125, 1128, 1140, 1156, 1161, 1162, 1165, 1214, 1215, 1219, 1231, 1240, 1247, 1251, 1255, 1265, 1266, 1270, 1288, 1305, 1321, 1333, 1337, 1359, 1398, 1402, 1427, 1430, 1457, 1458, 1461, 1469, 1488]
777: [14, 62, 112, 116, 130, 156, 207, 210, 212, 218, 253, 266, 267, 295, 296, 331, 409, 435, 489, 507, 528, 534, 535, 547, 586, 631, 639, 661, 705, 728, 750, 753, 762, 776, 778, 815, 820, 828, 842, 896, 955, 967, 1044, 1048, 1083, 1088, 1111, 1147, 1159, 1180, 1202, 1207, 1234, 1245, 1258, 1276, 1354, 1374, 1400, 1413, 1426, 1463]
778: [15, 17, 27, 62, 93, 104, 169, 223, 275, 297, 300, 314, 318, 320, 351, 355, 358, 414, 431, 435, 454, 477, 514, 531, 545, 557, 581, 608, 627, 628, 641, 659, 678, 686, 690, 768, 776, 777, 779, 786, 802, 848, 886, 906, 916, 973, 976, 998, 1019, 1046, 1106, 1125, 1145, 1154, 1172, 1205, 1248, 1296, 1310, 1342, 1343, 1346, 1350, 1357, 1382, 1394, 1408, 1410, 1425, 1481, 1489]
779: [23, 26, 28, 93, 102, 104, 112, 142, 167, 186, 206, 228, 255, 262, 308, 310, 314, 347, 361, 365, 367, 426, 427, 432, 451, 454, 470, 474, 479, 482, 535, 595, 609, 617, 621, 630, 657, 667, 715, 726, 728, 778, 780, 815, 817, 822, 881, 883, 884, 934, 944, 945, 958, 966, 984, 993, 1018, 1055, 1073, 1076, 1084, 1099, 1123, 1124, 1156, 1164, 1176, 1182, 1199, 1224, 1238, 1242, 1245, 1285, 1319, 1343, 1348, 1354, 1363, 1369, 1419, 1450, 1453, 1469]
780: [17, 21, 31, 49, 70, 129, 169, 205, 207, 213, 219, 272, 293, 312, 332, 338, 342, 343, 359, 362, 396, 432, 485, 511, 515, 544, 566, 594, 601, 603, 638, 640, 681, 711, 712, 739, 756, 759, 779, 781, 798, 799, 832, 833, 850, 854, 876, 884, 900, 903, 909, 920, 941, 947, 954, 971, 979, 999, 1028, 1074, 1091, 1121, 1142, 1162, 1197, 1206, 1209, 1214, 1217, 1225, 1250, 1261, 1337, 1353, 1376, 1400, 1420, 1430, 1442, 1476, 1484]
781: [18, 24, 83, 91, 92, 117, 119, 145, 153, 157, 158, 161, 163, 191, 199, 208, 218, 244, 278, 290, 340, 346, 353, 358, 374, 375, 379, 387, 394, 428, 444, 449, 453, 460, 475, 483, 488, 494, 495, 512, 517, 519, 525, 530, 534, 581, 591, 593, 602, 613, 673, 683, 698, 716, 772, 780, 782, 790, 829, 838, 842, 873, 881, 895, 967, 977, 978, 990, 1034, 1035, 1054, 1061, 1072, 1078, 1119, 1146, 1188, 1211, 1216, 1217, 1220, 1222, 1263, 1279, 1293, 1306, 1319, 1321, 1330, 1331, 1353, 1360, 1368, 1384, 1387, 1396, 1419, 1422, 1433, 1438, 1456, 1459, 1461, 1469, 1478, 1485, 1493]
782: [28, 38, 52, 63, 74, 77, 82, 92, 135, 155, 169, 171, 214, 220, 225, 241, 340, 378, 393, 398, 463, 499, 511, 523, 532, 560, 572, 583, 596, 622, 637, 671, 678, 699, 710, 781, 783, 788, 794, 797, 821, 845, 853, 869, 870, 883, 903, 920, 928, 930, 945, 963, 976, 981, 997, 1004, 1036, 1083, 1109, 1183, 1196, 1222, 1225, 1240, 1264, 1269, 1274, 1275, 1328, 1362, 1383, 1390, 1395, 1397, 1408, 1420, 1424, 1428, 1444, 1445, 1466, 1469, 1473, 1486, 1488]
783: [23, 25, 44, 53, 59, 63, 88, 103, 131, 168, 176, 284, 302, 310, 314, 328, 358, 359, 369, 374, 383, 406, 442, 453, 486, 532, 557, 579, 590, 601, 664, 678, 696, 699, 722, 726, 744, 760, 761, 769, 782, 784, 787, 830, 831, 835, 837, 847, 889, 898, 953, 954, 980, 996, 998, 1011, 1052, 1128, 1209, 1223, 1231, 1274, 1345, 1370, 1386, 1415, 1441]
784: [18, 23, 44, 53, 91, 98, 127, 158, 165, 171, 207, 212, 222, 228, 231, 240, 246, 256, 284, 323, 337, 340, 353, 367, 369, 390, 397, 426, 486, 497, 531, 540, 543, 551, 583, 595, 646, 666, 689, 694, 727, 741, 754, 772, 783, 785, 824, 985, 1012, 1014, 1019, 1039, 1071, 1097, 1101, 1108, 1124, 1131, 1183, 1206, 1212, 1223, 1256, 1336, 1411, 1412, 1463, 1488]
785: [72, 79, 95, 101, 121, 152, 212, 222, 279, 292, 331, 335, 370, 380, 445, 446, 505, 506, 542, 554, 567, 584, 589, 616, 628, 636, 742, 743, 761, 764, 767, 784, 786, 789, 802, 818, 824, 880, 905, 973, 979, 1003, 1004, 1080, 1093, 1094, 1103, 1107, 1140, 1146, 1151, 1178, 1210, 1224, 1237, 1239, 1243, 1266, 1286, 1323, 1327, 1430, 1453, 1465, 1496]
786: [24, 60, 73, 91, 107, 125, 131, 140, 161, 174, 182, 208, 220, 233, 248, 280, 287, 294, 298, 309, 312, 319, 332, 337, 345, 366, 436, 447, 494, 504, 586, 610, 734, 752, 778, 785, 787, 799, 800, 827, 857, 877, 978, 996, 1015, 1018, 1024, 1041, 1043, 1071, 1084, 1087, 1103, 1114, 1139, 1168, 1173, 1200, 1207, 1215, 1248, 1253, 1319, 1322, 1332, 1363, 1377, 1379, 1391, 1398, 1434, 1498]
787: [58, 92, 117, 119, 124, 140, 143, 160, 169, 198, 226, 231, 235, 246, 252, 292, 296, 302, 317, 331, 337, 403, 407, 409, 448, 466, 494, 513, 516, 525, 526, 530, 562, 599, 618, 628, 630, 691, 692, 693, 713, 715, 724, 783, 786, 788, 795, 812, 820, 824, 845, 853, 870, 882, 890, 907, 908, 937, 972, 991, 1033, 1034, 1054, 1084, 1095, 1100, 1101, 1102, 1107, 1128, 1132, 1179, 1187, 1230, 1235, 1237, 1262, 1288, 1302, 1315, 1322, 1328, 1339, 1347, 1397, 1413, 1418, 1424, 1433, 1437]
788: [14, 16, 20, 31, 48, 64, 67, 105, 109, 116, 129, 131, 134, 143, 152, 188, 237, 248, 261, 291, 319, 335, 341, 369, 372, 376, 378, 406, 414, 431, 490, 507, 517, 520, 543, 553, 582, 609, 710, 714, 721, 727, 737, 754, 756, 782, 787, 789, 812, 847, 856, 891, 910, 931, 949, 961, 1014, 1104, 1135, 1140, 1152, 1158, 1220, 1232, 1240, 1272, 1274, 1308, 1320, 1344, 1407, 1415, 1439, 1475]
789: [17, 20, 61, 75, 78, 100, 110, 123, 130, 167, 174, 197, 214, 223, 265, 328, 336, 345, 362, 373, 379, 409, 424, 517, 535, 542, 550, 619, 647, 666, 668, 675, 724, 731, 732, 761, 785, 788, 790, 794, 795, 816, 850, 860, 869, 877, 883, 914, 927, 936, 951, 964, 980, 982, 985, 1028, 1029, 1099, 1111, 1114, 1122, 1136, 1147, 1155, 1168, 1169, 1207, 1218, 1258, 1261, 1302, 1318, 1325, 1361, 1363, 1375, 1386, 1388, 1409, 1430, 1465, 1470, 1492, 1494, 1496]
790: [19, 44, 92, 103, 119, 137, 138, 161, 170, 173, 245, 255, 258, 261, 293, 361, 414, 457, 482, 492, 503, 504, 507, 516, 560, 570, 595, 606, 620, 669, 719, 755, 759, 774, 781, 789, 791, 804, 817, 823, 825, 828, 836, 860, 885, 905, 923, 941, 947, 999, 1006, 1010, 1048, 1071, 1086, 1101, 1104, 1116, 1121, 1147, 1152, 1162, 1168, 1169, 1207, 1226, 1244, 1270, 1273, 1297, 1320, 1331, 1335, 1344, 1356, 1368, 1376, 1440, 1463, 1467, 1468, 1469, 1476]
791: [20, 60, 65, 111, 131, 141, 166, 189, 216, 235, 297, 315, 325, 329, 395, 407, 420, 457, 463, 498, 562, 583, 600, 648, 655, 662, 732, 743, 765, 790, 792, 803, 824, 841, 843, 847, 853, 892, 924, 930, 933, 940, 1003, 1010, 1011, 1015, 1037, 1038, 1084, 1087, 1114, 1122, 1139, 1144, 1145, 1146, 1167, 1171, 1182, 1212, 1218, 1223, 1286, 1350, 1403, 1438, 1454, 1467, 1480]
792: [30, 74, 131, 152, 178, 188, 214, 218, 225, 242, 276, 277, 280, 286, 289, 318, 412, 428, 494, 495, 522, 537, 539, 547, 550, 568, 597, 621, 640, 666, 694, 739, 771, 791, 793, 796, 865, 870, 883, 895, 897, 911, 914, 927, 932, 946, 955, 970, 973, 996, 999, 1017, 1030, 1081, 1082, 1089, 1113, 1116, 1173, 1214, 1215, 1219, 1234, 1237, 1275, 1293, 1296, 1300, 1314, 1350, 1353, 1406, 1414, 1473, 1475]
793: [19, 32, 38, 41, 103, 128, 133, 135, 146, 210, 223, 232, 242, 252, 265, 266, 292, 376, 431, 481, 493, 504, 512, 516, 594, 610, 616, 620, 705, 719, 722, 754, 755, 760, 792, 794, 828, 829, 845, 864, 886, 929, 984, 992, 1013, 1019, 1025, 1047, 1082, 1088, 1094, 1095, 1120, 1133, 1144, 1181, 1208, 1221, 1261, 1269, 1291, 1316, 1321, 1322, 1348, 1363, 1409, 1419, 1429, 1460]
794: [19, 28, 42, 45, 53, 68, 73, 116, 122, 154, 168, 174, 180, 181, 187, 188, 213, 219, 244, 291, 298, 309, 346, 376, 383, 391, 466, 481, 497, 527, 569, 585, 598, 662, 667, 704, 728, 782, 789, 793, 795, 804, 812, 816, 819, 833, 878, 902, 910, 933, 935, 942, 956, 984, 991, 997, 1001, 1032, 1045, 1056, 1057, 1058, 1068, 1080, 1081, 1082, 1088, 1125, 1139, 1180, 1212, 1215, 1230, 1234, 1256, 1266, 1308, 1351, 1371, 1379, 1384, 1412, 1482, 1494]
795: [28, 38, 39, 41, 111, 123, 169, 179, 193, 195, 198, 208, 209, 237, 254, 255, 264, 281, 292, 325, 345, 346, 385, 400, 418, 456, 481, 483, 484, 485, 517, 522, 537, 559, 562, 572, 586, 598, 622, 672, 706, 727, 787, 789, 794, 796, 822, 862, 886, 900, 910, 941, 959, 960, 963, 968, 976, 995, 996, 1052, 1073, 1088, 1110, 1145, 1147, 1156, 1161, 1192, 1196, 1220, 1241, 1243, 1255, 1274, 1275, 1302, 1359, 1390, 1400, 1417, 1455, 1479, 1494]
796: [21, 39, 78, 98, 132, 175, 177, 199, 208, 251, 257, 342, 351, 370, 398, 405, 427, 431, 434, 435, 455, 461, 482, 506, 511, 522, 534, 542, 543, 553, 554, 556, 598, 613, 617, 620, 630, 633, 645, 663, 685, 692, 694, 697, 726, 728, 733, 737, 775, 792, 795, 797, 819, 832, 842, 922, 925, 934, 972, 979, 989, 1020, 1105, 1108, 1137, 1158, 1228, 1254, 1307, 1324, 1326, 1337, 1347, 1351, 1363, 1390, 1401, 1415, 1426, 1441, 1447, 1450, 1456, 1487]
797: [31, 72, 90, 119, 122, 125, 205, 311, 379, 450, 479, 537, 572, 583, 588, 591, 602, 604, 618, 649, 659, 676, 696, 713, 716, 735, 744, 745, 782, 796, 798, 801, 804, 820, 841, 893, 905, 906, 940, 944, 986, 988, 1007, 1016, 1067, 1105, 1123, 1125, 1126, 1128, 1147, 1154, 1193, 1226, 1229, 1257, 1263, 1269, 1277, 1282, 1284, 1308, 1318, 1341, 1386, 1412, 1439, 1449, 1456, 1460]
798: [18, 49, 64, 67, 75, 92, 133, 171, 189, 210, 232, 242, 258, 290, 299, 310, 321, 400, 424, 437, 440, 448, 449, 481, 489, 511, 512, 546, 573, 603, 631, 643, 647, 650, 663, 669, 775, 780, 797, 799, 815, 880, 896, 901, 941, 959, 976, 980, 1005, 1012, 1039, 1073, 1086, 1109, 1158, 1162, 1179, 1184, 1191, 1196, 1240, 1257, 1274, 1283, 1286, 1323, 1339, 1343, 1344, 1357, 1361, 1363, 1404, 1430, 1431, 1444, 1449, 1481, 1498]
799: [14, 56, 77, 89, 103, 111, 132, 140, 207, 227, 235, 258, 283, 299, 307, 308, 316, 324, 346, 348, 357, 368, 375, 385, 397, 407, 426, 434, 442, 448, 449, 465, 494, 497, 607, 609, 646, 656, 661, 664, 666, 673, 711, 732, 747, 780, 786, 798, 800, 806, 815, 834, 846, 869, 934, 975, 977, 986, 990, 1012, 1034, 1090, 1120, 1122, 1133, 1162, 1202, 1230, 1240, 1249, 1254, 1285, 1294, 1296, 1331, 1338, 1343, 1360, 1362, 1367, 1383, 1395, 1398, 1409, 1433, 1446, 1456, 1475, 1491]
800: [23, 50, 63, 85, 107, 139, 141, 159, 187, 203, 242, 290, 298, 317, 335, 346, 355, 357, 412, 425, 452, 455, 474, 516, 520, 533, 539, 548, 564, 581, 598, 602, 606, 630, 676, 705, 715, 786, 799, 801, 840, 876, 882, 928, 932, 983, 987, 991, 999, 1008, 1030, 1043, 1062, 1064, 1068, 1124, 1129, 1131, 1132, 1144, 1161, 1170, 1189, 1190, 1229, 1233, 1288, 1319, 1401, 1413, 1427, 1474, 1475, 1486]
801: [28, 52, 64, 93, 117, 140, 158, 269, 272, 286, 304, 325, 342, 357, 371, 442, 462, 481, 487, 492, 501, 509, 572, 602, 634, 660, 661, 662, 694, 698, 715, 721, 733, 738, 740, 776, 797, 800, 802, 806, 874, 923, 933, 956, 1004, 1011, 1063, 1078, 1099, 1105, 1154, 1156, 1169, 1208, 1218, 1220, 1256, 1269, 1271, 1289, 1292, 1332, 1341, 1343, 1367, 1384, 1386, 1439, 1457, 1493, 1496, 1498]
802: [16, 28, 36, 53, 57, 71, 108, 114, 128, 132, 149, 160, 185, 200, 209, 225, 229, 234, 248, 269, 276, 283, 300, 301, 309, 375, 383, 390, 412, 416, 428, 484, 502, 503, 505, 515, 521, 544, 554, 557, 589, 615, 634, 641, 658, 669, 686, 728, 751, 778, 785, 801, 803, 843, 862, 866, 879, 881, 911, 912, 918, 939, 957, 968, 972, 973, 981, 992, 1002, 1029, 1048, 1050, 1072, 1078, 1088, 1095, 1114, 1126, 1155, 1262, 1304, 1334, 1352, 1374, 1379, 1395, 1398, 1437, 1438, 1450]
803: [43, 58, 62, 70, 116, 132, 145, 176, 182, 185, 190, 202, 211, 234, 246, 253, 258, 285, 299, 312, 323, 360, 364, 368, 391, 426, 445, 476, 484, 511, 515, 527, 546, 566, 567, 568, 588, 616, 624, 629, 641, 648, 686, 699, 703, 740, 745, 791, 802, 804, 825, 871, 930, 936, 939, 976, 1010, 1032, 1051, 1077, 1094, 1097, 1103, 1142, 1162, 1201, 1202, 1224, 1244, 1272, 1281, 1286, 1298, 1361, 1374, 1388, 1416, 1426, 1453, 1475, 1490, 1493]
804: [15, 61, 66, 76, 90, 117, 176, 178, 206, 209, 217, 218, 243, 271, 276, 300, 339, 347, 364, 393, 399, 408, 430, 438, 443, 470, 480, 508, 519, 538, 566, 569, 573, 575, 578, 584, 587, 614, 632, 645, 646, 651, 661, 688, 690, 699, 701, 720, 722, 758, 790, 794, 797, 803, 805, 833, 863, 954, 975, 986, 1021, 1052, 1074, 1108, 1124, 1152, 1158, 1197, 1249, 1268, 1280, 1292, 1296, 1312, 1340, 1357, 1402, 1409, 1410, 1499]
805: [69, 73, 177, 250, 259, 287, 292, 296, 322, 348, 394, 438, 473, 501, 521, 522, 554, 577, 630, 755, 762, 804, 806, 830, 877, 894, 904, 911, 912, 921, 925, 953, 973, 1003, 1026, 1028, 1033, 1064, 1081, 1126, 1151, 1168, 1189, 1194, 1212, 1245, 1250, 1252, 1274, 1363, 1382, 1395, 1412, 1414, 1452, 1465, 1493]
806: [26, 104, 131, 132, 147, 172, 194, 198, 238, 245, 271, 280, 310, 390, 419, 433, 443, 447, 450, 456, 457, 476, 480, 503, 515, 521, 539, 558, 561, 574, 585, 605, 626, 639, 696, 701, 703, 733, 747, 752, 753, 772, 799, 801, 805, 807, 813, 837, 859, 864, 939, 1006, 1053, 1093, 1097, 1100, 1101, 1141, 1208, 1232, 1247, 1254, 1276, 1301, 1332, 1333, 1373, 1376, 1381, 1387, 1409, 1417, 1426, 1429, 1447, 1452, 1463, 1478]
807: [28, 42, 60, 81, 117, 138, 192, 245, 253, 279, 284, 292, 297, 298, 307, 338, 371, 378, 386, 406, 424, 432, 468, 485, 501, 522, 527, 529, 553, 556, 559, 565, 591, 593, 609, 642, 645, 689, 704, 706, 709, 716, 717, 718, 737, 739, 753, 756, 806, 808, 829, 858, 893, 937, 938, 941, 956, 968, 983, 995, 1012, 1043, 1049, 1050, 1068, 1090, 1120, 1175, 1186, 1195, 1209, 1210, 1213, 1225, 1231, 1233, 1234, 1248, 1249, 1277, 1280, 1290, 1295, 1315, 1335, 1417, 1439, 1452, 1455, 1464, 1465, 1477, 1495, 1499]
808: [21, 91, 106, 117, 125, 127, 141, 170, 173, 200, 305, 310, 335, 336, 351, 354, 389, 430, 436, 467, 489, 493, 496, 500, 509, 541, 572, 581, 597, 624, 627, 635, 638, 646, 655, 658, 690, 694, 713, 723, 730, 765, 772, 807, 809, 812, 850, 860, 905, 917, 951, 1005, 1016, 1066, 1081, 1104, 1197, 1208, 1211, 1235, 1247, 1303, 1306, 1357, 1381, 1424, 1430, 1431, 1439, 1456, 1482, 1494]
809: [21, 43, 51, 54, 64, 80, 100, 106, 123, 125, 129, 133, 169, 174, 178, 182, 294, 306, 326, 338, 339, 341, 353, 379, 383, 440, 488, 526, 601, 613, 650, 664, 674, 677, 680, 683, 725, 738, 750, 808, 810, 821, 822, 841, 845, 851, 852, 874, 876, 883, 889, 910, 914, 938, 945, 971, 974, 983, 1013, 1065, 1075, 1113, 1137, 1139, 1243, 1265, 1275, 1311, 1340, 1343, 1344, 1349, 1417, 1436, 1462, 1484]
810: [51, 58, 64, 76, 105, 119, 141, 206, 257, 282, 318, 319, 360, 363, 381, 409, 431, 551, 555, 571, 590, 593, 599, 624, 646, 698, 729, 739, 766, 809, 811, 826, 841, 856, 894, 906, 912, 928, 933, 935, 947, 948, 952, 955, 957, 969, 986, 992, 1011, 1038, 1046, 1059, 1070, 1090, 1221, 1248, 1297, 1301, 1309, 1334, 1372, 1396, 1412, 1468, 1470, 1471, 1484]
811: [19, 28, 38, 46, 101, 175, 179, 186, 215, 227, 235, 275, 281, 300, 327, 396, 414, 433, 445, 469, 529, 538, 593, 625, 639, 643, 694, 706, 732, 733, 751, 776, 810, 812, 821, 829, 831, 855, 857, 858, 877, 896, 898, 929, 946, 980, 1044, 1081, 1099, 1101, 1102, 1162, 1226, 1249, 1268, 1270, 1287, 1300, 1394, 1397, 1413, 1419, 1465]
812: [19, 73, 77, 80, 105, 211, 221, 227, 240, 325, 333, 396, 415, 423, 457, 505, 522, 535, 558, 566, 568, 585, 597, 672, 727, 740, 742, 787, 788, 794, 808, 811, 813, 849, 882, 903, 910, 927, 964, 978, 1027, 1047, 1049, 1057, 1062, 1082, 1091, 1125, 1161, 1170, 1176, 1199, 1207, 1213, 1234, 1261, 1278, 1288, 1291, 1313, 1318, 1360, 1364, 1372, 1401, 1416, 1419, 1428, 1472, 1477, 1479, 1494, 1497]
813: [45, 56, 84, 145, 162, 199, 212, 247, 253, 254, 259, 261, 264, 274, 277, 300, 336, 347, 354, 391, 415, 416, 425, 438, 487, 506, 517, 527, 573, 582, 587, 592, 600, 618, 628, 637, 645, 672, 691, 711, 763, 806, 812, 814, 885, 895, 919, 946, 958, 959, 1013, 1045, 1096, 1101, 1114, 1139, 1141, 1148, 1155, 1180, 1223, 1240, 1244, 1250, 1266, 1286, 1306, 1314, 1325, 1329, 1331, 1354, 1355, 1365, 1447, 1452]
814: [26, 57, 115, 137, 163, 176, 209, 224, 260, 272, 298, 306, 308, 316, 318, 331, 389, 395, 396, 437, 440, 454, 473, 487, 500, 532, 536, 539, 577, 599, 603, 605, 615, 624, 647, 650, 667, 677, 737, 813, 815, 843, 844, 859, 878, 879, 913, 914, 915, 923, 939, 964, 975, 980, 994, 1042, 1076, 1110, 1164, 1195, 1224, 1242, 1249, 1283, 1319, 1320, 1359, 1366, 1440, 1442, 1459, 1477, 1478]
815: [56, 65, 82, 132, 154, 179, 203, 211, 217, 226, 235, 242, 250, 264, 297, 304, 311, 335, 346, 365, 375, 388, 391, 426, 444, 445, 467, 482, 510, 535, 537, 549, 557, 575, 583, 595, 608, 622, 624, 647, 649, 664, 697, 710, 723, 755, 777, 779, 798, 799, 814, 816, 848, 870, 880, 901, 906, 909, 929, 952, 961, 972, 1001, 1017, 1030, 1065, 1068, 1069, 1079, 1084, 1134, 1152, 1165, 1222, 1272, 1336, 1445, 1450, 1464, 1493]
816: [25, 43, 70, 87, 122, 126, 131, 146, 264, 265, 266, 276, 279, 342, 372, 406, 407, 423, 444, 473, 484, 541, 601, 612, 627, 675, 680, 689, 691, 715, 748, 764, 789, 794, 815, 817, 852, 861, 920, 932, 935, 946, 959, 962, 1020, 1027, 1030, 1034, 1058, 1062, 1095, 1123, 1131, 1135, 1137, 1152, 1157, 1191, 1207, 1219, 1250, 1284, 1286, 1295, 1320, 1329, 1333, 1364, 1367, 1369, 1394, 1408, 1413, 1427, 1441, 1443, 1454, 1494]
817: [54, 56, 116, 130, 167, 196, 270, 282, 326, 345, 358, 370, 399, 410, 426, 428, 439, 470, 474, 475, 485, 495, 498, 501, 553, 579, 604, 623, 628, 633, 640, 644, 723, 724, 779, 790, 816, 818, 851, 857, 930, 932, 1008, 1015, 1027, 1028, 1032, 1043, 1096, 1100, 1127, 1128, 1211, 1230, 1233, 1240, 1258, 1266, 1278, 1314, 1328, 1339, 1345, 1359, 1395, 1417, 1424, 1441, 1485, 1492]
818: [70, 82, 84, 138, 146, 170, 173, 193, 250, 262, 264, 288, 302, 318, 322, 324, 325, 356, 368, 370, 423, 425, 428, 436, 441, 458, 476, 503, 530, 543, 549, 552, 570, 572, 575, 588, 594, 596, 597, 622, 625, 648, 678, 689, 693, 709, 717, 721, 729, 773, 785, 817, 819, 850, 869, 897, 903, 909, 919, 960, 974, 983, 990, 1008, 1031, 1067, 1086, 1152, 1154, 1157, 1164, 1184, 1188, 1194, 1200, 1204, 1249, 1281, 1287, 1313, 1323, 1331, 1373, 1396, 1404, 1418, 1456, 1458, 1462, 1478, 1489]
819: [34, 39, 57, 77, 118, 121, 128, 134, 141, 155, 160, 161, 194, 220, 223, 246, 260, 264, 284, 291, 296, 316, 348, 369, 390, 391, 421, 455, 469, 474, 479, 584, 585, 626, 672, 702, 732, 733, 740, 744, 794, 796, 818, 820, 826, 841, 848, 898, 929, 950, 1034, 1108, 1139, 1160, 1244, 1255, 1260, 1269, 1273, 1296, 1297, 1386, 1420, 1457, 1493, 1496]
820: [73, 81, 82, 91, 94, 141, 185, 188, 191, 232, 248, 278, 300, 312, 316, 320, 328, 339, 350, 360, 399, 400, 402, 442, 445, 458, 476, 498, 539, 557, 573, 603, 619, 630, 640, 641, 646, 675, 689, 702, 703, 725, 738, 741, 745, 768, 777, 787, 797, 819, 821, 827, 859, 867, 924, 941, 953, 987, 989, 1006, 1037, 1051, 1081, 1088, 1089, 1107, 1117, 1170, 1174, 1194, 1262, 1274, 1276, 1292, 1296, 1316, 1355, 1369, 1391, 1397, 1421, 1432, 1456, 1457, 1462, 1469, 1473]
821: [14, 21, 39, 145, 146, 147, 150, 163, 180, 201, 216, 222, 234, 238, 270, 288, 297, 306, 381, 396, 406, 453, 455, 484, 495, 496, 499, 506, 553, 579, 647, 670, 682, 705, 741, 755, 782, 809, 811, 820, 822, 834, 860, 908, 909, 917, 922, 945, 950, 954, 988, 991, 1018, 1030, 1033, 1050, 1055, 1070, 1169, 1189, 1222, 1224, 1231, 1247, 1257, 1266, 1276, 1290, 1330, 1366, 1376, 1412, 1465, 1495]
822: [17, 45, 79, 86, 101, 125, 126, 135, 136, 137, 185, 188, 192, 203, 205, 213, 228, 239, 243, 277, 279, 286, 292, 294, 302, 315, 329, 389, 435, 482, 518, 551, 559, 573, 607, 615, 646, 677, 711, 731, 734, 753, 769, 770, 779, 795, 809, 821, 823, 842, 847, 856, 861, 867, 872, 873, 880, 905, 928, 955, 973, 986, 990, 997, 1044, 1048, 1049, 1054, 1096, 1111, 1146, 1216, 1273, 1280, 1313, 1319, 1330, 1356, 1388, 1403, 1443, 1495]
823: [22, 23, 37, 59, 67, 90, 117, 157, 169, 216, 254, 264, 289, 301, 302, 334, 394, 424, 444, 445, 493, 495, 509, 512, 585, 606, 629, 676, 696, 715, 717, 743, 790, 822, 824, 825, 831, 847, 848, 855, 890, 905, 923, 940, 951, 961, 1027, 1028, 1056, 1072, 1103, 1173, 1189, 1226, 1239, 1246, 1261, 1268, 1285, 1311, 1356, 1362, 1383, 1415, 1427]
824: [31, 34, 50, 53, 57, 65, 98, 101, 104, 143, 147, 149, 178, 181, 213, 223, 305, 329, 359, 414, 486, 490, 503, 553, 555, 569, 583, 603, 629, 635, 646, 654, 662, 666, 687, 708, 721, 743, 762, 784, 785, 787, 791, 823, 825, 855, 907, 933, 959, 974, 997, 998, 1010, 1021, 1023, 1050, 1064, 1072, 1083, 1087, 1103, 1106, 1122, 1191, 1239, 1260, 1274, 1284, 1298, 1304, 1369, 1395, 1407, 1427, 1446, 1470, 1483]
825: [36, 70, 81, 93, 112, 122, 138, 141, 180, 199, 209, 233, 270, 281, 286, 346, 359, 361, 382, 389, 424, 432, 470, 563, 589, 594, 600, 601, 610, 616, 662, 668, 701, 790, 803, 823, 824, 826, 827, 828, 834, 851, 865, 884, 902, 921, 941, 958, 964, 965, 969, 978, 1003, 1017, 1072, 1120, 1128, 1148, 1158, 1159, 1176, 1199, 1245, 1258, 1288, 1307, 1317, 1344, 1346, 1366, 1372, 1429, 1431, 1432, 1436, 1442, 1463, 1489]
826: [34, 51, 55, 79, 106, 113, 121, 125, 176, 216, 230, 243, 298, 302, 331, 335, 350, 362, 384, 387, 397, 432, 451, 460, 488, 510, 564, 568, 582, 608, 615, 628, 636, 673, 754, 762, 766, 810, 819, 825, 827, 829, 831, 835, 852, 874, 877, 891, 905, 911, 923, 928, 931, 950, 954, 961, 972, 986, 1001, 1036, 1047, 1048, 1091, 1097, 1098, 1107, 1114, 1118, 1123, 1126, 1137, 1141, 1149, 1170, 1199, 1200, 1201, 1202, 1222, 1235, 1243, 1246, 1261, 1272, 1315, 1368, 1383, 1396, 1399, 1412, 1444, 1470, 1490]
827: [81, 92, 103, 140, 164, 170, 176, 227, 229, 234, 241, 264, 272, 274, 275, 279, 294, 311, 313, 316, 365, 369, 374, 379, 417, 420, 427, 433, 435, 455, 521, 528, 536, 548, 563, 565, 574, 640, 688, 691, 722, 732, 786, 820, 825, 826, 828, 862, 874, 894, 934, 947, 966, 980, 984, 992, 1031, 1033, 1060, 1066, 1077, 1092, 1114, 1138, 1161, 1162, 1192, 1197, 1229, 1245, 1274, 1288, 1289, 1294, 1323, 1325, 1344, 1348, 1361, 1363, 1367, 1384]
828: [63, 72, 73, 98, 145, 225, 254, 276, 288, 298, 330, 332, 340, 347, 354, 391, 423, 430, 453, 461, 493, 500, 566, 585, 596, 597, 619, 657, 673, 674, 691, 695, 699, 739, 764, 775, 777, 790, 793, 825, 827, 829, 836, 849, 866, 867, 874, 942, 962, 966, 1071, 1106, 1118, 1152, 1172, 1268, 1293, 1418, 1431, 1437, 1470, 1481, 1493]
829: [45, 50, 62, 78, 80, 119, 166, 185, 193, 200, 204, 220, 223, 227, 260, 270, 275, 276, 319, 340, 393, 398, 432, 463, 479, 480, 507, 566, 641, 676, 684, 690, 695, 726, 740, 747, 750, 781, 793, 807, 811, 826, 828, 830, 837, 844, 903, 906, 952, 953, 982, 990, 1010, 1017, 1054, 1107, 1129, 1153, 1164, 1217, 1264, 1280, 1294, 1309, 1368, 1369, 1388, 1397, 1416, 1472, 1493]
830: [28, 32, 33, 46, 47, 84, 88, 94, 98, 122, 129, 210, 259, 267, 281, 301, 315, 323, 337, 400, 433, 471, 484, 512, 526, 531, 578, 638, 659, 676, 696, 701, 754, 767, 769, 783, 805, 829, 831, 838, 843, 866, 923, 935, 953, 982, 990, 1001, 1024, 1031, 1037, 1061, 1091, 1101, 1107, 1132, 1191, 1203, 1207, 1214, 1223, 1253, 1262, 1284, 1287, 1311, 1326, 1339, 1359, 1360, 1375, 1405, 1419, 1442, 1448, 1452, 1494]
831: [41, 97, 126, 144, 149, 167, 212, 223, 252, 288, 295, 357, 397, 398, 403, 415, 426, 431, 432, 466, 472, 487, 498, 517, 524, 545, 577, 588, 625, 654, 702, 715, 745, 746, 773, 783, 811, 823, 826, 830, 832, 837, 845, 857, 936, 943, 966, 1003, 1031, 1039, 1044, 1090, 1097, 1102, 1108, 1115, 1179, 1192, 1203, 1205, 1208, 1209, 1241, 1253, 1255, 1370, 1402, 1421, 1439, 1471]
832: [49, 88, 90, 102, 114, 128, 149, 171, 208, 218, 230, 286, 290, 339, 353, 368, 421, 471, 473, 477, 489, 492, 514, 545, 550, 554, 560, 573, 600, 603, 635, 642, 660, 691, 723, 737, 750, 769, 774, 780, 796, 831, 833, 845, 848, 852, 872, 906, 909, 913, 923, 937, 972, 989, 992, 1001, 1006, 1054, 1059, 1086, 1094, 1106, 1115, 1127, 1173, 1191, 1223, 1244, 1247, 1273, 1287, 1291, 1302, 1330, 1334, 1365, 1371, 1451, 1458, 1475, 1478, 1484]
833: [45, 54, 63, 70, 80, 84, 103, 105, 115, 138, 155, 174, 182, 187, 197, 207, 211, 284, 373, 374, 378, 385, 386, 428, 437, 441, 459, 461, 466, 481, 527, 544, 545, 570, 613, 626, 663, 665, 703, 718, 780, 794, 804, 832, 834, 837, 859, 864, 885, 927, 934, 978, 979, 1051, 1086, 1109, 1117, 1122, 1155, 1164, 1200, 1206, 1218, 1219, 1235, 1254, 1259, 1262, 1274, 1294, 1302, 1322, 1361, 1412, 1429, 1440]
834: [44, 62, 65, 78, 89, 112, 136, 153, 175, 192, 220, 228, 259, 266, 289, 296, 301, 319, 349, 355, 357, 366, 395, 417, 432, 439, 450, 464, 473, 490, 534, 553, 581, 632, 638, 690, 706, 737, 750, 755, 764, 799, 821, 825, 833, 835, 850, 927, 942, 947, 981, 989, 999, 1024, 1036, 1091, 1107, 1126, 1132, 1153, 1246, 1303, 1318, 1323, 1419, 1432, 1473, 1485, 1497]
835: [35, 67, 73, 93, 99, 145, 173, 187, 206, 222, 228, 260, 278, 287, 302, 367, 409, 424, 427, 461, 477, 497, 506, 521, 529, 558, 589, 603, 717, 731, 746, 752, 783, 826, 834, 836, 839, 849, 894, 904, 914, 925, 959, 997, 1028, 1055, 1061, 1064, 1096, 1098, 1102, 1121, 1125, 1137, 1167, 1192, 1196, 1210, 1214, 1248, 1264, 1275, 1278, 1283, 1353, 1357, 1371, 1472, 1491]
836: [15, 17, 22, 29, 50, 60, 92, 98, 109, 110, 124, 130, 170, 173, 183, 185, 192, 212, 228, 233, 252, 269, 271, 302, 308, 312, 316, 364, 407, 441, 501, 525, 573, 583, 649, 679, 683, 764, 776, 790, 828, 835, 837, 876, 879, 900, 914, 968, 981, 987, 989, 1008, 1095, 1116, 1136, 1145, 1160, 1166, 1179, 1203, 1206, 1234, 1264, 1265, 1325, 1337, 1350, 1360, 1409, 1414, 1444]
837: [26, 99, 100, 113, 134, 135, 142, 145, 176, 194, 244, 258, 280, 324, 354, 355, 356, 361, 380, 429, 434, 435, 449, 453, 482, 528, 531, 564, 576, 578, 619, 631, 656, 710, 718, 732, 783, 806, 829, 831, 833, 836, 838, 839, 851, 852, 867, 874, 884, 895, 908, 924, 957, 966, 973, 977, 993, 994, 1006, 1070, 1071, 1091, 1123, 1143, 1178, 1214, 1217, 1221, 1250, 1251, 1268, 1311, 1315, 1342, 1345, 1356, 1367, 1401, 1428, 1480]
838: [36, 53, 80, 85, 108, 152, 185, 194, 208, 222, 241, 256, 276, 311, 317, 321, 329, 349, 374, 423, 480, 501, 503, 506, 516, 521, 526, 528, 534, 559, 572, 584, 597, 640, 663, 675, 684, 714, 715, 720, 742, 772, 781, 830, 837, 839, 861, 862, 866, 886, 936, 938, 1019, 1041, 1047, 1059, 1115, 1134, 1141, 1176, 1181, 1191, 1202, 1218, 1231, 1239, 1268, 1321, 1353, 1392, 1393, 1394, 1404, 1419, 1441, 1449, 1464, 1479]
839: [30, 44, 76, 79, 119, 176, 180, 203, 242, 264, 286, 296, 298, 308, 317, 323, 362, 381, 402, 404, 410, 461, 465, 513, 528, 559, 615, 629, 670, 714, 738, 835, 837, 838, 840, 907, 908, 930, 935, 943, 1000, 1010, 1011, 1042, 1045, 1067, 1134, 1188, 1197, 1218, 1227, 1270, 1283, 1318, 1359, 1367, 1399, 1404, 1476]
840: [27, 48, 52, 57, 72, 133, 153, 165, 170, 173, 189, 194, 214, 215, 223, 273, 280, 362, 367, 417, 434, 436, 455, 485, 501, 538, 551, 555, 557, 577, 592, 593, 598, 603, 606, 613, 639, 640, 658, 670, 700, 718, 742, 747, 753, 768, 800, 839, 841, 887, 905, 908, 910, 920, 950, 986, 995, 999, 1002, 1017, 1117, 1142, 1164, 1175, 1176, 1180, 1182, 1252, 1262, 1263, 1292, 1354, 1448, 1471, 1489, 1492]
841: [44, 67, 96, 98, 112, 116, 129, 131, 140, 170, 194, 206, 213, 217, 232, 235, 236, 327, 344, 376, 384, 394, 401, 420, 425, 458, 486, 492, 499, 518, 527, 547, 550, 564, 591, 604, 645, 671, 696, 697, 791, 797, 809, 810, 819, 840, 842, 881, 935, 942, 1001, 1042, 1075, 1079, 1111, 1113, 1124, 1136, 1152, 1153, 1168, 1172, 1184, 1201, 1211, 1228, 1277, 1301, 1315, 1330, 1333, 1337, 1366, 1394, 1408, 1440, 1451]
842: [21, 56, 84, 97, 120, 163, 168, 181, 212, 248, 259, 266, 291, 347, 348, 373, 386, 404, 408, 416, 426, 475, 476, 518, 543, 545, 591, 605, 658, 679, 687, 701, 756, 777, 781, 796, 822, 841, 843, 849, 888, 901, 910, 928, 938, 939, 966, 975, 980, 987, 1005, 1008, 1027, 1094, 1112, 1120, 1124, 1132, 1163, 1166, 1183, 1184, 1211, 1273, 1292, 1307, 1323, 1328, 1356, 1370, 1377, 1386, 1430, 1436, 1449, 1456, 1461, 1479, 1483, 1488]
843: [30, 45, 94, 108, 141, 147, 179, 191, 198, 221, 249, 264, 268, 301, 311, 352, 381, 393, 418, 474, 475, 495, 504, 539, 586, 601, 622, 628, 635, 637, 670, 711, 729, 791, 802, 814, 830, 842, 844, 879, 905, 915, 926, 941, 962, 975, 1032, 1063, 1077, 1088, 1145, 1158, 1173, 1192, 1207, 1210, 1213, 1229, 1237, 1243, 1249, 1252, 1259, 1298, 1407, 1408, 1412, 1458, 1467, 1492]
844: [32, 37, 38, 52, 55, 109, 197, 201, 213, 219, 233, 272, 289, 293, 298, 309, 347, 369, 384, 400, 429, 445, 455, 469, 495, 503, 512, 549, 557, 574, 597, 636, 642, 652, 717, 719, 733, 776, 814, 829, 843, 845, 847, 856, 877, 893, 943, 954, 955, 987, 1036, 1091, 1093, 1095, 1111, 1115, 1135, 1141, 1153, 1173, 1192, 1231, 1254, 1270, 1283, 1296, 1298, 1312, 1356, 1374, 1405, 1424, 1452, 1457, 1462, 1485]
845: [61, 79, 87, 116, 123, 147, 161, 183, 185, 200, 216, 243, 264, 279, 287, 326, 327, 348, 379, 406, 417, 432, 436, 448, 452, 465, 550, 575, 592, 594, 604, 607, 630, 669, 679, 681, 782, 787, 793, 809, 831, 832, 844, 846, 861, 887, 901, 908, 929, 944, 954, 956, 965, 970, 972, 974, 1002, 1007, 1023, 1102, 1157, 1167, 1170, 1219, 1255, 1275, 1279, 1292, 1319, 1373, 1417, 1432, 1437, 1474, 1484]
846: [69, 129, 156, 182, 187, 192, 205, 252, 258, 263, 289, 335, 357, 364, 388, 417, 424, 440, 489, 495, 496, 501, 551, 559, 570, 644, 646, 681, 692, 708, 718, 727, 799, 845, 847, 868, 880, 882, 887, 916, 933, 947, 965, 1012, 1018, 1019, 1029, 1040, 1046, 1128, 1197, 1214, 1225, 1229, 1236, 1250, 1285, 1298, 1314, 1322, 1329, 1333, 1379, 1428, 1433, 1434, 1453, 1456, 1495, 1496, 1498]
847: [26, 41, 46, 56, 90, 106, 142, 151, 156, 160, 267, 299, 312, 329, 334, 352, 361, 369, 374, 453, 465, 487, 490, 508, 548, 551, 569, 613, 615, 618, 624, 661, 708, 744, 763, 772, 783, 788, 791, 822, 823, 844, 846, 848, 896, 911, 921, 957, 975, 1025, 1049, 1084, 1088, 1092, 1099, 1126, 1133, 1153, 1207, 1246, 1273, 1292, 1296, 1331, 1332, 1342, 1365, 1387, 1388, 1391, 1443, 1482, 1496]
848: [33, 41, 88, 137, 154, 254, 385, 415, 439, 523, 528, 565, 576, 584, 585, 617, 635, 667, 692, 737, 738, 778, 815, 819, 823, 832, 847, 849, 851, 873, 889, 917, 924, 927, 940, 951, 971, 990, 995, 1027, 1061, 1082, 1099, 1115, 1120, 1133, 1135, 1176, 1182, 1186, 1203, 1207, 1210, 1233, 1236, 1291, 1296, 1335, 1359, 1364, 1370, 1380, 1410, 1424, 1427, 1446, 1460, 1487]
849: [48, 89, 107, 115, 127, 131, 200, 213, 257, 277, 286, 294, 299, 325, 336, 341, 360, 392, 415, 474, 485, 487, 499, 506, 514, 526, 541, 543, 570, 571, 573, 599, 639, 645, 697, 713, 716, 732, 760, 769, 772, 812, 828, 835, 842, 848, 850, 855, 871, 887, 904, 938, 949, 959, 1011, 1014, 1029, 1047, 1053, 1064, 1068, 1076, 1086, 1110, 1127, 1136, 1144, 1171, 1190, 1199, 1209, 1215, 1223, 1258, 1261, 1264, 1278, 1282, 1339, 1343, 1366, 1375, 1397, 1452, 1478, 1492]
850: [33, 61, 80, 103, 106, 108, 128, 141, 215, 245, 263, 291, 292, 314, 341, 349, 368, 376, 406, 413, 440, 449, 477, 524, 607, 620, 660, 679, 699, 703, 715, 718, 780, 789, 808, 818, 834, 849, 851, 857, 890, 894, 902, 933, 939, 964, 989, 1064, 1119, 1137, 1140, 1145, 1156, 1160, 1192, 1200, 1241, 1264, 1284, 1317, 1330, 1339, 1359, 1364, 1402, 1407, 1424, 1438, 1456, 1467, 1479]
851: [23, 51, 52, 82, 102, 118, 153, 165, 176, 177, 188, 232, 235, 252, 256, 289, 327, 330, 441, 458, 521, 541, 549, 556, 601, 649, 656, 682, 741, 809, 817, 825, 837, 848, 850, 852, 895, 951, 954, 986, 1007, 1064, 1065, 1134, 1140, 1145, 1157, 1171, 1189, 1228, 1232, 1244, 1264, 1269, 1304, 1312, 1324, 1338, 1342, 1348, 1356, 1360, 1385, 1403, 1412, 1460, 1462, 1478]
852: [25, 60, 87, 130, 140, 162, 218, 248, 266, 269, 270, 272, 303, 333, 335, 340, 353, 358, 359, 365, 377, 382, 405, 436, 485, 486, 488, 548, 550, 584, 606, 620, 623, 647, 671, 673, 680, 690, 703, 716, 740, 752, 768, 809, 816, 826, 832, 837, 851, 853, 863, 878, 879, 884, 913, 917, 932, 946, 987, 988, 995, 1054, 1060, 1063, 1155, 1181, 1191, 1193, 1218, 1252, 1255, 1257, 1281, 1313, 1318, 1332, 1362, 1378, 1401, 1469, 1496]
853: [14, 47, 49, 65, 99, 127, 139, 169, 179, 215, 259, 284, 292, 301, 310, 319, 335, 338, 341, 387, 423, 512, 600, 607, 611, 614, 678, 684, 688, 697, 747, 757, 782, 787, 791, 852, 854, 869, 876, 878, 882, 894, 900, 924, 930, 951, 994, 1000, 1019, 1030, 1031, 1036, 1046, 1060, 1066, 1078, 1080, 1102, 1108, 1111, 1114, 1159, 1171, 1188, 1224, 1245, 1280, 1283, 1307, 1314, 1354, 1368, 1374, 1405, 1428, 1438, 1451, 1453, 1458, 1461, 1499]
854: [34, 51, 146, 158, 176, 185, 190, 206, 212, 213, 215, 240, 271, 273, 352, 389, 436, 440, 446, 462, 473, 533, 535, 549, 568, 573, 604, 680, 714, 759, 766, 780, 853, 855, 867, 883, 891, 892, 933, 951, 962, 965, 1009, 1093, 1186, 1207, 1218, 1227, 1240, 1247, 1249, 1262, 1273, 1276, 1282, 1288, 1388, 1416, 1434, 1442, 1474]
855: [19, 64, 80, 92, 108, 118, 169, 187, 221, 241, 243, 250, 258, 268, 293, 327, 414, 419, 438, 479, 488, 540, 566, 609, 667, 688, 698, 707, 709, 761, 764, 811, 823, 824, 849, 854, 856, 861, 872, 906, 934, 1044, 1073, 1075, 1142, 1197, 1218, 1221, 1227, 1248, 1251, 1258, 1268, 1279, 1287, 1320, 1322, 1325, 1356, 1370, 1440, 1458, 1472, 1483]
856: [19, 40, 66, 72, 77, 189, 225, 240, 265, 278, 349, 376, 471, 497, 507, 518, 520, 523, 547, 563, 577, 579, 594, 623, 625, 636, 646, 692, 730, 735, 743, 771, 788, 810, 822, 844, 855, 857, 884, 894, 917, 926, 1029, 1043, 1105, 1107, 1116, 1140, 1159, 1169, 1197, 1253, 1294, 1311, 1335, 1347, 1368, 1369, 1386, 1389, 1447, 1450]
857: [65, 79, 86, 123, 245, 348, 358, 377, 378, 380, 383, 391, 414, 433, 438, 453, 457, 482, 485, 503, 576, 579, 583, 593, 622, 679, 699, 706, 708, 719, 734, 735, 737, 749, 767, 786, 811, 817, 831, 850, 856, 858, 884, 886, 891, 915, 923, 930, 937, 938, 986, 1118, 1131, 1181, 1194, 1222, 1248, 1277, 1280, 1315, 1340, 1350, 1386, 1420, 1436, 1440, 1449, 1468, 1478]
858: [14, 22, 23, 29, 38, 67, 99, 143, 150, 181, 184, 207, 210, 222, 246, 253, 256, 263, 269, 277, 299, 346, 375, 402, 407, 420, 525, 537, 543, 550, 578, 586, 592, 627, 635, 644, 651, 663, 688, 709, 749, 807, 811, 857, 859, 868, 900, 918, 920, 929, 933, 941, 958, 978, 981, 1010, 1028, 1056, 1062, 1179, 1199, 1277, 1294, 1299, 1326, 1327, 1336, 1355, 1392, 1399, 1414, 1423, 1469, 1475, 1479, 1488]
859: [30, 53, 95, 102, 103, 114, 119, 143, 199, 244, 280, 298, 321, 339, 352, 385, 387, 398, 413, 418, 453, 454, 470, 497, 537, 548, 550, 598, 613, 615, 624, 627, 669, 689, 717, 719, 742, 746, 806, 814, 820, 833, 858, 860, 894, 925, 932, 933, 953, 969, 994, 1010, 1013, 1015, 1058, 1059, 1082, 1091, 1134, 1142, 1153, 1161, 1165, 1191, 1193, 1213, 1229, 1284, 1315, 1321, 1343, 1344, 1355, 1409, 1421, 1459, 1465, 1488]
860: [36, 37, 43, 67, 79, 80, 105, 106, 119, 120, 123, 127, 133, 149, 187, 207, 223, 236, 238, 262, 273, 295, 309, 312, 340, 355, 359, 378, 386, 392, 407, 425, 465, 485, 494, 523, 540, 543, 550, 552, 570, 575, 581, 584, 587, 623, 628, 633, 648, 650, 654, 660, 666, 669, 696, 697, 720, 729, 752, 789, 790, 808, 821, 859, 861, 866, 868, 901, 916, 925, 1009, 1015, 1027, 1036, 1046, 1057, 1064, 1071, 1073, 1103, 1123, 1132, 1135, 1159, 1169, 1172, 1209, 1299, 1366, 1386, 1391, 1394, 1412, 1444, 1461, 1467, 1476, 1496]
861: [24, 29, 33, 46, 65, 95, 124, 132, 133, 153, 163, 205, 230, 252, 268, 301, 330, 353, 359, 421, 433, 466, 478, 525, 533, 581, 605, 624, 625, 630, 647, 676, 690, 702, 751, 769, 816, 822, 838, 845, 855, 860, 862, 923, 928, 930, 945, 950, 970, 997, 1031, 1058, 1065, 1066, 1069, 1135, 1178, 1204, 1217, 1229, 1233, 1240, 1305, 1328, 1344, 1350, 1360, 1391, 1413, 1419, 1431, 1433, 1440, 1448, 1471]
862: [28, 63, 81, 101, 105, 140, 145, 150, 210, 211, 213, 242, 253, 261, 278, 288, 304, 318, 331, 353, 354, 367, 370, 377, 387, 413, 470, 488, 498, 507, 522, 547, 612, 638, 683, 694, 702, 718, 738, 746, 749, 765, 795, 802, 827, 838, 861, 863, 883, 886, 899, 949, 992, 1051, 1058, 1059, 1102, 1135, 1143, 1163, 1183, 1205, 1212, 1220, 1254, 1262, 1267, 1275, 1296, 1310, 1315, 1330, 1351, 1363, 1413, 1422, 1433, 1440, 1466, 1488]
863: [15, 30, 41, 85, 99, 100, 137, 172, 211, 239, 285, 293, 311, 325, 333, 341, 345, 356, 368, 373, 382, 390, 404, 478, 501, 530, 541, 551, 557, 566, 567, 593, 597, 608, 633, 642, 669, 714, 719, 721, 729, 733, 734, 750, 756, 804, 852, 862, 864, 875, 889, 897, 915, 930, 948, 954, 966, 969, 1021, 1060, 1077, 1100, 1109, 1120, 1130, 1133, 1142, 1166, 1196, 1244, 1288, 1300, 1330, 1366, 1410, 1417, 1467, 1489]
864: [37, 41, 74, 85, 105, 117, 140, 172, 194, 208, 232, 244, 273, 277, 311, 327, 341, 363, 372, 402, 408, 461, 465, 509, 519, 520, 531, 532, 534, 596, 597, 606, 667, 689, 738, 756, 775, 793, 806, 833, 863, 865, 871, 892, 958, 969, 970, 1032, 1051, 1052, 1055, 1071, 1085, 1115, 1121, 1125, 1141, 1180, 1195, 1202, 1207, 1254, 1277, 1286, 1291, 1367, 1374, 1378, 1428, 1447, 1460, 1481, 1489]
865: [47, 55, 70, 74, 76, 77, 147, 156, 202, 231, 242, 256, 264, 312, 354, 379, 470, 500, 506, 510, 517, 525, 557, 608, 671, 677, 703, 734, 736, 753, 757, 792, 825, 864, 866, 911, 931, 1006, 1055, 1077, 1085, 1095, 1136, 1153, 1171, 1180, 1234, 1241, 1255, 1259, 1266, 1356, 1357, 1407, 1432, 1452, 1473, 1476]
866: [16, 65, 82, 107, 108, 115, 124, 125, 138, 207, 227, 230, 257, 297, 317, 336, 337, 352, 369, 373, 384, 400, 426, 430, 501, 503, 507, 531, 536, 546, 555, 577, 624, 632, 646, 666, 716, 802, 828, 830, 838, 860, 865, 867, 876, 877, 890, 946, 952, 992, 994, 998, 1006, 1026, 1030, 1051, 1087, 1101, 1105, 1138, 1144, 1151, 1177, 1179, 1200, 1205, 1216, 1228, 1239, 1361, 1370, 1398, 1421, 1431, 1444, 1463, 1483]
867: [22, 24, 79, 113, 129, 146, 149, 153, 169, 180, 195, 218, 238, 278, 293, 321, 328, 331, 353, 375, 376, 384, 394, 418, 430, 442, 445, 452, 566, 604, 634, 635, 660, 706, 731, 753, 820, 822, 828, 837, 854, 866, 868, 913, 928, 931, 943, 945, 985, 991, 1000, 1005, 1012, 1046, 1060, 1072, 1077, 1084, 1089, 1117, 1139, 1163, 1210, 1248, 1277, 1319, 1322, 1338, 1350, 1394, 1400, 1409, 1453, 1455, 1457, 1465, 1468, 1469, 1499]
868: [60, 64, 132, 134, 179, 202, 218, 254, 293, 313, 328, 390, 428, 433, 464, 539, 560, 571, 586, 587, 615, 616, 619, 625, 633, 642, 659, 686, 687, 691, 705, 740, 742, 743, 846, 858, 860, 867, 869, 886, 892, 932, 944, 949, 969, 1014, 1029, 1043, 1075, 1088, 1097, 1105, 1108, 1147, 1160, 1165, 1166, 1185, 1202, 1222, 1225, 1239, 1244, 1255, 1257, 1264, 1273, 1299, 1313, 1324, 1331, 1347, 1348, 1379, 1383, 1390, 1400, 1412, 1413, 1450, 1472]
869: [15, 51, 57, 121, 123, 174, 180, 183, 193, 204, 215, 247, 259, 261, 269, 281, 297, 311, 338, 343, 355, 373, 403, 440, 461, 483, 502, 539, 548, 594, 600, 616, 622, 649, 671, 700, 714, 720, 747, 782, 789, 799, 818, 853, 868, 870, 887, 922, 934, 957, 975, 987, 1007, 1010, 1034, 1037, 1061, 1082, 1086, 1111, 1116, 1151, 1182, 1195, 1225, 1226, 1291, 1328, 1349, 1371, 1373, 1498]
870: [51, 96, 105, 121, 133, 137, 158, 185, 213, 251, 263, 307, 320, 322, 373, 393, 396, 435, 442, 463, 467, 496, 500, 562, 564, 587, 588, 619, 625, 647, 652, 654, 694, 696, 718, 749, 758, 759, 782, 787, 792, 815, 869, 871, 889, 903, 927, 978, 1007, 1044, 1062, 1085, 1201, 1219, 1227, 1256, 1281, 1284, 1312, 1318, 1319, 1323, 1331, 1353, 1366, 1369, 1383, 1393, 1415, 1418, 1422, 1432, 1437, 1442]
871: [17, 19, 20, 25, 34, 95, 111, 121, 172, 248, 256, 272, 302, 306, 345, 372, 401, 474, 476, 487, 563, 579, 600, 614, 617, 657, 660, 669, 672, 676, 681, 684, 698, 700, 721, 726, 745, 747, 748, 753, 757, 770, 803, 849, 864, 870, 872, 873, 888, 923, 929, 941, 986, 998, 1045, 1055, 1063, 1081, 1084, 1087, 1097, 1125, 1135, 1171, 1198, 1214, 1242, 1243, 1247, 1262, 1263, 1276, 1287, 1344, 1375, 1389, 1397, 1407, 1415, 1450, 1457, 1484, 1491]
872: [18, 50, 62, 63, 76, 80, 98, 116, 140, 175, 239, 241, 244, 279, 289, 349, 357, 372, 464, 467, 471, 478, 485, 488, 493, 532, 550, 605, 623, 670, 696, 720, 736, 822, 832, 855, 871, 873, 918, 928, 934, 996, 1000, 1002, 1023, 1050, 1069, 1075, 1079, 1083, 1085, 1088, 1089, 1098, 1145, 1155, 1170, 1178, 1191, 1247, 1296, 1313, 1320, 1357, 1358, 1367, 1383, 1386, 1422, 1425, 1445, 1469, 1477]
873: [32, 50, 105, 117, 140, 145, 158, 185, 201, 203, 222, 254, 279, 291, 326, 354, 357, 360, 368, 376, 385, 394, 444, 448, 467, 468, 479, 515, 556, 563, 566, 576, 589, 621, 638, 640, 643, 646, 680, 692, 704, 707, 711, 716, 726, 728, 737, 754, 757, 763, 781, 822, 848, 871, 872, 874, 917, 966, 970, 980, 981, 1001, 1003, 1011, 1020, 1028, 1096, 1115, 1120, 1143, 1160, 1184, 1198, 1230, 1237, 1241, 1264, 1307, 1312, 1322, 1323, 1347, 1348, 1356, 1362, 1405, 1422]
874: [24, 93, 98, 170, 178, 182, 209, 218, 224, 233, 254, 321, 341, 376, 381, 422, 447, 460, 465, 510, 541, 562, 603, 663, 688, 694, 738, 753, 774, 801, 809, 826, 827, 828, 837, 873, 875, 899, 973, 976, 981, 1027, 1034, 1037, 1059, 1074, 1076, 1112, 1129, 1146, 1153, 1179, 1180, 1193, 1214, 1235, 1260, 1270, 1301, 1372, 1396, 1415, 1432, 1449, 1483]
875: [23, 36, 40, 82, 84, 146, 174, 180, 191, 201, 226, 259, 330, 432, 448, 449, 475, 476, 482, 486, 498, 506, 517, 530, 537, 543, 545, 557, 558, 573, 611, 623, 632, 636, 637, 685, 716, 733, 764, 863, 874, 876, 893, 907, 916, 919, 925, 941, 951, 954, 966, 1005, 1011, 1035, 1065, 1073, 1119, 1153, 1169, 1186, 1188, 1193, 1194, 1200, 1250, 1274, 1294, 1360, 1379, 1423, 1440, 1447, 1466, 1482, 1487]
876: [17, 19, 106, 119, 125, 127, 137, 232, 241, 248, 258, 260, 320, 345, 354, 363, 380, 399, 406, 445, 506, 511, 514, 536, 561, 562, 573, 583, 588, 592, 603, 605, 612, 628, 639, 659, 675, 732, 746, 754, 767, 773, 780, 800, 809, 836, 853, 866, 875, 877, 879, 958, 963, 978, 984, 1023, 1040, 1110, 1114, 1129, 1133, 1159, 1170, 1207, 1331, 1361, 1364, 1366, 1421, 1422, 1454, 1478]
877: [17, 57, 77, 89, 119, 128, 142, 169, 237, 261, 313, 336, 378, 385, 394, 417, 434, 456, 493, 498, 551, 563, 620, 649, 692, 747, 751, 752, 786, 789, 805, 811, 826, 844, 866, 876, 878, 894, 900, 928, 942, 950, 963, 975, 999, 1000, 1006, 1022, 1044, 1055, 1067, 1103, 1114, 1177, 1178, 1193, 1203, 1208, 1211, 1212, 1215, 1234, 1238, 1267, 1278, 1285, 1294, 1298, 1300, 1303, 1311, 1315, 1324, 1331, 1336, 1365, 1374, 1394, 1404, 1484, 1493]
878: [29, 58, 101, 118, 121, 155, 160, 182, 186, 198, 202, 224, 236, 242, 246, 287, 292, 301, 330, 382, 392, 426, 446, 465, 479, 526, 536, 551, 575, 595, 597, 617, 620, 622, 633, 649, 659, 718, 737, 741, 794, 814, 852, 853, 877, 879, 883, 890, 928, 931, 939, 984, 987, 1000, 1009, 1017, 1023, 1051, 1061, 1068, 1088, 1090, 1091, 1120, 1130, 1162, 1236, 1252, 1258, 1297, 1305, 1318, 1346, 1347, 1375, 1379, 1386, 1400, 1418, 1458, 1479]
879: [25, 50, 60, 95, 148, 156, 163, 175, 187, 197, 205, 263, 303, 304, 306, 337, 342, 389, 410, 412, 417, 441, 444, 462, 470, 508, 510, 528, 612, 616, 623, 665, 691, 695, 767, 802, 814, 836, 843, 852, 876, 878, 880, 883, 893, 894, 905, 940, 991, 997, 1003, 1060, 1075, 1089, 1112, 1122, 1128, 1134, 1156, 1178, 1179, 1181, 1191, 1241, 1242, 1248, 1270, 1281, 1324, 1359, 1367, 1396, 1476, 1496]
880: [35, 43, 44, 65, 90, 94, 100, 112, 120, 176, 181, 204, 205, 211, 237, 260, 265, 281, 288, 314, 321, 334, 368, 427, 457, 499, 520, 523, 544, 610, 637, 645, 667, 682, 702, 707, 708, 748, 785, 798, 815, 822, 846, 879, 881, 906, 915, 922, 935, 937, 942, 973, 990, 992, 1007, 1031, 1053, 1096, 1130, 1131, 1138, 1157, 1184, 1198, 1218, 1276, 1285, 1309, 1311, 1312, 1323, 1350, 1355, 1396, 1397, 1406, 1436, 1454, 1488]
881: [60, 103, 106, 135, 136, 152, 162, 176, 197, 206, 223, 260, 268, 313, 323, 359, 395, 417, 427, 467, 470, 485, 489, 490, 510, 572, 594, 609, 623, 651, 653, 699, 715, 729, 730, 739, 745, 748, 779, 781, 802, 841, 880, 882, 888, 905, 916, 974, 997, 1023, 1032, 1090, 1108, 1116, 1134, 1158, 1160, 1170, 1175, 1181, 1186, 1217, 1242, 1260, 1273, 1291, 1305, 1323, 1367, 1383, 1427, 1449, 1450]
882: [18, 33, 34, 88, 136, 141, 188, 193, 284, 285, 303, 314, 354, 357, 414, 425, 457, 460, 464, 470, 482, 517, 604, 616, 617, 642, 646, 662, 675, 753, 769, 775, 787, 800, 812, 846, 853, 881, 883, 893, 894, 909, 931, 935, 953, 985, 1033, 1058, 1061, 1063, 1100, 1114, 1155, 1173, 1175, 1198, 1214, 1218, 1227, 1261, 1262, 1265, 1301, 1324, 1353, 1383, 1390, 1430, 1446, 1453, 1458, 1459]
883: [18, 67, 74, 90, 91, 113, 136, 153, 154, 173, 180, 205, 237, 250, 297, 334, 340, 348, 362, 381, 398, 402, 432, 449, 451, 457, 482, 556, 558, 561, 564, 583, 640, 647, 662, 713, 717, 730, 767, 775, 779, 782, 789, 792, 809, 854, 862, 878, 879, 882, 884, 910, 941, 1004, 1013, 1020, 1053, 1061, 1097, 1100, 1104, 1125, 1139, 1164, 1240, 1254, 1280, 1295, 1308, 1323, 1343, 1356, 1359, 1365, 1405, 1415, 1424, 1461, 1496, 1498]
884: [23, 24, 51, 69, 143, 167, 172, 177, 191, 211, 214, 225, 239, 240, 252, 259, 282, 284, 286, 311, 317, 362, 378, 396, 400, 403, 423, 429, 434, 447, 462, 482, 483, 504, 518, 521, 524, 535, 541, 550, 567, 621, 652, 686, 733, 735, 739, 779, 780, 825, 837, 852, 856, 857, 883, 885, 951, 985, 1006, 1018, 1023, 1030, 1047, 1115, 1119, 1175, 1198, 1203, 1235, 1244, 1250, 1271, 1358, 1377, 1420, 1452, 1453, 1498]
885: [17, 40, 95, 101, 116, 150, 164, 169, 201, 211, 249, 257, 286, 309, 310, 332, 352, 353, 362, 366, 385, 402, 453, 459, 461, 485, 492, 528, 547, 560, 585, 590, 607, 610, 617, 662, 668, 691, 699, 717, 756, 790, 813, 833, 884, 886, 966, 974, 1011, 1014, 1057, 1060, 1062, 1067, 1068, 1105, 1209, 1226, 1229, 1236, 1254, 1259, 1261, 1285, 1287, 1358, 1374, 1384, 1436, 1440, 1449, 1461, 1468, 1491, 1498]
886: [24, 56, 58, 106, 126, 176, 186, 229, 243, 289, 303, 398, 400, 418, 419, 426, 437, 438, 464, 466, 486, 494, 502, 531, 539, 584, 588, 593, 604, 638, 641, 679, 688, 778, 793, 795, 838, 857, 862, 868, 885, 887, 891, 896, 912, 916, 919, 943, 965, 984, 989, 1022, 1029, 1035, 1050, 1059, 1082, 1084, 1106, 1112, 1124, 1143, 1145, 1195, 1196, 1202, 1232, 1282, 1292, 1299, 1317, 1319, 1329, 1368, 1380, 1385, 1390, 1396, 1401, 1426, 1443, 1446, 1461, 1464, 1489, 1496]
887: [29, 68, 88, 90, 108, 114, 120, 129, 142, 191, 232, 248, 253, 256, 258, 260, 261, 273, 278, 299, 318, 346, 358, 372, 374, 384, 410, 423, 432, 445, 454, 460, 464, 482, 501, 508, 513, 537, 549, 550, 552, 558, 590, 628, 640, 645, 651, 675, 686, 706, 720, 730, 738, 840, 845, 846, 849, 869, 886, 888, 905, 912, 931, 937, 939, 957, 973, 986, 1003, 1004, 1006, 1013, 1030, 1065, 1085, 1105, 1107, 1144, 1153, 1176, 1185, 1187, 1200, 1209, 1220, 1236, 1268, 1274, 1285, 1324, 1328, 1334, 1345, 1375, 1378, 1405, 1415, 1429, 1430, 1490, 1491, 1494]
888: [28, 43, 48, 51, 131, 135, 154, 158, 180, 200, 233, 244, 247, 259, 260, 282, 283, 304, 340, 378, 403, 414, 423, 457, 462, 508, 562, 571, 584, 625, 640, 670, 683, 686, 694, 705, 770, 842, 871, 881, 887, 889, 891, 970, 982, 1007, 1062, 1083, 1089, 1092, 1101, 1108, 1124, 1128, 1160, 1179, 1185, 1216, 1229, 1234, 1244, 1264, 1293, 1295, 1298, 1324, 1328, 1358, 1378, 1444]
889: [37, 49, 62, 75, 118, 159, 191, 272, 275, 279, 283, 301, 325, 328, 339, 349, 408, 431, 441, 456, 465, 475, 516, 523, 558, 591, 605, 607, 685, 763, 767, 783, 809, 848, 863, 870, 888, 890, 917, 943, 973, 1019, 1056, 1061, 1073, 1093, 1104, 1115, 1142, 1151, 1212, 1228, 1245, 1249, 1277, 1305, 1312, 1324, 1353, 1381, 1386, 1445, 1482, 1494]
890: [63, 67, 100, 110, 114, 129, 174, 210, 216, 233, 236, 239, 244, 253, 269, 284, 288, 295, 296, 300, 308, 313, 322, 338, 341, 351, 362, 368, 369, 398, 406, 409, 433, 456, 481, 487, 499, 564, 569, 571, 574, 591, 597, 603, 604, 605, 619, 621, 649, 675, 687, 695, 707, 733, 751, 763, 770, 787, 823, 850, 866, 878, 889, 891, 908, 939, 940, 952, 953, 1025, 1030, 1039, 1139, 1186, 1221, 1237, 1294, 1299, 1328, 1352, 1409, 1430, 1479, 1486]
891: [20, 26, 55, 79, 102, 104, 107, 120, 125, 163, 175, 177, 185, 187, 193, 200, 211, 244, 254, 278, 280, 285, 307, 383, 386, 398, 408, 431, 435, 452, 462, 465, 474, 475, 490, 507, 528, 543, 602, 613, 628, 634, 685, 705, 730, 743, 744, 788, 826, 854, 857, 886, 888, 890, 892, 897, 907, 914, 925, 946, 950, 972, 980, 989, 1005, 1008, 1040, 1077, 1088, 1133, 1152, 1161, 1176, 1183, 1193, 1200, 1201, 1227, 1243, 1266, 1271, 1315, 1326, 1328, 1360, 1412, 1413, 1437, 1489]
892: [17, 40, 88, 89, 108, 117, 120, 122, 136, 141, 210, 212, 233, 245, 288, 295, 334, 346, 356, 365, 372, 422, 462, 473, 489, 496, 509, 571, 577, 586, 592, 599, 613, 641, 650, 672, 691, 704, 709, 713, 716, 721, 758, 791, 854, 864, 868, 891, 893, 928, 964, 987, 991, 992, 1019, 1020, 1033, 1065, 1070, 1094, 1105, 1142, 1162, 1167, 1188, 1203, 1226, 1241, 1278, 1325, 1346, 1383, 1385, 1418, 1483]
893: [59, 63, 80, 89, 91, 95, 98, 99, 130, 132, 146, 163, 166, 210, 226, 269, 290, 316, 324, 327, 372, 374, 376, 383, 428, 441, 443, 455, 462, 478, 484, 500, 513, 532, 571, 572, 599, 628, 646, 654, 671, 697, 704, 734, 735, 745, 772, 797, 807, 844, 875, 879, 882, 892, 894, 897, 916, 924, 928, 937, 950, 998, 1034, 1054, 1056, 1065, 1093, 1114, 1125, 1126, 1147, 1156, 1178, 1185, 1286, 1315, 1320, 1331, 1363, 1374, 1379, 1382, 1400, 1415, 1446, 1461, 1491]
894: [23, 30, 64, 84, 96, 129, 163, 192, 193, 204, 233, 249, 264, 270, 285, 286, 291, 310, 313, 317, 347, 392, 413, 426, 436, 438, 443, 472, 479, 482, 494, 503, 513, 528, 538, 548, 550, 554, 559, 564, 590, 616, 627, 630, 641, 647, 661, 662, 674, 708, 727, 753, 805, 810, 827, 835, 850, 853, 856, 859, 877, 879, 882, 893, 895, 912, 933, 942, 952, 982, 984, 987, 1003, 1011, 1021, 1029, 1033, 1048, 1052, 1065, 1094, 1119, 1172, 1185, 1194, 1220, 1236, 1238, 1241, 1246, 1264, 1282, 1283, 1285, 1286, 1299, 1312, 1315, 1317, 1355, 1367, 1370, 1375, 1382, 1388, 1396, 1398, 1415, 1417, 1430, 1494, 1497]
895: [17, 33, 43, 78, 104, 106, 109, 143, 197, 209, 237, 238, 242, 259, 273, 298, 331, 341, 368, 390, 402, 418, 424, 435, 436, 452, 453, 465, 520, 543, 556, 593, 607, 631, 654, 661, 670, 710, 717, 728, 742, 747, 759, 781, 792, 813, 837, 851, 894, 896, 917, 927, 945, 964, 989, 1010, 1019, 1034, 1054, 1062, 1069, 1074, 1181, 1216, 1218, 1228, 1271, 1278, 1306, 1322, 1330, 1333, 1334, 1350, 1393, 1438]
896: [16, 74, 93, 98, 193, 204, 218, 224, 228, 253, 260, 328, 366, 378, 383, 442, 460, 464, 465, 474, 523, 530, 550, 566, 570, 573, 576, 581, 584, 605, 609, 639, 667, 707, 718, 735, 736, 740, 752, 777, 798, 811, 847, 886, 895, 897, 911, 919, 925, 929, 936, 943, 965, 983, 989, 1008, 1051, 1066, 1071, 1073, 1120, 1152, 1220, 1238, 1244, 1276, 1293, 1302, 1307, 1310, 1324, 1345, 1360, 1369, 1378, 1381, 1415, 1423, 1432]
897: [23, 40, 48, 70, 86, 95, 114, 116, 121, 157, 192, 200, 204, 214, 239, 263, 293, 317, 326, 345, 378, 396, 401, 506, 529, 552, 628, 646, 654, 676, 692, 723, 724, 730, 769, 792, 818, 863, 891, 893, 896, 898, 914, 928, 937, 945, 968, 977, 991, 1030, 1046, 1047, 1059, 1076, 1094, 1098, 1111, 1126, 1143, 1161, 1216, 1219, 1228, 1233, 1244, 1302, 1319, 1329, 1383, 1433, 1443, 1457, 1464]
898: [19, 32, 43, 56, 60, 73, 75, 92, 168, 182, 229, 243, 317, 318, 342, 350, 372, 387, 395, 397, 400, 407, 408, 422, 442, 458, 461, 470, 497, 502, 515, 529, 542, 577, 606, 623, 641, 644, 647, 681, 690, 691, 699, 714, 736, 750, 770, 783, 811, 819, 897, 899, 921, 956, 994, 1000, 1002, 1089, 1101, 1118, 1128, 1135, 1171, 1184, 1202, 1207, 1235, 1354, 1362, 1414, 1470, 1479, 1484]
899: [41, 48, 61, 78, 94, 169, 184, 210, 254, 298, 314, 354, 363, 389, 394, 407, 430, 435, 444, 448, 452, 457, 535, 547, 575, 588, 684, 717, 759, 862, 874, 898, 900, 903, 923, 947, 950, 952, 1010, 1028, 1042, 1057, 1066, 1090, 1095, 1096, 1097, 1165, 1240, 1250, 1274, 1276, 1289, 1366, 1419, 1436, 1481]
900: [38, 73, 91, 156, 268, 279, 302, 325, 330, 341, 364, 367, 400, 442, 461, 474, 483, 493, 506, 522, 549, 602, 606, 628, 629, 646, 648, 667, 684, 700, 703, 714, 767, 780, 795, 836, 853, 858, 877, 899, 901, 905, 913, 916, 951, 965, 1017, 1100, 1113, 1117, 1127, 1139, 1224, 1231, 1280, 1282, 1344, 1347, 1361, 1397, 1420, 1448, 1485]
901: [47, 62, 71, 79, 126, 133, 147, 173, 178, 231, 244, 265, 278, 287, 291, 293, 342, 343, 361, 365, 382, 417, 439, 441, 446, 453, 456, 457, 465, 523, 538, 585, 632, 691, 715, 724, 730, 759, 767, 771, 798, 815, 842, 845, 860, 900, 902, 910, 919, 932, 939, 970, 994, 1016, 1019, 1029, 1033, 1034, 1050, 1064, 1079, 1091, 1119, 1127, 1161, 1169, 1182, 1197, 1210, 1230, 1241, 1243, 1271, 1274, 1359, 1409, 1412, 1442]
902: [64, 87, 162, 214, 236, 265, 337, 352, 354, 375, 406, 419, 453, 454, 468, 485, 486, 506, 517, 531, 541, 548, 560, 572, 597, 599, 646, 648, 651, 671, 679, 705, 709, 725, 729, 736, 764, 794, 825, 850, 901, 903, 904, 907, 928, 939, 967, 996, 1010, 1025, 1085, 1094, 1114, 1142, 1149, 1157, 1158, 1164, 1218, 1219, 1267, 1289, 1290, 1293, 1306, 1314, 1337, 1362, 1402, 1462, 1473]
903: [14, 15, 71, 118, 125, 144, 162, 184, 188, 189, 274, 278, 321, 385, 389, 413, 420, 426, 427, 451, 468, 578, 582, 591, 594, 599, 693, 712, 730, 765, 780, 782, 812, 818, 829, 870, 899, 902, 904, 947, 968, 985, 988, 1013, 1016, 1024, 1043, 1088, 1090, 1098, 1148, 1160, 1210, 1233, 1251, 1258, 1261, 1271, 1295, 1296, 1319, 1330, 1346, 1359, 1378, 1431, 1457, 1477, 1483, 1494, 1497]
904: [18, 36, 88, 90, 118, 140, 146, 161, 186, 211, 250, 266, 315, 357, 377, 378, 425, 467, 472, 475, 478, 479, 480, 488, 492, 512, 515, 524, 573, 581, 598, 611, 624, 635, 656, 658, 695, 702, 722, 724, 743, 745, 750, 762, 768, 771, 805, 835, 849, 902, 903, 905, 917, 973, 980, 989, 1062, 1098, 1130, 1138, 1145, 1159, 1182, 1184, 1190, 1206, 1207, 1293, 1302, 1313, 1326, 1354, 1356, 1368, 1377, 1429, 1433, 1439, 1441, 1444, 1447, 1465, 1481, 1490]
905: [39, 40, 71, 85, 86, 114, 133, 147, 150, 168, 222, 226, 238, 250, 285, 319, 355, 361, 393, 417, 419, 426, 438, 447, 504, 539, 551, 559, 560, 619, 631, 654, 666, 673, 687, 704, 705, 710, 731, 767, 785, 790, 797, 808, 822, 823, 826, 840, 843, 879, 881, 887, 900, 904, 906, 912, 932, 947, 974, 981, 987, 1013, 1048, 1051, 1065, 1092, 1093, 1111, 1114, 1121, 1170, 1176, 1180, 1198, 1203, 1245, 1281, 1301, 1340, 1342, 1354, 1409, 1417, 1419, 1435, 1436, 1448, 1450, 1454, 1470, 1474, 1492]
906: [15, 18, 38, 44, 85, 103, 135, 146, 155, 173, 205, 219, 223, 229, 232, 264, 274, 307, 328, 364, 379, 386, 426, 430, 445, 469, 498, 500, 516, 587, 600, 601, 609, 612, 629, 642, 666, 668, 672, 686, 701, 702, 729, 732, 750, 778, 797, 810, 815, 829, 832, 855, 880, 905, 907, 909, 910, 969, 1008, 1023, 1045, 1081, 1088, 1130, 1137, 1190, 1195, 1200, 1219, 1229, 1269, 1274, 1278, 1295, 1296, 1326, 1334, 1339, 1400, 1439, 1440, 1459, 1461, 1494]
907: [14, 25, 28, 42, 51, 117, 133, 164, 182, 212, 229, 258, 302, 365, 370, 377, 453, 459, 524, 540, 581, 597, 606, 652, 698, 703, 775, 787, 824, 839, 875, 891, 902, 906, 908, 923, 929, 930, 941, 949, 975, 993, 1006, 1028, 1042, 1051, 1078, 1137, 1151, 1158, 1162, 1164, 1205, 1218, 1251, 1276, 1326, 1377, 1378, 1388, 1408, 1418, 1456, 1479, 1492]
908: [63, 78, 103, 106, 107, 118, 119, 123, 150, 158, 172, 187, 196, 206, 236, 258, 303, 333, 334, 338, 342, 393, 400, 403, 419, 456, 491, 527, 593, 634, 754, 759, 775, 787, 821, 837, 839, 840, 845, 890, 907, 909, 973, 976, 989, 1005, 1007, 1011, 1032, 1055, 1067, 1068, 1077, 1089, 1127, 1141, 1148, 1162, 1165, 1202, 1238, 1254, 1272, 1295, 1327, 1352, 1355, 1368, 1380, 1407, 1413, 1415, 1418, 1422, 1425, 1426, 1437, 1446, 1451, 1458, 1472, 1476, 1478, 1491]
909: [26, 52, 59, 69, 77, 83, 136, 145, 179, 201, 212, 218, 267, 270, 285, 297, 311, 344, 365, 389, 404, 409, 413, 464, 490, 497, 500, 511, 534, 580, 589, 595, 601, 625, 629, 634, 652, 653, 655, 656, 660, 665, 668, 673, 684, 706, 718, 729, 746, 749, 755, 757, 770, 780, 815, 818, 821, 832, 882, 906, 908, 910, 927, 955, 1000, 1042, 1058, 1065, 1068, 1097, 1119, 1132, 1166, 1170, 1171, 1181, 1187, 1213, 1231, 1260, 1282, 1289, 1291, 1292, 1309, 1339, 1368, 1372, 1410, 1414, 1447, 1457, 1464, 1495]
910: [16, 31, 51, 76, 100, 228, 277, 284, 319, 332, 357, 366, 369, 395, 396, 408, 412, 431, 481, 486, 504, 516, 573, 601, 634, 640, 677, 691, 750, 753, 761, 770, 773, 788, 794, 795, 809, 812, 840, 842, 883, 901, 906, 909, 911, 915, 929, 942, 948, 970, 977, 978, 985, 1007, 1025, 1036, 1068, 1096, 1135, 1158, 1182, 1187, 1248, 1290, 1299, 1303, 1307, 1314, 1336, 1362, 1394, 1400, 1466]
911: [53, 55, 60, 103, 105, 176, 183, 204, 225, 226, 251, 273, 288, 322, 365, 367, 368, 375, 433, 448, 452, 454, 476, 495, 515, 526, 612, 613, 645, 647, 661, 676, 687, 728, 736, 752, 792, 802, 805, 826, 847, 865, 896, 910, 912, 1023, 1033, 1042, 1045, 1051, 1084, 1143, 1158, 1176, 1180, 1206, 1251, 1256, 1260, 1262, 1269, 1284, 1314, 1318, 1326, 1333, 1356, 1376, 1410, 1440, 1450, 1484, 1488]
912: [19, 33, 35, 96, 129, 131, 149, 182, 186, 202, 215, 223, 281, 338, 400, 432, 470, 500, 503, 513, 517, 539, 555, 569, 594, 598, 624, 629, 639, 666, 685, 704, 711, 729, 734, 755, 802, 805, 810, 886, 887, 894, 905, 911, 913, 916, 921, 941, 952, 968, 989, 996, 998, 1008, 1024, 1026, 1043, 1052, 1062, 1066, 1093, 1097, 1151, 1177, 1190, 1197, 1211, 1216, 1272, 1293, 1308, 1332, 1333, 1343, 1355, 1362, 1416, 1478]
913: [23, 121, 148, 154, 184, 189, 198, 212, 225, 245, 261, 320, 379, 399, 420, 456, 468, 480, 499, 524, 525, 550, 557, 569, 571, 576, 578, 587, 629, 685, 704, 710, 723, 759, 814, 832, 852, 867, 900, 912, 914, 915, 916, 928, 938, 963, 971, 993, 1061, 1091, 1094, 1116, 1138, 1141, 1165, 1188, 1241, 1244, 1275, 1298, 1302, 1307, 1354, 1361, 1367, 1376, 1381, 1419, 1424, 1446, 1452, 1461, 1477, 1491]
914: [53, 110, 125, 137, 166, 167, 169, 190, 203, 211, 234, 274, 307, 317, 332, 350, 358, 369, 370, 379, 425, 426, 490, 571, 700, 734, 789, 792, 809, 814, 835, 836, 891, 897, 913, 915, 939, 957, 964, 965, 1005, 1018, 1021, 1031, 1068, 1113, 1146, 1163, 1179, 1184, 1200, 1203, 1222, 1226, 1268, 1290, 1331, 1398, 1417, 1430, 1451, 1452, 1456, 1459, 1487, 1493]
915: [27, 45, 64, 71, 75, 121, 126, 137, 141, 153, 177, 207, 210, 220, 242, 247, 267, 281, 294, 296, 304, 314, 316, 342, 358, 363, 389, 395, 412, 437, 449, 451, 455, 465, 474, 502, 540, 543, 564, 595, 610, 692, 709, 730, 756, 814, 843, 857, 863, 880, 910, 913, 914, 916, 923, 931, 939, 941, 963, 970, 977, 996, 1031, 1035, 1044, 1071, 1147, 1188, 1190, 1203, 1218, 1257, 1269, 1271, 1272, 1283, 1316, 1326, 1350, 1351, 1452, 1456]
916: [46, 66, 69, 139, 167, 183, 193, 214, 248, 254, 257, 266, 306, 323, 332, 346, 347, 419, 431, 509, 522, 536, 568, 577, 581, 644, 697, 703, 716, 726, 759, 778, 846, 860, 875, 881, 886, 893, 900, 912, 913, 915, 917, 924, 952, 959, 971, 1001, 1017, 1037, 1059, 1061, 1075, 1076, 1082, 1107, 1109, 1145, 1168, 1176, 1180, 1193, 1196, 1198, 1243, 1245, 1255, 1257, 1324, 1328, 1334, 1372, 1377, 1384, 1413, 1434, 1442, 1451, 1463, 1484]
917: [29, 35, 45, 59, 60, 87, 89, 98, 114, 119, 132, 135, 140, 152, 158, 164, 210, 212, 217, 285, 286, 325, 332, 335, 341, 375, 386, 401, 456, 483, 495, 497, 514, 518, 550, 551, 553, 556, 558, 581, 585, 593, 601, 603, 616, 662, 688, 694, 698, 707, 724, 749, 808, 821, 848, 852, 856, 873, 889, 895, 904, 916, 918, 940, 966, 1047, 1068, 1073, 1088, 1091, 1093, 1106, 1111, 1147, 1152, 1158, 1163, 1180, 1181, 1196, 1275, 1276, 1284, 1288, 1329, 1337, 1340, 1361, 1362, 1385, 1435, 1441, 1469, 1474]
918: [26, 28, 67, 84, 112, 148, 158, 211, 222, 228, 234, 235, 308, 334, 345, 376, 388, 396, 446, 491, 498, 508, 521, 534, 553, 554, 581, 591, 598, 605, 626, 640, 703, 722, 726, 759, 802, 858, 872, 917, 919, 922, 950, 962, 968, 993, 1019, 1023, 1052, 1070, 1071, 1108, 1116, 1126, 1128, 1156, 1199, 1214, 1222, 1252, 1285, 1299, 1310, 1317, 1338, 1383, 1388, 1478, 1487, 1495]
919: [32, 43, 47, 73, 109, 137, 158, 173, 174, 177, 214, 215, 244, 254, 257, 272, 291, 299, 317, 328, 353, 395, 447, 467, 522, 557, 560, 563, 569, 584, 605, 612, 618, 619, 649, 673, 692, 706, 707, 724, 731, 766, 772, 813, 818, 875, 886, 896, 901, 918, 920, 924, 943, 977, 983, 1002, 1036, 1042, 1060, 1080, 1096, 1115, 1167, 1185, 1200, 1210, 1238, 1257, 1258, 1292, 1312, 1327, 1354, 1359, 1384, 1389, 1404, 1427, 1436, 1444, 1477, 1493]
920: [16, 25, 98, 103, 111, 117, 135, 136, 143, 149, 164, 200, 220, 228, 229, 246, 247, 258, 284, 337, 339, 343, 362, 426, 495, 519, 540, 558, 573, 575, 598, 612, 646, 656, 657, 668, 679, 692, 706, 708, 725, 780, 782, 816, 840, 858, 919, 921, 927, 945, 948, 949, 990, 1011, 1013, 1026, 1034, 1087, 1118, 1135, 1145, 1170, 1194, 1219, 1229, 1234, 1252, 1259, 1349, 1367, 1374, 1382, 1385, 1405, 1426, 1436, 1482]
921: [24, 26, 41, 63, 84, 94, 97, 123, 130, 134, 146, 164, 177, 180, 229, 230, 271, 297, 311, 318, 346, 351, 361, 372, 396, 403, 448, 464, 504, 529, 584, 595, 614, 632, 666, 683, 686, 687, 689, 711, 716, 729, 736, 739, 758, 773, 805, 825, 847, 898, 912, 920, 922, 923, 944, 998, 1013, 1044, 1055, 1063, 1072, 1097, 1112, 1117, 1127, 1144, 1150, 1156, 1166, 1247, 1278, 1279, 1281, 1288, 1338, 1341, 1388, 1392, 1447, 1448, 1479, 1482, 1496]
922: [27, 36, 44, 51, 67, 85, 96, 139, 164, 201, 217, 232, 246, 260, 323, 349, 370, 373, 382, 386, 424, 426, 451, 454, 460, 553, 600, 667, 672, 673, 678, 796, 821, 869, 880, 918, 921, 923, 929, 939, 972, 1003, 1044, 1136, 1146, 1152, 1174, 1183, 1208, 1215, 1226, 1253, 1254, 1256, 1268, 1275, 1284, 1325, 1339, 1398, 1453]
923: [52, 112, 115, 161, 166, 181, 182, 210, 221, 228, 267, 297, 302, 310, 324, 327, 373, 388, 413, 433, 442, 447, 485, 503, 525, 541, 557, 580, 588, 621, 627, 629, 636, 646, 651, 688, 690, 733, 790, 801, 814, 823, 826, 830, 832, 857, 861, 871, 899, 907, 915, 921, 922, 924, 948, 959, 988, 990, 999, 1022, 1057, 1082, 1087, 1092, 1111, 1126, 1143, 1151, 1156, 1160, 1171, 1174, 1178, 1205, 1211, 1265, 1279, 1285, 1286, 1328, 1343, 1345, 1358, 1376, 1386, 1391, 1405, 1412, 1424, 1431, 1432, 1466]
924: [59, 65, 67, 106, 115, 117, 147, 150, 206, 208, 224, 235, 247, 257, 260, 275, 306, 312, 401, 413, 425, 468, 501, 523, 557, 565, 572, 594, 617, 623, 656, 662, 683, 761, 762, 768, 791, 820, 837, 848, 853, 893, 916, 919, 923, 925, 977, 980, 989, 1001, 1009, 1022, 1023, 1039, 1086, 1112, 1113, 1125, 1136, 1156, 1166, 1177, 1222, 1225, 1239, 1304, 1334, 1340, 1350, 1360, 1376, 1422, 1424, 1467, 1477, 1490]
925: [32, 35, 37, 51, 74, 84, 130, 139, 151, 160, 171, 180, 274, 351, 355, 359, 364, 411, 443, 466, 488, 499, 506, 511, 571, 599, 611, 634, 670, 674, 684, 706, 715, 722, 747, 751, 754, 796, 805, 835, 859, 860, 875, 891, 896, 924, 926, 959, 982, 995, 1063, 1079, 1099, 1114, 1147, 1163, 1200, 1206, 1237, 1250, 1260, 1274, 1286, 1311, 1321, 1409, 1412]
926: [14, 29, 79, 88, 123, 129, 135, 168, 184, 251, 277, 330, 347, 382, 424, 437, 439, 441, 446, 450, 537, 550, 552, 574, 648, 656, 664, 671, 725, 726, 843, 856, 925, 927, 946, 971, 1023, 1078, 1094, 1124, 1125, 1168, 1190, 1204, 1228, 1242, 1271, 1287, 1314, 1343, 1345, 1351, 1388, 1391, 1407, 1429, 1444, 1455, 1460, 1497]
927: [49, 57, 73, 78, 105, 117, 130, 132, 140, 144, 146, 277, 286, 312, 313, 323, 327, 346, 382, 405, 411, 418, 428, 434, 471, 519, 522, 534, 539, 596, 597, 634, 635, 654, 717, 720, 768, 772, 789, 792, 812, 833, 834, 848, 870, 895, 909, 920, 926, 928, 940, 974, 991, 1075, 1079, 1097, 1124, 1162, 1210, 1222, 1315, 1335, 1363, 1415, 1426, 1437, 1449, 1453, 1493]
928: [39, 57, 116, 134, 142, 143, 164, 166, 178, 180, 182, 192, 196, 201, 203, 208, 257, 269, 278, 284, 293, 343, 348, 388, 391, 395, 436, 437, 449, 482, 485, 491, 497, 509, 517, 538, 540, 546, 547, 552, 553, 559, 575, 577, 578, 600, 620, 636, 644, 693, 757, 782, 800, 810, 822, 826, 842, 861, 867, 872, 877, 878, 892, 893, 897, 902, 913, 927, 929, 947, 956, 984, 999, 1009, 1016, 1131, 1162, 1167, 1185, 1202, 1204, 1209, 1217, 1244, 1248, 1249, 1250, 1253, 1267, 1280, 1289, 1296, 1299, 1329, 1341, 1379, 1396, 1432, 1446, 1459, 1470, 1475, 1480, 1481, 1484]
929: [39, 56, 119, 137, 153, 166, 182, 207, 252, 259, 311, 339, 357, 360, 367, 383, 385, 429, 432, 448, 450, 524, 541, 555, 564, 566, 571, 599, 609, 610, 615, 635, 658, 678, 686, 703, 724, 793, 811, 815, 819, 845, 858, 871, 896, 907, 910, 922, 928, 930, 938, 941, 974, 996, 1015, 1025, 1032, 1042, 1043, 1081, 1091, 1161, 1178, 1212, 1229, 1270, 1290, 1293, 1314, 1333, 1336, 1408, 1427, 1445, 1449, 1456, 1462]
930: [25, 145, 179, 187, 189, 211, 223, 226, 237, 243, 251, 287, 306, 308, 329, 361, 406, 442, 446, 448, 453, 468, 474, 492, 528, 530, 571, 587, 590, 598, 616, 618, 635, 749, 757, 782, 791, 803, 817, 839, 853, 857, 861, 863, 907, 929, 931, 963, 1021, 1032, 1059, 1114, 1121, 1127, 1164, 1182, 1188, 1194, 1220, 1310, 1322, 1327, 1338, 1346, 1348, 1358, 1367, 1380, 1419, 1427, 1461]
931: [38, 56, 57, 66, 87, 118, 127, 143, 186, 206, 210, 216, 250, 285, 318, 368, 385, 394, 406, 467, 471, 475, 482, 496, 535, 553, 555, 576, 595, 596, 606, 635, 636, 668, 676, 686, 747, 769, 776, 788, 826, 865, 867, 878, 882, 887, 915, 930, 932, 935, 959, 989, 1000, 1014, 1037, 1039, 1058, 1069, 1075, 1099, 1110, 1134, 1181, 1226, 1294, 1308, 1328, 1333, 1339, 1341, 1359, 1367, 1380, 1382, 1408, 1418, 1426, 1431, 1450, 1470, 1489]
932: [22, 31, 34, 36, 84, 104, 116, 144, 213, 289, 292, 296, 340, 386, 408, 434, 448, 546, 558, 560, 600, 603, 625, 630, 632, 634, 654, 664, 679, 693, 715, 719, 721, 792, 800, 816, 817, 852, 859, 868, 901, 905, 931, 933, 934, 976, 1013, 1065, 1073, 1085, 1098, 1125, 1131, 1147, 1167, 1190, 1214, 1272, 1294, 1307, 1336, 1339, 1356, 1397, 1425, 1448, 1451]
933: [16, 19, 31, 39, 74, 89, 155, 167, 194, 215, 227, 229, 257, 272, 345, 364, 387, 415, 437, 472, 475, 479, 510, 511, 512, 539, 549, 555, 556, 593, 650, 685, 716, 739, 757, 775, 791, 794, 801, 810, 824, 846, 850, 854, 858, 859, 894, 932, 934, 1040, 1041, 1086, 1088, 1178, 1201, 1246, 1255, 1316, 1351, 1375, 1438, 1457, 1461, 1466, 1482, 1485]
934: [57, 72, 125, 130, 169, 176, 181, 182, 184, 191, 217, 242, 259, 263, 268, 275, 300, 312, 343, 370, 380, 382, 385, 388, 405, 414, 429, 445, 447, 459, 462, 480, 505, 532, 540, 564, 586, 604, 610, 612, 629, 654, 702, 705, 718, 730, 739, 748, 758, 770, 779, 796, 799, 827, 833, 855, 869, 872, 932, 933, 935, 952, 972, 977, 988, 1008, 1013, 1019, 1042, 1095, 1096, 1123, 1125, 1131, 1153, 1172, 1177, 1190, 1194, 1212, 1223, 1230, 1247, 1249, 1262, 1302, 1395, 1416, 1419]
935: [31, 46, 59, 84, 111, 115, 118, 138, 141, 146, 163, 182, 249, 267, 330, 352, 381, 406, 421, 436, 478, 492, 509, 558, 573, 577, 579, 588, 620, 628, 686, 704, 716, 732, 744, 750, 759, 761, 766, 772, 775, 794, 810, 816, 830, 839, 841, 880, 882, 931, 934, 936, 940, 946, 948, 968, 991, 993, 1013, 1021, 1086, 1087, 1102, 1116, 1143, 1150, 1164, 1177, 1203, 1229, 1261, 1269, 1274, 1284, 1289, 1335, 1344, 1347, 1363, 1371, 1418, 1481, 1484]
936: [18, 54, 63, 65, 70, 155, 167, 172, 177, 220, 229, 232, 234, 235, 239, 250, 257, 264, 267, 308, 316, 340, 356, 358, 390, 451, 484, 485, 490, 516, 556, 605, 623, 647, 652, 657, 690, 695, 703, 707, 708, 728, 740, 747, 762, 789, 803, 831, 838, 896, 935, 937, 1021, 1024, 1071, 1084, 1102, 1117, 1247, 1251, 1254, 1261, 1271, 1276, 1289, 1323, 1340, 1370, 1383, 1411, 1419, 1444, 1451]
937: [18, 29, 62, 75, 76, 109, 115, 138, 149, 167, 195, 212, 232, 248, 251, 252, 265, 271, 283, 293, 354, 396, 414, 431, 448, 463, 478, 480, 487, 489, 496, 535, 582, 592, 595, 597, 622, 627, 642, 656, 668, 687, 688, 729, 737, 739, 764, 770, 773, 787, 807, 832, 857, 880, 887, 893, 897, 936, 938, 961, 965, 986, 990, 992, 1006, 1014, 1054, 1058, 1071, 1087, 1102, 1125, 1133, 1140, 1154, 1166, 1208, 1217, 1240, 1249, 1256, 1261, 1279, 1290, 1302, 1324, 1368, 1408, 1454, 1468, 1475]
938: [24, 52, 80, 89, 134, 140, 156, 175, 185, 191, 229, 256, 266, 271, 280, 309, 311, 318, 364, 389, 406, 414, 425, 432, 433, 459, 491, 523, 530, 533, 572, 592, 593, 604, 607, 622, 688, 697, 726, 729, 736, 742, 755, 757, 807, 809, 838, 842, 849, 857, 913, 929, 937, 939, 951, 970, 976, 1028, 1048, 1070, 1087, 1162, 1168, 1240, 1250, 1252, 1275, 1310, 1330, 1354, 1355, 1382, 1398, 1451, 1458, 1488]
939: [30, 46, 62, 70, 76, 118, 180, 288, 290, 312, 337, 338, 389, 401, 441, 453, 476, 497, 515, 585, 601, 666, 672, 685, 711, 723, 752, 776, 802, 803, 806, 814, 842, 850, 878, 887, 890, 901, 902, 914, 915, 922, 938, 940, 954, 978, 995, 1026, 1027, 1053, 1081, 1106, 1126, 1151, 1161, 1179, 1215, 1221, 1268, 1323, 1339, 1364, 1365, 1387, 1407, 1408, 1454, 1459, 1463, 1494, 1496]
940: [20, 38, 94, 97, 110, 133, 162, 179, 190, 194, 213, 232, 236, 241, 245, 271, 272, 337, 419, 487, 495, 508, 524, 569, 572, 593, 595, 621, 633, 661, 666, 673, 706, 727, 748, 754, 771, 791, 797, 823, 848, 879, 890, 917, 927, 935, 939, 941, 954, 982, 988, 1041, 1051, 1104, 1114, 1119, 1144, 1145, 1155, 1161, 1178, 1179, 1195, 1232, 1261, 1263, 1271, 1280, 1281, 1283, 1339, 1352, 1369, 1416, 1471]
941: [22, 41, 60, 106, 116, 118, 122, 166, 167, 187, 205, 257, 290, 305, 306, 313, 319, 335, 362, 371, 379, 386, 410, 428, 435, 442, 451, 472, 490, 495, 504, 542, 551, 561, 572, 617, 660, 665, 679, 680, 707, 731, 732, 735, 748, 780, 790, 795, 798, 807, 820, 825, 843, 858, 871, 875, 883, 907, 912, 915, 929, 940, 942, 949, 962, 972, 982, 997, 1007, 1012, 1038, 1068, 1096, 1103, 1110, 1138, 1189, 1247, 1278, 1309, 1322, 1345, 1358, 1359, 1361, 1363, 1369, 1403, 1405, 1410, 1484]
942: [29, 41, 47, 54, 94, 101, 279, 291, 324, 325, 336, 347, 375, 385, 394, 440, 443, 461, 527, 549, 558, 593, 610, 619, 635, 652, 664, 677, 711, 728, 749, 760, 772, 774, 794, 828, 834, 841, 877, 880, 894, 910, 941, 943, 955, 1004, 1016, 1029, 1037, 1059, 1079, 1131, 1136, 1143, 1175, 1177, 1200, 1216, 1237, 1258, 1277, 1311, 1320, 1322, 1378, 1386, 1393, 1401, 1413, 1430, 1446, 1460, 1462, 1465]
943: [61, 149, 164, 189, 206, 222, 225, 227, 253, 254, 258, 263, 338, 344, 378, 396, 412, 419, 458, 493, 539, 543, 550, 570, 577, 639, 664, 688, 710, 760, 831, 839, 844, 867, 886, 889, 896, 919, 942, 944, 1013, 1022, 1050, 1052, 1089, 1090, 1133, 1165, 1166, 1185, 1194, 1203, 1230, 1255, 1294, 1298, 1303, 1331, 1345, 1364, 1398, 1407, 1413, 1414, 1476, 1486]
944: [15, 67, 72, 79, 93, 157, 162, 182, 201, 243, 283, 291, 314, 317, 327, 357, 365, 372, 389, 390, 406, 416, 422, 441, 466, 533, 542, 572, 580, 586, 609, 614, 618, 647, 648, 657, 690, 699, 706, 707, 713, 714, 720, 742, 754, 767, 779, 797, 845, 868, 921, 943, 945, 953, 962, 988, 1024, 1057, 1077, 1079, 1105, 1114, 1141, 1154, 1171, 1180, 1185, 1187, 1192, 1203, 1210, 1214, 1254, 1272, 1276, 1291, 1309, 1314, 1322, 1343, 1352, 1367, 1388, 1417, 1441, 1448, 1477]
945: [25, 39, 49, 58, 84, 85, 114, 138, 140, 158, 163, 174, 208, 230, 232, 258, 276, 354, 379, 406, 419, 429, 458, 466, 478, 490, 497, 498, 499, 512, 528, 532, 534, 558, 562, 564, 566, 574, 589, 604, 650, 652, 673, 701, 724, 734, 735, 779, 782, 809, 821, 861, 867, 895, 897, 920, 944, 946, 963, 993, 994, 1038, 1118, 1154, 1159, 1165, 1173, 1192, 1203, 1246, 1265, 1269, 1320, 1329, 1342, 1393, 1436, 1437, 1445, 1451, 1462]
946: [22, 39, 42, 61, 99, 102, 159, 196, 203, 204, 208, 210, 220, 224, 278, 348, 352, 382, 401, 435, 458, 483, 486, 533, 534, 550, 553, 588, 590, 619, 620, 659, 673, 680, 712, 755, 774, 792, 811, 813, 816, 852, 866, 891, 926, 935, 945, 947, 986, 1015, 1017, 1057, 1092, 1096, 1097, 1103, 1133, 1144, 1160, 1176, 1200, 1205, 1225, 1267, 1274, 1278, 1287, 1292, 1308, 1345, 1353, 1368, 1416, 1422, 1446, 1450, 1458]
947: [28, 37, 91, 98, 107, 120, 222, 223, 245, 248, 257, 313, 317, 321, 330, 332, 333, 351, 361, 364, 391, 444, 468, 478, 490, 497, 510, 513, 517, 527, 559, 581, 649, 663, 681, 720, 721, 725, 726, 739, 744, 760, 780, 790, 810, 827, 834, 846, 899, 903, 905, 928, 946, 948, 996, 1025, 1076, 1094, 1100, 1107, 1122, 1141, 1145, 1164, 1167, 1183, 1215, 1254, 1279, 1286, 1299, 1358, 1360, 1386, 1439, 1472, 1479]
948: [22, 27, 32, 61, 71, 108, 121, 136, 138, 157, 188, 201, 209, 223, 225, 239, 283, 321, 324, 334, 352, 375, 384, 404, 431, 453, 467, 492, 552, 598, 606, 646, 658, 669, 692, 701, 730, 746, 749, 751, 753, 810, 863, 910, 920, 923, 935, 947, 949, 995, 1007, 1021, 1042, 1048, 1159, 1194, 1259, 1274, 1303, 1305, 1308, 1340, 1345, 1386, 1485]
949: [23, 33, 76, 91, 94, 115, 132, 141, 144, 148, 190, 201, 204, 211, 244, 289, 299, 369, 400, 403, 481, 489, 492, 495, 499, 616, 620, 701, 713, 738, 788, 849, 862, 868, 907, 920, 941, 948, 950, 964, 971, 978, 979, 981, 995, 1072, 1135, 1162, 1173, 1179, 1190, 1242, 1257, 1276, 1305, 1330, 1345, 1357, 1392, 1403, 1445, 1446, 1458]
950: [34, 38, 42, 57, 92, 93, 128, 140, 175, 178, 190, 228, 240, 275, 287, 313, 314, 317, 326, 340, 342, 344, 355, 416, 422, 424, 439, 443, 462, 472, 476, 480, 505, 520, 534, 545, 548, 553, 571, 572, 575, 598, 618, 630, 631, 653, 657, 659, 685, 695, 714, 736, 742, 745, 752, 753, 765, 819, 821, 826, 840, 861, 877, 891, 893, 899, 918, 949, 951, 976, 1006, 1058, 1073, 1087, 1118, 1167, 1178, 1196, 1200, 1205, 1209, 1230, 1277, 1278, 1289, 1367, 1387, 1398, 1428, 1434, 1443, 1472]
951: [29, 64, 66, 75, 119, 125, 150, 170, 185, 193, 241, 275, 285, 298, 309, 315, 323, 338, 342, 353, 365, 384, 390, 451, 460, 498, 517, 532, 551, 580, 584, 587, 590, 641, 647, 648, 664, 668, 675, 689, 697, 704, 728, 764, 789, 808, 823, 848, 851, 853, 854, 875, 884, 900, 938, 950, 952, 961, 978, 981, 1004, 1008, 1043, 1141, 1168, 1203, 1204, 1213, 1264, 1288, 1301, 1321, 1327, 1355, 1362, 1382, 1397, 1413, 1427, 1452]
952: [73, 104, 112, 152, 210, 233, 239, 255, 266, 272, 313, 315, 342, 371, 375, 435, 450, 470, 492, 508, 512, 556, 599, 617, 647, 658, 677, 684, 694, 696, 755, 767, 810, 815, 829, 866, 890, 894, 899, 912, 916, 934, 951, 953, 961, 979, 994, 998, 1007, 1021, 1032, 1041, 1112, 1154, 1160, 1244, 1248, 1270, 1337, 1338, 1353, 1367, 1373, 1404, 1448, 1496, 1497]
953: [24, 56, 68, 75, 78, 111, 175, 179, 196, 204, 226, 272, 351, 356, 360, 368, 381, 389, 410, 426, 428, 433, 450, 477, 480, 512, 539, 575, 589, 636, 642, 669, 728, 757, 767, 783, 805, 820, 829, 830, 859, 882, 890, 944, 952, 954, 960, 1003, 1010, 1019, 1020, 1066, 1090, 1096, 1203, 1212, 1217, 1235, 1257, 1259, 1298, 1331, 1366, 1409, 1430, 1442, 1465, 1476, 1485, 1486]
954: [31, 42, 44, 47, 51, 58, 65, 70, 151, 200, 201, 222, 231, 233, 270, 275, 298, 343, 368, 383, 386, 403, 404, 413, 422, 424, 457, 479, 488, 504, 523, 525, 536, 564, 574, 582, 633, 668, 671, 692, 697, 698, 735, 756, 761, 769, 780, 783, 804, 821, 826, 844, 845, 851, 863, 875, 939, 940, 953, 955, 979, 1004, 1021, 1033, 1057, 1058, 1091, 1099, 1102, 1125, 1134, 1137, 1172, 1210, 1256, 1267, 1268, 1292, 1300, 1321, 1333, 1369, 1373, 1395, 1410, 1442, 1446, 1450, 1464]
955: [15, 65, 66, 94, 128, 143, 152, 154, 177, 192, 202, 219, 225, 233, 255, 261, 270, 292, 294, 316, 326, 381, 397, 471, 483, 506, 529, 549, 579, 596, 611, 636, 638, 645, 658, 684, 732, 766, 777, 792, 810, 822, 844, 909, 942, 954, 956, 961, 967, 969, 1081, 1100, 1109, 1116, 1128, 1138, 1181, 1192, 1200, 1251, 1284, 1312, 1315, 1349, 1366, 1387, 1402, 1431, 1459, 1495]
956: [40, 70, 71, 72, 73, 76, 87, 93, 123, 127, 157, 165, 180, 189, 214, 217, 236, 247, 277, 286, 300, 376, 382, 391, 395, 402, 457, 474, 512, 517, 523, 537, 546, 562, 569, 584, 585, 594, 605, 620, 639, 671, 702, 724, 732, 771, 776, 794, 801, 807, 845, 898, 928, 955, 957, 960, 963, 985, 996, 1001, 1025, 1026, 1030, 1054, 1101, 1116, 1117, 1148, 1150, 1154, 1179, 1204, 1216, 1259, 1263, 1269, 1356, 1369, 1384, 1445, 1452, 1489]
957: [36, 118, 131, 135, 145, 164, 230, 279, 297, 337, 341, 342, 406, 411, 437, 458, 472, 479, 481, 491, 496, 558, 573, 578, 580, 624, 627, 628, 641, 664, 666, 706, 802, 810, 837, 847, 869, 887, 914, 956, 958, 988, 1006, 1024, 1042, 1059, 1065, 1080, 1104, 1111, 1150, 1159, 1209, 1212, 1230, 1238, 1268, 1287, 1289, 1295, 1322, 1351, 1401, 1405, 1411, 1413, 1414, 1447, 1469, 1473, 1480, 1482]
958: [16, 23, 71, 92, 143, 150, 153, 191, 202, 219, 234, 240, 249, 252, 272, 293, 354, 361, 394, 439, 453, 517, 518, 527, 530, 543, 552, 554, 608, 617, 633, 652, 669, 672, 703, 714, 718, 725, 764, 771, 779, 813, 825, 858, 864, 876, 957, 959, 963, 969, 998, 1005, 1008, 1011, 1033, 1085, 1137, 1148, 1159, 1164, 1185, 1187, 1209, 1225, 1256, 1263, 1287, 1288, 1313, 1334, 1363, 1384, 1438, 1442, 1455, 1460, 1480]
959: [54, 60, 116, 126, 166, 191, 197, 207, 221, 279, 297, 298, 312, 365, 379, 386, 403, 423, 488, 489, 498, 510, 530, 546, 579, 593, 612, 613, 632, 637, 642, 650, 683, 723, 746, 753, 795, 798, 813, 816, 824, 835, 849, 916, 923, 925, 931, 958, 960, 962, 993, 995, 1025, 1047, 1064, 1082, 1107, 1114, 1125, 1144, 1204, 1277, 1310, 1326, 1334, 1340, 1384, 1386, 1436, 1488, 1490, 1492]
960: [33, 39, 40, 44, 63, 90, 100, 102, 129, 132, 141, 144, 148, 163, 165, 170, 181, 190, 253, 266, 271, 278, 288, 316, 369, 455, 486, 509, 556, 569, 582, 585, 586, 592, 598, 612, 613, 615, 617, 626, 694, 722, 724, 740, 761, 795, 818, 953, 956, 959, 961, 988, 1019, 1020, 1037, 1081, 1175, 1187, 1189, 1190, 1214, 1216, 1224, 1251, 1296, 1318, 1336, 1338, 1342, 1368, 1388, 1404, 1444, 1449, 1451, 1455, 1459, 1461]
961: [31, 85, 145, 153, 160, 167, 211, 222, 240, 247, 267, 330, 365, 369, 371, 420, 437, 457, 463, 522, 524, 530, 547, 578, 581, 591, 598, 616, 625, 654, 664, 665, 674, 679, 705, 715, 728, 730, 736, 765, 788, 815, 823, 826, 937, 951, 952, 955, 960, 962, 966, 1004, 1016, 1028, 1045, 1098, 1110, 1115, 1139, 1149, 1178, 1195, 1229, 1240, 1292, 1297, 1310, 1312, 1347, 1385, 1399, 1406, 1433, 1468, 1478]
962: [22, 41, 43, 45, 54, 72, 89, 99, 101, 102, 115, 124, 141, 201, 209, 217, 295, 316, 327, 339, 349, 364, 375, 394, 397, 401, 429, 455, 457, 523, 572, 575, 580, 599, 607, 628, 660, 677, 724, 764, 816, 828, 843, 854, 918, 941, 944, 959, 961, 963, 978, 980, 981, 989, 995, 997, 1009, 1011, 1015, 1060, 1104, 1114, 1183, 1199, 1217, 1232, 1254, 1267, 1272, 1279, 1302, 1304, 1310, 1322, 1359, 1372, 1377, 1415, 1445, 1451, 1492, 1497]
963: [34, 58, 83, 105, 114, 117, 123, 136, 182, 214, 273, 276, 293, 305, 328, 346, 467, 475, 514, 571, 644, 662, 681, 690, 718, 723, 739, 757, 782, 795, 876, 877, 913, 915, 930, 945, 956, 958, 962, 964, 1011, 1014, 1023, 1044, 1109, 1114, 1133, 1140, 1145, 1156, 1182, 1184, 1257, 1265, 1269, 1290, 1293, 1371, 1410, 1423, 1445, 1497]
964: [30, 48, 65, 77, 127, 159, 186, 217, 245, 247, 281, 294, 336, 371, 407, 420, 446, 453, 457, 466, 489, 524, 555, 570, 581, 659, 664, 683, 717, 789, 812, 814, 825, 850, 892, 895, 914, 949, 963, 965, 967, 970, 1017, 1036, 1039, 1051, 1200, 1205, 1245, 1295, 1313, 1321, 1353, 1361, 1370, 1383, 1406, 1433, 1438, 1440, 1442, 1463, 1467]
965: [30, 43, 67, 86, 90, 131, 141, 213, 239, 307, 323, 350, 353, 373, 374, 435, 458, 524, 531, 562, 573, 608, 630, 633, 680, 689, 751, 753, 755, 760, 763, 767, 775, 825, 845, 846, 854, 886, 896, 900, 914, 937, 964, 966, 996, 1011, 1031, 1076, 1086, 1103, 1199, 1202, 1219, 1255, 1283, 1328, 1335, 1338, 1348, 1381, 1422, 1424, 1445, 1459, 1490, 1498]
966: [62, 64, 91, 118, 146, 157, 198, 214, 221, 223, 261, 266, 276, 277, 292, 351, 359, 361, 376, 377, 378, 383, 396, 405, 430, 437, 443, 466, 469, 487, 518, 534, 546, 549, 569, 595, 604, 614, 648, 666, 670, 685, 689, 708, 727, 756, 758, 779, 827, 828, 831, 837, 842, 863, 873, 875, 885, 917, 961, 965, 967, 1022, 1029, 1091, 1112, 1119, 1129, 1158, 1161, 1206, 1208, 1225, 1254, 1267, 1278, 1295, 1321, 1333, 1338, 1372, 1391, 1393, 1396, 1398, 1405, 1421, 1433, 1444, 1453, 1454, 1492, 1493]
967: [50, 54, 65, 69, 74, 104, 117, 137, 151, 174, 191, 202, 211, 267, 292, 296, 380, 400, 408, 419, 445, 447, 497, 557, 580, 611, 622, 653, 654, 683, 692, 698, 699, 712, 738, 752, 777, 781, 902, 955, 964, 966, 968, 971, 1003, 1006, 1008, 1018, 1040, 1086, 1124, 1126, 1155, 1173, 1179, 1206, 1277, 1302, 1311, 1313, 1342, 1360, 1365, 1395, 1399, 1427, 1448, 1457, 1466, 1480, 1489]
968: [27, 62, 109, 114, 134, 171, 177, 199, 209, 213, 233, 248, 250, 266, 290, 301, 307, 393, 405, 409, 413, 429, 443, 444, 472, 483, 500, 502, 516, 517, 523, 527, 533, 540, 555, 563, 565, 573, 591, 633, 638, 654, 692, 720, 730, 735, 744, 756, 770, 773, 795, 802, 807, 836, 897, 903, 912, 918, 935, 967, 969, 1033, 1035, 1052, 1068, 1069, 1077, 1085, 1110, 1127, 1187, 1219, 1224, 1233, 1239, 1266, 1281, 1314, 1317, 1343, 1346, 1372, 1383, 1385, 1404, 1409, 1410, 1415, 1429, 1433, 1480, 1488]
969: [20, 21, 35, 46, 47, 81, 92, 97, 151, 168, 171, 184, 191, 200, 207, 235, 252, 265, 293, 365, 382, 390, 404, 412, 430, 453, 470, 494, 500, 502, 503, 505, 517, 525, 567, 571, 582, 647, 668, 708, 719, 727, 732, 734, 756, 810, 825, 859, 863, 864, 868, 906, 955, 958, 968, 970, 1005, 1034, 1043, 1082, 1092, 1103, 1113, 1177, 1186, 1192, 1207, 1214, 1226, 1256, 1258, 1274, 1292, 1355, 1426, 1439, 1446, 1458, 1476]
970: [64, 92, 123, 125, 135, 212, 216, 288, 298, 300, 311, 341, 398, 447, 450, 479, 502, 505, 536, 552, 559, 573, 586, 589, 591, 610, 622, 696, 711, 714, 766, 792, 845, 861, 864, 873, 888, 901, 910, 915, 938, 964, 969, 971, 973, 1009, 1031, 1110, 1138, 1148, 1171, 1176, 1185, 1205, 1210, 1225, 1246, 1260, 1263, 1286, 1291, 1293, 1316, 1324, 1325, 1329, 1351, 1404, 1412, 1414, 1421, 1455, 1478, 1483, 1490]
971: [41, 56, 129, 169, 178, 227, 231, 262, 265, 274, 296, 299, 312, 347, 354, 378, 384, 399, 409, 418, 433, 440, 492, 513, 552, 556, 562, 569, 601, 606, 613, 626, 629, 630, 657, 673, 689, 698, 701, 702, 716, 738, 745, 756, 759, 769, 780, 809, 848, 913, 916, 926, 949, 967, 970, 972, 982, 990, 994, 1025, 1038, 1039, 1051, 1057, 1061, 1063, 1099, 1108, 1117, 1121, 1147, 1157, 1159, 1166, 1183, 1214, 1223, 1241, 1306, 1335, 1376, 1401, 1416, 1429, 1457, 1466, 1472]
972: [32, 36, 53, 59, 99, 108, 115, 151, 152, 190, 251, 269, 292, 293, 311, 332, 337, 370, 378, 402, 445, 448, 481, 496, 535, 539, 580, 593, 599, 611, 630, 663, 671, 678, 688, 705, 706, 725, 748, 767, 773, 787, 796, 802, 815, 826, 832, 845, 891, 922, 934, 941, 971, 973, 989, 1021, 1044, 1127, 1170, 1225, 1280, 1294, 1296, 1328, 1353, 1366, 1388, 1391, 1407, 1430, 1489, 1493, 1495]
973: [38, 67, 75, 155, 158, 186, 226, 242, 275, 337, 344, 348, 374, 376, 457, 488, 503, 511, 520, 530, 550, 558, 566, 606, 609, 616, 638, 667, 668, 680, 730, 778, 785, 792, 802, 805, 822, 837, 874, 880, 887, 889, 904, 908, 970, 972, 974, 987, 1008, 1010, 1015, 1037, 1039, 1041, 1052, 1058, 1090, 1122, 1195, 1237, 1281, 1314, 1331, 1333, 1343, 1361, 1371, 1372, 1379, 1393, 1421, 1438, 1445, 1447, 1451, 1454, 1463]
974: [34, 48, 65, 76, 79, 117, 159, 189, 203, 207, 238, 276, 281, 292, 318, 326, 330, 399, 405, 407, 412, 414, 449, 505, 536, 551, 560, 576, 588, 621, 623, 638, 641, 654, 657, 676, 694, 714, 720, 744, 763, 809, 818, 824, 845, 881, 885, 905, 927, 929, 973, 975, 996, 1012, 1044, 1105, 1152, 1202, 1223, 1244, 1250, 1266, 1271, 1280, 1288, 1301, 1305, 1306, 1334, 1385, 1413, 1480]
975: [19, 46, 62, 67, 83, 96, 135, 146, 149, 176, 181, 215, 237, 253, 258, 272, 273, 279, 306, 341, 361, 362, 415, 426, 475, 476, 513, 522, 524, 590, 618, 622, 629, 636, 665, 690, 701, 726, 742, 749, 759, 761, 765, 768, 799, 804, 814, 842, 843, 847, 869, 877, 907, 974, 976, 980, 998, 1031, 1042, 1055, 1064, 1068, 1092, 1116, 1152, 1169, 1195, 1197, 1202, 1204, 1211, 1212, 1239, 1245, 1277, 1287, 1304, 1306, 1321, 1335, 1370, 1374, 1415, 1430]
976: [20, 32, 33, 36, 43, 58, 88, 91, 97, 109, 124, 131, 172, 221, 231, 251, 270, 349, 357, 428, 447, 462, 488, 498, 529, 537, 556, 564, 575, 589, 597, 604, 622, 639, 641, 662, 664, 666, 671, 675, 700, 722, 735, 743, 764, 768, 778, 782, 795, 798, 803, 874, 908, 932, 938, 950, 975, 977, 984, 1001, 1017, 1057, 1061, 1106, 1128, 1182, 1189, 1204, 1251, 1288, 1323, 1345, 1347, 1373, 1376, 1394, 1451, 1461, 1472, 1479, 1480, 1482]
977: [106, 127, 152, 159, 164, 172, 193, 220, 260, 269, 295, 326, 327, 361, 362, 372, 377, 382, 384, 390, 400, 450, 452, 466, 522, 528, 536, 578, 605, 613, 622, 658, 731, 757, 776, 781, 799, 837, 897, 910, 915, 919, 924, 934, 976, 978, 982, 996, 999, 1027, 1034, 1039, 1092, 1138, 1139, 1149, 1151, 1154, 1174, 1175, 1191, 1202, 1203, 1210, 1220, 1233, 1243, 1260, 1269, 1298, 1307, 1335, 1383, 1404, 1433, 1456, 1457, 1466, 1469, 1487]
978: [25, 39, 63, 82, 100, 132, 149, 178, 213, 276, 291, 312, 352, 354, 357, 373, 380, 384, 402, 430, 432, 446, 472, 473, 476, 486, 498, 499, 508, 582, 601, 621, 625, 631, 632, 662, 681, 737, 746, 781, 786, 812, 825, 833, 858, 870, 876, 910, 939, 949, 951, 962, 977, 979, 1003, 1005, 1077, 1093, 1094, 1097, 1116, 1119, 1126, 1159, 1189, 1200, 1219, 1226, 1235, 1242, 1251, 1281, 1315, 1367, 1384, 1403, 1413, 1425, 1438, 1463, 1480, 1483]
979: [18, 26, 48, 62, 79, 173, 197, 201, 206, 226, 297, 313, 327, 328, 343, 345, 348, 396, 405, 415, 459, 465, 473, 477, 500, 514, 516, 522, 559, 585, 630, 665, 675, 705, 729, 733, 739, 760, 766, 780, 785, 796, 833, 949, 952, 954, 978, 980, 985, 1028, 1040, 1050, 1053, 1057, 1077, 1144, 1153, 1167, 1191, 1222, 1226, 1259, 1271, 1311, 1359, 1387, 1398, 1404, 1430, 1458, 1483, 1486, 1492, 1493]
980: [19, 40, 82, 83, 90, 95, 124, 191, 196, 256, 278, 296, 310, 323, 368, 385, 416, 510, 528, 539, 555, 584, 619, 621, 668, 761, 774, 783, 789, 798, 811, 814, 827, 842, 873, 891, 904, 924, 962, 975, 979, 981, 994, 999, 1026, 1048, 1067, 1086, 1087, 1090, 1092, 1097, 1102, 1105, 1124, 1146, 1187, 1188, 1213, 1215, 1232, 1234, 1239, 1334, 1345, 1359, 1362, 1421, 1435, 1449]
981: [46, 57, 73, 96, 101, 103, 121, 151, 203, 221, 234, 245, 274, 313, 316, 324, 327, 337, 338, 350, 357, 382, 409, 413, 420, 447, 468, 480, 503, 525, 534, 546, 556, 565, 590, 619, 628, 646, 732, 752, 766, 782, 802, 834, 836, 858, 873, 874, 905, 949, 951, 962, 980, 982, 992, 1011, 1014, 1015, 1038, 1072, 1095, 1111, 1129, 1130, 1160, 1169, 1203, 1205, 1236, 1246, 1250, 1253, 1285, 1291, 1297, 1305, 1347, 1368, 1411, 1427, 1450, 1459, 1496]
982: [27, 34, 39, 44, 72, 97, 107, 128, 163, 236, 254, 282, 288, 291, 294, 302, 334, 384, 401, 411, 422, 424, 426, 440, 474, 480, 485, 569, 578, 605, 614, 630, 646, 655, 656, 663, 665, 673, 707, 711, 714, 721, 723, 789, 829, 830, 888, 894, 925, 940, 941, 971, 977, 981, 983, 998, 1008, 1044, 1060, 1079, 1087, 1101, 1127, 1131, 1147, 1168, 1170, 1172, 1250, 1259, 1261, 1328, 1344, 1369, 1391, 1394, 1410, 1436, 1447, 1449, 1452, 1454, 1465, 1472]
983: [65, 72, 130, 170, 180, 192, 236, 266, 275, 309, 339, 341, 350, 408, 409, 423, 424, 445, 470, 489, 502, 524, 561, 578, 583, 601, 654, 675, 697, 800, 807, 809, 818, 896, 919, 982, 984, 1017, 1036, 1047, 1053, 1086, 1110, 1113, 1117, 1133, 1147, 1161, 1170, 1224, 1262, 1266, 1272, 1278, 1294, 1302, 1303, 1311, 1347, 1354, 1361, 1395, 1422, 1438, 1452]
984: [27, 34, 39, 85, 86, 94, 102, 104, 152, 179, 206, 210, 230, 238, 241, 253, 270, 279, 284, 293, 299, 329, 337, 345, 359, 395, 477, 483, 495, 504, 507, 526, 565, 575, 591, 633, 644, 664, 680, 729, 733, 751, 765, 779, 793, 794, 827, 876, 878, 886, 894, 928, 976, 983, 985, 1034, 1040, 1047, 1057, 1073, 1074, 1091, 1096, 1164, 1168, 1179, 1186, 1195, 1200, 1240, 1255, 1259, 1278, 1288, 1302, 1341, 1350, 1354, 1371, 1414, 1426, 1459, 1482]
985: [100, 119, 198, 213, 259, 274, 277, 278, 336, 363, 368, 390, 418, 426, 438, 450, 451, 465, 508, 510, 513, 555, 561, 583, 586, 599, 614, 626, 637, 638, 659, 679, 711, 724, 725, 744, 746, 759, 761, 774, 784, 789, 867, 882, 884, 903, 910, 956, 979, 984, 986, 1009, 1022, 1023, 1036, 1040, 1215, 1218, 1219, 1236, 1267, 1280, 1317, 1326, 1350, 1356, 1360, 1400, 1410, 1437]
986: [14, 19, 23, 73, 136, 167, 240, 249, 270, 290, 307, 317, 329, 342, 364, 384, 398, 410, 452, 495, 551, 568, 588, 605, 619, 647, 650, 673, 698, 700, 713, 715, 753, 755, 797, 799, 804, 810, 822, 826, 840, 851, 857, 871, 887, 937, 946, 985, 987, 996, 1024, 1064, 1071, 1083, 1096, 1107, 1124, 1137, 1165, 1173, 1176, 1205, 1246, 1305, 1307, 1319, 1336, 1363, 1369, 1370, 1393, 1401, 1467, 1478]
987: [26, 36, 85, 94, 96, 134, 143, 156, 158, 240, 257, 267, 283, 351, 367, 376, 377, 416, 419, 443, 460, 477, 515, 536, 553, 633, 681, 689, 775, 800, 820, 836, 842, 844, 852, 869, 878, 892, 894, 905, 973, 986, 988, 989, 995, 1033, 1058, 1063, 1096, 1105, 1126, 1133, 1135, 1148, 1159, 1164, 1167, 1221, 1242, 1272, 1274, 1293, 1296, 1302, 1337, 1344, 1352, 1394, 1464, 1475]
988: [15, 19, 46, 58, 62, 68, 78, 80, 100, 110, 113, 117, 127, 139, 151, 197, 225, 230, 231, 293, 369, 391, 398, 405, 406, 452, 470, 502, 504, 515, 526, 531, 535, 570, 578, 601, 648, 688, 699, 736, 739, 740, 797, 821, 852, 903, 923, 934, 940, 944, 957, 960, 987, 989, 990, 1013, 1016, 1058, 1131, 1153, 1175, 1192, 1244, 1248, 1251, 1262, 1313, 1323, 1324, 1336, 1338, 1368, 1387, 1389, 1401, 1413, 1422, 1427, 1478, 1483]
989: [54, 97, 102, 103, 107, 125, 135, 141, 150, 156, 175, 208, 219, 222, 224, 237, 250, 284, 289, 293, 294, 319, 329, 336, 365, 375, 429, 437, 528, 536, 540, 542, 555, 556, 584, 590, 599, 619, 637, 641, 662, 706, 743, 747, 796, 820, 832, 834, 836, 850, 886, 891, 895, 896, 904, 908, 912, 924, 931, 962, 972, 987, 988, 990, 997, 1000, 1005, 1016, 1028, 1066, 1071, 1074, 1087, 1106, 1109, 1171, 1175, 1245, 1247, 1251, 1254, 1281, 1303, 1315, 1317, 1337, 1405, 1492, 1498]
990: [20, 31, 98, 150, 156, 166, 175, 190, 227, 228, 256, 323, 324, 326, 349, 398, 407, 418, 420, 422, 449, 464, 466, 499, 505, 562, 566, 577, 613, 629, 636, 659, 660, 666, 668, 703, 737, 754, 781, 799, 818, 822, 829, 830, 848, 880, 920, 923, 937, 971, 988, 989, 991, 1005, 1019, 1020, 1033, 1044, 1120, 1146, 1177, 1189, 1194, 1203, 1225, 1233, 1253, 1264, 1269, 1283, 1284, 1296, 1297, 1304, 1310, 1343, 1357, 1365, 1375, 1395, 1421, 1435, 1461, 1466, 1469, 1491, 1492, 1498]
991: [45, 70, 85, 148, 195, 262, 265, 267, 270, 271, 281, 315, 328, 367, 408, 424, 446, 451, 467, 494, 501, 503, 506, 510, 513, 516, 526, 540, 562, 583, 585, 591, 624, 648, 679, 681, 706, 725, 729, 743, 771, 787, 794, 800, 821, 867, 879, 892, 897, 927, 935, 990, 992, 1002, 1032, 1033, 1041, 1050, 1052, 1123, 1168, 1193, 1214, 1266, 1307, 1317, 1332, 1335, 1356, 1358, 1359, 1366, 1371, 1398, 1426, 1438, 1448, 1463, 1478]
992: [17, 23, 37, 46, 51, 72, 87, 164, 165, 201, 236, 259, 294, 309, 338, 348, 356, 359, 362, 431, 437, 442, 500, 508, 534, 535, 540, 574, 600, 601, 617, 631, 689, 715, 734, 748, 758, 762, 771, 793, 802, 810, 827, 832, 862, 866, 880, 892, 937, 981, 991, 993, 1004, 1017, 1031, 1038, 1040, 1050, 1090, 1126, 1215, 1219, 1220, 1222, 1234, 1241, 1263, 1328, 1376, 1381, 1385, 1386, 1395, 1398, 1415, 1463, 1474, 1479, 1486, 1490, 1494, 1498]
993: [96, 104, 116, 137, 143, 154, 177, 178, 197, 200, 205, 238, 248, 359, 388, 392, 402, 408, 420, 433, 434, 436, 440, 460, 495, 552, 584, 604, 632, 683, 686, 699, 710, 723, 741, 744, 770, 779, 837, 907, 913, 918, 935, 945, 959, 992, 994, 1029, 1035, 1046, 1066, 1090, 1106, 1110, 1142, 1161, 1165, 1168, 1184, 1223, 1250, 1268, 1359, 1378, 1398, 1403, 1419, 1449, 1450, 1460, 1465]
994: [47, 53, 67, 98, 176, 215, 252, 266, 270, 347, 369, 374, 387, 391, 421, 422, 444, 447, 458, 498, 516, 566, 579, 588, 604, 608, 628, 689, 714, 718, 724, 731, 814, 837, 853, 859, 866, 898, 901, 945, 952, 971, 980, 993, 995, 998, 1054, 1084, 1131, 1175, 1187, 1201, 1207, 1233, 1238, 1252, 1256, 1287, 1325, 1331, 1375, 1377, 1387, 1391, 1408, 1423, 1456, 1469, 1481]
995: [16, 23, 34, 39, 135, 196, 222, 249, 291, 315, 316, 353, 372, 374, 405, 420, 448, 453, 456, 481, 520, 550, 629, 750, 754, 758, 773, 795, 807, 840, 848, 852, 925, 939, 948, 949, 959, 962, 987, 994, 996, 1010, 1020, 1048, 1052, 1067, 1070, 1074, 1084, 1108, 1112, 1133, 1137, 1156, 1165, 1178, 1181, 1207, 1233, 1280, 1303, 1402, 1405, 1413, 1422, 1436, 1443, 1445, 1447, 1455, 1475, 1477, 1488]
996: [22, 49, 56, 66, 68, 88, 101, 113, 124, 132, 133, 147, 163, 212, 216, 292, 314, 381, 430, 438, 439, 441, 446, 470, 487, 518, 534, 593, 596, 602, 604, 647, 649, 774, 783, 786, 792, 795, 872, 902, 912, 915, 929, 947, 956, 965, 974, 977, 986, 995, 997, 1019, 1031, 1046, 1115, 1160, 1179, 1211, 1290, 1318, 1343, 1355, 1386, 1394, 1422, 1441, 1450, 1466, 1477, 1479, 1486]
997: [30, 38, 56, 75, 86, 90, 98, 148, 156, 212, 214, 226, 247, 273, 275, 279, 288, 311, 320, 374, 375, 412, 428, 431, 443, 447, 496, 506, 528, 547, 562, 571, 664, 667, 684, 702, 716, 727, 742, 745, 755, 768, 782, 794, 822, 824, 835, 861, 879, 881, 941, 962, 989, 996, 998, 1025, 1037, 1039, 1060, 1097, 1118, 1150, 1168, 1183, 1244, 1253, 1274, 1315, 1324, 1328, 1333, 1340, 1347, 1359, 1362, 1370, 1401, 1422, 1457]
998: [19, 20, 24, 113, 119, 158, 171, 188, 245, 246, 260, 306, 322, 327, 338, 356, 357, 403, 411, 466, 485, 493, 498, 516, 518, 556, 562, 563, 574, 604, 613, 620, 676, 681, 763, 778, 783, 824, 866, 871, 893, 912, 921, 952, 958, 975, 982, 994, 997, 999, 1022, 1085, 1092, 1106, 1245, 1268, 1282, 1286, 1298, 1302, 1311, 1314, 1319, 1345, 1359, 1372, 1394, 1432, 1454, 1463, 1479, 1492]
999: [15, 20, 39, 67, 88, 123, 156, 189, 191, 199, 203, 231, 242, 243, 249, 302, 368, 384, 386, 390, 418, 429, 433, 441, 459, 486, 491, 510, 513, 525, 530, 535, 564, 597, 716, 760, 780, 790, 792, 800, 834, 840, 877, 923, 928, 977, 980, 998, 1000, 1007, 1024, 1039, 1047, 1048, 1061, 1077, 1083, 1102, 1130, 1150, 1153, 1166, 1167, 1192, 1254, 1262, 1272, 1289, 1339, 1360, 1392, 1400, 1404, 1415]
1000: [44, 58, 62, 68, 73, 84, 99, 120, 144, 147, 276, 281, 301, 361, 376, 420, 438, 445, 446, 474, 478, 491, 524, 540, 543, 557, 584, 620, 658, 688, 713, 716, 758, 763, 839, 853, 867, 872, 877, 878, 898, 909, 931, 989, 999, 1001, 1003, 1004, 1026, 1030, 1053, 1091, 1094, 1102, 1103, 1118, 1126, 1195, 1204, 1232, 1256, 1280, 1339, 1384, 1396, 1404, 1410, 1468, 1489, 1493, 1497, 1498]
1001: [56, 62, 111, 115, 118, 124, 128, 141, 143, 156, 177, 211, 229, 231, 242, 269, 281, 283, 358, 374, 416, 436, 437, 439, 467, 479, 495, 509, 545, 547, 574, 580, 581, 591, 618, 623, 627, 632, 657, 671, 680, 681, 693, 698, 712, 714, 740, 771, 775, 794, 815, 826, 830, 832, 841, 873, 916, 924, 956, 976, 1000, 1002, 1009, 1025, 1052, 1061, 1071, 1082, 1104, 1105, 1108, 1112, 1116, 1117, 1152, 1156, 1187, 1237, 1250, 1257, 1300, 1331, 1345, 1394, 1402, 1442, 1460, 1497]
1002: [20, 62, 82, 110, 115, 128, 144, 146, 150, 151, 160, 177, 188, 206, 251, 252, 253, 318, 324, 342, 349, 365, 373, 436, 454, 477, 497, 533, 547, 563, 582, 592, 663, 695, 699, 704, 708, 717, 740, 761, 802, 840, 845, 872, 898, 919, 991, 1001, 1003, 1017, 1032, 1047, 1063, 1070, 1085, 1093, 1094, 1097, 1116, 1119, 1125, 1159, 1219, 1233, 1254, 1257, 1288, 1306, 1362, 1371, 1377, 1379, 1433, 1451, 1456, 1466, 1468, 1491]
1003: [22, 24, 60, 80, 83, 112, 128, 144, 145, 211, 246, 249, 268, 283, 333, 337, 354, 355, 440, 443, 455, 465, 467, 485, 517, 566, 580, 592, 683, 763, 785, 791, 805, 825, 831, 873, 879, 887, 894, 922, 953, 967, 978, 1000, 1002, 1004, 1016, 1019, 1022, 1023, 1027, 1045, 1050, 1098, 1131, 1147, 1222, 1244, 1250, 1252, 1273, 1281, 1320, 1340, 1381, 1390, 1395, 1396, 1455, 1481]
1004: [20, 42, 54, 57, 67, 76, 89, 96, 114, 121, 131, 141, 163, 184, 203, 224, 225, 227, 228, 233, 245, 254, 294, 303, 310, 315, 329, 334, 390, 402, 414, 420, 448, 449, 471, 474, 475, 477, 484, 493, 535, 538, 540, 565, 573, 629, 635, 643, 686, 699, 707, 709, 749, 782, 785, 801, 883, 887, 942, 951, 954, 961, 992, 1000, 1003, 1005, 1008, 1031, 1041, 1078, 1119, 1134, 1157, 1171, 1183, 1193, 1259, 1274, 1297, 1315, 1448, 1454, 1483]
1005: [51, 60, 91, 98, 145, 147, 172, 175, 179, 245, 269, 273, 292, 300, 304, 316, 320, 340, 345, 357, 358, 389, 433, 455, 480, 519, 616, 634, 647, 651, 661, 695, 705, 708, 722, 726, 745, 752, 768, 798, 808, 842, 867, 875, 891, 908, 914, 958, 969, 978, 989, 990, 1004, 1006, 1008, 1049, 1052, 1084, 1087, 1100, 1126, 1188, 1228, 1249, 1260, 1269, 1318, 1333, 1343, 1344, 1381, 1402, 1431, 1443, 1447, 1449, 1465, 1470, 1492]
1006: [47, 54, 60, 67, 71, 89, 94, 99, 119, 140, 149, 183, 207, 229, 250, 264, 312, 364, 371, 376, 383, 387, 491, 513, 526, 539, 557, 572, 582, 601, 674, 692, 707, 714, 723, 728, 752, 763, 764, 774, 776, 790, 806, 820, 832, 837, 865, 866, 877, 884, 887, 907, 937, 950, 957, 967, 1005, 1007, 1011, 1030, 1038, 1058, 1086, 1144, 1151, 1164, 1171, 1176, 1206, 1207, 1217, 1241, 1243, 1283, 1286, 1297, 1344, 1365, 1386, 1402, 1404, 1444, 1450, 1453, 1498]
1007: [19, 51, 52, 56, 87, 91, 96, 109, 116, 117, 124, 132, 150, 156, 168, 180, 223, 231, 275, 279, 302, 317, 342, 377, 397, 444, 449, 470, 481, 503, 595, 686, 697, 709, 716, 744, 752, 797, 845, 851, 869, 870, 880, 888, 908, 910, 941, 948, 952, 999, 1006, 1008, 1051, 1080, 1095, 1134, 1164, 1166, 1207, 1215, 1232, 1281, 1293, 1309, 1313, 1314, 1318, 1422, 1438, 1491]
1008: [32, 46, 80, 82, 88, 98, 116, 152, 165, 197, 245, 284, 342, 352, 355, 359, 373, 387, 388, 415, 429, 465, 479, 520, 526, 560, 567, 574, 608, 618, 632, 690, 749, 756, 762, 771, 800, 817, 818, 836, 842, 891, 896, 906, 912, 934, 951, 958, 967, 973, 982, 1004, 1005, 1007, 1009, 1020, 1033, 1124, 1126, 1144, 1147, 1164, 1201, 1232, 1233, 1235, 1240, 1254, 1262, 1281, 1349, 1358, 1397, 1422, 1432]
1009: [32, 56, 162, 180, 187, 189, 208, 217, 224, 239, 241, 266, 268, 305, 309, 353, 364, 372, 382, 391, 424, 450, 501, 524, 534, 539, 557, 564, 624, 636, 638, 643, 647, 657, 729, 742, 744, 762, 774, 854, 860, 878, 924, 928, 962, 970, 985, 1001, 1008, 1010, 1011, 1026, 1031, 1056, 1064, 1082, 1092, 1112, 1143, 1149, 1174, 1227, 1253, 1254, 1273, 1358, 1442, 1464, 1477, 1479, 1497]
1010: [26, 30, 37, 44, 109, 124, 129, 152, 173, 185, 193, 198, 205, 220, 251, 269, 298, 319, 330, 345, 348, 364, 375, 395, 439, 444, 445, 455, 458, 471, 474, 484, 497, 545, 581, 582, 625, 629, 685, 687, 690, 698, 700, 748, 790, 791, 803, 824, 829, 839, 858, 859, 869, 895, 899, 902, 953, 973, 995, 1009, 1011, 1013, 1141, 1155, 1161, 1167, 1176, 1177, 1225, 1231, 1246, 1304, 1337, 1350, 1357, 1386, 1430, 1433, 1452]
1011: [39, 131, 185, 235, 237, 248, 256, 286, 292, 312, 321, 323, 330, 390, 450, 457, 469, 494, 536, 537, 539, 560, 591, 614, 618, 626, 634, 657, 679, 690, 731, 734, 772, 783, 791, 801, 810, 839, 849, 873, 875, 885, 894, 908, 920, 958, 962, 963, 965, 981, 1006, 1009, 1010, 1012, 1028, 1041, 1060, 1083, 1095, 1097, 1102, 1120, 1121, 1146, 1151, 1156, 1164, 1187, 1220, 1240, 1250, 1271, 1273, 1292, 1352, 1355, 1408, 1445, 1471, 1488]
1012: [45, 49, 98, 106, 119, 133, 136, 139, 171, 172, 174, 244, 254, 258, 259, 277, 281, 304, 309, 317, 380, 419, 437, 498, 522, 585, 607, 622, 624, 643, 671, 672, 688, 706, 709, 717, 784, 798, 799, 807, 846, 867, 941, 974, 1011, 1013, 1019, 1086, 1104, 1112, 1124, 1161, 1170, 1210, 1211, 1218, 1264, 1265, 1269, 1278, 1305, 1363, 1367, 1383, 1416, 1481, 1482]
1013: [25, 29, 35, 39, 40, 54, 55, 69, 128, 131, 135, 173, 185, 191, 195, 200, 248, 267, 295, 318, 320, 347, 349, 351, 479, 574, 594, 606, 609, 632, 666, 676, 690, 693, 701, 708, 712, 723, 765, 776, 793, 809, 813, 859, 883, 887, 903, 905, 920, 921, 932, 934, 935, 943, 988, 1010, 1012, 1014, 1018, 1027, 1030, 1031, 1073, 1074, 1080, 1082, 1118, 1131, 1136, 1171, 1174, 1185, 1214, 1224, 1225, 1242, 1249, 1270, 1277, 1283, 1319, 1357, 1392, 1395, 1396, 1404, 1433, 1439, 1488, 1498]
1014: [31, 37, 43, 64, 119, 136, 142, 163, 191, 210, 234, 235, 302, 317, 365, 367, 398, 400, 423, 447, 472, 477, 519, 572, 594, 641, 642, 653, 676, 708, 737, 750, 784, 788, 849, 868, 885, 931, 937, 963, 981, 1013, 1015, 1017, 1019, 1052, 1069, 1163, 1165, 1170, 1177, 1193, 1204, 1207, 1217, 1289, 1319, 1327, 1355, 1362, 1387, 1393, 1415, 1477, 1478]
1015: [29, 43, 111, 115, 147, 187, 198, 227, 229, 246, 252, 261, 263, 274, 278, 282, 285, 300, 345, 349, 371, 375, 382, 401, 407, 411, 435, 463, 513, 546, 567, 584, 596, 624, 637, 640, 684, 694, 727, 753, 761, 786, 791, 817, 859, 860, 929, 946, 962, 973, 981, 1014, 1016, 1026, 1041, 1106, 1108, 1167, 1250, 1274, 1400, 1481, 1482, 1494]
1016: [20, 40, 41, 51, 58, 64, 92, 99, 105, 109, 167, 175, 189, 207, 210, 214, 251, 300, 312, 333, 341, 350, 370, 436, 489, 514, 534, 549, 551, 553, 567, 569, 577, 578, 646, 690, 698, 724, 739, 754, 797, 808, 901, 903, 928, 942, 961, 988, 989, 1003, 1015, 1017, 1043, 1058, 1059, 1102, 1110, 1120, 1154, 1194, 1197, 1225, 1262, 1279, 1287, 1292, 1314, 1320, 1345, 1359, 1360, 1367, 1380, 1434, 1435, 1479]
1017: [15, 48, 125, 150, 163, 200, 220, 231, 232, 284, 328, 348, 360, 388, 411, 424, 432, 451, 467, 487, 493, 501, 550, 588, 589, 593, 614, 619, 633, 643, 686, 691, 703, 708, 745, 766, 792, 815, 825, 829, 840, 878, 900, 916, 946, 964, 976, 983, 992, 1002, 1014, 1016, 1018, 1086, 1130, 1133, 1157, 1206, 1207, 1219, 1276, 1291, 1319, 1340, 1383, 1387, 1423, 1435, 1460, 1462, 1466, 1476, 1495]
1018: [48, 130, 134, 240, 269, 279, 316, 374, 430, 434, 437, 446, 486, 502, 525, 565, 568, 580, 623, 635, 669, 681, 693, 742, 759, 761, 770, 779, 786, 821, 846, 884, 914, 967, 1013, 1017, 1019, 1027, 1047, 1048, 1061, 1069, 1115, 1127, 1152, 1176, 1210, 1239, 1275, 1277, 1278, 1286, 1299, 1405, 1419, 1437, 1465, 1487, 1495]
1019: [91, 95, 146, 156, 172, 174, 208, 221, 257, 261, 313, 383, 407, 428, 434, 464, 508, 515, 518, 552, 563, 574, 581, 596, 619, 629, 716, 749, 766, 778, 784, 793, 838, 846, 853, 889, 892, 895, 901, 918, 934, 953, 960, 990, 996, 1003, 1012, 1014, 1018, 1020, 1021, 1054, 1064, 1068, 1090, 1093, 1096, 1103, 1121, 1145, 1150, 1151, 1172, 1174, 1183, 1250, 1280, 1282, 1291, 1373, 1387, 1397, 1402, 1410, 1420, 1426, 1430]
1020: [26, 52, 66, 97, 109, 111, 114, 142, 148, 154, 166, 171, 173, 185, 220, 226, 235, 241, 282, 303, 305, 315, 407, 448, 451, 473, 501, 504, 518, 536, 540, 544, 565, 570, 593, 600, 606, 615, 626, 633, 694, 761, 765, 796, 816, 873, 883, 892, 953, 960, 990, 995, 1008, 1019, 1021, 1114, 1134, 1142, 1160, 1165, 1209, 1237, 1250, 1253, 1266, 1267, 1305, 1314, 1316, 1326, 1344, 1345, 1366, 1381, 1388, 1401, 1427, 1432, 1435, 1436, 1494]
1021: [18, 26, 47, 59, 108, 138, 167, 210, 213, 220, 273, 274, 276, 327, 331, 365, 377, 417, 422, 431, 464, 479, 488, 491, 496, 503, 541, 543, 553, 565, 611, 631, 639, 658, 659, 664, 690, 714, 756, 804, 824, 863, 894, 914, 930, 935, 936, 948, 952, 954, 972, 1019, 1020, 1022, 1028, 1052, 1081, 1105, 1108, 1156, 1158, 1167, 1179, 1185, 1201, 1248, 1271, 1305, 1321, 1328, 1358, 1409, 1436, 1449, 1456, 1457, 1475, 1480, 1492]
1022: [40, 45, 52, 71, 75, 79, 80, 91, 185, 195, 240, 257, 283, 292, 294, 308, 315, 358, 378, 429, 439, 447, 478, 539, 543, 547, 561, 578, 588, 601, 611, 642, 698, 702, 754, 877, 886, 923, 924, 943, 966, 985, 998, 1003, 1021, 1023, 1024, 1054, 1063, 1139, 1143, 1185, 1190, 1201, 1208, 1212, 1215, 1223, 1224, 1233, 1281, 1330, 1347, 1365, 1372, 1373, 1444]
1023: [48, 69, 71, 86, 204, 216, 233, 240, 256, 262, 337, 338, 351, 362, 375, 397, 414, 437, 445, 468, 494, 499, 503, 523, 525, 527, 528, 535, 547, 570, 636, 654, 665, 682, 730, 741, 758, 763, 769, 824, 845, 872, 876, 878, 881, 884, 906, 911, 918, 924, 926, 963, 985, 1003, 1022, 1024, 1025, 1038, 1085, 1094, 1107, 1109, 1195, 1216, 1228, 1247, 1250, 1251, 1254, 1282, 1335, 1355, 1407, 1432, 1469, 1480, 1498]
1024: [25, 27, 54, 55, 86, 114, 140, 145, 154, 169, 183, 218, 255, 263, 316, 317, 326, 364, 370, 406, 431, 456, 464, 467, 500, 515, 517, 545, 552, 567, 573, 623, 637, 657, 671, 681, 713, 716, 725, 726, 747, 750, 753, 786, 830, 834, 903, 912, 936, 944, 957, 986, 999, 1022, 1023, 1025, 1039, 1082, 1087, 1095, 1169, 1176, 1192, 1198, 1204, 1214, 1215, 1220, 1234, 1238, 1253, 1298, 1329, 1331, 1363, 1417, 1420, 1443, 1491]
1025: [19, 22, 28, 62, 63, 136, 149, 221, 228, 316, 345, 375, 382, 388, 412, 413, 439, 444, 448, 454, 480, 518, 567, 572, 576, 580, 617, 626, 627, 643, 679, 683, 684, 699, 776, 793, 847, 890, 902, 910, 929, 947, 956, 959, 971, 997, 1001, 1023, 1024, 1026, 1051, 1074, 1115, 1130, 1155, 1157, 1180, 1182, 1201, 1222, 1262, 1285, 1287, 1293, 1304, 1319, 1351, 1375, 1381, 1384, 1392, 1411, 1422, 1455, 1468, 1483, 1491]
1026: [45, 46, 58, 61, 70, 92, 99, 126, 129, 143, 168, 219, 238, 251, 306, 324, 342, 347, 348, 359, 360, 363, 429, 448, 534, 543, 545, 550, 571, 608, 613, 628, 641, 650, 674, 675, 681, 701, 805, 866, 912, 920, 939, 956, 980, 1000, 1009, 1015, 1025, 1027, 1029, 1071, 1072, 1087, 1088, 1113, 1152, 1164, 1180, 1191, 1193, 1266, 1283, 1288, 1291, 1293, 1343, 1361, 1371, 1406, 1446, 1499]
1027: [21, 32, 52, 55, 67, 87, 118, 127, 147, 200, 234, 241, 252, 262, 369, 377, 401, 405, 429, 434, 451, 476, 493, 553, 554, 616, 628, 634, 658, 667, 678, 700, 729, 774, 812, 816, 817, 823, 842, 848, 860, 874, 939, 977, 1003, 1013, 1018, 1026, 1028, 1046, 1062, 1075, 1083, 1085, 1124, 1198, 1233, 1248, 1264, 1279, 1280, 1285, 1294, 1297, 1302, 1304, 1326, 1342, 1390, 1398, 1404, 1438]
1028: [32, 44, 56, 57, 66, 85, 89, 100, 122, 123, 166, 203, 248, 274, 276, 281, 307, 308, 312, 321, 337, 341, 394, 398, 423, 429, 446, 467, 499, 516, 597, 599, 617, 629, 639, 640, 670, 693, 700, 734, 735, 737, 758, 763, 766, 780, 789, 805, 817, 823, 835, 858, 873, 899, 907, 938, 961, 979, 989, 1011, 1021, 1027, 1029, 1044, 1049, 1090, 1092, 1118, 1136, 1139, 1168, 1187, 1199, 1213, 1249, 1251, 1254, 1266, 1275, 1311, 1318, 1322, 1326, 1390, 1394, 1402, 1418, 1477]
1029: [18, 39, 61, 72, 122, 173, 187, 197, 199, 217, 218, 250, 253, 264, 266, 321, 333, 358, 393, 398, 424, 455, 480, 483, 520, 535, 585, 599, 606, 655, 658, 693, 708, 726, 789, 802, 846, 849, 856, 868, 886, 894, 901, 942, 966, 993, 1026, 1028, 1030, 1036, 1043, 1052, 1063, 1126, 1160, 1166, 1205, 1210, 1284, 1303, 1312, 1318, 1323, 1394, 1458, 1463, 1465]
1030: [117, 135, 148, 161, 165, 181, 184, 205, 209, 233, 244, 284, 305, 398, 411, 422, 423, 434, 438, 461, 494, 511, 519, 539, 567, 587, 591, 593, 597, 604, 627, 639, 656, 658, 660, 662, 664, 680, 701, 714, 736, 741, 770, 792, 800, 815, 816, 821, 853, 866, 884, 887, 890, 897, 956, 1000, 1006, 1013, 1029, 1031, 1036, 1043, 1059, 1060, 1076, 1115, 1118, 1129, 1130, 1138, 1151, 1155, 1164, 1171, 1178, 1222, 1235, 1337, 1363, 1378, 1388, 1406, 1418, 1457, 1478, 1487, 1490]
1031: [46, 69, 153, 176, 187, 201, 208, 231, 280, 287, 347, 355, 375, 388, 390, 392, 399, 402, 403, 426, 449, 450, 456, 461, 524, 527, 532, 545, 560, 569, 575, 662, 677, 682, 683, 719, 818, 827, 830, 831, 853, 861, 880, 914, 915, 965, 970, 975, 992, 996, 1004, 1009, 1013, 1030, 1032, 1048, 1049, 1095, 1107, 1110, 1143, 1144, 1177, 1185, 1201, 1222, 1224, 1304, 1336, 1351, 1384, 1387, 1403, 1434, 1440, 1452, 1454]
1032: [28, 35, 36, 41, 55, 77, 79, 85, 91, 119, 129, 140, 143, 157, 175, 222, 230, 251, 274, 281, 288, 291, 324, 387, 439, 466, 467, 506, 530, 571, 578, 605, 606, 626, 677, 683, 759, 769, 794, 803, 817, 843, 864, 881, 908, 929, 930, 952, 991, 1002, 1031, 1033, 1047, 1052, 1066, 1071, 1081, 1100, 1108, 1121, 1160, 1189, 1247, 1256, 1294, 1311, 1316, 1318, 1322, 1341, 1388, 1423, 1443]
1033: [57, 62, 93, 131, 162, 183, 203, 224, 246, 263, 277, 291, 311, 319, 321, 375, 390, 431, 436, 524, 542, 545, 548, 591, 623, 630, 636, 690, 756, 760, 762, 787, 805, 821, 827, 882, 892, 894, 901, 911, 954, 958, 968, 987, 990, 991, 1008, 1032, 1034, 1047, 1094, 1165, 1167, 1245, 1251, 1257, 1267, 1288, 1315, 1325, 1327, 1349, 1377, 1390, 1403, 1471, 1475]
1034: [14, 18, 28, 61, 66, 76, 80, 114, 123, 124, 138, 164, 176, 181, 186, 196, 210, 218, 228, 230, 276, 285, 335, 336, 340, 356, 363, 410, 475, 487, 491, 547, 550, 551, 569, 609, 653, 675, 693, 703, 712, 732, 740, 771, 781, 787, 799, 816, 819, 869, 874, 893, 895, 901, 920, 969, 977, 984, 1033, 1035, 1057, 1062, 1089, 1099, 1142, 1147, 1157, 1180, 1181, 1193, 1284, 1319, 1322, 1325, 1329, 1344, 1356, 1358, 1419, 1439, 1442, 1443, 1448, 1453, 1474, 1490, 1498]
1035: [23, 24, 26, 29, 40, 44, 55, 68, 163, 169, 187, 198, 209, 232, 240, 241, 250, 292, 298, 309, 334, 339, 356, 440, 447, 448, 474, 486, 507, 526, 529, 555, 577, 584, 637, 640, 642, 649, 670, 684, 685, 714, 753, 765, 781, 875, 886, 915, 968, 993, 1034, 1036, 1081, 1091, 1100, 1105, 1140, 1147, 1155, 1299, 1305, 1310, 1330, 1341, 1370, 1378, 1383, 1396, 1405, 1417, 1433, 1448, 1452, 1459]
1036: [25, 55, 58, 83, 84, 120, 126, 127, 129, 136, 178, 193, 212, 214, 238, 260, 284, 328, 335, 341, 344, 388, 411, 417, 448, 453, 471, 500, 565, 566, 584, 598, 609, 610, 636, 674, 691, 706, 727, 742, 757, 782, 826, 834, 844, 853, 860, 910, 919, 964, 983, 985, 1029, 1030, 1035, 1037, 1073, 1102, 1124, 1133, 1135, 1141, 1145, 1150, 1151, 1157, 1158, 1170, 1186, 1200, 1227, 1234, 1246, 1251, 1263, 1276, 1278, 1283, 1323, 1340, 1382, 1450, 1498]
1037: [39, 68, 94, 130, 154, 178, 231, 258, 298, 326, 341, 363, 372, 400, 412, 465, 494, 500, 550, 557, 612, 622, 628, 638, 677, 694, 698, 705, 757, 769, 791, 820, 830, 869, 874, 916, 931, 942, 960, 973, 997, 1036, 1038, 1047, 1048, 1088, 1118, 1137, 1143, 1173, 1188, 1216, 1226, 1268, 1300, 1305, 1320, 1328, 1336, 1347, 1358, 1361, 1373, 1415, 1433, 1447, 1459, 1479, 1484]
1038: [15, 23, 87, 88, 128, 139, 145, 153, 162, 186, 196, 203, 251, 276, 327, 340, 343, 352, 367, 401, 415, 473, 476, 580, 587, 603, 656, 662, 675, 723, 791, 810, 941, 945, 971, 981, 992, 1006, 1023, 1037, 1039, 1051, 1096, 1099, 1107, 1146, 1164, 1172, 1177, 1196, 1199, 1214, 1228, 1274, 1279, 1289, 1299, 1363, 1422, 1429, 1437, 1446, 1447, 1449, 1475, 1487]
1039: [14, 24, 43, 58, 78, 114, 115, 123, 161, 193, 208, 314, 341, 355, 385, 429, 431, 436, 480, 483, 522, 529, 536, 583, 596, 597, 614, 708, 750, 770, 776, 784, 798, 831, 890, 924, 931, 964, 971, 973, 977, 997, 999, 1024, 1038, 1040, 1060, 1066, 1069, 1079, 1114, 1152, 1177, 1178, 1226, 1245, 1300, 1338, 1346, 1359, 1360, 1363, 1404, 1436, 1449, 1465]
1040: [15, 28, 56, 67, 94, 130, 148, 175, 194, 236, 288, 291, 292, 300, 303, 314, 355, 359, 392, 421, 430, 465, 502, 512, 524, 548, 568, 572, 592, 621, 666, 673, 745, 754, 757, 758, 764, 771, 846, 876, 891, 933, 967, 979, 984, 985, 992, 1039, 1041, 1102, 1108, 1126, 1134, 1155, 1190, 1220, 1234, 1241, 1247, 1267, 1279, 1311, 1312, 1322, 1326, 1368, 1396, 1439, 1446, 1447, 1458]
1041: [16, 21, 33, 37, 47, 61, 94, 120, 122, 150, 164, 167, 169, 187, 198, 199, 202, 253, 274, 282, 298, 307, 331, 363, 375, 377, 439, 498, 550, 584, 600, 607, 626, 641, 648, 662, 683, 685, 703, 722, 725, 753, 765, 786, 838, 933, 940, 952, 973, 991, 1004, 1011, 1015, 1040, 1042, 1094, 1137, 1139, 1203, 1207, 1236, 1250, 1252, 1293, 1295, 1315, 1331, 1332, 1353, 1363, 1390, 1391, 1402, 1424, 1441, 1493]
1042: [71, 96, 118, 166, 171, 173, 184, 248, 251, 252, 302, 325, 333, 341, 342, 346, 351, 357, 363, 364, 385, 398, 399, 407, 418, 420, 426, 428, 438, 442, 443, 448, 455, 502, 508, 522, 535, 536, 565, 603, 618, 651, 654, 677, 691, 723, 737, 814, 839, 841, 899, 907, 909, 911, 919, 929, 934, 948, 957, 975, 1041, 1043, 1058, 1093, 1106, 1117, 1118, 1121, 1135, 1141, 1156, 1185, 1197, 1235, 1254, 1275, 1291, 1303, 1318, 1321, 1358, 1381, 1395, 1456, 1457, 1468, 1476, 1480, 1488, 1494]
1043: [37, 51, 53, 57, 81, 119, 182, 231, 234, 246, 261, 267, 279, 289, 295, 301, 323, 454, 456, 459, 468, 489, 498, 521, 535, 540, 554, 570, 586, 597, 622, 656, 663, 666, 719, 728, 737, 751, 757, 786, 800, 807, 817, 856, 868, 903, 912, 929, 951, 969, 1016, 1029, 1030, 1042, 1044, 1060, 1065, 1083, 1130, 1138, 1156, 1166, 1192, 1224, 1225, 1231, 1259, 1285, 1297, 1322, 1367, 1457]
1044: [36, 58, 72, 73, 82, 145, 172, 173, 180, 181, 244, 269, 276, 292, 346, 351, 433, 435, 443, 470, 471, 474, 493, 500, 505, 517, 530, 544, 547, 574, 577, 584, 602, 630, 693, 702, 751, 775, 777, 811, 822, 831, 855, 870, 877, 915, 921, 922, 963, 972, 974, 982, 990, 1028, 1043, 1045, 1073, 1110, 1131, 1138, 1169, 1180, 1192, 1201, 1218, 1219, 1240, 1255, 1285, 1296, 1331, 1386, 1404, 1407, 1434, 1443, 1466]
1045: [24, 31, 58, 66, 97, 119, 120, 138, 140, 143, 145, 203, 274, 285, 299, 302, 374, 399, 409, 418, 425, 450, 481, 485, 494, 558, 567, 579, 603, 638, 667, 670, 693, 700, 722, 726, 730, 794, 813, 839, 871, 906, 911, 961, 1003, 1044, 1046, 1091, 1096, 1097, 1099, 1100, 1121, 1178, 1226, 1261, 1274, 1287, 1314, 1331, 1399, 1400, 1405, 1475, 1479, 1494]
1046: [18, 56, 60, 61, 100, 103, 107, 137, 153, 159, 161, 163, 180, 181, 187, 194, 219, 258, 259, 268, 275, 332, 349, 370, 409, 410, 416, 450, 481, 551, 566, 594, 604, 606, 621, 622, 654, 673, 688, 704, 714, 734, 740, 774, 778, 810, 846, 853, 860, 867, 897, 993, 996, 1027, 1045, 1047, 1052, 1071, 1097, 1111, 1124, 1157, 1175, 1181, 1188, 1208, 1242, 1282, 1284, 1288, 1292, 1320, 1333, 1384, 1387, 1395, 1408, 1428, 1446, 1459, 1474, 1497]
1047: [29, 41, 65, 81, 120, 124, 175, 184, 186, 213, 218, 233, 234, 247, 261, 290, 406, 411, 453, 468, 513, 516, 566, 595, 608, 618, 692, 717, 719, 725, 746, 769, 793, 812, 826, 838, 849, 884, 897, 917, 959, 983, 984, 999, 1002, 1018, 1032, 1033, 1037, 1046, 1048, 1064, 1072, 1091, 1138, 1152, 1180, 1188, 1230, 1259, 1287, 1349, 1356, 1359, 1413, 1415, 1422, 1487]
1048: [20, 38, 89, 114, 117, 136, 149, 159, 180, 190, 201, 207, 210, 218, 236, 249, 257, 301, 322, 327, 328, 333, 346, 371, 372, 377, 384, 419, 423, 466, 481, 489, 495, 497, 502, 538, 563, 580, 588, 606, 608, 611, 621, 653, 663, 668, 687, 702, 730, 734, 762, 777, 790, 802, 822, 826, 894, 905, 938, 948, 980, 995, 999, 1018, 1031, 1037, 1047, 1049, 1055, 1126, 1132, 1133, 1143, 1148, 1159, 1201, 1220, 1231, 1276, 1296, 1331, 1343, 1378, 1393, 1409, 1436, 1439]
1049: [37, 77, 79, 130, 134, 151, 173, 187, 205, 207, 210, 224, 252, 273, 330, 345, 381, 386, 412, 427, 457, 465, 536, 537, 571, 593, 608, 611, 641, 654, 657, 678, 685, 693, 712, 731, 754, 807, 812, 822, 847, 1005, 1028, 1031, 1048, 1050, 1074, 1089, 1093, 1109, 1147, 1198, 1206, 1265, 1267, 1344, 1369, 1383, 1413, 1435, 1439, 1453, 1464, 1481]
1050: [28, 34, 74, 83, 129, 149, 160, 210, 236, 290, 320, 340, 360, 376, 421, 423, 438, 442, 456, 474, 485, 511, 512, 565, 572, 577, 583, 628, 652, 656, 693, 704, 772, 802, 807, 821, 824, 872, 886, 901, 943, 979, 991, 992, 1003, 1049, 1051, 1141, 1149, 1155, 1156, 1164, 1205, 1216, 1228, 1238, 1243, 1259, 1270, 1299, 1347, 1351, 1401, 1407, 1409, 1452, 1465, 1476]
1051: [25, 68, 73, 74, 78, 101, 107, 121, 126, 154, 157, 165, 205, 219, 259, 267, 302, 305, 318, 364, 375, 390, 396, 415, 461, 484, 496, 497, 547, 552, 559, 562, 563, 592, 596, 597, 660, 676, 684, 734, 740, 747, 803, 820, 833, 862, 864, 866, 878, 896, 905, 907, 911, 940, 964, 971, 1007, 1025, 1038, 1050, 1052, 1082, 1131, 1145, 1154, 1155, 1157, 1188, 1221, 1231, 1240, 1264, 1279, 1285, 1313, 1327, 1340, 1343, 1366, 1383, 1404, 1441, 1450, 1488, 1492]
1052: [54, 63, 70, 88, 118, 120, 143, 149, 216, 220, 256, 289, 319, 326, 384, 436, 476, 505, 507, 514, 515, 517, 523, 530, 587, 622, 644, 647, 676, 700, 703, 705, 710, 720, 743, 748, 783, 795, 804, 864, 894, 912, 918, 943, 968, 973, 991, 995, 1001, 1005, 1014, 1021, 1029, 1032, 1046, 1051, 1053, 1076, 1254, 1274, 1275, 1295, 1301, 1323, 1360, 1395, 1432, 1439, 1456, 1473, 1482, 1493]
1053: [55, 80, 110, 189, 200, 205, 216, 224, 225, 243, 245, 284, 315, 318, 322, 327, 349, 350, 360, 365, 379, 449, 459, 512, 520, 523, 533, 538, 539, 574, 596, 618, 636, 638, 648, 652, 667, 677, 705, 725, 739, 748, 763, 774, 806, 849, 880, 883, 939, 979, 983, 1000, 1052, 1054, 1074, 1094, 1106, 1109, 1208, 1214, 1223, 1228, 1254, 1262, 1265, 1301, 1303, 1312, 1363, 1367, 1386, 1398, 1400, 1402, 1406, 1430, 1431, 1453, 1471]
1054: [31, 83, 88, 132, 164, 184, 187, 198, 228, 240, 304, 324, 344, 352, 355, 386, 394, 401, 432, 462, 468, 479, 484, 507, 542, 547, 556, 603, 606, 613, 652, 663, 669, 741, 754, 767, 773, 781, 787, 822, 829, 832, 852, 893, 895, 937, 956, 994, 1019, 1022, 1053, 1055, 1069, 1082, 1088, 1107, 1110, 1138, 1177, 1179, 1180, 1186, 1198, 1223, 1251, 1253, 1270, 1279, 1309, 1320, 1367, 1376, 1379, 1411, 1414, 1420, 1428, 1445, 1454, 1476, 1493, 1497]
1055: [56, 74, 81, 87, 111, 133, 139, 170, 190, 193, 225, 240, 247, 251, 259, 280, 287, 300, 307, 333, 389, 399, 417, 455, 479, 493, 519, 570, 592, 601, 645, 652, 686, 714, 716, 737, 752, 767, 774, 779, 821, 835, 864, 865, 871, 877, 908, 921, 975, 1048, 1054, 1056, 1083, 1085, 1086, 1111, 1118, 1215, 1243, 1255, 1301, 1303, 1314, 1322, 1349, 1425, 1432, 1442, 1452, 1473]
1056: [30, 56, 118, 154, 242, 244, 246, 266, 270, 277, 281, 309, 354, 357, 381, 401, 406, 442, 455, 492, 502, 506, 514, 548, 584, 602, 630, 646, 650, 662, 679, 690, 704, 718, 732, 757, 776, 794, 823, 858, 889, 893, 1009, 1055, 1057, 1070, 1091, 1125, 1142, 1176, 1177, 1193, 1328, 1341, 1346, 1377, 1407, 1436, 1444, 1460, 1476, 1487, 1497]
1057: [17, 44, 96, 107, 109, 112, 167, 194, 206, 229, 236, 253, 260, 265, 267, 276, 294, 329, 351, 365, 405, 418, 425, 427, 472, 501, 515, 537, 538, 551, 566, 578, 586, 631, 695, 708, 756, 759, 794, 812, 860, 885, 899, 923, 944, 946, 954, 971, 976, 979, 984, 1034, 1056, 1058, 1085, 1091, 1102, 1117, 1160, 1175, 1214, 1237, 1242, 1244, 1245, 1251, 1258, 1269, 1273, 1292, 1295, 1297, 1299, 1308, 1328, 1348, 1360, 1406, 1413, 1417, 1420, 1425, 1447, 1451, 1463, 1479, 1488]
1058: [26, 40, 68, 85, 87, 113, 121, 147, 174, 181, 182, 183, 187, 197, 226, 244, 266, 286, 398, 424, 445, 476, 484, 495, 501, 592, 595, 628, 639, 641, 643, 644, 655, 664, 691, 696, 699, 706, 709, 725, 727, 729, 734, 794, 816, 859, 861, 862, 882, 909, 931, 937, 950, 954, 973, 987, 988, 1006, 1016, 1042, 1057, 1059, 1093, 1177, 1187, 1195, 1244, 1274, 1281, 1359, 1384, 1421]
1059: [14, 21, 30, 31, 41, 52, 147, 161, 177, 186, 201, 203, 211, 259, 273, 306, 309, 326, 332, 381, 382, 407, 430, 451, 464, 514, 519, 549, 582, 640, 665, 671, 698, 711, 723, 740, 741, 758, 810, 832, 838, 859, 862, 874, 886, 897, 916, 930, 942, 957, 1016, 1030, 1058, 1060, 1099, 1106, 1134, 1157, 1174, 1203, 1221, 1223, 1251, 1280, 1288, 1290, 1320, 1372, 1405, 1421, 1438, 1456, 1464, 1479, 1486]
1060: [17, 33, 64, 65, 70, 76, 81, 159, 177, 191, 204, 219, 251, 262, 356, 368, 390, 407, 447, 460, 514, 530, 637, 643, 662, 676, 708, 724, 827, 852, 853, 863, 867, 879, 885, 919, 962, 982, 997, 1011, 1030, 1039, 1043, 1059, 1061, 1099, 1111, 1134, 1136, 1167, 1180, 1187, 1211, 1214, 1261, 1266, 1285, 1300, 1314, 1330, 1340, 1360, 1488]
1061: [20, 62, 79, 94, 101, 115, 118, 124, 178, 183, 190, 196, 206, 229, 260, 262, 283, 327, 343, 348, 350, 352, 371, 380, 387, 421, 435, 443, 454, 460, 469, 472, 481, 501, 515, 518, 553, 592, 607, 610, 625, 632, 648, 686, 695, 781, 830, 835, 848, 869, 878, 882, 883, 889, 913, 916, 971, 976, 999, 1001, 1018, 1060, 1062, 1082, 1103, 1119, 1148, 1205, 1211, 1236, 1321, 1359, 1442, 1453, 1473, 1475, 1494]
1062: [31, 45, 63, 93, 99, 117, 120, 123, 125, 142, 163, 168, 173, 195, 199, 200, 205, 246, 265, 288, 306, 336, 376, 388, 410, 458, 480, 487, 488, 499, 517, 535, 564, 652, 658, 661, 664, 666, 700, 717, 731, 742, 769, 800, 812, 816, 858, 870, 885, 888, 895, 904, 912, 1027, 1034, 1061, 1063, 1089, 1105, 1126, 1153, 1174, 1186, 1204, 1222, 1230, 1250, 1252, 1281, 1406, 1416, 1424, 1429, 1431, 1443, 1445, 1463, 1468, 1483, 1485]
1063: [72, 86, 99, 173, 199, 212, 224, 226, 232, 274, 340, 349, 411, 417, 420, 422, 431, 469, 480, 491, 504, 529, 537, 547, 577, 599, 610, 694, 701, 719, 729, 744, 749, 776, 801, 843, 852, 871, 882, 921, 925, 971, 987, 1002, 1022, 1029, 1062, 1064, 1102, 1113, 1150, 1181, 1198, 1239, 1240, 1241, 1243, 1264, 1462, 1466, 1487, 1493]
1064: [31, 49, 51, 55, 83, 109, 116, 140, 142, 148, 169, 181, 243, 262, 264, 267, 286, 353, 362, 375, 385, 412, 417, 443, 458, 468, 471, 489, 504, 506, 562, 564, 568, 571, 626, 630, 636, 657, 663, 681, 697, 712, 716, 718, 719, 736, 738, 749, 754, 759, 800, 805, 824, 835, 849, 850, 851, 860, 901, 959, 975, 986, 1009, 1019, 1047, 1063, 1065, 1085, 1137, 1215, 1263, 1315, 1319, 1340, 1367, 1405, 1422, 1464]
1065: [15, 19, 35, 64, 66, 72, 83, 124, 130, 135, 162, 184, 238, 256, 263, 276, 278, 299, 341, 399, 456, 471, 479, 488, 511, 514, 532, 542, 552, 569, 570, 581, 654, 658, 695, 704, 707, 720, 721, 753, 754, 768, 769, 770, 809, 815, 851, 861, 875, 887, 892, 893, 894, 905, 909, 932, 957, 1043, 1064, 1066, 1072, 1164, 1204, 1225, 1231, 1245, 1257, 1268, 1281, 1306, 1345, 1346, 1347, 1348, 1360, 1362, 1369, 1434, 1445, 1465, 1476, 1477]
1066: [141, 147, 193, 231, 232, 247, 254, 318, 324, 352, 357, 367, 451, 455, 474, 493, 521, 523, 526, 558, 570, 581, 589, 604, 619, 639, 664, 724, 729, 774, 776, 808, 827, 853, 861, 896, 899, 912, 953, 989, 993, 1032, 1039, 1065, 1067, 1098, 1120, 1143, 1147, 1223, 1257, 1271, 1275, 1331, 1352, 1376, 1388, 1389, 1404, 1418, 1429, 1430, 1438, 1441, 1461, 1463, 1482, 1484, 1488]
1067: [31, 39, 79, 89, 168, 187, 218, 229, 240, 275, 298, 307, 310, 313, 339, 349, 368, 375, 412, 433, 441, 466, 501, 507, 521, 530, 564, 592, 613, 668, 680, 690, 714, 797, 818, 839, 877, 885, 908, 980, 995, 1066, 1068, 1092, 1120, 1130, 1131, 1176, 1196, 1198, 1231, 1250, 1262, 1325, 1360, 1362, 1384, 1413, 1467, 1490]
1068: [28, 35, 57, 99, 153, 159, 167, 186, 221, 275, 293, 315, 340, 365, 369, 370, 374, 396, 399, 416, 452, 453, 458, 475, 478, 484, 488, 525, 549, 564, 573, 584, 592, 609, 610, 618, 619, 632, 670, 688, 721, 733, 794, 800, 807, 815, 849, 878, 885, 908, 909, 910, 914, 917, 941, 968, 975, 1019, 1067, 1069, 1072, 1123, 1139, 1152, 1199, 1204, 1257, 1280, 1357, 1358, 1370, 1373, 1377, 1380, 1402, 1432, 1434, 1447, 1456, 1484, 1489]
1069: [30, 32, 59, 84, 87, 99, 102, 109, 113, 121, 152, 163, 193, 244, 254, 279, 291, 292, 296, 325, 336, 343, 346, 349, 355, 362, 388, 394, 404, 417, 418, 432, 457, 512, 522, 572, 579, 594, 605, 618, 633, 637, 654, 662, 694, 713, 730, 733, 744, 815, 861, 872, 895, 931, 968, 1014, 1018, 1039, 1054, 1068, 1070, 1086, 1097, 1106, 1107, 1126, 1135, 1167, 1178, 1201, 1211, 1295, 1304, 1306, 1389, 1411, 1449, 1473, 1481, 1486]
1070: [17, 23, 34, 37, 50, 101, 119, 124, 140, 154, 162, 165, 167, 184, 187, 189, 190, 193, 195, 212, 241, 278, 297, 300, 301, 317, 320, 325, 329, 360, 380, 392, 429, 430, 449, 458, 482, 504, 522, 527, 575, 578, 584, 609, 615, 622, 626, 652, 673, 682, 694, 733, 740, 760, 770, 810, 821, 837, 892, 918, 938, 995, 1002, 1056, 1069, 1071, 1088, 1131, 1135, 1148, 1191, 1271, 1298, 1303, 1310, 1324, 1351, 1407, 1416, 1438, 1485, 1499]
1071: [47, 61, 72, 77, 95, 103, 118, 152, 158, 169, 175, 180, 239, 257, 304, 328, 342, 388, 423, 424, 426, 470, 472, 496, 499, 501, 506, 603, 607, 653, 655, 673, 685, 692, 722, 724, 742, 766, 770, 784, 786, 790, 828, 837, 860, 864, 896, 915, 918, 936, 937, 986, 989, 1001, 1026, 1032, 1046, 1070, 1072, 1112, 1132, 1167, 1217, 1230, 1262, 1289, 1294, 1297, 1298, 1303, 1357, 1360, 1377, 1412, 1431, 1432, 1492]
1072: [22, 25, 32, 63, 87, 104, 114, 148, 149, 166, 174, 191, 192, 337, 373, 374, 387, 389, 393, 397, 403, 414, 420, 421, 427, 428, 432, 449, 483, 490, 535, 540, 552, 599, 635, 642, 673, 718, 729, 745, 751, 758, 763, 781, 802, 823, 824, 825, 867, 921, 949, 981, 1026, 1047, 1065, 1068, 1071, 1073, 1096, 1113, 1155, 1180, 1188, 1217, 1238, 1307, 1315, 1330, 1358, 1371, 1372, 1381, 1394, 1443, 1458, 1466]
1073: [28, 31, 54, 108, 149, 151, 159, 205, 223, 250, 254, 258, 265, 267, 274, 294, 387, 393, 419, 450, 481, 500, 568, 582, 587, 596, 626, 652, 684, 689, 694, 719, 743, 751, 756, 773, 779, 795, 798, 855, 860, 875, 889, 896, 917, 932, 950, 984, 1013, 1036, 1044, 1072, 1074, 1079, 1085, 1089, 1098, 1222, 1227, 1230, 1245, 1252, 1253, 1258, 1261, 1268, 1313, 1333, 1349, 1364, 1394, 1401, 1456, 1460, 1491]
1074: [37, 78, 84, 130, 144, 151, 172, 175, 185, 195, 212, 223, 232, 240, 277, 296, 311, 339, 347, 355, 379, 381, 383, 407, 474, 477, 502, 555, 564, 615, 662, 677, 764, 770, 776, 780, 804, 874, 895, 984, 989, 995, 1013, 1025, 1049, 1053, 1073, 1075, 1083, 1092, 1099, 1142, 1143, 1153, 1164, 1194, 1198, 1220, 1231, 1266, 1300, 1318, 1356, 1361, 1366, 1468, 1473, 1492, 1499]
1075: [35, 78, 182, 196, 205, 230, 258, 273, 276, 287, 290, 322, 348, 363, 370, 375, 377, 396, 452, 473, 482, 494, 565, 581, 597, 626, 677, 766, 770, 809, 841, 855, 868, 872, 879, 916, 927, 931, 1027, 1074, 1076, 1083, 1089, 1100, 1111, 1114, 1122, 1129, 1140, 1147, 1148, 1151, 1157, 1163, 1179, 1198, 1218, 1238, 1252, 1373, 1393, 1405, 1433, 1442, 1450, 1456, 1457, 1467, 1468, 1480, 1481, 1496]
1076: [17, 30, 47, 67, 78, 85, 94, 123, 179, 204, 206, 257, 285, 307, 331, 334, 376, 383, 410, 420, 426, 451, 508, 520, 523, 541, 559, 589, 603, 620, 632, 633, 641, 646, 671, 689, 711, 779, 814, 849, 874, 897, 916, 947, 965, 1030, 1052, 1075, 1077, 1117, 1128, 1134, 1141, 1163, 1181, 1232, 1254, 1319, 1338, 1363, 1388, 1421, 1489, 1490]
1077: [17, 27, 43, 44, 46, 110, 120, 121, 125, 131, 136, 152, 154, 187, 222, 239, 273, 276, 320, 326, 331, 342, 358, 380, 391, 426, 445, 451, 478, 489, 511, 521, 590, 607, 613, 637, 663, 687, 690, 704, 730, 732, 733, 736, 752, 762, 773, 803, 827, 843, 863, 865, 867, 891, 908, 944, 968, 978, 979, 999, 1076, 1078, 1103, 1109, 1127, 1159, 1175, 1176, 1187, 1226, 1234, 1263, 1276, 1291, 1353, 1364, 1426, 1436, 1465, 1484]
1078: [19, 32, 62, 74, 99, 113, 116, 141, 160, 163, 165, 168, 182, 202, 221, 227, 231, 234, 243, 246, 382, 387, 392, 398, 411, 429, 432, 442, 452, 468, 477, 522, 581, 598, 616, 640, 653, 656, 671, 678, 683, 742, 751, 781, 801, 802, 853, 907, 926, 1004, 1077, 1079, 1107, 1115, 1119, 1153, 1201, 1259, 1279, 1285, 1323, 1330, 1335, 1342, 1361, 1371, 1423, 1459, 1463, 1464, 1474, 1486, 1496, 1497]
1079: [20, 28, 40, 57, 64, 94, 125, 129, 138, 169, 189, 195, 199, 224, 231, 232, 274, 329, 373, 388, 440, 452, 477, 488, 506, 527, 583, 585, 586, 592, 638, 654, 657, 663, 677, 680, 681, 691, 705, 709, 720, 736, 815, 841, 872, 901, 925, 927, 942, 944, 982, 1039, 1073, 1078, 1080, 1082, 1093, 1137, 1144, 1149, 1153, 1174, 1188, 1216, 1234, 1244, 1254, 1280, 1310, 1311, 1371, 1386, 1391, 1450, 1460, 1474, 1475, 1494]
1080: [37, 50, 51, 54, 86, 112, 124, 150, 179, 192, 198, 201, 226, 228, 240, 246, 256, 277, 279, 286, 300, 329, 337, 338, 348, 380, 407, 427, 436, 444, 472, 482, 491, 517, 566, 568, 579, 599, 615, 639, 642, 656, 700, 751, 767, 785, 794, 853, 919, 957, 1007, 1013, 1079, 1081, 1097, 1114, 1120, 1147, 1166, 1182, 1194, 1202, 1208, 1225, 1231, 1245, 1263, 1307, 1322, 1426, 1433]
1081: [58, 91, 92, 115, 117, 157, 199, 206, 208, 239, 257, 267, 299, 309, 316, 319, 346, 350, 357, 364, 368, 369, 384, 410, 451, 465, 486, 492, 543, 546, 577, 587, 603, 608, 635, 669, 694, 703, 707, 710, 744, 773, 792, 794, 805, 808, 811, 820, 871, 906, 929, 939, 955, 960, 1021, 1032, 1035, 1080, 1082, 1131, 1145, 1157, 1180, 1189, 1202, 1207, 1215, 1217, 1222, 1281, 1301, 1328, 1368, 1412, 1425, 1431, 1445, 1460, 1477, 1486]
1082: [29, 52, 55, 84, 107, 110, 207, 255, 261, 365, 370, 378, 394, 405, 459, 463, 469, 478, 486, 507, 524, 545, 555, 561, 605, 654, 695, 713, 735, 792, 793, 794, 812, 848, 859, 869, 886, 916, 923, 959, 969, 1001, 1009, 1013, 1024, 1051, 1054, 1061, 1079, 1081, 1083, 1110, 1129, 1138, 1157, 1162, 1176, 1181, 1237, 1245, 1249, 1308, 1331, 1350, 1360, 1372, 1392, 1399, 1413, 1462, 1479]
1083: [14, 51, 58, 132, 202, 203, 227, 231, 267, 279, 300, 325, 328, 339, 378, 395, 403, 405, 424, 429, 430, 458, 471, 496, 501, 516, 601, 615, 624, 637, 691, 695, 696, 709, 727, 738, 760, 777, 782, 824, 872, 888, 986, 999, 1011, 1027, 1043, 1055, 1074, 1075, 1082, 1084, 1089, 1099, 1118, 1122, 1211, 1230, 1234, 1244, 1268, 1271, 1277, 1287, 1301, 1303, 1331, 1335, 1344, 1390, 1391, 1455, 1458, 1490]
1084: [51, 85, 108, 114, 167, 189, 215, 242, 246, 268, 300, 321, 346, 354, 386, 500, 508, 509, 530, 533, 547, 562, 564, 578, 580, 596, 597, 607, 615, 627, 667, 689, 702, 711, 755, 779, 786, 787, 791, 815, 847, 867, 871, 886, 911, 936, 994, 995, 1005, 1083, 1085, 1087, 1091, 1102, 1108, 1128, 1143, 1156, 1168, 1184, 1197, 1297, 1307, 1338, 1347, 1368, 1391, 1393, 1434, 1445]
1085: [18, 41, 95, 118, 130, 132, 147, 175, 185, 187, 200, 223, 272, 345, 346, 396, 438, 465, 502, 535, 586, 592, 597, 616, 620, 621, 634, 658, 683, 685, 707, 709, 737, 755, 759, 776, 864, 865, 870, 872, 887, 902, 932, 958, 968, 998, 1002, 1023, 1027, 1055, 1057, 1064, 1073, 1084, 1086, 1123, 1135, 1222, 1251, 1319, 1320, 1338, 1344, 1348, 1368, 1397, 1416, 1442, 1444, 1479, 1492]
1086: [43, 46, 122, 135, 136, 162, 187, 198, 203, 243, 248, 258, 276, 310, 333, 334, 356, 390, 391, 399, 406, 428, 429, 435, 449, 460, 479, 480, 492, 497, 500, 540, 553, 558, 571, 593, 605, 608, 632, 642, 662, 670, 689, 699, 706, 708, 768, 790, 798, 818, 832, 833, 849, 869, 924, 933, 935, 965, 967, 980, 983, 1006, 1012, 1017, 1055, 1069, 1085, 1087, 1102, 1139, 1197, 1227, 1236, 1246, 1275, 1287, 1326, 1330, 1333, 1344, 1346, 1352, 1381, 1412, 1466, 1480, 1486]
1087: [35, 71, 72, 103, 147, 159, 182, 183, 188, 202, 222, 248, 273, 309, 311, 332, 337, 350, 354, 362, 365, 401, 418, 422, 438, 441, 447, 500, 525, 539, 541, 544, 566, 580, 581, 605, 612, 615, 633, 666, 674, 685, 692, 698, 718, 745, 750, 786, 791, 824, 866, 871, 920, 923, 935, 937, 938, 950, 980, 982, 989, 1005, 1024, 1026, 1084, 1086, 1088, 1090, 1092, 1094, 1119, 1152, 1163, 1227, 1232, 1265, 1333, 1350, 1433, 1450, 1453, 1465, 1467, 1487]
1088: [56, 65, 76, 104, 130, 159, 164, 166, 181, 184, 196, 225, 272, 276, 322, 365, 366, 372, 374, 377, 379, 381, 407, 418, 424, 439, 482, 493, 511, 540, 579, 655, 659, 662, 663, 673, 687, 707, 777, 793, 794, 795, 802, 820, 843, 847, 868, 872, 878, 891, 903, 906, 917, 933, 1026, 1037, 1054, 1070, 1087, 1089, 1162, 1169, 1184, 1201, 1240, 1282, 1295, 1301, 1302, 1304, 1329, 1332, 1333, 1378, 1434, 1460, 1477]
1089: [16, 32, 44, 48, 52, 59, 120, 127, 138, 139, 198, 204, 229, 236, 312, 313, 365, 391, 420, 444, 475, 484, 521, 552, 572, 586, 649, 693, 694, 708, 709, 741, 748, 766, 792, 820, 867, 872, 879, 888, 898, 908, 943, 1034, 1049, 1062, 1073, 1075, 1083, 1088, 1090, 1102, 1109, 1115, 1120, 1166, 1178, 1225, 1227, 1244, 1256, 1283, 1304, 1312, 1319, 1322, 1336, 1349, 1389, 1390, 1427, 1438, 1473, 1474]
1090: [17, 123, 131, 140, 143, 148, 159, 190, 200, 215, 231, 255, 259, 267, 278, 308, 362, 435, 468, 487, 552, 561, 572, 578, 614, 630, 681, 744, 799, 807, 810, 831, 878, 881, 899, 903, 943, 953, 973, 980, 992, 993, 1019, 1028, 1087, 1089, 1091, 1115, 1119, 1132, 1138, 1139, 1163, 1226, 1233, 1288, 1294, 1295, 1305, 1324, 1341, 1369, 1371, 1380, 1385, 1413, 1419, 1421, 1479, 1494]
1091: [43, 56, 94, 108, 112, 158, 185, 258, 260, 267, 283, 284, 287, 290, 301, 326, 368, 391, 442, 458, 490, 544, 569, 584, 590, 616, 634, 645, 649, 700, 772, 780, 812, 826, 830, 834, 837, 844, 859, 878, 901, 913, 917, 929, 954, 966, 984, 1000, 1035, 1045, 1047, 1056, 1057, 1084, 1090, 1092, 1102, 1118, 1129, 1132, 1142, 1219, 1235, 1249, 1257, 1265, 1269, 1287, 1288, 1326, 1400, 1415, 1428, 1432, 1434, 1476, 1489]
1092: [49, 50, 111, 125, 150, 190, 200, 214, 217, 224, 257, 266, 297, 313, 316, 349, 351, 432, 478, 508, 517, 544, 545, 551, 559, 592, 625, 686, 741, 827, 847, 888, 905, 923, 946, 969, 975, 977, 980, 998, 1009, 1028, 1067, 1074, 1087, 1091, 1093, 1111, 1125, 1140, 1153, 1155, 1176, 1196, 1250, 1262, 1265, 1268, 1349, 1352, 1355, 1363, 1366, 1367, 1387, 1420, 1437, 1453, 1476, 1481]
1093: [48, 103, 156, 157, 185, 229, 235, 279, 297, 300, 308, 310, 367, 422, 484, 487, 504, 505, 512, 531, 601, 618, 652, 655, 667, 689, 727, 734, 763, 768, 785, 806, 844, 854, 889, 893, 905, 912, 917, 978, 1002, 1019, 1042, 1049, 1058, 1079, 1092, 1094, 1107, 1158, 1209, 1245, 1257, 1343, 1367, 1382, 1435, 1448, 1480]
1094: [48, 50, 51, 60, 78, 93, 121, 122, 201, 213, 248, 262, 267, 281, 336, 344, 364, 384, 402, 468, 498, 503, 515, 524, 534, 536, 548, 552, 593, 605, 606, 628, 633, 637, 648, 651, 664, 684, 712, 735, 756, 771, 785, 793, 803, 832, 842, 892, 894, 897, 902, 913, 926, 947, 978, 1000, 1002, 1023, 1033, 1041, 1053, 1087, 1093, 1095, 1109, 1116, 1133, 1134, 1147, 1166, 1170, 1184, 1187, 1196, 1200, 1216, 1225, 1230, 1238, 1268, 1308, 1348, 1414, 1463, 1471]
1095: [60, 81, 103, 104, 105, 120, 134, 141, 168, 173, 180, 190, 219, 258, 261, 266, 272, 312, 313, 341, 369, 388, 403, 425, 427, 431, 438, 482, 524, 531, 539, 593, 675, 677, 678, 689, 724, 725, 745, 770, 787, 793, 802, 816, 836, 844, 865, 899, 934, 981, 1007, 1011, 1024, 1031, 1094, 1096, 1099, 1112, 1180, 1185, 1194, 1197, 1213, 1259, 1274, 1310, 1313, 1370, 1388, 1415, 1436, 1447, 1454, 1476, 1478]
1096: [61, 67, 73, 100, 108, 110, 137, 234, 242, 260, 270, 306, 309, 349, 357, 361, 390, 399, 405, 426, 430, 471, 555, 576, 577, 605, 617, 642, 656, 674, 709, 813, 817, 822, 835, 873, 880, 899, 910, 919, 934, 941, 946, 953, 984, 986, 987, 1019, 1038, 1045, 1072, 1095, 1097, 1103, 1137, 1140, 1144, 1148, 1183, 1228, 1245, 1258, 1260, 1271, 1288, 1300, 1317, 1356, 1361, 1372, 1396, 1399, 1445, 1463, 1491, 1492]
1097: [79, 113, 148, 182, 202, 213, 214, 279, 296, 319, 335, 354, 368, 425, 436, 468, 474, 509, 594, 635, 648, 658, 673, 717, 721, 728, 734, 743, 756, 784, 803, 806, 826, 831, 868, 871, 883, 899, 909, 912, 921, 927, 946, 978, 980, 997, 1002, 1011, 1045, 1046, 1069, 1080, 1096, 1098, 1101, 1128, 1136, 1159, 1184, 1227, 1236, 1313, 1328, 1385, 1386, 1404, 1410, 1428, 1445, 1447, 1452, 1468]
1098: [17, 54, 72, 130, 144, 168, 180, 186, 187, 209, 217, 230, 259, 274, 312, 313, 346, 349, 351, 354, 355, 375, 398, 399, 415, 425, 430, 437, 443, 479, 482, 484, 543, 552, 578, 583, 612, 613, 615, 658, 679, 704, 717, 741, 746, 753, 774, 826, 835, 872, 897, 903, 904, 932, 961, 1003, 1066, 1073, 1097, 1099, 1116, 1118, 1130, 1204, 1219, 1259, 1284, 1300, 1311, 1315, 1342, 1432, 1439]
1099: [88, 104, 123, 131, 147, 192, 259, 280, 283, 294, 323, 378, 387, 402, 447, 449, 463, 484, 487, 510, 512, 545, 561, 598, 599, 613, 624, 637, 685, 701, 718, 727, 779, 789, 801, 811, 847, 848, 925, 931, 954, 971, 1034, 1038, 1045, 1059, 1060, 1074, 1083, 1095, 1098, 1100, 1115, 1128, 1170, 1184, 1186, 1200, 1210, 1221, 1280, 1298, 1349, 1350, 1362, 1408, 1467, 1480]
1100: [104, 105, 115, 124, 165, 184, 192, 194, 208, 241, 291, 315, 318, 367, 463, 482, 505, 510, 520, 553, 559, 588, 601, 636, 673, 689, 691, 719, 729, 732, 735, 787, 806, 817, 863, 882, 883, 900, 947, 955, 1005, 1032, 1035, 1045, 1075, 1099, 1101, 1106, 1124, 1135, 1176, 1191, 1211, 1268, 1299, 1312, 1316, 1338, 1349, 1371, 1384, 1424, 1427, 1437, 1439, 1451, 1494]
1101: [19, 20, 23, 27, 33, 47, 58, 66, 76, 81, 89, 140, 153, 155, 176, 196, 201, 266, 270, 333, 339, 349, 360, 384, 419, 476, 509, 514, 597, 615, 623, 627, 654, 669, 687, 697, 705, 715, 784, 787, 790, 806, 811, 813, 830, 866, 888, 898, 956, 982, 1097, 1100, 1102, 1132, 1138, 1159, 1167, 1188, 1201, 1206, 1228, 1236, 1301, 1308, 1376, 1382, 1429, 1433, 1444, 1456]
1102: [22, 30, 48, 58, 70, 86, 93, 94, 106, 136, 144, 164, 165, 194, 211, 233, 242, 262, 269, 273, 282, 296, 332, 345, 358, 422, 451, 488, 548, 551, 554, 617, 626, 627, 651, 770, 787, 811, 831, 835, 845, 853, 862, 935, 936, 937, 954, 980, 999, 1000, 1011, 1016, 1036, 1040, 1057, 1063, 1084, 1086, 1089, 1091, 1101, 1103, 1108, 1110, 1164, 1178, 1263, 1299, 1314, 1359, 1363, 1366, 1378, 1418, 1472]
1103: [14, 16, 98, 108, 113, 130, 170, 182, 192, 220, 242, 255, 259, 272, 287, 290, 305, 344, 346, 365, 367, 369, 416, 427, 450, 469, 527, 531, 538, 553, 633, 635, 646, 652, 669, 673, 676, 692, 696, 699, 738, 745, 752, 755, 785, 786, 803, 823, 824, 860, 877, 941, 946, 965, 969, 1000, 1019, 1061, 1077, 1096, 1102, 1104, 1114, 1118, 1134, 1157, 1214, 1231, 1233, 1239, 1240, 1263, 1279, 1299, 1324, 1354, 1356, 1375, 1376, 1381, 1433, 1441, 1489, 1493]
1104: [24, 42, 44, 51, 60, 65, 74, 93, 97, 133, 142, 182, 196, 228, 233, 244, 281, 317, 318, 330, 390, 417, 422, 448, 452, 463, 477, 505, 507, 522, 524, 526, 537, 541, 543, 551, 552, 613, 670, 678, 692, 696, 698, 744, 776, 788, 790, 808, 883, 889, 940, 957, 962, 1001, 1012, 1103, 1105, 1110, 1118, 1134, 1201, 1206, 1228, 1250, 1261, 1369, 1383, 1395, 1412, 1435, 1449]
1105: [18, 22, 33, 36, 50, 65, 81, 86, 96, 118, 121, 153, 159, 195, 211, 251, 282, 283, 309, 316, 329, 350, 362, 380, 390, 423, 429, 433, 465, 529, 531, 554, 555, 556, 559, 581, 598, 599, 606, 633, 657, 672, 673, 676, 691, 731, 744, 761, 768, 796, 797, 801, 856, 866, 868, 885, 887, 892, 944, 974, 980, 987, 1001, 1021, 1035, 1062, 1104, 1106, 1123, 1152, 1168, 1182, 1184, 1204, 1237, 1291, 1328, 1339, 1342, 1354, 1357, 1381, 1397, 1401, 1413, 1442, 1454, 1456, 1479, 1489, 1496, 1497]
1106: [39, 41, 112, 115, 119, 124, 146, 150, 168, 195, 237, 238, 255, 256, 259, 277, 297, 302, 307, 347, 369, 417, 433, 453, 458, 462, 465, 471, 480, 484, 506, 560, 596, 648, 674, 725, 741, 749, 778, 824, 828, 832, 886, 917, 939, 976, 989, 993, 998, 1015, 1042, 1053, 1059, 1069, 1100, 1105, 1107, 1130, 1161, 1179, 1180, 1187, 1216, 1224, 1225, 1263, 1274, 1284, 1303, 1333, 1395, 1397, 1400, 1411, 1413, 1424, 1449, 1479]
1107: [38, 44, 55, 86, 181, 183, 187, 218, 252, 322, 337, 339, 393, 403, 431, 443, 528, 559, 576, 619, 621, 638, 641, 664, 666, 693, 701, 712, 759, 763, 785, 787, 820, 826, 829, 830, 834, 856, 887, 916, 947, 959, 986, 1023, 1031, 1038, 1054, 1069, 1078, 1093, 1106, 1108, 1115, 1132, 1139, 1148, 1170, 1202, 1221, 1247, 1255, 1307, 1334, 1342, 1370, 1409, 1417, 1426, 1434, 1437, 1444, 1491]
1108: [17, 23, 52, 79, 93, 102, 111, 130, 142, 144, 150, 187, 189, 205, 250, 265, 270, 307, 311, 340, 352, 355, 375, 432, 474, 503, 526, 533, 541, 553, 576, 601, 604, 621, 624, 638, 650, 660, 675, 765, 767, 784, 796, 804, 819, 831, 853, 868, 881, 888, 918, 971, 995, 1001, 1015, 1021, 1032, 1040, 1084, 1102, 1107, 1109, 1117, 1132, 1141, 1161, 1167, 1168, 1267, 1279, 1294, 1304, 1324, 1396, 1420, 1432, 1434, 1437, 1447, 1460, 1465, 1472, 1493]
1109: [36, 37, 40, 53, 54, 57, 76, 78, 90, 94, 112, 116, 123, 128, 177, 181, 215, 223, 226, 240, 255, 261, 288, 303, 310, 365, 394, 405, 442, 445, 630, 648, 674, 718, 722, 750, 754, 767, 782, 798, 833, 863, 916, 955, 963, 989, 1023, 1049, 1053, 1077, 1089, 1094, 1108, 1110, 1135, 1137, 1148, 1212, 1270, 1279, 1344, 1363, 1374, 1396, 1404, 1411, 1457, 1458, 1497, 1498]
1110: [20, 37, 47, 49, 60, 119, 166, 169, 182, 204, 225, 234, 235, 268, 274, 281, 318, 319, 350, 358, 393, 413, 431, 434, 435, 484, 485, 491, 501, 539, 544, 546, 554, 556, 569, 620, 630, 676, 677, 685, 706, 720, 725, 735, 755, 760, 767, 795, 814, 849, 876, 931, 941, 961, 968, 970, 983, 993, 1016, 1031, 1044, 1054, 1082, 1102, 1104, 1109, 1111, 1113, 1133, 1156, 1164, 1184, 1192, 1204, 1239, 1271, 1323, 1327, 1400, 1415]
1111: [29, 41, 60, 68, 70, 86, 113, 115, 188, 196, 206, 211, 213, 222, 252, 283, 343, 345, 364, 374, 391, 427, 441, 461, 476, 477, 480, 511, 524, 525, 526, 554, 565, 585, 591, 664, 666, 669, 677, 694, 703, 773, 777, 789, 822, 841, 844, 853, 869, 897, 905, 917, 923, 957, 981, 1046, 1055, 1060, 1075, 1092, 1110, 1112, 1114, 1118, 1126, 1127, 1172, 1177, 1180, 1194, 1205, 1206, 1219, 1303, 1323, 1327, 1339, 1360, 1377, 1404, 1414, 1429, 1431, 1475, 1485, 1490]
1112: [20, 25, 48, 121, 147, 152, 157, 182, 193, 201, 229, 234, 245, 286, 307, 334, 355, 375, 379, 404, 416, 440, 474, 493, 505, 557, 569, 577, 614, 674, 693, 701, 720, 721, 842, 874, 879, 886, 921, 924, 952, 966, 995, 1001, 1009, 1012, 1071, 1095, 1111, 1113, 1118, 1129, 1168, 1174, 1189, 1196, 1203, 1223, 1259, 1279, 1283, 1297, 1298, 1301, 1303, 1334, 1407, 1409, 1425, 1439, 1448, 1450, 1476, 1485]
1113: [32, 44, 45, 67, 102, 104, 106, 110, 124, 157, 184, 190, 196, 215, 258, 265, 280, 283, 337, 365, 439, 513, 542, 563, 566, 568, 569, 594, 628, 629, 642, 650, 653, 658, 686, 691, 717, 718, 733, 764, 769, 792, 809, 841, 900, 914, 924, 969, 983, 1026, 1063, 1072, 1110, 1112, 1114, 1142, 1166, 1174, 1177, 1182, 1189, 1203, 1205, 1255, 1290, 1313, 1315, 1326, 1353, 1370, 1389, 1402, 1413, 1420, 1421, 1493]
1114: [24, 55, 62, 65, 66, 92, 109, 118, 122, 243, 379, 415, 462, 470, 471, 475, 477, 487, 519, 531, 538, 543, 561, 683, 709, 717, 719, 722, 732, 736, 737, 748, 758, 761, 763, 786, 789, 791, 802, 813, 826, 827, 853, 876, 877, 882, 893, 902, 905, 925, 930, 940, 944, 959, 962, 963, 1020, 1039, 1075, 1080, 1103, 1111, 1113, 1115, 1156, 1171, 1179, 1244, 1256, 1258, 1260, 1293, 1350, 1351, 1353, 1405, 1450, 1453, 1456, 1466, 1468, 1471, 1481, 1498]
1115: [32, 41, 45, 57, 79, 106, 125, 168, 192, 215, 241, 266, 353, 375, 383, 406, 418, 435, 453, 467, 473, 492, 497, 498, 503, 520, 546, 547, 554, 561, 593, 621, 671, 684, 696, 729, 754, 763, 831, 832, 838, 844, 848, 864, 873, 884, 889, 919, 961, 996, 1018, 1025, 1030, 1078, 1089, 1090, 1099, 1107, 1114, 1116, 1118, 1146, 1206, 1230, 1246, 1264, 1323, 1385, 1420, 1437, 1449, 1498]
1116: [18, 49, 61, 64, 69, 101, 133, 188, 229, 243, 266, 291, 295, 308, 318, 333, 369, 376, 379, 397, 499, 529, 550, 631, 638, 649, 664, 689, 728, 766, 790, 792, 836, 856, 869, 881, 913, 918, 935, 955, 956, 975, 978, 1001, 1002, 1094, 1098, 1115, 1117, 1141, 1151, 1164, 1220, 1223, 1243, 1247, 1276, 1279, 1324, 1340, 1355, 1389, 1421, 1442, 1445, 1486]
1117: [42, 45, 48, 62, 66, 86, 155, 162, 187, 190, 224, 250, 272, 349, 355, 383, 394, 441, 444, 462, 497, 519, 554, 588, 600, 625, 633, 644, 652, 676, 698, 711, 712, 723, 730, 740, 765, 776, 820, 833, 840, 867, 900, 921, 936, 956, 971, 983, 1001, 1042, 1057, 1076, 1108, 1116, 1118, 1125, 1130, 1143, 1205, 1230, 1231, 1256, 1289, 1292, 1297, 1336, 1341, 1367, 1373, 1414, 1416, 1478, 1497]
1118: [48, 124, 144, 183, 222, 223, 236, 267, 282, 316, 364, 369, 383, 413, 463, 464, 490, 519, 520, 531, 559, 585, 597, 635, 661, 711, 765, 826, 828, 857, 898, 920, 945, 950, 997, 1000, 1013, 1028, 1030, 1037, 1042, 1055, 1083, 1091, 1098, 1103, 1104, 1111, 1112, 1115, 1117, 1119, 1125, 1188, 1208, 1230, 1272, 1290, 1304, 1323, 1328, 1384, 1391, 1406, 1429, 1449, 1451, 1487, 1494]
1119: [17, 33, 48, 49, 50, 53, 78, 119, 139, 140, 156, 223, 241, 253, 285, 307, 310, 347, 364, 381, 440, 455, 466, 515, 544, 550, 600, 699, 712, 725, 754, 756, 781, 850, 875, 884, 894, 901, 909, 940, 966, 978, 1002, 1004, 1061, 1078, 1087, 1090, 1118, 1120, 1155, 1172, 1175, 1190, 1194, 1209, 1225, 1229, 1259, 1277, 1302, 1320, 1336, 1347, 1400, 1405, 1412, 1421, 1433, 1456]
1120: [28, 32, 35, 50, 83, 92, 115, 140, 151, 193, 195, 256, 257, 297, 306, 327, 340, 365, 373, 404, 422, 436, 473, 503, 509, 515, 520, 528, 543, 586, 595, 669, 681, 694, 713, 714, 752, 761, 793, 799, 807, 825, 842, 848, 863, 873, 878, 896, 990, 1011, 1016, 1066, 1067, 1080, 1089, 1119, 1121, 1157, 1165, 1168, 1214, 1248, 1252, 1269, 1272, 1308, 1310, 1401, 1403, 1416, 1420, 1455, 1460, 1488]
1121: [32, 49, 57, 71, 94, 100, 104, 106, 155, 165, 166, 192, 220, 221, 246, 263, 272, 281, 284, 291, 328, 330, 371, 399, 433, 437, 468, 477, 497, 642, 646, 662, 698, 702, 746, 748, 762, 773, 780, 790, 835, 864, 905, 930, 971, 1011, 1019, 1032, 1042, 1045, 1120, 1122, 1136, 1140, 1176, 1226, 1241, 1244, 1248, 1270, 1313, 1322, 1335, 1444, 1470, 1472, 1498]
1122: [39, 58, 71, 77, 82, 84, 102, 137, 152, 161, 191, 240, 251, 254, 262, 275, 292, 321, 363, 372, 386, 394, 436, 439, 445, 453, 464, 466, 475, 484, 495, 540, 553, 577, 631, 660, 677, 678, 682, 684, 709, 722, 728, 733, 745, 789, 791, 799, 824, 833, 879, 947, 973, 1075, 1083, 1121, 1123, 1148, 1166, 1181, 1200, 1202, 1236, 1253, 1258, 1270, 1271, 1300, 1321, 1330, 1360, 1361, 1366, 1381, 1397, 1457, 1478]
1123: [28, 31, 43, 62, 88, 89, 116, 128, 136, 145, 151, 158, 161, 176, 202, 207, 221, 248, 256, 289, 290, 325, 336, 349, 414, 425, 426, 465, 469, 476, 523, 532, 572, 618, 623, 645, 648, 671, 691, 692, 710, 734, 736, 773, 779, 797, 816, 826, 837, 860, 934, 991, 1068, 1085, 1105, 1122, 1124, 1154, 1157, 1169, 1200, 1208, 1217, 1228, 1229, 1233, 1235, 1276, 1285, 1313, 1340, 1346, 1369, 1420, 1435, 1441, 1454, 1460, 1465]
1124: [29, 64, 68, 80, 88, 106, 115, 120, 129, 132, 135, 164, 171, 233, 240, 271, 274, 292, 319, 325, 332, 335, 341, 353, 362, 382, 396, 435, 441, 452, 493, 516, 535, 544, 550, 577, 621, 666, 674, 686, 711, 724, 739, 743, 746, 757, 779, 784, 800, 804, 841, 842, 886, 888, 926, 927, 967, 980, 986, 1008, 1012, 1027, 1036, 1046, 1100, 1123, 1125, 1178, 1187, 1206, 1230, 1246, 1251, 1278, 1281, 1290, 1297, 1315, 1334, 1341, 1349, 1365, 1378, 1389, 1448, 1460, 1488]
1125: [27, 35, 41, 48, 83, 96, 105, 111, 124, 153, 234, 251, 264, 319, 330, 344, 402, 408, 439, 442, 464, 466, 474, 530, 538, 547, 584, 593, 600, 671, 684, 696, 751, 776, 778, 794, 797, 812, 835, 864, 871, 883, 893, 924, 926, 932, 934, 937, 954, 959, 1002, 1056, 1092, 1117, 1118, 1124, 1126, 1159, 1182, 1218, 1225, 1228, 1242, 1245, 1276, 1289, 1341, 1410, 1457, 1475, 1488, 1494]
1126: [16, 33, 45, 61, 62, 92, 96, 112, 132, 163, 224, 245, 246, 247, 259, 268, 282, 315, 337, 339, 414, 422, 439, 455, 463, 464, 471, 480, 498, 500, 512, 551, 587, 592, 645, 648, 668, 691, 693, 727, 738, 741, 750, 751, 754, 797, 802, 805, 826, 834, 847, 893, 897, 918, 923, 939, 967, 978, 987, 992, 1000, 1005, 1008, 1029, 1040, 1048, 1062, 1069, 1111, 1125, 1127, 1167, 1199, 1201, 1225, 1228, 1231, 1283, 1357, 1383, 1388, 1395, 1407, 1420, 1431, 1440, 1456, 1484, 1487, 1493, 1497]
1127: [64, 69, 70, 75, 77, 93, 160, 214, 223, 232, 252, 254, 256, 278, 290, 309, 314, 318, 332, 434, 534, 557, 558, 570, 578, 588, 595, 611, 621, 655, 676, 690, 692, 696, 703, 710, 724, 733, 737, 817, 832, 849, 900, 901, 908, 921, 930, 968, 972, 982, 1018, 1077, 1111, 1126, 1128, 1175, 1233, 1247, 1255, 1256, 1329, 1342, 1374, 1377, 1384, 1423, 1452, 1456, 1475]
1128: [27, 47, 53, 160, 174, 213, 216, 222, 229, 230, 231, 237, 251, 282, 296, 313, 329, 348, 383, 402, 419, 443, 470, 474, 481, 486, 513, 556, 566, 567, 573, 604, 613, 624, 640, 664, 683, 768, 770, 776, 783, 787, 797, 817, 825, 846, 879, 888, 898, 918, 955, 976, 1076, 1084, 1097, 1099, 1127, 1129, 1161, 1171, 1172, 1183, 1208, 1218, 1225, 1263, 1272, 1348, 1357, 1364, 1393, 1439, 1460]
1129: [57, 76, 93, 99, 111, 211, 212, 248, 286, 290, 325, 339, 370, 388, 406, 412, 420, 436, 440, 460, 468, 475, 539, 541, 550, 565, 603, 646, 669, 677, 689, 768, 800, 829, 874, 876, 966, 981, 1030, 1075, 1082, 1091, 1112, 1128, 1130, 1161, 1183, 1198, 1224, 1289, 1306, 1317, 1324, 1328, 1330, 1350, 1396, 1401, 1414, 1433, 1457, 1475]
1130: [26, 33, 62, 71, 78, 135, 164, 181, 197, 198, 211, 253, 285, 305, 336, 345, 419, 439, 446, 543, 601, 620, 668, 692, 694, 716, 758, 863, 878, 880, 904, 906, 981, 999, 1017, 1025, 1030, 1043, 1067, 1098, 1106, 1117, 1129, 1131, 1141, 1162, 1190, 1193, 1216, 1222, 1244, 1259, 1275, 1369, 1384, 1409, 1416, 1437, 1470, 1479, 1481]
1131: [16, 17, 40, 51, 136, 166, 176, 190, 239, 293, 311, 324, 335, 340, 359, 365, 399, 408, 450, 475, 500, 505, 521, 526, 529, 538, 539, 543, 545, 550, 562, 580, 587, 598, 608, 628, 630, 654, 666, 671, 676, 704, 705, 745, 748, 784, 800, 816, 857, 880, 928, 932, 934, 942, 982, 988, 994, 1003, 1013, 1044, 1051, 1067, 1070, 1081, 1130, 1132, 1137, 1142, 1149, 1157, 1160, 1168, 1170, 1225, 1273, 1291, 1298, 1300, 1326, 1346, 1356, 1357, 1422, 1449, 1477, 1486]
1132: [22, 23, 34, 48, 56, 65, 94, 99, 100, 126, 184, 205, 207, 211, 232, 234, 238, 246, 268, 270, 280, 282, 305, 320, 354, 372, 374, 389, 398, 446, 461, 467, 497, 507, 512, 532, 534, 546, 550, 555, 557, 610, 621, 637, 644, 673, 686, 706, 720, 754, 787, 800, 830, 834, 842, 860, 909, 1048, 1071, 1090, 1091, 1101, 1107, 1108, 1131, 1133, 1140, 1205, 1243, 1288, 1314, 1402, 1451, 1487]
1133: [20, 60, 65, 75, 78, 108, 131, 210, 248, 265, 278, 291, 323, 324, 325, 364, 490, 598, 615, 633, 651, 690, 740, 793, 799, 847, 848, 863, 876, 891, 937, 943, 946, 963, 983, 987, 995, 1017, 1036, 1048, 1094, 1110, 1132, 1134, 1136, 1137, 1148, 1193, 1209, 1220, 1239, 1254, 1265, 1276, 1342, 1353, 1361, 1388, 1406, 1431, 1435, 1480]
1134: [17, 27, 69, 86, 94, 113, 138, 191, 201, 206, 231, 237, 239, 245, 250, 264, 290, 296, 299, 300, 327, 333, 343, 358, 363, 369, 376, 387, 396, 441, 492, 503, 513, 515, 541, 549, 612, 629, 634, 636, 653, 673, 682, 689, 708, 749, 755, 766, 815, 838, 839, 851, 859, 879, 881, 931, 954, 1004, 1007, 1020, 1040, 1059, 1060, 1076, 1094, 1103, 1104, 1133, 1135, 1144, 1160, 1187, 1190, 1191, 1224, 1234, 1257, 1283, 1316, 1330, 1342, 1349, 1352, 1374, 1398, 1427, 1432, 1444, 1448, 1476, 1484, 1491]
1135: [17, 44, 45, 59, 71, 99, 146, 160, 179, 202, 235, 239, 240, 252, 265, 278, 286, 296, 306, 327, 367, 393, 400, 401, 411, 424, 426, 427, 438, 439, 462, 473, 500, 507, 534, 537, 546, 560, 635, 648, 676, 686, 751, 788, 816, 844, 848, 860, 861, 862, 871, 898, 910, 920, 949, 987, 1036, 1042, 1069, 1070, 1085, 1100, 1109, 1134, 1136, 1137, 1165, 1182, 1191, 1211, 1212, 1228, 1231, 1288, 1290, 1291, 1298, 1310, 1336, 1340, 1368, 1405, 1410, 1429, 1439, 1440, 1455, 1466, 1467, 1483]
1136: [34, 41, 51, 92, 102, 114, 135, 140, 173, 180, 188, 224, 236, 290, 334, 343, 350, 357, 359, 377, 427, 456, 483, 492, 526, 579, 586, 596, 622, 638, 643, 655, 689, 729, 732, 735, 741, 743, 754, 762, 789, 836, 841, 849, 865, 922, 924, 942, 1013, 1028, 1060, 1097, 1121, 1133, 1135, 1137, 1163, 1228, 1231, 1233, 1265, 1272, 1273, 1287, 1291, 1303, 1320, 1362, 1380, 1396, 1412, 1427, 1438, 1440, 1460]
1137: [17, 30, 44, 78, 179, 185, 223, 258, 263, 298, 320, 322, 344, 401, 419, 421, 431, 470, 504, 506, 545, 552, 559, 585, 599, 742, 796, 809, 816, 826, 835, 850, 906, 907, 954, 958, 986, 995, 1037, 1041, 1064, 1079, 1096, 1109, 1131, 1133, 1135, 1136, 1138, 1143, 1185, 1198, 1199, 1201, 1247, 1249, 1292, 1308, 1334, 1340, 1343, 1362, 1408, 1415, 1420, 1422, 1436, 1480, 1491]
1138: [16, 36, 68, 76, 101, 145, 148, 149, 174, 190, 195, 219, 254, 263, 288, 314, 331, 349, 360, 391, 426, 444, 454, 468, 540, 548, 581, 594, 627, 663, 707, 827, 866, 880, 904, 913, 941, 955, 970, 977, 1030, 1043, 1044, 1047, 1054, 1082, 1090, 1101, 1137, 1139, 1173, 1193, 1208, 1218, 1224, 1277, 1306, 1307, 1318, 1324, 1329, 1363, 1377, 1427, 1431, 1461, 1480, 1499]
1139: [15, 40, 92, 96, 97, 123, 176, 231, 336, 339, 342, 344, 357, 375, 415, 417, 421, 438, 459, 533, 562, 597, 599, 636, 697, 702, 721, 731, 745, 786, 791, 794, 809, 813, 819, 867, 883, 890, 900, 961, 977, 1022, 1028, 1041, 1068, 1086, 1090, 1107, 1138, 1140, 1141, 1192, 1271, 1277, 1283, 1325, 1330, 1338, 1346, 1402, 1428, 1445, 1451, 1493]
1140: [28, 59, 105, 108, 124, 139, 162, 168, 190, 204, 216, 225, 228, 249, 282, 292, 294, 308, 318, 330, 343, 392, 400, 417, 420, 437, 507, 567, 573, 582, 591, 643, 645, 676, 714, 776, 785, 788, 850, 851, 856, 937, 963, 1035, 1075, 1092, 1096, 1121, 1132, 1139, 1141, 1145, 1202, 1221, 1270, 1273, 1295, 1332, 1343, 1346, 1349, 1356, 1368, 1373, 1377, 1392, 1419, 1426, 1439, 1455, 1467, 1478, 1482]
1141: [28, 32, 52, 95, 103, 127, 141, 143, 144, 145, 147, 167, 196, 212, 229, 252, 265, 277, 327, 342, 346, 354, 373, 403, 415, 417, 466, 470, 471, 506, 533, 564, 610, 615, 633, 668, 671, 717, 719, 734, 806, 813, 826, 838, 844, 864, 908, 913, 944, 947, 951, 1010, 1036, 1042, 1050, 1076, 1108, 1116, 1130, 1139, 1140, 1142, 1151, 1182, 1209, 1258, 1266, 1269, 1272, 1278, 1293, 1318, 1320, 1326, 1342, 1348, 1355, 1366, 1381, 1427, 1493, 1496]
1142: [29, 64, 75, 77, 86, 89, 94, 106, 159, 220, 283, 287, 295, 296, 364, 431, 457, 458, 461, 476, 483, 485, 486, 532, 550, 578, 582, 595, 596, 675, 705, 734, 740, 751, 780, 803, 840, 855, 859, 863, 889, 892, 902, 993, 1020, 1034, 1056, 1074, 1091, 1113, 1131, 1141, 1143, 1152, 1165, 1195, 1214, 1260, 1261, 1279, 1316, 1323, 1342, 1359, 1387, 1419, 1423, 1439, 1443, 1469, 1478, 1498]
1143: [21, 23, 38, 47, 58, 60, 82, 91, 121, 136, 142, 173, 178, 206, 214, 245, 262, 300, 320, 354, 360, 434, 443, 450, 506, 558, 586, 587, 590, 620, 626, 705, 710, 723, 727, 734, 762, 773, 837, 862, 873, 886, 897, 911, 923, 935, 942, 1009, 1022, 1031, 1037, 1048, 1066, 1074, 1084, 1117, 1137, 1142, 1144, 1184, 1189, 1199, 1215, 1250, 1279, 1287, 1289, 1295, 1326, 1355, 1436, 1444, 1472, 1474, 1479, 1497]
1144: [17, 22, 23, 47, 60, 67, 119, 125, 137, 140, 170, 185, 186, 189, 196, 243, 267, 299, 314, 329, 339, 342, 407, 409, 416, 419, 421, 429, 432, 458, 471, 479, 507, 525, 530, 540, 566, 567, 592, 608, 629, 656, 665, 707, 712, 714, 717, 740, 745, 791, 793, 800, 849, 866, 887, 921, 940, 946, 959, 979, 1006, 1008, 1031, 1079, 1096, 1134, 1143, 1145, 1151, 1158, 1164, 1174, 1180, 1206, 1235, 1271, 1284, 1285, 1334, 1357, 1379, 1418, 1452, 1482, 1489]
1145: [17, 35, 72, 89, 91, 101, 108, 143, 172, 174, 181, 233, 293, 294, 308, 336, 369, 373, 374, 410, 424, 462, 476, 478, 509, 513, 595, 605, 637, 638, 650, 690, 697, 709, 747, 778, 791, 795, 836, 843, 850, 851, 872, 886, 904, 916, 920, 940, 947, 963, 1019, 1036, 1051, 1081, 1140, 1144, 1146, 1149, 1174, 1191, 1310, 1325, 1334, 1371, 1459, 1480, 1485]
1146: [39, 68, 84, 90, 110, 118, 125, 139, 185, 200, 223, 235, 244, 266, 269, 299, 324, 326, 341, 346, 375, 376, 386, 393, 460, 505, 510, 529, 546, 583, 602, 632, 644, 667, 670, 677, 682, 752, 758, 781, 785, 791, 822, 874, 914, 922, 980, 990, 1011, 1038, 1115, 1145, 1147, 1169, 1176, 1179, 1188, 1200, 1211, 1223, 1249, 1250, 1263, 1264, 1285, 1340, 1387, 1390, 1401, 1404, 1439, 1453, 1454, 1466]
1147: [29, 31, 77, 81, 92, 148, 156, 169, 178, 198, 249, 255, 265, 304, 309, 342, 401, 423, 461, 484, 486, 505, 538, 575, 596, 679, 692, 706, 710, 720, 724, 734, 777, 789, 790, 795, 797, 868, 893, 915, 917, 925, 932, 971, 982, 983, 1003, 1008, 1034, 1035, 1049, 1066, 1075, 1080, 1094, 1146, 1148, 1214, 1235, 1239, 1255, 1289, 1294, 1304, 1305, 1340, 1399, 1432, 1438, 1452, 1455]
1148: [32, 34, 69, 132, 188, 198, 201, 211, 215, 218, 238, 259, 280, 307, 327, 362, 363, 372, 387, 397, 418, 449, 484, 488, 496, 584, 595, 624, 630, 658, 716, 724, 750, 813, 825, 903, 908, 956, 958, 970, 987, 1048, 1061, 1070, 1075, 1096, 1107, 1109, 1122, 1133, 1147, 1149, 1154, 1158, 1211, 1226, 1256, 1258, 1260, 1267, 1271, 1284, 1304, 1313, 1375, 1393, 1443, 1477, 1486]
1149: [29, 35, 37, 68, 74, 79, 90, 107, 120, 126, 134, 147, 155, 197, 220, 250, 267, 283, 312, 332, 339, 358, 377, 409, 446, 466, 506, 518, 538, 548, 555, 597, 608, 613, 615, 633, 713, 737, 750, 826, 902, 961, 977, 1009, 1050, 1079, 1131, 1145, 1148, 1150, 1174, 1201, 1254, 1258, 1272, 1273, 1278, 1289, 1299, 1325, 1357, 1366, 1367, 1368, 1371, 1380, 1393, 1405, 1416, 1426, 1427, 1429, 1449, 1451, 1455, 1480, 1482, 1491]
1150: [26, 50, 58, 61, 75, 91, 98, 102, 110, 120, 148, 172, 188, 194, 220, 222, 224, 256, 279, 300, 333, 334, 362, 387, 396, 398, 451, 524, 535, 536, 542, 556, 563, 576, 599, 609, 619, 685, 718, 756, 768, 773, 774, 921, 935, 956, 957, 997, 999, 1019, 1036, 1063, 1149, 1151, 1179, 1213, 1220, 1252, 1254, 1275, 1283, 1292, 1308, 1311, 1343, 1381, 1412, 1416]
1151: [17, 34, 38, 99, 106, 109, 145, 151, 176, 186, 232, 236, 244, 258, 268, 291, 358, 362, 363, 398, 458, 482, 494, 500, 531, 537, 585, 607, 613, 623, 629, 649, 655, 663, 675, 682, 696, 706, 710, 763, 785, 805, 866, 869, 889, 907, 912, 923, 939, 977, 1006, 1011, 1019, 1030, 1036, 1075, 1116, 1141, 1144, 1150, 1152, 1156, 1163, 1166, 1167, 1176, 1197, 1209, 1239, 1268, 1308, 1331, 1410, 1414, 1418, 1420, 1470, 1473, 1489]
1152: [23, 38, 46, 57, 71, 122, 161, 172, 182, 211, 216, 229, 237, 270, 325, 342, 361, 396, 402, 448, 462, 470, 488, 509, 550, 571, 625, 632, 647, 667, 676, 685, 736, 739, 749, 760, 766, 788, 790, 804, 815, 816, 818, 828, 841, 891, 896, 917, 922, 974, 975, 1001, 1018, 1026, 1039, 1047, 1068, 1087, 1105, 1142, 1151, 1153, 1162, 1178, 1180, 1195, 1196, 1228, 1232, 1242, 1251, 1255, 1274, 1331, 1380, 1388, 1390, 1392, 1423, 1424, 1433, 1480, 1483]
1153: [37, 43, 53, 89, 91, 123, 126, 133, 146, 249, 266, 285, 294, 297, 299, 341, 352, 384, 411, 412, 421, 424, 433, 436, 446, 462, 502, 546, 550, 571, 580, 594, 609, 612, 630, 631, 701, 729, 740, 768, 829, 834, 841, 844, 847, 859, 865, 874, 875, 887, 934, 979, 988, 999, 1062, 1074, 1078, 1079, 1092, 1152, 1154, 1161, 1175, 1189, 1217, 1241, 1263, 1296, 1297, 1312, 1338, 1360, 1399, 1423, 1466, 1482, 1495, 1496]
1154: [34, 45, 46, 50, 64, 99, 108, 156, 182, 191, 238, 246, 247, 268, 290, 301, 303, 316, 317, 318, 366, 390, 391, 404, 406, 411, 485, 489, 542, 548, 550, 567, 570, 582, 605, 618, 633, 708, 710, 778, 797, 801, 818, 937, 944, 945, 952, 956, 977, 1016, 1051, 1123, 1148, 1153, 1155, 1170, 1174, 1217, 1225, 1244, 1245, 1262, 1285, 1290, 1311, 1317, 1332, 1341, 1360, 1364, 1404, 1413, 1421, 1425, 1426, 1432, 1443, 1457, 1472]
1155: [15, 16, 58, 74, 94, 122, 146, 165, 190, 195, 197, 248, 256, 263, 312, 332, 348, 355, 369, 381, 387, 392, 432, 456, 469, 478, 486, 488, 494, 525, 543, 563, 578, 584, 610, 687, 696, 751, 759, 772, 789, 802, 813, 833, 852, 872, 882, 940, 967, 1010, 1025, 1030, 1035, 1040, 1050, 1051, 1072, 1092, 1119, 1154, 1156, 1187, 1211, 1218, 1238, 1246, 1248, 1270, 1321, 1351, 1389, 1390, 1392, 1411, 1431, 1441, 1444, 1445, 1449, 1454, 1472, 1479, 1482, 1483, 1485, 1488, 1492]
1156: [36, 88, 136, 137, 162, 186, 213, 243, 246, 266, 271, 274, 312, 336, 342, 361, 363, 393, 483, 487, 490, 530, 564, 574, 579, 601, 607, 625, 629, 632, 640, 650, 661, 687, 718, 757, 776, 779, 795, 801, 850, 879, 893, 918, 921, 923, 924, 963, 995, 1001, 1011, 1021, 1042, 1043, 1050, 1084, 1110, 1114, 1151, 1155, 1157, 1158, 1189, 1191, 1212, 1222, 1238, 1244, 1252, 1256, 1257, 1308, 1321, 1347, 1394, 1399, 1431, 1439, 1459, 1466, 1499]
1157: [71, 136, 150, 164, 179, 185, 227, 244, 273, 309, 313, 356, 364, 402, 416, 421, 427, 430, 464, 477, 581, 595, 634, 650, 655, 702, 734, 741, 757, 816, 818, 845, 851, 880, 902, 971, 1004, 1017, 1025, 1034, 1036, 1046, 1051, 1059, 1075, 1081, 1082, 1103, 1120, 1123, 1131, 1156, 1158, 1162, 1163, 1187, 1217, 1224, 1246, 1257, 1264, 1267, 1277, 1286, 1293, 1294, 1327, 1349, 1359, 1405, 1409, 1466]
1158: [35, 45, 47, 56, 58, 59, 62, 76, 80, 81, 92, 109, 116, 119, 179, 186, 202, 284, 316, 335, 342, 371, 376, 417, 437, 445, 472, 523, 546, 618, 630, 637, 715, 756, 758, 761, 788, 796, 798, 804, 825, 843, 881, 902, 907, 910, 911, 917, 966, 1021, 1036, 1093, 1144, 1148, 1156, 1157, 1159, 1166, 1181, 1184, 1196, 1204, 1228, 1235, 1256, 1261, 1273, 1363, 1399, 1416, 1420, 1447, 1448, 1465, 1480, 1484, 1485, 1488]
1159: [26, 41, 54, 62, 66, 80, 87, 94, 112, 145, 150, 180, 181, 203, 222, 249, 271, 288, 292, 312, 333, 360, 404, 417, 452, 488, 512, 535, 587, 615, 632, 679, 685, 709, 712, 753, 777, 825, 853, 856, 860, 876, 904, 945, 948, 957, 958, 971, 978, 987, 1002, 1048, 1077, 1097, 1101, 1125, 1158, 1160, 1193, 1229, 1239, 1243, 1293, 1299, 1311, 1343]
1160: [20, 23, 29, 30, 48, 66, 78, 92, 106, 140, 144, 169, 180, 182, 207, 209, 211, 222, 240, 278, 279, 283, 286, 309, 403, 423, 425, 439, 474, 479, 484, 550, 571, 580, 599, 601, 603, 609, 635, 669, 688, 707, 732, 750, 819, 836, 850, 868, 873, 881, 888, 903, 923, 946, 952, 981, 996, 1020, 1029, 1032, 1057, 1131, 1134, 1159, 1161, 1173, 1192, 1193, 1203, 1207, 1224, 1245, 1277, 1356, 1364, 1410, 1414, 1440, 1453, 1455, 1472]
1161: [43, 97, 119, 126, 150, 175, 180, 181, 211, 229, 234, 240, 281, 286, 302, 313, 329, 344, 376, 391, 413, 427, 430, 438, 459, 531, 533, 543, 576, 577, 602, 622, 623, 635, 653, 670, 718, 748, 774, 776, 795, 800, 812, 827, 859, 891, 897, 901, 929, 939, 940, 966, 983, 993, 1010, 1012, 1106, 1108, 1128, 1129, 1153, 1160, 1162, 1164, 1182, 1228, 1251, 1259, 1320, 1329, 1371, 1402, 1415, 1424, 1483]
1162: [40, 85, 144, 150, 186, 201, 215, 226, 233, 239, 297, 310, 312, 377, 384, 425, 465, 531, 554, 561, 583, 594, 602, 607, 612, 613, 625, 627, 654, 694, 746, 767, 776, 780, 790, 798, 799, 803, 811, 827, 878, 892, 907, 908, 927, 928, 938, 949, 1082, 1088, 1130, 1152, 1157, 1161, 1163, 1175, 1180, 1207, 1209, 1217, 1267, 1283, 1286, 1296, 1307, 1308, 1320, 1323, 1335, 1361, 1379, 1409, 1415, 1443, 1461, 1486]
1163: [25, 34, 50, 65, 105, 109, 130, 144, 148, 152, 155, 186, 207, 236, 237, 263, 296, 413, 425, 504, 524, 529, 531, 551, 561, 598, 627, 653, 661, 690, 706, 721, 732, 749, 754, 842, 862, 867, 914, 917, 925, 1014, 1075, 1076, 1087, 1090, 1136, 1151, 1157, 1162, 1164, 1173, 1183, 1202, 1219, 1245, 1250, 1257, 1270, 1275, 1292, 1331, 1334, 1356, 1359, 1373, 1383, 1389, 1396, 1398, 1427, 1470]
1164: [42, 51, 155, 164, 195, 220, 252, 371, 374, 385, 405, 421, 433, 437, 478, 485, 519, 543, 545, 590, 612, 624, 669, 690, 704, 738, 779, 814, 818, 829, 833, 840, 883, 902, 907, 930, 935, 947, 958, 984, 987, 1006, 1007, 1008, 1011, 1026, 1030, 1038, 1050, 1065, 1074, 1102, 1110, 1116, 1144, 1161, 1163, 1165, 1194, 1217, 1218, 1222, 1260, 1265, 1270, 1292, 1312, 1328, 1330, 1333, 1363, 1365, 1424, 1436, 1486]
1165: [19, 25, 40, 46, 100, 101, 110, 157, 196, 201, 205, 229, 251, 267, 312, 398, 407, 421, 440, 445, 451, 468, 470, 508, 517, 526, 580, 607, 614, 621, 691, 693, 711, 720, 726, 735, 738, 745, 776, 815, 859, 868, 899, 908, 913, 943, 945, 986, 993, 995, 1014, 1020, 1033, 1120, 1135, 1142, 1164, 1166, 1184, 1193, 1194, 1281, 1296, 1337, 1341, 1381, 1407, 1423, 1455, 1483, 1484, 1487]
1166: [16, 20, 22, 50, 105, 136, 145, 153, 165, 197, 198, 205, 211, 226, 242, 252, 298, 301, 315, 358, 365, 388, 403, 414, 415, 442, 447, 461, 496, 511, 526, 550, 572, 591, 601, 602, 614, 619, 633, 657, 658, 663, 677, 682, 708, 734, 764, 836, 842, 863, 868, 909, 921, 924, 937, 943, 971, 999, 1007, 1029, 1043, 1080, 1089, 1094, 1113, 1122, 1151, 1158, 1165, 1167, 1177, 1178, 1189, 1190, 1192, 1195, 1200, 1209, 1255, 1258, 1263, 1271, 1273, 1330, 1333, 1336, 1405, 1419, 1425]
1167: [44, 51, 78, 83, 93, 120, 158, 173, 221, 229, 235, 258, 273, 292, 296, 297, 298, 305, 332, 346, 356, 363, 384, 395, 399, 401, 429, 430, 442, 473, 493, 557, 575, 578, 601, 616, 634, 642, 647, 656, 694, 709, 711, 725, 791, 835, 845, 892, 919, 928, 932, 947, 950, 979, 987, 999, 1010, 1015, 1021, 1033, 1060, 1069, 1071, 1101, 1108, 1126, 1151, 1166, 1168, 1206, 1251, 1289, 1302, 1317, 1351, 1370, 1374, 1389, 1456, 1472, 1490]
1168: [42, 44, 58, 66, 93, 99, 111, 134, 145, 151, 168, 179, 238, 276, 337, 370, 371, 397, 449, 483, 536, 576, 598, 600, 607, 617, 618, 624, 632, 636, 644, 671, 677, 682, 702, 709, 742, 786, 789, 790, 805, 841, 916, 926, 938, 951, 982, 984, 991, 993, 997, 1028, 1084, 1105, 1108, 1112, 1120, 1131, 1167, 1169, 1171, 1187, 1195, 1197, 1200, 1237, 1239, 1240, 1350, 1366, 1395, 1396, 1397, 1419, 1427, 1497]
1169: [48, 63, 73, 78, 85, 117, 163, 177, 199, 206, 245, 299, 304, 318, 346, 348, 353, 366, 399, 428, 452, 453, 455, 468, 475, 487, 523, 530, 538, 539, 544, 585, 615, 630, 718, 723, 726, 729, 789, 790, 801, 821, 856, 860, 875, 901, 975, 981, 1024, 1044, 1088, 1123, 1146, 1168, 1170, 1186, 1201, 1211, 1229, 1287, 1315, 1368, 1377, 1390, 1409, 1458, 1466, 1472, 1485]
1170: [56, 81, 116, 170, 186, 194, 216, 221, 225, 245, 308, 339, 348, 349, 391, 407, 408, 421, 471, 502, 530, 600, 659, 664, 681, 701, 706, 730, 737, 763, 767, 800, 812, 820, 826, 845, 872, 876, 881, 905, 909, 920, 972, 982, 983, 1012, 1014, 1036, 1094, 1099, 1107, 1131, 1154, 1169, 1171, 1182, 1208, 1246, 1277, 1280, 1291, 1311, 1323, 1328, 1330, 1390, 1434, 1454, 1455, 1457, 1469, 1473]
1171: [32, 34, 43, 96, 137, 195, 196, 199, 213, 217, 224, 238, 277, 278, 309, 311, 326, 413, 418, 435, 441, 442, 457, 476, 488, 500, 516, 546, 583, 595, 622, 627, 677, 682, 692, 698, 739, 750, 765, 766, 791, 849, 851, 853, 865, 871, 898, 909, 923, 944, 970, 989, 1004, 1006, 1013, 1030, 1114, 1128, 1168, 1170, 1172, 1186, 1214, 1216, 1248, 1273, 1280, 1282, 1295, 1304, 1324, 1346, 1365, 1372, 1376, 1438, 1444, 1459, 1464, 1488]
1172: [19, 22, 25, 43, 45, 74, 87, 102, 106, 109, 112, 143, 162, 183, 190, 203, 217, 261, 263, 279, 353, 411, 425, 455, 466, 482, 497, 519, 541, 553, 567, 576, 587, 606, 682, 696, 707, 726, 778, 828, 841, 860, 894, 934, 954, 982, 1019, 1038, 1111, 1119, 1128, 1171, 1173, 1179, 1210, 1227, 1233, 1276, 1290, 1292, 1309, 1311, 1346, 1361, 1362, 1365, 1412, 1439, 1441, 1444, 1457, 1475, 1487]
1173: [14, 15, 57, 91, 94, 118, 135, 179, 230, 258, 271, 283, 290, 326, 370, 375, 387, 393, 419, 424, 448, 502, 546, 555, 581, 617, 633, 649, 656, 664, 684, 740, 786, 792, 823, 832, 843, 844, 882, 945, 949, 967, 986, 1037, 1138, 1160, 1163, 1172, 1174, 1198, 1228, 1254, 1283, 1297, 1321, 1327, 1339, 1354, 1358, 1375, 1422, 1424, 1442, 1460, 1474, 1476]
1174: [24, 25, 43, 97, 103, 148, 185, 263, 270, 280, 286, 305, 322, 334, 339, 362, 374, 401, 434, 439, 442, 471, 565, 568, 580, 590, 593, 653, 666, 711, 731, 738, 749, 820, 922, 923, 977, 1009, 1013, 1019, 1059, 1062, 1079, 1112, 1113, 1144, 1145, 1149, 1154, 1173, 1175, 1185, 1187, 1198, 1239, 1243, 1277, 1313, 1328, 1362, 1373, 1377, 1393, 1414, 1415, 1420, 1428, 1433, 1439, 1496]
1175: [17, 19, 40, 72, 105, 120, 149, 171, 200, 218, 260, 273, 295, 303, 309, 319, 327, 347, 363, 384, 391, 393, 399, 401, 450, 531, 532, 545, 549, 555, 570, 575, 582, 588, 589, 592, 608, 620, 627, 630, 632, 686, 728, 748, 762, 768, 807, 840, 881, 882, 884, 942, 960, 977, 988, 989, 994, 1046, 1057, 1077, 1119, 1127, 1153, 1162, 1174, 1176, 1188, 1230, 1273, 1315, 1368, 1386, 1395, 1405, 1421, 1447, 1471]
1176: [15, 28, 54, 69, 160, 179, 218, 225, 228, 254, 302, 366, 380, 399, 427, 437, 441, 465, 482, 502, 520, 525, 543, 585, 595, 646, 654, 670, 672, 674, 717, 719, 762, 779, 812, 825, 838, 840, 848, 887, 891, 905, 911, 916, 946, 970, 986, 1006, 1010, 1018, 1024, 1056, 1067, 1077, 1082, 1092, 1100, 1121, 1146, 1151, 1175, 1177, 1182, 1186, 1190, 1194, 1284, 1323, 1330, 1335, 1366, 1376, 1381, 1392, 1397, 1400, 1402, 1415, 1440, 1450, 1484]
1177: [40, 78, 95, 116, 147, 149, 177, 180, 207, 209, 239, 245, 256, 262, 288, 291, 356, 380, 407, 426, 453, 496, 523, 580, 588, 611, 634, 648, 688, 696, 721, 726, 729, 739, 749, 756, 866, 877, 912, 924, 934, 935, 942, 969, 990, 1010, 1014, 1031, 1038, 1039, 1054, 1056, 1058, 1111, 1113, 1166, 1176, 1178, 1184, 1189, 1200, 1203, 1209, 1243, 1255, 1299, 1321, 1383, 1391, 1396, 1400, 1402, 1410, 1428, 1453, 1472, 1487]
1178: [61, 70, 102, 109, 153, 188, 207, 228, 232, 236, 257, 271, 273, 284, 286, 327, 361, 412, 467, 473, 488, 511, 556, 579, 611, 614, 615, 678, 703, 758, 775, 785, 837, 861, 872, 877, 879, 893, 923, 929, 933, 940, 950, 961, 995, 1030, 1039, 1045, 1069, 1089, 1102, 1124, 1152, 1166, 1177, 1179, 1203, 1204, 1223, 1226, 1271, 1299, 1308, 1347, 1378, 1394, 1425, 1429, 1435, 1443, 1455, 1461, 1463, 1488]
1179: [24, 43, 44, 47, 56, 85, 89, 117, 124, 125, 145, 182, 184, 194, 202, 206, 210, 219, 230, 232, 235, 237, 243, 260, 289, 347, 378, 398, 400, 406, 437, 439, 443, 495, 542, 544, 546, 568, 579, 606, 616, 622, 629, 691, 713, 716, 762, 763, 773, 787, 798, 831, 836, 858, 866, 874, 879, 888, 914, 939, 940, 949, 956, 967, 984, 996, 1021, 1054, 1075, 1106, 1114, 1146, 1150, 1172, 1178, 1180, 1198, 1215, 1240, 1298, 1299, 1318, 1337, 1402, 1417, 1439, 1444, 1488]
1180: [24, 73, 91, 95, 97, 99, 202, 203, 223, 240, 296, 298, 335, 342, 356, 392, 478, 489, 499, 514, 518, 521, 529, 601, 642, 645, 646, 709, 721, 729, 739, 743, 758, 765, 777, 794, 813, 840, 864, 865, 874, 905, 911, 916, 917, 944, 1025, 1026, 1034, 1044, 1047, 1054, 1060, 1072, 1081, 1095, 1106, 1111, 1144, 1152, 1162, 1179, 1181, 1188, 1199, 1202, 1221, 1225, 1236, 1247, 1251, 1253, 1278, 1287, 1296, 1312, 1373, 1405, 1421, 1423, 1451, 1452, 1465, 1472, 1489, 1492, 1495]
1181: [39, 46, 82, 87, 107, 117, 134, 139, 166, 176, 182, 204, 235, 236, 246, 264, 271, 296, 311, 337, 350, 368, 381, 387, 420, 463, 469, 484, 488, 504, 508, 530, 564, 565, 574, 589, 604, 607, 611, 636, 646, 654, 687, 711, 715, 736, 737, 758, 793, 838, 852, 857, 879, 881, 895, 909, 917, 931, 955, 995, 1034, 1046, 1063, 1076, 1082, 1122, 1158, 1180, 1182, 1188, 1201, 1203, 1207, 1211, 1262, 1302, 1316, 1338, 1381, 1382, 1392, 1438, 1457, 1476, 1494]
1182: [31, 50, 51, 76, 92, 94, 124, 130, 174, 180, 216, 228, 243, 259, 267, 332, 339, 340, 364, 405, 445, 491, 501, 503, 560, 564, 579, 629, 631, 691, 727, 752, 779, 791, 840, 848, 869, 901, 904, 910, 930, 963, 976, 1025, 1080, 1105, 1113, 1125, 1135, 1141, 1161, 1170, 1176, 1181, 1183, 1209, 1226, 1231, 1258, 1259, 1274, 1292, 1303, 1307, 1325, 1342, 1348, 1365, 1379, 1380, 1414, 1429, 1446, 1453, 1455, 1460, 1479]
1183: [44, 49, 63, 97, 98, 101, 120, 139, 147, 213, 352, 372, 373, 390, 392, 398, 406, 410, 423, 438, 445, 449, 458, 459, 481, 505, 508, 510, 538, 544, 550, 569, 571, 619, 631, 641, 656, 663, 689, 697, 698, 724, 732, 734, 736, 758, 782, 784, 842, 862, 891, 922, 947, 962, 971, 997, 1004, 1019, 1096, 1128, 1129, 1163, 1182, 1184, 1196, 1201, 1275, 1281, 1289, 1330, 1365, 1397, 1416, 1422, 1445, 1464]
1184: [23, 25, 40, 43, 52, 57, 63, 82, 120, 147, 161, 183, 185, 189, 190, 208, 257, 276, 299, 320, 370, 408, 446, 455, 474, 488, 540, 612, 635, 640, 650, 658, 662, 665, 687, 689, 702, 705, 724, 736, 798, 818, 841, 842, 873, 880, 898, 904, 914, 963, 993, 1084, 1088, 1094, 1097, 1099, 1105, 1110, 1143, 1158, 1165, 1177, 1183, 1185, 1194, 1195, 1220, 1228, 1230, 1231, 1247, 1277, 1292, 1293, 1310, 1322, 1347, 1373, 1412, 1430, 1431, 1436, 1437]
1185: [60, 68, 93, 142, 163, 187, 200, 205, 213, 242, 262, 267, 268, 281, 309, 319, 346, 348, 351, 355, 361, 363, 369, 376, 416, 435, 450, 462, 477, 479, 503, 511, 527, 534, 536, 577, 623, 627, 638, 661, 687, 714, 727, 739, 868, 887, 888, 893, 894, 919, 928, 943, 944, 958, 970, 1013, 1021, 1022, 1031, 1042, 1095, 1137, 1174, 1184, 1186, 1188, 1191, 1210, 1253, 1286, 1297, 1305, 1306, 1317, 1357, 1380, 1396, 1471, 1473, 1483, 1484]
1186: [27, 45, 57, 67, 94, 96, 137, 166, 167, 181, 220, 225, 294, 318, 351, 381, 468, 475, 478, 495, 498, 510, 520, 542, 554, 560, 572, 589, 598, 600, 601, 603, 613, 617, 620, 637, 650, 660, 670, 673, 716, 717, 737, 752, 764, 767, 807, 848, 854, 875, 881, 890, 969, 984, 1036, 1054, 1062, 1099, 1169, 1171, 1176, 1185, 1187, 1194, 1224, 1248, 1262, 1270, 1307, 1322, 1325, 1328, 1334, 1340, 1351, 1406, 1407, 1449, 1459, 1467, 1482, 1485, 1491, 1498]
1187: [95, 123, 164, 166, 167, 181, 183, 225, 230, 233, 234, 241, 243, 262, 279, 281, 285, 289, 293, 296, 318, 340, 377, 403, 448, 452, 458, 493, 501, 515, 528, 529, 551, 603, 633, 635, 645, 655, 659, 668, 670, 692, 733, 787, 887, 909, 910, 944, 958, 960, 968, 980, 994, 1001, 1011, 1028, 1058, 1060, 1077, 1094, 1106, 1124, 1134, 1155, 1157, 1168, 1174, 1186, 1188, 1210, 1240, 1252, 1269, 1286, 1300, 1359, 1382, 1385, 1413, 1418, 1465, 1493, 1494]
1188: [22, 26, 65, 83, 101, 122, 132, 135, 141, 148, 162, 209, 219, 257, 260, 303, 334, 338, 367, 375, 388, 413, 433, 471, 490, 495, 505, 508, 543, 545, 549, 550, 576, 604, 624, 626, 670, 688, 710, 770, 781, 818, 839, 853, 875, 892, 913, 915, 930, 980, 1005, 1037, 1046, 1047, 1051, 1072, 1079, 1101, 1118, 1146, 1175, 1180, 1181, 1185, 1187, 1189, 1199, 1224, 1228, 1246, 1270, 1276, 1287, 1391, 1393, 1402, 1412, 1431, 1434, 1441, 1446, 1449]
1189: [17, 19, 31, 52, 76, 116, 163, 191, 205, 258, 274, 283, 311, 346, 358, 361, 387, 397, 424, 433, 469, 492, 495, 504, 540, 555, 566, 578, 595, 598, 604, 615, 616, 642, 669, 680, 702, 705, 712, 730, 765, 800, 805, 821, 823, 851, 941, 960, 976, 978, 990, 1032, 1081, 1112, 1113, 1143, 1153, 1156, 1166, 1177, 1188, 1190, 1213, 1242, 1257, 1321, 1322, 1364, 1398, 1456, 1472, 1490]
1190: [21, 75, 137, 168, 197, 206, 210, 235, 241, 271, 279, 290, 324, 326, 329, 339, 354, 358, 445, 447, 476, 487, 489, 492, 499, 534, 554, 558, 579, 591, 687, 703, 727, 740, 744, 750, 800, 849, 904, 906, 912, 915, 926, 932, 934, 949, 960, 1022, 1040, 1119, 1130, 1134, 1166, 1176, 1189, 1191, 1239, 1275, 1325, 1328, 1346, 1370, 1401, 1406, 1431, 1453, 1488]
1191: [29, 33, 34, 59, 72, 135, 202, 246, 258, 271, 276, 287, 288, 300, 305, 353, 401, 412, 439, 457, 513, 558, 570, 598, 600, 602, 616, 619, 628, 680, 683, 694, 737, 798, 816, 824, 830, 832, 838, 852, 859, 872, 879, 977, 979, 1026, 1070, 1100, 1134, 1135, 1145, 1156, 1185, 1190, 1192, 1206, 1226, 1232, 1251, 1274, 1307, 1310, 1368, 1379, 1388, 1399, 1404, 1414, 1420, 1430, 1466, 1474, 1491]
1192: [56, 77, 82, 132, 154, 240, 243, 252, 262, 277, 295, 298, 314, 319, 363, 383, 417, 422, 429, 490, 537, 566, 589, 621, 696, 734, 770, 795, 827, 831, 835, 843, 844, 850, 944, 945, 955, 969, 988, 999, 1024, 1043, 1044, 1110, 1139, 1160, 1166, 1191, 1193, 1216, 1227, 1239, 1246, 1280, 1302, 1304, 1307, 1337, 1350, 1384, 1400, 1407, 1409, 1442, 1445, 1460]
1193: [27, 33, 37, 40, 79, 89, 98, 109, 146, 160, 200, 203, 256, 290, 312, 387, 392, 418, 421, 455, 479, 503, 546, 553, 573, 600, 603, 610, 612, 620, 688, 700, 714, 716, 718, 735, 737, 772, 797, 852, 859, 874, 875, 877, 891, 916, 991, 1004, 1014, 1026, 1034, 1056, 1130, 1133, 1138, 1159, 1160, 1165, 1192, 1194, 1213, 1218, 1222, 1268, 1269, 1291, 1317, 1319, 1330, 1374, 1378, 1417, 1481, 1484]
1194: [90, 111, 114, 131, 154, 174, 208, 256, 270, 274, 281, 282, 304, 317, 325, 378, 383, 392, 393, 397, 409, 422, 435, 474, 493, 506, 522, 530, 556, 623, 661, 665, 668, 672, 680, 690, 702, 706, 712, 724, 730, 805, 818, 820, 857, 875, 894, 920, 930, 934, 943, 948, 990, 1016, 1074, 1080, 1095, 1111, 1119, 1164, 1165, 1176, 1184, 1186, 1193, 1195, 1229, 1237, 1244, 1250, 1259, 1265, 1267, 1269, 1274, 1288, 1313, 1324, 1336, 1337, 1358, 1377, 1399, 1427, 1454, 1492]
1195: [23, 57, 62, 66, 67, 87, 185, 190, 201, 230, 246, 251, 271, 378, 379, 382, 414, 435, 462, 500, 506, 507, 516, 536, 539, 559, 571, 624, 675, 677, 696, 707, 708, 716, 743, 759, 763, 807, 814, 864, 869, 886, 906, 940, 961, 973, 975, 984, 1000, 1023, 1058, 1142, 1152, 1166, 1168, 1184, 1194, 1196, 1198, 1236, 1237, 1242, 1261, 1266, 1309, 1315, 1344, 1356, 1368, 1400, 1409, 1424, 1470, 1474]
1196: [21, 24, 32, 33, 41, 70, 128, 131, 164, 168, 172, 244, 250, 277, 285, 296, 299, 330, 333, 339, 357, 373, 374, 396, 443, 445, 482, 486, 522, 528, 569, 575, 580, 640, 642, 665, 667, 676, 692, 693, 740, 744, 758, 782, 795, 798, 835, 863, 886, 916, 917, 950, 1038, 1067, 1092, 1094, 1112, 1152, 1158, 1183, 1195, 1197, 1202, 1219, 1254, 1268, 1277, 1285, 1379, 1384, 1400, 1467, 1486]
1197: [23, 29, 53, 67, 69, 82, 109, 111, 119, 134, 151, 170, 191, 194, 230, 245, 270, 297, 300, 359, 360, 418, 442, 482, 511, 513, 524, 542, 547, 564, 572, 585, 586, 667, 672, 733, 750, 763, 780, 804, 808, 827, 839, 846, 855, 856, 901, 912, 975, 1016, 1042, 1084, 1086, 1095, 1151, 1168, 1196, 1198, 1208, 1211, 1224, 1226, 1242, 1302, 1305, 1345, 1421, 1426, 1449, 1450, 1496]
1198: [28, 35, 39, 49, 53, 60, 76, 93, 99, 101, 110, 112, 125, 138, 153, 174, 178, 181, 204, 234, 238, 241, 257, 259, 266, 278, 329, 336, 352, 356, 369, 379, 388, 441, 460, 513, 533, 565, 568, 607, 624, 631, 637, 643, 652, 661, 737, 871, 873, 880, 882, 884, 905, 916, 1024, 1027, 1049, 1054, 1063, 1067, 1074, 1075, 1129, 1137, 1173, 1174, 1179, 1195, 1197, 1199, 1237, 1301, 1357, 1377, 1421, 1429, 1441, 1451, 1487, 1496]
1199: [23, 73, 75, 116, 154, 165, 166, 171, 188, 212, 235, 243, 287, 298, 301, 317, 330, 342, 343, 345, 352, 395, 419, 426, 439, 444, 480, 482, 526, 540, 561, 562, 590, 651, 742, 779, 812, 825, 826, 849, 858, 918, 962, 965, 1028, 1038, 1068, 1126, 1137, 1143, 1180, 1188, 1198, 1200, 1209, 1230, 1240, 1311, 1330, 1371, 1390, 1409, 1450, 1455, 1493, 1495]
1200: [17, 31, 55, 76, 97, 120, 121, 170, 188, 243, 274, 276, 310, 318, 324, 335, 336, 348, 368, 388, 406, 434, 454, 471, 473, 500, 505, 534, 586, 588, 589, 593, 616, 632, 655, 718, 720, 737, 738, 747, 762, 786, 818, 826, 833, 850, 866, 875, 887, 891, 906, 914, 919, 925, 942, 946, 950, 955, 964, 978, 984, 1036, 1094, 1099, 1122, 1123, 1146, 1166, 1168, 1177, 1199, 1201, 1233, 1260, 1261, 1272, 1287, 1292, 1306, 1464, 1467, 1470, 1498]
1201: [17, 47, 64, 68, 92, 112, 114, 128, 146, 170, 188, 231, 291, 296, 335, 342, 358, 380, 383, 414, 421, 456, 484, 509, 548, 583, 588, 591, 691, 696, 697, 712, 720, 739, 746, 758, 759, 768, 771, 803, 826, 841, 870, 891, 933, 994, 1008, 1021, 1022, 1025, 1031, 1044, 1048, 1069, 1078, 1088, 1101, 1104, 1126, 1137, 1149, 1169, 1181, 1183, 1200, 1202, 1214, 1222, 1235, 1237, 1260, 1269, 1289, 1372, 1402, 1405, 1408, 1449, 1467]
1202: [20, 22, 51, 76, 95, 125, 142, 165, 190, 198, 223, 230, 260, 294, 312, 318, 337, 342, 351, 383, 385, 415, 500, 668, 684, 713, 769, 777, 799, 803, 826, 838, 864, 868, 886, 898, 908, 928, 965, 974, 975, 977, 1080, 1081, 1107, 1122, 1140, 1163, 1180, 1196, 1201, 1203, 1213, 1223, 1228, 1230, 1244, 1260, 1292, 1306, 1313, 1316, 1358, 1360, 1363, 1370, 1403, 1434, 1456, 1471, 1498]
1203: [24, 60, 71, 98, 104, 170, 192, 218, 281, 311, 321, 347, 349, 365, 376, 424, 440, 511, 522, 524, 566, 597, 598, 623, 628, 652, 661, 667, 669, 671, 672, 679, 684, 697, 714, 755, 765, 830, 831, 836, 848, 877, 884, 892, 905, 914, 915, 935, 943, 944, 945, 951, 953, 977, 981, 990, 1041, 1059, 1112, 1113, 1160, 1177, 1178, 1181, 1202, 1204, 1213, 1233, 1239, 1272, 1322, 1326, 1375, 1384, 1389, 1397, 1419, 1420, 1426, 1428, 1432, 1441, 1498]
1204: [53, 57, 84, 101, 136, 140, 151, 170, 173, 175, 197, 210, 235, 246, 288, 291, 307, 319, 336, 367, 400, 461, 463, 484, 542, 563, 604, 708, 732, 736, 737, 818, 861, 926, 928, 951, 956, 959, 975, 976, 1000, 1014, 1024, 1062, 1065, 1068, 1098, 1105, 1110, 1158, 1178, 1203, 1205, 1235, 1250, 1274, 1281, 1287, 1314, 1345, 1352, 1364, 1372, 1384, 1387, 1405, 1433, 1435, 1469, 1472, 1477, 1479]
1205: [39, 66, 76, 80, 91, 115, 129, 150, 163, 171, 175, 181, 186, 196, 213, 242, 248, 266, 364, 382, 467, 471, 494, 500, 517, 525, 554, 568, 582, 601, 608, 624, 644, 653, 687, 699, 707, 718, 742, 747, 761, 764, 773, 778, 831, 862, 866, 907, 923, 946, 950, 964, 970, 981, 986, 1029, 1050, 1061, 1111, 1113, 1117, 1132, 1204, 1206, 1208, 1257, 1278, 1286, 1288, 1296, 1297, 1301, 1311, 1382, 1477]
1206: [18, 23, 25, 35, 37, 54, 56, 85, 106, 159, 163, 214, 224, 228, 289, 294, 312, 316, 328, 350, 363, 380, 394, 405, 433, 448, 476, 485, 493, 518, 558, 587, 588, 599, 623, 624, 637, 651, 657, 669, 688, 696, 755, 771, 780, 784, 833, 836, 904, 911, 925, 966, 967, 1006, 1017, 1049, 1101, 1104, 1111, 1115, 1124, 1144, 1167, 1191, 1205, 1207, 1245, 1253, 1260, 1280, 1286, 1293, 1295, 1320, 1328, 1343, 1351, 1353, 1380, 1417, 1419, 1420, 1421, 1447, 1478]
1207: [30, 36, 43, 53, 56, 71, 83, 99, 121, 166, 240, 245, 264, 267, 272, 284, 294, 298, 312, 334, 368, 380, 386, 391, 409, 412, 427, 432, 442, 478, 479, 487, 505, 541, 552, 553, 562, 567, 571, 595, 602, 628, 638, 670, 677, 687, 709, 716, 721, 747, 777, 786, 789, 790, 812, 816, 830, 843, 847, 848, 854, 864, 876, 898, 904, 969, 994, 995, 1006, 1007, 1014, 1017, 1041, 1081, 1160, 1162, 1181, 1206, 1208, 1227, 1231, 1258, 1263, 1292, 1320, 1330, 1356, 1371, 1436, 1446, 1449, 1454]
1208: [22, 34, 78, 81, 186, 188, 197, 206, 221, 226, 229, 243, 245, 250, 295, 347, 358, 362, 371, 373, 402, 404, 407, 437, 451, 466, 476, 483, 504, 537, 545, 548, 560, 563, 584, 592, 610, 645, 681, 688, 689, 696, 728, 731, 740, 793, 801, 806, 808, 831, 877, 922, 937, 966, 1022, 1046, 1053, 1080, 1118, 1123, 1128, 1138, 1170, 1197, 1205, 1207, 1209, 1263, 1276, 1277, 1293, 1312, 1325, 1326, 1335, 1374, 1384, 1423, 1465, 1473]
1209: [20, 28, 36, 41, 63, 77, 85, 100, 107, 108, 154, 171, 190, 240, 258, 318, 322, 355, 356, 370, 375, 419, 426, 469, 503, 507, 526, 551, 565, 569, 571, 581, 593, 600, 644, 694, 708, 721, 727, 737, 748, 750, 765, 766, 767, 780, 783, 807, 831, 849, 860, 885, 887, 928, 950, 957, 958, 1020, 1093, 1119, 1133, 1141, 1151, 1162, 1166, 1177, 1182, 1199, 1208, 1210, 1213, 1249, 1257, 1265, 1269, 1272, 1276, 1308, 1336, 1363, 1386, 1409, 1411, 1412, 1439, 1473]
1210: [45, 50, 51, 89, 95, 164, 173, 175, 179, 210, 228, 251, 260, 266, 289, 372, 389, 434, 458, 487, 526, 585, 620, 652, 727, 769, 785, 807, 835, 843, 848, 867, 901, 903, 919, 927, 944, 954, 970, 977, 1012, 1018, 1029, 1099, 1172, 1185, 1187, 1209, 1211, 1214, 1215, 1216, 1242, 1262, 1264, 1266, 1277, 1281, 1306, 1311, 1346, 1349, 1403, 1416, 1417, 1423, 1425, 1439, 1480, 1481]
1211: [39, 60, 112, 119, 129, 136, 157, 172, 188, 197, 206, 212, 228, 301, 319, 326, 327, 332, 364, 366, 419, 454, 469, 477, 480, 528, 534, 553, 567, 627, 631, 650, 652, 676, 696, 781, 808, 817, 841, 842, 877, 912, 923, 975, 996, 1012, 1060, 1061, 1069, 1083, 1100, 1135, 1146, 1148, 1155, 1169, 1181, 1197, 1210, 1212, 1262, 1267, 1271, 1303, 1313, 1329, 1333, 1345, 1348, 1357, 1369, 1372, 1416, 1480, 1486, 1489, 1499]
1212: [30, 65, 99, 109, 113, 130, 142, 235, 287, 298, 311, 316, 323, 337, 344, 378, 381, 393, 428, 436, 479, 518, 583, 609, 622, 664, 684, 723, 754, 784, 791, 794, 805, 862, 877, 889, 929, 934, 953, 957, 975, 1022, 1109, 1135, 1156, 1211, 1213, 1229, 1251, 1300, 1348, 1377, 1407, 1421, 1438, 1446, 1475, 1481]
1213: [22, 31, 47, 51, 82, 108, 146, 175, 192, 201, 202, 260, 265, 289, 308, 329, 349, 381, 422, 439, 470, 484, 546, 548, 569, 576, 630, 649, 680, 683, 696, 726, 738, 741, 751, 758, 769, 807, 812, 843, 859, 909, 951, 980, 1028, 1095, 1150, 1189, 1193, 1202, 1203, 1209, 1212, 1214, 1217, 1242, 1246, 1277, 1283, 1294, 1300, 1303, 1310, 1315, 1325, 1338, 1339, 1356, 1382, 1393, 1416, 1419, 1441, 1459, 1467, 1472, 1473]
1214: [45, 59, 61, 98, 136, 168, 194, 228, 229, 230, 263, 274, 289, 334, 366, 424, 458, 462, 481, 494, 502, 518, 550, 562, 578, 604, 614, 633, 639, 664, 682, 707, 740, 758, 771, 776, 780, 792, 830, 835, 837, 846, 871, 874, 882, 918, 932, 944, 960, 969, 971, 991, 1013, 1024, 1038, 1053, 1057, 1060, 1103, 1120, 1142, 1147, 1171, 1201, 1210, 1213, 1215, 1229, 1261, 1265, 1271, 1272, 1299, 1318, 1341, 1347, 1348, 1386, 1389, 1419, 1421, 1424, 1432, 1439]
1215: [14, 20, 35, 50, 52, 79, 101, 149, 161, 174, 176, 205, 213, 230, 235, 289, 304, 305, 321, 326, 334, 366, 380, 391, 393, 395, 405, 426, 441, 448, 459, 498, 543, 545, 566, 578, 593, 627, 633, 639, 642, 649, 654, 732, 751, 776, 786, 792, 794, 849, 877, 922, 939, 947, 980, 985, 992, 1007, 1022, 1024, 1055, 1064, 1081, 1143, 1179, 1210, 1214, 1216, 1256, 1273, 1320, 1362, 1391, 1415, 1431, 1474, 1477]
1216: [38, 46, 53, 60, 85, 123, 138, 154, 165, 166, 174, 190, 204, 278, 280, 296, 297, 310, 344, 353, 376, 394, 398, 399, 407, 429, 442, 497, 499, 504, 539, 551, 576, 578, 630, 666, 682, 685, 707, 712, 718, 734, 781, 822, 866, 888, 895, 897, 912, 942, 956, 960, 1023, 1037, 1050, 1079, 1094, 1106, 1130, 1171, 1192, 1210, 1215, 1217, 1234, 1284, 1293, 1302, 1317, 1328, 1336, 1337, 1362, 1445, 1465, 1479, 1499]
1217: [30, 31, 52, 77, 118, 121, 162, 196, 232, 239, 253, 298, 308, 316, 372, 403, 404, 411, 438, 452, 457, 484, 491, 494, 503, 548, 550, 567, 591, 597, 649, 654, 701, 734, 741, 780, 781, 829, 837, 861, 881, 928, 937, 953, 962, 1006, 1014, 1071, 1072, 1081, 1123, 1153, 1154, 1157, 1162, 1164, 1213, 1216, 1218, 1235, 1245, 1253, 1287, 1300, 1314, 1325, 1371, 1386, 1411, 1419, 1424, 1462, 1487, 1498]
1218: [18, 55, 100, 122, 138, 144, 160, 180, 182, 224, 229, 244, 262, 269, 324, 327, 335, 365, 367, 396, 414, 424, 437, 440, 474, 483, 503, 523, 526, 529, 536, 570, 576, 580, 604, 652, 655, 668, 681, 722, 746, 789, 791, 801, 833, 838, 839, 852, 854, 855, 880, 882, 895, 902, 907, 915, 985, 1012, 1044, 1075, 1125, 1128, 1138, 1155, 1164, 1193, 1217, 1219, 1225, 1229, 1238, 1250, 1292, 1306, 1307, 1311, 1333, 1336, 1338, 1345, 1353, 1368, 1390, 1398, 1401, 1424, 1435, 1446, 1458, 1461, 1466, 1484]
1219: [35, 80, 96, 113, 122, 123, 144, 158, 262, 297, 310, 372, 477, 483, 524, 529, 543, 552, 653, 662, 665, 675, 740, 776, 792, 816, 833, 845, 870, 897, 902, 906, 920, 965, 968, 978, 985, 992, 1002, 1017, 1044, 1091, 1098, 1111, 1163, 1196, 1218, 1220, 1228, 1233, 1236, 1239, 1277, 1290, 1295, 1321, 1349, 1358, 1359, 1370, 1381, 1390, 1398, 1455]
1220: [26, 50, 54, 107, 116, 130, 167, 232, 244, 267, 277, 279, 281, 282, 387, 394, 408, 414, 452, 457, 469, 504, 509, 514, 540, 590, 602, 604, 620, 622, 630, 644, 659, 673, 686, 688, 760, 781, 788, 795, 801, 862, 887, 894, 896, 930, 977, 992, 1011, 1024, 1040, 1048, 1074, 1116, 1133, 1150, 1184, 1219, 1221, 1222, 1223, 1227, 1263, 1265, 1299, 1327, 1330, 1340, 1343, 1452, 1463]
1221: [17, 36, 79, 80, 90, 93, 117, 127, 164, 166, 169, 193, 241, 338, 392, 431, 460, 500, 510, 513, 540, 558, 568, 588, 614, 654, 667, 679, 711, 719, 728, 747, 793, 810, 837, 855, 890, 939, 987, 1051, 1059, 1099, 1107, 1140, 1180, 1220, 1222, 1257, 1264, 1360, 1414, 1417, 1431, 1439, 1448, 1459]
1222: [60, 66, 102, 148, 164, 177, 225, 246, 257, 273, 277, 293, 299, 314, 325, 336, 353, 367, 416, 460, 473, 520, 562, 573, 600, 632, 657, 752, 781, 782, 815, 821, 826, 857, 868, 914, 918, 924, 927, 979, 992, 1003, 1025, 1030, 1031, 1062, 1073, 1081, 1085, 1130, 1156, 1164, 1193, 1201, 1220, 1221, 1223, 1226, 1259, 1270, 1290, 1308, 1332, 1356, 1368, 1377, 1385, 1398, 1469, 1473, 1479]
1223: [40, 56, 71, 101, 108, 128, 158, 165, 170, 172, 189, 207, 250, 255, 275, 295, 322, 333, 340, 350, 372, 398, 420, 425, 439, 451, 497, 537, 541, 554, 618, 635, 641, 646, 669, 713, 769, 783, 784, 791, 813, 830, 832, 849, 934, 971, 974, 993, 1022, 1053, 1054, 1059, 1066, 1112, 1116, 1146, 1178, 1202, 1220, 1222, 1224, 1225, 1230, 1240, 1242, 1288, 1314, 1326, 1351, 1374, 1385, 1392, 1408, 1419, 1420, 1421, 1427, 1444, 1460, 1461, 1496]
1224: [34, 53, 55, 95, 119, 148, 153, 164, 165, 169, 170, 174, 175, 196, 197, 205, 217, 219, 237, 268, 303, 312, 337, 360, 361, 371, 401, 483, 489, 505, 510, 533, 569, 587, 706, 707, 722, 742, 747, 749, 752, 761, 779, 785, 803, 814, 821, 853, 900, 960, 968, 983, 1013, 1022, 1031, 1043, 1106, 1129, 1134, 1138, 1157, 1160, 1186, 1188, 1197, 1223, 1225, 1229, 1233, 1268, 1282, 1319, 1357, 1396, 1407, 1408, 1424, 1428, 1451, 1492, 1493]
1225: [14, 20, 49, 53, 59, 62, 103, 105, 114, 150, 182, 183, 184, 190, 243, 253, 282, 284, 355, 378, 404, 419, 427, 448, 457, 503, 516, 531, 544, 583, 631, 640, 641, 652, 672, 676, 702, 711, 724, 752, 754, 780, 782, 807, 846, 868, 869, 924, 946, 958, 966, 970, 972, 990, 1010, 1013, 1016, 1043, 1065, 1080, 1089, 1094, 1106, 1119, 1125, 1126, 1128, 1131, 1154, 1180, 1218, 1223, 1224, 1226, 1230, 1254, 1273, 1282, 1317, 1364, 1367, 1371, 1378, 1398, 1421, 1436, 1444, 1471, 1474, 1483, 1496]
1226: [19, 42, 44, 45, 47, 59, 73, 109, 113, 124, 137, 139, 161, 173, 175, 200, 245, 250, 296, 332, 364, 386, 390, 399, 400, 420, 424, 455, 472, 479, 492, 498, 499, 521, 532, 536, 542, 584, 620, 644, 669, 702, 712, 761, 790, 797, 811, 823, 869, 885, 892, 914, 922, 931, 969, 978, 979, 1037, 1039, 1045, 1077, 1090, 1121, 1148, 1178, 1182, 1191, 1197, 1222, 1225, 1227, 1234, 1268, 1341, 1346, 1404, 1449, 1451, 1464, 1467, 1479]
1227: [24, 34, 40, 41, 42, 55, 57, 73, 74, 90, 93, 129, 155, 209, 226, 235, 271, 273, 277, 289, 300, 310, 311, 322, 386, 390, 399, 433, 450, 461, 471, 472, 489, 494, 497, 512, 513, 527, 541, 559, 560, 566, 585, 597, 600, 607, 645, 665, 680, 737, 767, 773, 839, 854, 855, 870, 882, 891, 1009, 1036, 1073, 1086, 1087, 1089, 1097, 1172, 1192, 1207, 1220, 1226, 1228, 1251, 1262, 1270, 1287, 1307, 1325, 1336, 1342, 1347, 1354, 1363, 1372, 1376, 1379, 1393, 1414, 1415, 1446, 1450, 1452, 1496]
1228: [24, 31, 35, 46, 69, 101, 132, 136, 179, 180, 197, 286, 325, 348, 371, 375, 395, 439, 458, 473, 478, 521, 540, 556, 560, 569, 580, 581, 601, 602, 610, 625, 675, 678, 708, 738, 755, 796, 841, 851, 866, 889, 895, 897, 926, 1005, 1023, 1038, 1050, 1053, 1096, 1101, 1104, 1123, 1125, 1126, 1135, 1136, 1152, 1158, 1161, 1173, 1184, 1188, 1202, 1219, 1227, 1229, 1247, 1252, 1304, 1306, 1312, 1319, 1335, 1336, 1360, 1385, 1388, 1396, 1416, 1444, 1489, 1497]
1229: [44, 70, 78, 117, 137, 170, 222, 224, 227, 244, 253, 274, 277, 284, 303, 321, 352, 419, 426, 453, 479, 481, 483, 511, 542, 548, 566, 572, 578, 579, 585, 599, 604, 611, 644, 658, 668, 673, 700, 704, 752, 797, 800, 827, 843, 846, 859, 861, 885, 888, 906, 920, 929, 935, 961, 1119, 1123, 1159, 1169, 1194, 1212, 1214, 1218, 1224, 1228, 1230, 1296, 1301, 1305, 1333, 1415, 1441]
1230: [33, 49, 56, 140, 168, 175, 180, 187, 194, 207, 242, 260, 262, 265, 280, 282, 292, 304, 316, 317, 330, 437, 442, 448, 470, 529, 546, 596, 602, 605, 620, 676, 693, 725, 741, 751, 752, 787, 794, 799, 817, 873, 901, 934, 943, 950, 957, 1047, 1062, 1071, 1073, 1083, 1094, 1115, 1117, 1118, 1124, 1175, 1184, 1199, 1202, 1223, 1225, 1229, 1231, 1241, 1250, 1262, 1280, 1312, 1386, 1393, 1440, 1454, 1460, 1476, 1477, 1480, 1493, 1496]
1231: [22, 30, 58, 72, 82, 100, 102, 131, 158, 192, 205, 226, 274, 329, 349, 352, 357, 435, 456, 459, 467, 485, 493, 495, 504, 510, 526, 537, 559, 562, 566, 584, 607, 629, 630, 681, 682, 684, 709, 716, 718, 751, 758, 759, 762, 776, 783, 807, 821, 838, 844, 900, 909, 1010, 1043, 1048, 1051, 1065, 1067, 1074, 1080, 1103, 1117, 1126, 1135, 1136, 1182, 1184, 1207, 1230, 1232, 1233, 1269, 1278, 1295, 1297, 1301, 1343, 1359, 1378, 1379, 1403, 1415, 1416, 1425, 1447, 1461, 1464, 1485]
1232: [32, 54, 58, 61, 65, 76, 83, 84, 90, 106, 133, 140, 150, 151, 160, 172, 208, 248, 284, 310, 315, 467, 475, 482, 527, 575, 634, 724, 731, 732, 769, 788, 806, 851, 886, 940, 962, 980, 1000, 1007, 1008, 1076, 1087, 1152, 1191, 1231, 1233, 1235, 1254, 1281, 1283, 1298, 1300, 1307, 1315, 1325, 1332, 1358, 1400, 1451]
1233: [23, 41, 52, 90, 96, 122, 157, 211, 222, 246, 263, 273, 321, 323, 324, 342, 355, 385, 406, 409, 421, 428, 468, 508, 555, 559, 611, 647, 680, 685, 720, 721, 741, 800, 807, 817, 848, 861, 897, 903, 968, 977, 990, 994, 995, 1002, 1008, 1022, 1027, 1090, 1103, 1123, 1127, 1136, 1172, 1200, 1203, 1219, 1224, 1231, 1232, 1234, 1243, 1265, 1316, 1320, 1380, 1401, 1406, 1407, 1421, 1428, 1485, 1495]
1234: [56, 75, 85, 102, 104, 109, 142, 190, 191, 201, 227, 247, 270, 276, 283, 290, 291, 328, 346, 348, 391, 396, 411, 415, 419, 426, 429, 435, 440, 469, 494, 510, 545, 608, 610, 640, 647, 664, 666, 692, 694, 708, 714, 721, 750, 769, 777, 792, 794, 807, 812, 836, 865, 877, 888, 920, 980, 992, 1024, 1036, 1040, 1077, 1079, 1083, 1134, 1216, 1226, 1233, 1235, 1237, 1240, 1247, 1249, 1279, 1290, 1325, 1333, 1418, 1429, 1482, 1489]
1235: [36, 54, 65, 152, 158, 185, 204, 205, 213, 221, 264, 274, 289, 319, 321, 323, 370, 388, 393, 430, 455, 467, 468, 516, 572, 608, 613, 628, 674, 700, 701, 707, 711, 720, 733, 739, 753, 765, 787, 808, 826, 833, 874, 884, 898, 953, 978, 1008, 1030, 1042, 1091, 1123, 1144, 1147, 1158, 1201, 1204, 1217, 1232, 1234, 1236, 1239, 1247, 1284, 1293, 1305, 1309, 1311, 1314, 1315, 1363, 1378, 1434, 1439, 1454, 1456]
1236: [17, 34, 95, 119, 166, 180, 200, 242, 248, 270, 287, 303, 341, 356, 363, 444, 454, 461, 465, 482, 521, 578, 679, 686, 687, 693, 709, 716, 722, 766, 846, 848, 878, 885, 887, 894, 981, 985, 1041, 1061, 1086, 1097, 1101, 1122, 1180, 1195, 1219, 1235, 1237, 1261, 1266, 1268, 1297, 1319, 1323, 1361, 1384, 1394, 1395, 1427, 1455, 1461, 1489]
1237: [23, 29, 53, 62, 70, 80, 103, 127, 152, 157, 166, 195, 226, 228, 244, 264, 272, 286, 291, 310, 324, 339, 377, 388, 427, 437, 472, 475, 482, 538, 580, 586, 600, 629, 642, 659, 664, 670, 774, 785, 787, 792, 843, 873, 890, 925, 942, 973, 1001, 1020, 1057, 1082, 1105, 1168, 1194, 1195, 1198, 1201, 1234, 1236, 1238, 1297, 1302, 1315, 1351, 1376, 1381, 1389, 1410, 1447, 1476, 1491, 1494]
1238: [43, 89, 121, 154, 231, 240, 266, 278, 336, 346, 359, 384, 407, 410, 434, 470, 483, 491, 534, 540, 542, 588, 648, 651, 727, 742, 767, 773, 779, 877, 894, 896, 908, 919, 957, 994, 1024, 1050, 1072, 1075, 1094, 1155, 1156, 1218, 1237, 1239, 1260, 1281, 1330, 1362, 1369, 1374, 1391, 1426, 1453]
1239: [24, 47, 54, 57, 60, 64, 73, 77, 84, 85, 96, 114, 142, 158, 167, 169, 200, 201, 202, 245, 274, 277, 280, 284, 301, 316, 324, 385, 393, 420, 456, 461, 469, 494, 551, 555, 603, 605, 685, 695, 699, 700, 703, 724, 725, 767, 785, 823, 824, 838, 866, 868, 924, 968, 975, 980, 1018, 1063, 1103, 1110, 1133, 1147, 1151, 1159, 1168, 1174, 1190, 1192, 1203, 1219, 1235, 1238, 1240, 1275, 1377, 1383, 1404, 1452]
1240: [16, 30, 40, 53, 71, 98, 122, 124, 125, 134, 136, 164, 179, 199, 205, 220, 229, 241, 284, 287, 361, 408, 415, 417, 440, 459, 461, 556, 568, 575, 604, 644, 653, 695, 699, 744, 750, 755, 757, 766, 776, 782, 788, 798, 799, 813, 817, 854, 861, 883, 899, 937, 938, 961, 984, 1008, 1011, 1044, 1051, 1063, 1088, 1103, 1168, 1179, 1187, 1199, 1223, 1234, 1239, 1241, 1263, 1304, 1338, 1347, 1384, 1393, 1412, 1426, 1429, 1430, 1439, 1459, 1460, 1480]
1241: [24, 30, 33, 39, 40, 63, 159, 172, 174, 175, 179, 201, 213, 214, 256, 271, 280, 303, 323, 342, 369, 370, 392, 443, 455, 497, 503, 505, 522, 550, 558, 596, 606, 617, 624, 630, 710, 718, 727, 746, 750, 754, 772, 795, 831, 850, 865, 873, 879, 892, 894, 901, 913, 971, 992, 1006, 1040, 1063, 1121, 1153, 1230, 1240, 1242, 1268, 1294, 1397, 1411, 1453, 1456, 1478, 1494, 1497]
1242: [41, 57, 61, 67, 115, 123, 143, 186, 197, 202, 211, 216, 237, 247, 249, 252, 282, 285, 295, 325, 337, 342, 365, 380, 399, 405, 407, 417, 425, 431, 506, 520, 528, 547, 571, 590, 605, 609, 614, 619, 627, 632, 636, 638, 666, 673, 684, 689, 779, 814, 871, 879, 881, 926, 949, 978, 987, 1013, 1046, 1057, 1125, 1152, 1189, 1195, 1197, 1210, 1213, 1223, 1241, 1243, 1268, 1394, 1436, 1454, 1465, 1475, 1485]
1243: [16, 46, 72, 88, 97, 101, 132, 133, 157, 196, 217, 225, 233, 242, 243, 340, 386, 400, 480, 494, 522, 543, 554, 562, 564, 624, 637, 650, 680, 691, 695, 699, 746, 774, 785, 795, 809, 826, 843, 871, 891, 901, 916, 977, 1006, 1050, 1055, 1063, 1116, 1132, 1159, 1174, 1177, 1233, 1242, 1244, 1245, 1255, 1296, 1338, 1340, 1345, 1349, 1357, 1364, 1378, 1446, 1460, 1462, 1498]
1244: [40, 82, 94, 100, 106, 110, 111, 123, 124, 148, 179, 210, 214, 215, 232, 245, 254, 261, 296, 300, 301, 317, 318, 321, 345, 368, 392, 408, 414, 470, 475, 491, 541, 562, 579, 605, 611, 616, 617, 626, 628, 629, 638, 659, 666, 671, 676, 702, 708, 766, 790, 803, 813, 819, 832, 851, 863, 868, 884, 888, 896, 897, 913, 928, 952, 974, 988, 997, 1003, 1057, 1058, 1079, 1083, 1089, 1114, 1121, 1130, 1154, 1156, 1194, 1202, 1243, 1245, 1255, 1257, 1258, 1294, 1304, 1308, 1311, 1320, 1326, 1353, 1402, 1407, 1421, 1422, 1436, 1441, 1450, 1458, 1470, 1483, 1490, 1493]
1245: [14, 24, 53, 88, 127, 178, 179, 184, 185, 202, 229, 242, 262, 301, 318, 338, 339, 348, 358, 376, 401, 411, 412, 469, 517, 531, 599, 634, 637, 645, 665, 700, 704, 723, 727, 739, 744, 750, 754, 761, 777, 779, 805, 825, 827, 853, 889, 905, 916, 964, 975, 989, 998, 1033, 1039, 1057, 1065, 1073, 1080, 1082, 1093, 1096, 1125, 1154, 1160, 1163, 1206, 1217, 1243, 1244, 1246, 1262, 1272, 1279, 1285, 1412, 1426, 1448, 1479, 1491]
1246: [20, 38, 58, 69, 78, 100, 127, 143, 148, 160, 163, 190, 193, 201, 221, 231, 246, 304, 331, 402, 426, 444, 457, 460, 471, 472, 493, 535, 577, 595, 605, 651, 653, 671, 677, 684, 719, 742, 759, 823, 826, 834, 847, 894, 933, 945, 970, 981, 986, 1010, 1036, 1086, 1115, 1124, 1155, 1157, 1170, 1188, 1192, 1213, 1245, 1247, 1327, 1328, 1376, 1380, 1470, 1477, 1486]
1247: [18, 22, 133, 134, 155, 198, 209, 214, 223, 243, 258, 260, 316, 324, 328, 356, 363, 369, 397, 423, 453, 462, 526, 540, 582, 583, 593, 603, 605, 606, 608, 643, 662, 688, 691, 700, 712, 734, 735, 738, 776, 806, 808, 821, 832, 854, 871, 872, 921, 934, 936, 941, 989, 1023, 1032, 1040, 1107, 1116, 1127, 1137, 1180, 1184, 1228, 1234, 1235, 1246, 1248, 1249, 1296, 1301, 1342, 1389, 1390, 1410, 1455, 1457, 1459, 1469]
1248: [18, 31, 73, 116, 133, 172, 174, 272, 308, 315, 336, 341, 349, 361, 365, 368, 379, 473, 485, 495, 512, 566, 604, 635, 652, 692, 696, 730, 742, 745, 748, 770, 778, 786, 807, 810, 835, 855, 857, 867, 879, 910, 928, 952, 988, 1021, 1027, 1120, 1121, 1155, 1171, 1186, 1247, 1249, 1272, 1274, 1292, 1294, 1298, 1332, 1357, 1363, 1437, 1440, 1451, 1475]
1249: [22, 55, 78, 101, 132, 135, 141, 148, 150, 154, 183, 190, 196, 212, 231, 296, 318, 331, 340, 380, 391, 398, 433, 445, 465, 467, 513, 515, 521, 533, 546, 599, 601, 669, 715, 717, 799, 804, 807, 811, 814, 818, 843, 854, 889, 928, 934, 937, 1005, 1013, 1028, 1082, 1091, 1137, 1146, 1209, 1234, 1247, 1248, 1250, 1277, 1309, 1321, 1326, 1351, 1354, 1476, 1487, 1494, 1496]
1250: [49, 59, 70, 82, 90, 128, 131, 183, 186, 188, 229, 258, 260, 291, 298, 303, 305, 338, 416, 440, 470, 479, 486, 506, 524, 529, 551, 561, 581, 587, 639, 640, 644, 648, 682, 699, 733, 749, 780, 805, 813, 816, 837, 846, 875, 884, 899, 925, 928, 938, 974, 981, 982, 993, 1001, 1003, 1011, 1015, 1019, 1020, 1023, 1041, 1062, 1067, 1092, 1104, 1143, 1146, 1163, 1194, 1204, 1218, 1230, 1249, 1251, 1271, 1284, 1323, 1329, 1434, 1446, 1450, 1485, 1489, 1491]
1251: [43, 82, 134, 151, 158, 173, 209, 236, 240, 246, 300, 335, 354, 428, 445, 473, 480, 512, 532, 537, 559, 568, 576, 590, 611, 624, 640, 648, 655, 658, 720, 726, 733, 768, 776, 837, 855, 903, 907, 911, 936, 955, 960, 976, 978, 988, 989, 1023, 1028, 1033, 1036, 1054, 1057, 1059, 1085, 1124, 1152, 1161, 1167, 1180, 1191, 1212, 1227, 1250, 1252, 1253, 1259, 1267, 1329, 1434, 1440, 1450, 1466, 1492]
1252: [42, 46, 50, 62, 69, 94, 216, 225, 255, 272, 288, 291, 352, 360, 376, 380, 394, 431, 433, 442, 452, 499, 545, 560, 578, 606, 631, 633, 648, 651, 667, 677, 692, 701, 708, 724, 738, 752, 756, 762, 805, 840, 843, 852, 878, 918, 920, 938, 994, 1003, 1041, 1062, 1073, 1075, 1120, 1150, 1156, 1187, 1228, 1251, 1253, 1265, 1269, 1273, 1284, 1334, 1337, 1355, 1399, 1419, 1454, 1474, 1476, 1481]
1253: [16, 31, 45, 75, 104, 116, 163, 185, 236, 285, 307, 365, 389, 405, 428, 441, 456, 459, 484, 487, 510, 553, 555, 561, 576, 588, 614, 624, 646, 648, 654, 703, 715, 737, 738, 749, 750, 786, 830, 831, 856, 922, 928, 981, 990, 997, 1009, 1020, 1024, 1054, 1073, 1122, 1180, 1185, 1206, 1217, 1251, 1252, 1254, 1282, 1297, 1318, 1325, 1332, 1341, 1362, 1378, 1434, 1441, 1443, 1453, 1458]
1254: [19, 20, 24, 34, 82, 108, 131, 136, 168, 169, 175, 186, 190, 204, 216, 222, 227, 242, 244, 273, 277, 296, 331, 349, 370, 395, 399, 402, 425, 451, 471, 481, 497, 506, 521, 535, 541, 555, 574, 588, 600, 631, 637, 638, 640, 653, 662, 709, 711, 746, 758, 773, 796, 799, 806, 833, 844, 862, 864, 883, 885, 908, 922, 936, 944, 947, 962, 966, 989, 999, 1002, 1008, 1009, 1023, 1028, 1042, 1052, 1053, 1076, 1079, 1133, 1149, 1150, 1173, 1196, 1225, 1232, 1253, 1255, 1322, 1343, 1375, 1382, 1396, 1399, 1423, 1460]
1255: [29, 30, 32, 66, 81, 107, 109, 116, 122, 127, 132, 134, 148, 165, 182, 202, 254, 256, 269, 270, 284, 312, 322, 325, 349, 358, 418, 485, 512, 518, 532, 543, 563, 579, 581, 604, 643, 656, 659, 666, 684, 685, 701, 706, 749, 753, 776, 795, 819, 831, 845, 852, 865, 868, 916, 933, 943, 965, 984, 1044, 1055, 1107, 1113, 1127, 1147, 1152, 1166, 1177, 1243, 1244, 1254, 1256, 1314, 1326, 1327, 1352, 1392, 1415, 1416, 1450, 1459, 1475, 1476, 1477, 1482, 1487, 1490]
1256: [16, 25, 73, 81, 87, 89, 172, 233, 236, 272, 276, 279, 301, 311, 330, 385, 389, 391, 392, 405, 410, 417, 447, 479, 491, 498, 521, 537, 545, 587, 590, 600, 634, 663, 695, 701, 706, 754, 774, 784, 794, 801, 870, 911, 922, 937, 954, 958, 969, 994, 1000, 1032, 1089, 1114, 1117, 1127, 1148, 1156, 1158, 1215, 1255, 1257, 1264, 1265, 1275, 1291, 1307, 1314, 1357, 1360, 1396, 1452, 1454, 1466, 1484, 1489, 1491]
1257: [24, 36, 38, 40, 49, 63, 66, 85, 104, 130, 132, 154, 195, 207, 218, 243, 337, 383, 395, 401, 420, 441, 455, 461, 516, 536, 540, 572, 594, 598, 609, 657, 695, 720, 722, 752, 760, 797, 798, 821, 852, 868, 915, 916, 919, 949, 953, 963, 1001, 1002, 1033, 1065, 1066, 1068, 1091, 1093, 1134, 1156, 1157, 1163, 1189, 1205, 1209, 1221, 1244, 1256, 1258, 1306, 1310, 1311, 1317, 1337, 1358, 1426, 1442, 1445, 1472, 1487]
1258: [55, 56, 96, 127, 137, 197, 199, 251, 254, 261, 325, 353, 396, 435, 454, 465, 477, 486, 501, 504, 540, 549, 559, 618, 652, 682, 731, 752, 757, 763, 771, 774, 777, 789, 817, 825, 849, 855, 878, 903, 919, 942, 969, 1057, 1073, 1096, 1114, 1122, 1141, 1148, 1149, 1166, 1182, 1207, 1244, 1257, 1259, 1339, 1342, 1396, 1409, 1414, 1472, 1499]
1259: [23, 29, 69, 72, 80, 148, 180, 189, 234, 237, 239, 241, 286, 324, 350, 395, 439, 440, 453, 470, 471, 486, 496, 502, 504, 553, 578, 579, 601, 636, 654, 663, 702, 755, 758, 833, 843, 865, 885, 920, 948, 953, 956, 979, 982, 984, 1004, 1043, 1047, 1050, 1078, 1095, 1098, 1112, 1119, 1130, 1161, 1182, 1194, 1222, 1251, 1258, 1260, 1266, 1276, 1304, 1338, 1343, 1379, 1381, 1401, 1403, 1431, 1432, 1448, 1462, 1470, 1479, 1487, 1491]
1260: [16, 21, 38, 79, 135, 137, 172, 207, 214, 258, 264, 269, 332, 342, 420, 438, 445, 473, 485, 520, 543, 580, 609, 623, 629, 633, 647, 649, 658, 690, 697, 701, 733, 737, 739, 773, 774, 819, 824, 874, 881, 909, 911, 925, 970, 977, 1005, 1096, 1114, 1142, 1148, 1164, 1200, 1201, 1202, 1206, 1238, 1259, 1261, 1263, 1271, 1274, 1321, 1340, 1341, 1352, 1357, 1398, 1424, 1426, 1470, 1471, 1493, 1498]
1261: [19, 43, 49, 57, 79, 90, 145, 167, 184, 201, 204, 213, 232, 241, 247, 259, 276, 324, 326, 328, 331, 333, 354, 392, 413, 422, 433, 555, 573, 617, 658, 694, 706, 712, 722, 747, 764, 780, 789, 793, 812, 823, 826, 849, 882, 885, 903, 935, 936, 937, 940, 982, 1045, 1060, 1073, 1104, 1142, 1158, 1195, 1200, 1214, 1236, 1260, 1262, 1283, 1292, 1361, 1373, 1388, 1411, 1424, 1436, 1449, 1460, 1485, 1489]
1262: [26, 33, 35, 69, 120, 130, 132, 162, 173, 181, 197, 205, 234, 270, 291, 324, 391, 407, 474, 480, 494, 513, 529, 533, 547, 577, 580, 602, 617, 620, 621, 700, 787, 802, 820, 830, 833, 840, 854, 862, 871, 882, 911, 934, 983, 988, 999, 1008, 1016, 1025, 1053, 1067, 1071, 1092, 1154, 1181, 1186, 1210, 1211, 1227, 1230, 1245, 1261, 1263, 1292, 1303, 1309, 1337, 1345, 1361, 1420, 1431, 1433, 1446, 1451, 1464]
1263: [84, 85, 103, 134, 145, 150, 183, 207, 221, 230, 244, 251, 279, 301, 314, 338, 373, 431, 450, 453, 483, 500, 502, 522, 572, 589, 591, 601, 602, 615, 616, 637, 639, 694, 737, 764, 781, 797, 840, 871, 940, 956, 958, 970, 992, 1036, 1064, 1077, 1080, 1102, 1103, 1106, 1128, 1146, 1153, 1166, 1207, 1208, 1220, 1240, 1260, 1262, 1264, 1265, 1317, 1333, 1335, 1368, 1377, 1385, 1392, 1420, 1439, 1448, 1472, 1482, 1491]
1264: [57, 70, 81, 99, 116, 128, 145, 157, 187, 190, 226, 266, 311, 340, 344, 365, 382, 390, 408, 451, 540, 612, 644, 681, 691, 738, 749, 750, 782, 829, 835, 836, 849, 850, 851, 868, 873, 888, 894, 951, 990, 1012, 1027, 1051, 1063, 1115, 1146, 1157, 1210, 1221, 1256, 1263, 1265, 1266, 1279, 1280, 1299, 1359, 1362, 1378, 1382, 1390, 1435, 1439, 1440, 1447, 1456, 1458, 1477, 1496]
1265: [16, 26, 27, 54, 55, 57, 60, 64, 73, 81, 83, 95, 117, 126, 156, 184, 198, 263, 272, 278, 287, 298, 335, 344, 354, 419, 429, 444, 472, 479, 486, 503, 528, 538, 546, 547, 564, 570, 597, 624, 658, 667, 683, 719, 733, 734, 747, 769, 776, 809, 836, 882, 923, 945, 963, 1012, 1049, 1053, 1087, 1091, 1092, 1133, 1136, 1164, 1194, 1209, 1214, 1220, 1233, 1252, 1256, 1263, 1264, 1266, 1309, 1338, 1362, 1406, 1410, 1415, 1453]
1266: [40, 53, 114, 118, 131, 149, 153, 186, 190, 195, 197, 206, 211, 228, 230, 274, 321, 354, 367, 381, 419, 443, 449, 470, 475, 494, 495, 506, 535, 545, 555, 558, 561, 606, 618, 621, 633, 636, 647, 663, 674, 686, 699, 741, 753, 776, 785, 794, 813, 817, 821, 865, 891, 968, 974, 983, 991, 1020, 1026, 1028, 1060, 1074, 1141, 1195, 1210, 1236, 1259, 1264, 1265, 1267, 1293, 1297, 1324, 1340, 1354, 1359, 1361, 1390, 1392, 1394, 1428, 1455, 1458, 1463, 1481]
1267: [22, 36, 69, 90, 97, 114, 174, 181, 261, 263, 284, 301, 303, 362, 382, 385, 393, 403, 429, 436, 476, 487, 492, 540, 544, 545, 550, 593, 595, 624, 631, 651, 677, 681, 704, 722, 724, 767, 862, 877, 902, 928, 946, 954, 962, 966, 985, 1020, 1033, 1040, 1049, 1108, 1148, 1157, 1162, 1194, 1211, 1251, 1266, 1268, 1280, 1295, 1298, 1333, 1345, 1349, 1351, 1365, 1371, 1445, 1464, 1468, 1471]
1268: [23, 75, 101, 127, 204, 207, 209, 218, 244, 246, 269, 273, 314, 345, 365, 384, 388, 441, 442, 482, 494, 500, 504, 516, 521, 528, 558, 564, 589, 605, 606, 614, 621, 715, 727, 743, 756, 804, 811, 823, 828, 837, 838, 855, 887, 914, 922, 939, 954, 957, 993, 998, 1037, 1065, 1073, 1083, 1092, 1094, 1100, 1151, 1193, 1196, 1224, 1226, 1236, 1241, 1242, 1267, 1269, 1292, 1330, 1357, 1362, 1366, 1369, 1432, 1435, 1443, 1446, 1467, 1472, 1482, 1487, 1489]
1269: [25, 29, 49, 116, 121, 132, 180, 243, 267, 277, 306, 314, 316, 325, 332, 349, 352, 353, 370, 390, 402, 403, 425, 453, 467, 468, 475, 488, 491, 504, 525, 546, 553, 558, 579, 595, 649, 651, 652, 654, 728, 782, 793, 797, 801, 819, 851, 906, 911, 915, 935, 945, 956, 963, 977, 990, 1005, 1012, 1057, 1091, 1120, 1141, 1187, 1193, 1194, 1201, 1209, 1231, 1252, 1268, 1270, 1277, 1317, 1323, 1332, 1361, 1382, 1396, 1403, 1462, 1476, 1486]
1270: [67, 79, 85, 90, 91, 93, 102, 103, 107, 138, 152, 153, 177, 185, 195, 196, 281, 287, 320, 368, 391, 396, 439, 468, 470, 485, 522, 574, 613, 619, 626, 703, 755, 770, 776, 790, 811, 839, 844, 874, 879, 929, 952, 1013, 1050, 1054, 1109, 1121, 1122, 1140, 1155, 1163, 1164, 1186, 1188, 1222, 1227, 1269, 1271, 1352, 1369, 1388, 1412, 1429, 1431, 1484, 1485]
1271: [14, 22, 49, 99, 107, 113, 148, 168, 200, 207, 228, 241, 247, 256, 303, 306, 339, 342, 361, 370, 391, 433, 440, 458, 464, 466, 484, 496, 498, 503, 507, 518, 581, 625, 629, 650, 654, 663, 670, 686, 739, 769, 801, 884, 891, 895, 901, 903, 915, 926, 936, 940, 974, 979, 1011, 1021, 1066, 1070, 1083, 1096, 1110, 1122, 1139, 1144, 1148, 1166, 1178, 1211, 1214, 1250, 1260, 1270, 1272, 1286, 1342, 1345, 1364, 1370, 1392, 1403, 1414, 1423, 1443, 1447, 1454, 1458, 1470, 1492]
1272: [19, 23, 30, 45, 53, 75, 94, 97, 102, 155, 206, 216, 225, 257, 267, 269, 271, 272, 294, 295, 300, 322, 341, 378, 419, 429, 444, 454, 455, 467, 476, 547, 562, 586, 599, 646, 657, 719, 725, 770, 788, 803, 815, 826, 908, 912, 915, 932, 944, 962, 983, 987, 999, 1118, 1120, 1128, 1136, 1141, 1149, 1200, 1203, 1209, 1214, 1245, 1248, 1271, 1273, 1289, 1311, 1346, 1362, 1372, 1375, 1431, 1480, 1495]
1273: [24, 30, 69, 71, 74, 106, 113, 126, 187, 198, 225, 250, 270, 293, 298, 342, 348, 356, 372, 395, 402, 422, 443, 463, 472, 477, 502, 564, 568, 614, 620, 622, 655, 660, 696, 752, 790, 819, 822, 832, 842, 847, 854, 868, 881, 1003, 1009, 1011, 1057, 1131, 1136, 1140, 1149, 1158, 1166, 1171, 1175, 1215, 1225, 1252, 1272, 1274, 1292, 1312, 1333, 1342, 1349, 1365, 1382, 1426, 1449, 1476]
1274: [32, 63, 72, 100, 102, 117, 127, 145, 148, 150, 173, 179, 190, 249, 252, 290, 292, 312, 329, 335, 370, 385, 409, 417, 433, 459, 473, 475, 485, 491, 521, 593, 595, 625, 632, 646, 678, 709, 711, 714, 737, 756, 757, 770, 782, 783, 788, 795, 798, 805, 820, 824, 827, 833, 875, 887, 899, 901, 906, 925, 935, 946, 948, 969, 987, 997, 1004, 1015, 1038, 1045, 1052, 1058, 1095, 1106, 1152, 1182, 1191, 1194, 1204, 1248, 1260, 1273, 1275, 1305, 1332, 1353, 1356, 1357, 1404, 1405, 1413, 1433, 1442, 1472, 1480, 1486]
1275: [25, 31, 68, 83, 92, 99, 109, 160, 172, 181, 193, 194, 231, 239, 267, 283, 311, 339, 364, 416, 428, 430, 440, 451, 499, 502, 511, 528, 570, 577, 584, 610, 629, 631, 641, 649, 656, 661, 668, 752, 754, 782, 792, 795, 809, 835, 845, 862, 913, 917, 922, 938, 1018, 1028, 1042, 1052, 1066, 1086, 1130, 1150, 1163, 1183, 1190, 1239, 1256, 1274, 1276, 1342, 1346, 1365, 1387, 1419, 1424, 1427, 1431, 1452, 1470, 1472, 1487, 1497]
1276: [24, 45, 47, 75, 76, 81, 100, 114, 122, 126, 141, 170, 206, 222, 259, 284, 296, 328, 349, 378, 382, 397, 400, 410, 417, 420, 491, 551, 572, 575, 576, 581, 591, 595, 612, 755, 758, 760, 772, 773, 775, 777, 806, 820, 821, 854, 871, 880, 896, 899, 907, 917, 936, 944, 949, 1017, 1036, 1048, 1077, 1116, 1123, 1125, 1133, 1172, 1188, 1208, 1209, 1259, 1275, 1277, 1282, 1293, 1305, 1328, 1331, 1334, 1370, 1436, 1450, 1455, 1485]
1277: [27, 35, 44, 81, 91, 105, 110, 141, 188, 202, 228, 235, 245, 262, 296, 300, 318, 330, 334, 377, 382, 406, 420, 422, 469, 490, 492, 509, 521, 581, 594, 599, 614, 632, 634, 694, 696, 709, 720, 741, 744, 771, 797, 807, 841, 857, 858, 864, 867, 889, 942, 950, 959, 967, 975, 1013, 1018, 1083, 1119, 1138, 1139, 1157, 1160, 1170, 1174, 1184, 1196, 1208, 1210, 1213, 1219, 1249, 1269, 1276, 1278, 1298, 1307, 1348, 1362, 1371, 1372, 1395, 1407, 1412, 1468, 1495]
1278: [24, 40, 57, 89, 145, 149, 156, 184, 206, 209, 258, 281, 286, 299, 319, 327, 371, 378, 415, 425, 464, 485, 493, 552, 563, 593, 607, 636, 646, 679, 740, 812, 817, 835, 849, 877, 892, 895, 906, 921, 941, 946, 950, 966, 983, 984, 1012, 1018, 1036, 1124, 1141, 1149, 1180, 1205, 1231, 1277, 1279, 1283, 1292, 1299, 1335, 1346, 1361, 1373, 1396, 1399, 1412, 1424, 1457]
1279: [18, 41, 45, 58, 96, 108, 128, 155, 173, 193, 202, 203, 215, 223, 236, 263, 273, 294, 322, 366, 384, 388, 407, 457, 470, 508, 536, 550, 569, 600, 680, 684, 686, 692, 703, 722, 781, 845, 855, 921, 923, 937, 947, 962, 1016, 1027, 1038, 1040, 1051, 1054, 1078, 1103, 1108, 1109, 1112, 1116, 1142, 1143, 1234, 1245, 1264, 1278, 1280, 1291, 1300, 1307, 1309, 1361, 1362, 1370, 1441, 1469, 1480, 1484, 1491, 1497]
1280: [26, 28, 29, 108, 140, 148, 208, 215, 236, 267, 291, 309, 315, 316, 319, 322, 346, 356, 363, 390, 406, 415, 435, 438, 478, 483, 507, 534, 538, 574, 622, 658, 683, 697, 705, 716, 804, 807, 822, 829, 853, 857, 883, 900, 928, 940, 972, 974, 985, 995, 1000, 1019, 1027, 1059, 1068, 1079, 1099, 1170, 1171, 1192, 1206, 1230, 1264, 1267, 1279, 1281, 1323, 1327, 1378, 1412, 1414, 1424, 1426, 1498]
1281: [32, 87, 95, 132, 137, 141, 195, 205, 221, 315, 360, 365, 385, 399, 401, 404, 429, 462, 474, 478, 520, 524, 535, 547, 560, 602, 625, 701, 705, 726, 727, 749, 751, 753, 757, 761, 770, 803, 818, 852, 870, 879, 905, 921, 940, 968, 973, 978, 989, 1003, 1007, 1008, 1022, 1058, 1062, 1065, 1081, 1124, 1165, 1183, 1204, 1210, 1232, 1238, 1280, 1282, 1283, 1285, 1317, 1376, 1383, 1384, 1404, 1443, 1470]
1282: [18, 21, 24, 32, 42, 49, 55, 76, 78, 90, 97, 137, 149, 187, 191, 204, 217, 219, 256, 269, 294, 304, 316, 321, 333, 386, 420, 495, 524, 539, 540, 619, 677, 710, 719, 720, 724, 752, 797, 849, 854, 886, 894, 900, 909, 998, 1019, 1023, 1046, 1088, 1171, 1224, 1225, 1253, 1276, 1281, 1283, 1299, 1337, 1344, 1351, 1395, 1426, 1443, 1444, 1453, 1460, 1469, 1470]
1283: [18, 36, 52, 62, 114, 138, 145, 241, 247, 250, 251, 265, 274, 317, 335, 437, 442, 480, 495, 497, 532, 538, 580, 614, 625, 635, 649, 673, 707, 723, 750, 757, 770, 798, 814, 835, 839, 844, 853, 894, 915, 940, 965, 990, 1006, 1013, 1026, 1036, 1089, 1112, 1126, 1134, 1139, 1150, 1162, 1173, 1213, 1232, 1261, 1278, 1281, 1282, 1284, 1301, 1303, 1304, 1330, 1334, 1349, 1363, 1368, 1387, 1406, 1430, 1439, 1487, 1495]
1284: [27, 28, 67, 97, 109, 112, 114, 134, 139, 142, 173, 174, 185, 191, 193, 220, 232, 246, 326, 386, 418, 451, 460, 461, 472, 481, 482, 484, 489, 534, 540, 553, 616, 666, 682, 693, 702, 719, 720, 728, 751, 797, 816, 824, 830, 850, 859, 870, 911, 917, 922, 935, 955, 990, 1029, 1034, 1046, 1098, 1106, 1144, 1148, 1176, 1216, 1235, 1250, 1252, 1283, 1285, 1299, 1317, 1334, 1364, 1378, 1392, 1405, 1417, 1419, 1430, 1494]
1285: [25, 45, 130, 135, 154, 180, 182, 189, 222, 236, 299, 328, 346, 407, 445, 448, 468, 477, 482, 491, 517, 590, 604, 618, 626, 664, 669, 677, 729, 779, 799, 823, 846, 877, 880, 885, 887, 894, 918, 923, 981, 1025, 1027, 1043, 1044, 1051, 1060, 1078, 1123, 1144, 1146, 1154, 1196, 1245, 1281, 1284, 1286, 1291, 1306, 1309, 1323, 1373, 1377, 1431, 1434, 1436]
1286: [25, 33, 52, 75, 129, 145, 151, 187, 212, 229, 251, 254, 303, 322, 331, 359, 364, 372, 389, 394, 411, 412, 416, 432, 454, 456, 457, 464, 470, 475, 501, 508, 533, 546, 570, 584, 636, 680, 696, 702, 734, 756, 761, 785, 791, 798, 803, 813, 816, 864, 893, 894, 923, 925, 947, 970, 998, 1006, 1018, 1157, 1162, 1185, 1187, 1205, 1206, 1271, 1285, 1287, 1321, 1346, 1357, 1370, 1389, 1401, 1423, 1452, 1469]
1287: [44, 56, 85, 96, 111, 117, 126, 137, 170, 180, 214, 217, 240, 241, 261, 262, 302, 311, 324, 331, 344, 354, 368, 386, 428, 450, 451, 457, 571, 616, 653, 696, 714, 727, 758, 811, 818, 830, 832, 855, 871, 885, 926, 946, 957, 958, 975, 994, 1016, 1025, 1045, 1047, 1083, 1086, 1091, 1136, 1143, 1169, 1180, 1188, 1200, 1204, 1217, 1227, 1286, 1288, 1329, 1333, 1390, 1421, 1454, 1458]
1288: [63, 65, 105, 125, 130, 141, 146, 158, 166, 208, 224, 227, 238, 279, 283, 363, 365, 381, 382, 400, 411, 431, 453, 464, 476, 501, 503, 509, 545, 593, 599, 627, 640, 720, 730, 753, 757, 776, 787, 800, 812, 825, 827, 854, 863, 917, 921, 951, 958, 974, 976, 984, 1002, 1026, 1033, 1046, 1059, 1090, 1091, 1096, 1132, 1135, 1194, 1205, 1223, 1287, 1289, 1306, 1316, 1318, 1322, 1376, 1380, 1411, 1433, 1446, 1454, 1486, 1495]
1289: [26, 55, 59, 65, 98, 117, 144, 148, 164, 169, 177, 182, 225, 246, 261, 262, 270, 295, 324, 334, 384, 398, 440, 441, 448, 485, 502, 523, 531, 550, 612, 655, 717, 722, 801, 827, 899, 902, 909, 928, 935, 936, 950, 957, 999, 1014, 1038, 1071, 1117, 1125, 1129, 1143, 1147, 1149, 1167, 1183, 1201, 1272, 1288, 1290, 1293, 1302, 1320, 1338, 1390, 1406, 1430, 1468, 1480, 1497]
1290: [25, 28, 33, 55, 65, 102, 117, 132, 149, 170, 173, 196, 236, 265, 302, 320, 326, 334, 344, 352, 353, 364, 365, 376, 418, 433, 482, 485, 509, 519, 524, 537, 550, 556, 584, 684, 700, 703, 728, 733, 760, 770, 807, 821, 902, 910, 914, 929, 937, 963, 996, 1059, 1113, 1118, 1124, 1135, 1154, 1172, 1219, 1222, 1234, 1289, 1291, 1309, 1320, 1322, 1330, 1345, 1350, 1369, 1390, 1413, 1419, 1430, 1437, 1444, 1470, 1473, 1476, 1479, 1497]
1291: [29, 94, 105, 125, 136, 141, 145, 188, 220, 247, 265, 310, 315, 364, 370, 386, 399, 405, 407, 411, 430, 448, 477, 497, 502, 546, 556, 562, 586, 612, 615, 671, 689, 695, 715, 720, 769, 774, 775, 793, 812, 832, 848, 864, 869, 881, 909, 944, 970, 981, 1017, 1019, 1026, 1042, 1077, 1105, 1131, 1135, 1136, 1170, 1193, 1256, 1279, 1285, 1290, 1292, 1296, 1309, 1379, 1389, 1405, 1424]
1292: [17, 23, 32, 33, 60, 102, 128, 133, 139, 162, 170, 174, 181, 206, 228, 231, 232, 317, 319, 352, 376, 411, 428, 452, 471, 482, 592, 598, 603, 606, 654, 686, 704, 733, 801, 804, 820, 840, 842, 845, 847, 886, 909, 919, 946, 954, 961, 969, 1011, 1016, 1046, 1057, 1117, 1137, 1150, 1163, 1164, 1172, 1182, 1184, 1200, 1202, 1207, 1218, 1248, 1261, 1262, 1268, 1273, 1278, 1291, 1293, 1300, 1309, 1357, 1369, 1372, 1397, 1422, 1462, 1477]
1293: [22, 64, 68, 80, 88, 138, 144, 169, 187, 199, 208, 223, 274, 297, 301, 323, 336, 340, 351, 362, 374, 383, 403, 408, 412, 435, 463, 473, 539, 541, 563, 599, 601, 630, 695, 708, 718, 756, 781, 792, 828, 888, 896, 902, 904, 912, 929, 963, 970, 987, 1007, 1025, 1026, 1041, 1114, 1141, 1157, 1159, 1184, 1206, 1208, 1216, 1235, 1266, 1276, 1289, 1292, 1294, 1309, 1322, 1326, 1328, 1355, 1413, 1423, 1424, 1449, 1454, 1465, 1474, 1489]
1294: [18, 23, 26, 58, 62, 73, 76, 78, 80, 104, 107, 116, 185, 189, 199, 210, 235, 263, 270, 300, 364, 377, 386, 408, 431, 445, 477, 501, 548, 563, 574, 575, 576, 633, 719, 724, 762, 771, 799, 827, 829, 833, 856, 858, 875, 877, 890, 931, 932, 943, 972, 983, 1027, 1032, 1071, 1090, 1108, 1147, 1157, 1213, 1241, 1244, 1248, 1293, 1295, 1341, 1345, 1354, 1402, 1416, 1436, 1454, 1469, 1474, 1484, 1497, 1499]
1295: [23, 46, 50, 91, 94, 99, 139, 148, 152, 171, 192, 200, 208, 213, 236, 243, 311, 326, 363, 384, 395, 402, 417, 457, 505, 533, 583, 585, 593, 608, 622, 645, 655, 666, 698, 758, 760, 807, 816, 883, 888, 903, 906, 908, 957, 964, 966, 1041, 1052, 1057, 1069, 1088, 1090, 1140, 1143, 1171, 1206, 1219, 1231, 1267, 1294, 1296, 1351, 1358, 1363, 1378, 1397, 1451, 1460, 1462, 1464, 1487]
1296: [31, 46, 57, 82, 93, 95, 105, 111, 119, 129, 131, 150, 178, 194, 207, 218, 268, 276, 287, 314, 346, 366, 403, 417, 445, 447, 469, 489, 505, 507, 552, 589, 621, 647, 660, 693, 736, 778, 792, 799, 804, 819, 820, 844, 847, 848, 862, 872, 903, 906, 928, 960, 972, 987, 990, 1044, 1048, 1153, 1162, 1165, 1180, 1205, 1229, 1243, 1247, 1291, 1295, 1297, 1384, 1388, 1409, 1414, 1418, 1457, 1458, 1479]
1297: [79, 122, 141, 176, 181, 198, 222, 231, 250, 259, 272, 278, 283, 293, 305, 332, 364, 384, 423, 446, 453, 479, 483, 486, 491, 512, 518, 530, 553, 555, 565, 584, 609, 617, 640, 642, 645, 708, 713, 715, 718, 736, 790, 810, 819, 878, 961, 981, 990, 1004, 1006, 1027, 1043, 1057, 1071, 1084, 1112, 1117, 1124, 1153, 1173, 1185, 1205, 1231, 1236, 1237, 1253, 1266, 1296, 1298, 1344, 1405, 1409, 1439]
1298: [26, 28, 37, 40, 52, 109, 119, 141, 176, 209, 233, 268, 407, 419, 422, 428, 433, 464, 473, 490, 494, 550, 554, 566, 573, 587, 605, 632, 653, 663, 683, 695, 714, 727, 730, 735, 803, 824, 843, 844, 846, 877, 888, 913, 943, 953, 977, 998, 1024, 1070, 1071, 1099, 1112, 1131, 1135, 1179, 1232, 1248, 1267, 1277, 1297, 1299, 1309, 1336, 1341, 1346, 1355, 1371, 1382, 1385, 1433, 1440]
1299: [38, 58, 62, 78, 83, 94, 147, 159, 174, 193, 196, 233, 251, 265, 291, 324, 334, 336, 338, 341, 372, 397, 399, 423, 449, 460, 466, 486, 499, 510, 513, 514, 524, 577, 585, 587, 609, 643, 644, 665, 683, 690, 697, 710, 717, 723, 727, 768, 858, 860, 868, 886, 890, 894, 910, 918, 928, 947, 1018, 1035, 1038, 1050, 1057, 1100, 1102, 1103, 1149, 1159, 1177, 1178, 1179, 1214, 1220, 1264, 1278, 1282, 1284, 1298, 1300, 1312, 1330, 1332, 1340, 1341, 1344, 1361, 1389, 1398, 1400, 1444, 1465, 1480, 1482, 1483]
1300: [30, 105, 119, 123, 135, 159, 167, 176, 177, 180, 189, 191, 255, 258, 272, 275, 294, 300, 314, 332, 347, 352, 373, 408, 413, 426, 434, 435, 468, 472, 504, 523, 557, 565, 566, 593, 643, 672, 679, 689, 696, 705, 707, 713, 741, 745, 751, 763, 766, 792, 811, 863, 877, 954, 1001, 1037, 1039, 1060, 1074, 1096, 1098, 1122, 1131, 1187, 1212, 1213, 1217, 1232, 1279, 1292, 1299, 1301, 1303, 1308, 1336, 1345, 1359, 1392, 1394, 1440, 1447, 1452, 1466, 1490]
1301: [15, 41, 59, 68, 71, 81, 91, 110, 113, 139, 146, 148, 187, 188, 267, 284, 298, 314, 340, 351, 361, 366, 369, 382, 418, 456, 478, 485, 522, 536, 553, 576, 585, 632, 633, 650, 660, 665, 673, 687, 722, 741, 744, 756, 806, 810, 841, 874, 882, 905, 951, 974, 1052, 1053, 1055, 1081, 1083, 1088, 1101, 1112, 1198, 1205, 1229, 1231, 1247, 1283, 1300, 1302, 1320, 1373, 1381, 1396, 1408, 1418, 1429, 1439, 1460, 1498]
1302: [30, 34, 37, 55, 101, 126, 164, 185, 216, 272, 280, 322, 352, 355, 361, 379, 391, 393, 403, 436, 447, 485, 490, 495, 561, 569, 592, 595, 598, 625, 627, 629, 631, 635, 637, 645, 668, 707, 787, 789, 795, 832, 833, 896, 897, 904, 913, 934, 937, 962, 967, 983, 984, 987, 998, 1027, 1088, 1119, 1167, 1181, 1192, 1197, 1216, 1237, 1289, 1301, 1303, 1307, 1333, 1343, 1395, 1399, 1411, 1414]
1303: [45, 104, 143, 146, 153, 164, 176, 309, 320, 336, 361, 362, 363, 371, 375, 379, 381, 382, 426, 440, 494, 498, 518, 540, 590, 627, 641, 659, 661, 686, 725, 727, 728, 808, 834, 877, 910, 943, 948, 983, 989, 995, 1029, 1042, 1053, 1055, 1070, 1071, 1083, 1106, 1111, 1112, 1136, 1182, 1211, 1213, 1262, 1283, 1300, 1302, 1304, 1318, 1322, 1330, 1333, 1346, 1394, 1407, 1420, 1456, 1460, 1490, 1494, 1496]
1304: [47, 66, 75, 77, 109, 118, 198, 212, 214, 216, 231, 267, 270, 295, 360, 454, 470, 497, 518, 550, 553, 557, 568, 587, 635, 636, 699, 733, 739, 767, 769, 775, 802, 824, 851, 924, 962, 975, 990, 1010, 1025, 1027, 1031, 1069, 1088, 1089, 1108, 1118, 1147, 1148, 1171, 1192, 1228, 1240, 1244, 1259, 1283, 1303, 1305, 1343, 1367, 1387, 1402, 1412, 1418, 1427, 1441, 1446, 1456, 1462, 1466, 1478]
1305: [28, 66, 105, 116, 158, 161, 164, 167, 174, 200, 222, 245, 251, 252, 256, 272, 281, 298, 305, 312, 325, 340, 350, 378, 379, 403, 415, 422, 436, 445, 479, 485, 492, 519, 521, 523, 551, 590, 591, 627, 643, 656, 688, 703, 733, 745, 776, 861, 878, 881, 889, 948, 949, 974, 981, 986, 1012, 1020, 1021, 1035, 1037, 1090, 1147, 1185, 1197, 1229, 1235, 1274, 1276, 1304, 1306, 1336, 1365, 1366, 1371, 1392, 1417, 1418, 1424, 1436, 1439, 1451, 1487, 1488]
1306: [18, 33, 43, 55, 69, 86, 91, 98, 118, 161, 187, 212, 219, 238, 248, 362, 365, 421, 423, 434, 465, 494, 501, 549, 550, 559, 581, 592, 627, 655, 668, 690, 710, 724, 753, 781, 808, 813, 895, 902, 971, 974, 975, 1002, 1065, 1069, 1129, 1138, 1185, 1200, 1202, 1210, 1218, 1228, 1257, 1285, 1288, 1305, 1307, 1341, 1344, 1366, 1395, 1435, 1492]
1307: [15, 86, 134, 144, 177, 189, 194, 215, 234, 290, 292, 305, 306, 311, 334, 335, 338, 356, 362, 417, 420, 425, 433, 437, 454, 464, 478, 479, 508, 546, 609, 633, 668, 677, 683, 693, 706, 709, 723, 730, 759, 760, 775, 796, 825, 842, 853, 873, 896, 910, 913, 932, 977, 986, 991, 1072, 1080, 1084, 1107, 1138, 1162, 1182, 1186, 1191, 1192, 1218, 1227, 1232, 1256, 1277, 1279, 1302, 1306, 1308, 1371, 1396, 1405, 1458, 1491]
1308: [26, 80, 86, 95, 97, 119, 127, 142, 177, 236, 237, 258, 276, 281, 338, 380, 390, 394, 407, 408, 446, 448, 452, 470, 479, 538, 543, 552, 569, 582, 632, 638, 667, 691, 730, 748, 764, 765, 775, 788, 794, 797, 883, 912, 931, 946, 948, 1057, 1082, 1094, 1101, 1120, 1137, 1150, 1151, 1156, 1162, 1178, 1209, 1222, 1244, 1300, 1307, 1309, 1315, 1317, 1325, 1378, 1404, 1412, 1416, 1421, 1426, 1436, 1455, 1464, 1472, 1475, 1485]
1309: [73, 98, 121, 132, 165, 196, 211, 223, 231, 239, 252, 261, 269, 285, 305, 328, 346, 371, 377, 391, 501, 509, 510, 513, 517, 519, 522, 526, 571, 596, 651, 691, 706, 743, 810, 829, 880, 909, 941, 944, 1007, 1054, 1172, 1195, 1235, 1249, 1262, 1265, 1279, 1285, 1290, 1291, 1292, 1293, 1298, 1308, 1310, 1328, 1336, 1345, 1361, 1400, 1435, 1468, 1480, 1481, 1489, 1494, 1496]
1310: [14, 18, 34, 55, 86, 87, 91, 134, 175, 183, 209, 211, 234, 237, 244, 265, 275, 280, 318, 333, 350, 390, 416, 418, 419, 437, 439, 456, 527, 549, 593, 604, 607, 626, 630, 632, 656, 678, 707, 713, 718, 778, 862, 896, 918, 930, 938, 959, 961, 962, 990, 1035, 1070, 1079, 1095, 1120, 1135, 1145, 1184, 1191, 1213, 1257, 1309, 1311, 1313, 1316, 1320, 1321, 1414, 1425, 1436, 1448, 1474]
1311: [20, 38, 60, 67, 73, 86, 90, 98, 104, 140, 141, 149, 162, 164, 173, 178, 179, 187, 191, 192, 197, 199, 205, 244, 247, 294, 295, 341, 351, 376, 385, 461, 474, 493, 495, 516, 517, 586, 590, 600, 644, 647, 701, 711, 726, 735, 751, 809, 823, 830, 837, 856, 877, 880, 925, 942, 967, 979, 983, 998, 1028, 1032, 1040, 1079, 1098, 1150, 1154, 1159, 1170, 1172, 1199, 1205, 1210, 1218, 1235, 1244, 1257, 1272, 1310, 1312, 1356, 1422, 1484]
1312: [14, 16, 29, 30, 102, 109, 110, 121, 128, 175, 176, 206, 211, 229, 241, 279, 293, 296, 310, 311, 313, 324, 351, 359, 371, 372, 400, 438, 444, 449, 458, 465, 513, 538, 546, 555, 557, 558, 604, 614, 629, 644, 648, 651, 663, 667, 689, 750, 751, 762, 804, 844, 851, 870, 873, 880, 889, 894, 919, 955, 961, 1029, 1040, 1053, 1089, 1100, 1153, 1164, 1180, 1208, 1228, 1230, 1273, 1299, 1311, 1313, 1327, 1331, 1332, 1361, 1407, 1441, 1442, 1450, 1458, 1490, 1496, 1497, 1498]
1313: [72, 85, 95, 123, 176, 178, 183, 234, 246, 253, 266, 291, 323, 326, 345, 369, 402, 419, 432, 470, 477, 517, 530, 588, 620, 621, 624, 636, 641, 683, 689, 699, 726, 738, 768, 812, 818, 822, 852, 868, 872, 904, 958, 964, 967, 988, 1007, 1051, 1073, 1095, 1097, 1113, 1121, 1123, 1148, 1174, 1194, 1202, 1211, 1310, 1312, 1314, 1326, 1359, 1371, 1376, 1385, 1422]
1314: [69, 118, 187, 222, 238, 239, 258, 268, 298, 309, 318, 354, 362, 363, 374, 382, 388, 451, 460, 475, 503, 518, 542, 582, 597, 607, 650, 664, 686, 691, 700, 740, 752, 761, 792, 813, 817, 846, 853, 902, 910, 911, 926, 929, 944, 968, 973, 998, 1007, 1016, 1020, 1045, 1055, 1060, 1102, 1132, 1204, 1217, 1223, 1235, 1255, 1256, 1313, 1315, 1343, 1371, 1391, 1395, 1407, 1427, 1431, 1444, 1450, 1470]
1315: [24, 46, 51, 74, 80, 97, 117, 148, 178, 226, 233, 252, 286, 298, 339, 355, 371, 380, 388, 393, 395, 402, 405, 411, 453, 462, 477, 498, 501, 502, 503, 511, 513, 541, 548, 552, 570, 575, 581, 628, 636, 637, 639, 642, 659, 662, 667, 706, 718, 727, 741, 755, 758, 761, 767, 787, 807, 826, 837, 841, 857, 859, 862, 877, 891, 893, 894, 927, 955, 978, 989, 997, 1004, 1033, 1041, 1064, 1072, 1098, 1113, 1124, 1169, 1175, 1195, 1213, 1232, 1235, 1237, 1308, 1314, 1316, 1320, 1328, 1349, 1355, 1393, 1410, 1432, 1443, 1448, 1487]
1316: [29, 31, 45, 74, 93, 100, 107, 117, 124, 131, 157, 214, 223, 233, 237, 240, 246, 275, 282, 314, 348, 350, 359, 365, 375, 390, 397, 427, 459, 498, 544, 554, 558, 571, 604, 618, 639, 652, 682, 685, 686, 748, 765, 793, 820, 915, 933, 970, 1020, 1032, 1100, 1134, 1142, 1181, 1202, 1233, 1288, 1310, 1315, 1317, 1338, 1339, 1372, 1410, 1412, 1417, 1443, 1484]
1317: [14, 21, 51, 56, 70, 124, 136, 140, 149, 153, 162, 181, 184, 226, 272, 308, 333, 334, 336, 363, 365, 367, 379, 381, 394, 410, 417, 449, 453, 483, 494, 514, 537, 569, 583, 627, 633, 646, 654, 660, 663, 670, 739, 749, 825, 850, 886, 894, 918, 968, 985, 989, 991, 1096, 1129, 1154, 1167, 1185, 1193, 1216, 1225, 1257, 1263, 1269, 1281, 1284, 1308, 1316, 1318, 1327, 1348, 1354, 1405, 1418, 1419, 1423, 1434, 1438, 1443, 1475]
1318: [38, 39, 100, 117, 142, 157, 177, 180, 196, 206, 213, 227, 232, 287, 301, 338, 363, 381, 393, 394, 396, 406, 441, 452, 466, 507, 513, 518, 521, 595, 597, 622, 640, 647, 678, 696, 709, 730, 748, 749, 775, 789, 797, 812, 834, 839, 852, 870, 878, 911, 960, 996, 1005, 1007, 1028, 1029, 1032, 1042, 1074, 1138, 1141, 1179, 1214, 1253, 1288, 1303, 1317, 1319, 1324, 1329, 1364, 1429, 1436, 1494]
1319: [21, 25, 27, 42, 44, 99, 101, 128, 225, 263, 278, 323, 346, 379, 382, 393, 473, 479, 489, 504, 506, 520, 532, 551, 556, 573, 598, 631, 700, 709, 711, 723, 758, 779, 781, 786, 800, 814, 822, 845, 867, 870, 886, 897, 903, 986, 998, 1013, 1014, 1017, 1025, 1034, 1064, 1076, 1085, 1089, 1193, 1224, 1228, 1236, 1318, 1320, 1342, 1351, 1355, 1364, 1368, 1412, 1433, 1444, 1446, 1451, 1471, 1479, 1480, 1493, 1494]
1320: [32, 37, 44, 85, 110, 173, 182, 191, 232, 253, 259, 277, 296, 320, 349, 360, 450, 461, 463, 477, 576, 583, 597, 617, 665, 688, 690, 703, 721, 735, 788, 790, 814, 816, 855, 872, 893, 942, 945, 1003, 1016, 1037, 1046, 1054, 1059, 1085, 1119, 1136, 1141, 1161, 1162, 1206, 1207, 1215, 1233, 1244, 1289, 1290, 1301, 1310, 1315, 1319, 1321, 1331, 1374, 1391, 1401, 1415, 1421, 1424, 1427, 1428, 1435, 1442, 1452, 1457]
1321: [22, 30, 31, 47, 55, 60, 118, 179, 181, 190, 193, 199, 214, 225, 229, 305, 317, 350, 444, 461, 463, 465, 478, 490, 498, 524, 527, 549, 557, 570, 610, 617, 644, 647, 651, 716, 754, 768, 770, 776, 781, 793, 838, 859, 925, 951, 954, 964, 966, 975, 1021, 1042, 1061, 1122, 1155, 1156, 1173, 1177, 1189, 1219, 1249, 1260, 1286, 1310, 1320, 1322, 1333, 1339, 1351, 1356, 1393, 1415, 1417, 1449, 1453]
1322: [46, 48, 51, 66, 76, 78, 83, 88, 102, 130, 151, 180, 215, 237, 249, 262, 314, 316, 322, 343, 350, 356, 370, 374, 394, 399, 407, 420, 432, 476, 579, 586, 631, 650, 653, 659, 674, 743, 753, 766, 786, 787, 793, 833, 846, 855, 867, 873, 895, 930, 941, 942, 944, 957, 962, 1028, 1032, 1034, 1040, 1043, 1055, 1080, 1089, 1121, 1184, 1186, 1189, 1203, 1254, 1288, 1290, 1293, 1303, 1321, 1323, 1352, 1358, 1366, 1372, 1374, 1398, 1402, 1425, 1439, 1451, 1460, 1465, 1469, 1486]
1323: [16, 29, 56, 72, 109, 115, 134, 150, 176, 191, 207, 247, 316, 321, 346, 347, 364, 369, 395, 408, 468, 478, 516, 522, 531, 578, 622, 625, 630, 631, 645, 693, 703, 756, 785, 798, 818, 827, 834, 842, 870, 873, 880, 881, 883, 936, 939, 976, 988, 1029, 1036, 1052, 1078, 1110, 1111, 1115, 1118, 1142, 1162, 1170, 1176, 1236, 1250, 1269, 1280, 1285, 1322, 1324, 1335, 1367, 1371, 1400, 1421, 1456, 1458, 1497]
1324: [24, 53, 122, 153, 169, 183, 191, 201, 278, 285, 286, 293, 296, 303, 343, 353, 365, 406, 407, 412, 417, 419, 461, 507, 526, 535, 561, 564, 565, 566, 609, 627, 674, 677, 681, 684, 690, 710, 717, 735, 745, 796, 851, 868, 877, 879, 882, 887, 888, 889, 896, 916, 937, 970, 988, 997, 1070, 1090, 1103, 1108, 1116, 1129, 1138, 1171, 1194, 1266, 1318, 1323, 1325, 1364, 1395, 1423, 1450, 1456]
1325: [33, 53, 60, 121, 135, 143, 152, 161, 212, 216, 221, 253, 308, 345, 365, 374, 439, 440, 476, 488, 498, 512, 527, 560, 603, 645, 706, 707, 711, 724, 763, 789, 813, 827, 836, 855, 892, 922, 970, 994, 1033, 1034, 1067, 1139, 1145, 1149, 1182, 1186, 1190, 1208, 1213, 1217, 1227, 1232, 1234, 1253, 1308, 1324, 1326, 1423, 1455]
1326: [18, 26, 46, 49, 50, 78, 90, 116, 167, 186, 188, 243, 244, 264, 321, 329, 332, 387, 431, 439, 448, 449, 520, 541, 588, 621, 638, 639, 649, 653, 658, 705, 708, 727, 760, 796, 830, 858, 891, 904, 906, 907, 911, 915, 959, 985, 1020, 1027, 1028, 1040, 1086, 1091, 1113, 1131, 1141, 1143, 1203, 1208, 1223, 1244, 1249, 1255, 1293, 1313, 1325, 1327, 1354, 1395, 1410, 1418, 1431, 1432, 1470]
1327: [62, 96, 171, 181, 182, 192, 239, 241, 296, 319, 344, 359, 360, 370, 379, 406, 414, 430, 474, 479, 498, 524, 531, 634, 659, 726, 732, 735, 761, 772, 773, 785, 858, 908, 919, 930, 951, 1014, 1033, 1051, 1110, 1111, 1157, 1173, 1220, 1246, 1255, 1280, 1312, 1317, 1326, 1328, 1344, 1360, 1374, 1387, 1420, 1442, 1454, 1464]
1328: [19, 49, 61, 81, 116, 134, 139, 159, 167, 171, 211, 246, 253, 269, 276, 302, 330, 382, 390, 432, 434, 441, 462, 464, 472, 487, 506, 509, 525, 600, 632, 653, 686, 689, 699, 782, 787, 817, 842, 861, 869, 887, 888, 890, 891, 916, 923, 931, 965, 972, 982, 992, 997, 1021, 1037, 1056, 1057, 1081, 1097, 1105, 1118, 1129, 1164, 1170, 1174, 1186, 1190, 1206, 1216, 1246, 1276, 1293, 1309, 1315, 1327, 1329, 1330, 1338, 1362, 1377, 1440, 1455, 1459, 1481]
1329: [15, 18, 27, 32, 38, 41, 70, 77, 142, 162, 163, 168, 182, 186, 189, 214, 227, 268, 302, 305, 342, 364, 375, 413, 476, 492, 520, 522, 529, 579, 598, 602, 624, 630, 643, 699, 705, 727, 749, 762, 773, 813, 816, 846, 886, 897, 917, 928, 945, 970, 1024, 1034, 1088, 1127, 1138, 1161, 1211, 1250, 1251, 1287, 1318, 1328, 1330, 1337, 1382, 1383, 1387, 1399, 1410, 1425, 1432, 1475]
1330: [20, 31, 37, 80, 88, 95, 132, 144, 171, 186, 208, 210, 222, 250, 263, 300, 305, 306, 333, 354, 362, 390, 400, 409, 416, 424, 457, 475, 532, 536, 581, 586, 588, 610, 617, 643, 655, 672, 696, 710, 715, 720, 735, 746, 752, 781, 821, 822, 832, 841, 850, 862, 863, 895, 903, 938, 949, 1022, 1035, 1060, 1072, 1078, 1086, 1122, 1129, 1134, 1139, 1164, 1166, 1170, 1176, 1183, 1193, 1199, 1207, 1220, 1238, 1268, 1283, 1290, 1299, 1303, 1328, 1329, 1331, 1348, 1365, 1392, 1393, 1433, 1446, 1462, 1499]
1331: [20, 30, 43, 49, 52, 83, 84, 125, 145, 159, 172, 181, 207, 223, 227, 228, 232, 247, 282, 307, 385, 386, 399, 441, 461, 488, 505, 508, 515, 517, 518, 528, 570, 595, 616, 667, 691, 700, 718, 774, 781, 790, 799, 813, 818, 847, 868, 870, 876, 877, 893, 914, 943, 953, 973, 994, 1001, 1024, 1041, 1044, 1045, 1048, 1066, 1082, 1083, 1151, 1152, 1163, 1276, 1312, 1320, 1330, 1332, 1357, 1361, 1387, 1432, 1445, 1452, 1483, 1485]
1332: [31, 81, 82, 105, 107, 122, 139, 149, 163, 167, 175, 177, 191, 205, 233, 250, 312, 314, 315, 347, 352, 383, 384, 411, 420, 428, 448, 460, 477, 487, 488, 489, 506, 507, 528, 565, 589, 607, 637, 676, 720, 721, 723, 755, 757, 765, 786, 801, 806, 847, 852, 912, 991, 1041, 1088, 1140, 1154, 1222, 1232, 1248, 1253, 1269, 1274, 1299, 1312, 1331, 1333, 1343, 1347, 1360, 1364, 1367, 1383, 1388, 1420, 1447, 1452, 1461, 1491]
1333: [76, 95, 99, 114, 226, 230, 253, 306, 314, 326, 347, 351, 392, 395, 400, 437, 445, 456, 472, 473, 477, 513, 531, 539, 554, 563, 564, 567, 581, 616, 618, 633, 655, 665, 670, 693, 696, 699, 727, 733, 760, 764, 776, 806, 816, 841, 846, 895, 911, 912, 929, 931, 954, 966, 973, 997, 1005, 1046, 1073, 1086, 1087, 1088, 1106, 1164, 1166, 1211, 1218, 1229, 1234, 1263, 1267, 1273, 1287, 1302, 1303, 1321, 1332, 1334, 1355, 1366, 1368, 1382, 1412, 1434, 1435, 1439, 1442, 1444, 1467, 1487]
1334: [22, 100, 143, 154, 202, 213, 226, 246, 278, 302, 320, 323, 344, 345, 349, 352, 364, 417, 455, 485, 493, 521, 522, 558, 612, 628, 638, 660, 663, 666, 677, 692, 693, 706, 709, 715, 721, 723, 728, 739, 762, 802, 810, 832, 887, 895, 906, 916, 924, 958, 959, 974, 980, 1107, 1112, 1124, 1137, 1144, 1145, 1163, 1186, 1252, 1276, 1283, 1284, 1333, 1335, 1364, 1371, 1379, 1442, 1450, 1465, 1486, 1488, 1499]
1335: [14, 21, 38, 50, 92, 96, 118, 138, 150, 162, 180, 193, 197, 210, 222, 233, 251, 279, 300, 308, 318, 320, 341, 347, 348, 349, 366, 368, 372, 404, 409, 425, 448, 502, 509, 521, 540, 545, 571, 621, 642, 643, 679, 680, 728, 739, 749, 790, 807, 848, 856, 927, 935, 965, 971, 975, 977, 991, 1023, 1078, 1083, 1121, 1162, 1176, 1208, 1228, 1263, 1278, 1323, 1334, 1336, 1348, 1374, 1377, 1440, 1442, 1454, 1463, 1482, 1483, 1485, 1499]
1336: [29, 72, 89, 118, 168, 202, 203, 204, 228, 258, 270, 298, 316, 344, 368, 441, 462, 480, 494, 500, 532, 539, 587, 602, 667, 725, 728, 745, 753, 775, 784, 815, 858, 877, 910, 929, 932, 960, 986, 988, 1031, 1037, 1089, 1117, 1119, 1135, 1166, 1194, 1209, 1216, 1218, 1227, 1228, 1298, 1300, 1305, 1309, 1335, 1337, 1351, 1408, 1446, 1448, 1469, 1482, 1493]
1337: [33, 105, 126, 148, 150, 165, 170, 199, 202, 226, 239, 347, 349, 355, 368, 385, 392, 484, 589, 655, 679, 711, 730, 735, 771, 776, 780, 796, 836, 841, 902, 917, 952, 987, 989, 1010, 1030, 1165, 1179, 1192, 1194, 1216, 1252, 1257, 1262, 1282, 1329, 1336, 1338, 1347, 1383, 1411, 1445, 1456, 1468, 1482]
1338: [23, 61, 68, 113, 129, 197, 213, 243, 277, 344, 372, 380, 421, 423, 466, 485, 547, 567, 571, 596, 612, 621, 657, 666, 675, 693, 711, 719, 724, 774, 799, 851, 867, 918, 921, 930, 952, 960, 965, 966, 988, 1039, 1076, 1084, 1085, 1100, 1139, 1153, 1181, 1213, 1218, 1240, 1243, 1259, 1265, 1289, 1316, 1328, 1337, 1339, 1350, 1356, 1377, 1447, 1460, 1470, 1495]
1339: [28, 35, 44, 48, 90, 91, 140, 158, 166, 235, 256, 269, 284, 287, 302, 307, 316, 335, 354, 396, 456, 462, 568, 590, 603, 605, 613, 638, 682, 683, 689, 707, 724, 760, 787, 798, 817, 830, 849, 850, 906, 909, 922, 931, 932, 939, 940, 999, 1000, 1105, 1111, 1173, 1213, 1258, 1316, 1321, 1338, 1340, 1355, 1357, 1360, 1376, 1392, 1396, 1421, 1428, 1434, 1456, 1466, 1468]
1340: [18, 25, 41, 56, 63, 94, 119, 123, 125, 142, 180, 192, 211, 224, 230, 279, 304, 313, 318, 332, 372, 391, 396, 399, 401, 414, 450, 460, 467, 481, 516, 518, 530, 541, 548, 579, 584, 593, 601, 608, 650, 652, 660, 666, 678, 721, 729, 763, 804, 809, 857, 905, 917, 924, 936, 948, 959, 997, 1003, 1017, 1036, 1051, 1060, 1064, 1116, 1123, 1135, 1137, 1146, 1147, 1186, 1220, 1243, 1260, 1266, 1299, 1339, 1341, 1359, 1366, 1370, 1386, 1387, 1390, 1413, 1434, 1473, 1489]
1341: [25, 34, 42, 49, 69, 108, 135, 147, 173, 190, 202, 203, 213, 223, 232, 236, 264, 269, 274, 280, 381, 391, 406, 447, 450, 468, 489, 494, 588, 593, 603, 606, 629, 638, 639, 729, 732, 759, 797, 801, 921, 928, 931, 984, 1032, 1035, 1056, 1090, 1117, 1124, 1125, 1154, 1165, 1214, 1226, 1253, 1260, 1294, 1298, 1299, 1306, 1340, 1342, 1358, 1366, 1456]
1342: [40, 65, 69, 96, 129, 138, 169, 207, 215, 219, 228, 230, 238, 247, 268, 300, 308, 309, 345, 350, 355, 363, 369, 377, 383, 405, 427, 444, 449, 456, 464, 495, 502, 506, 525, 547, 590, 600, 602, 615, 616, 620, 636, 687, 690, 709, 725, 730, 737, 743, 763, 778, 837, 847, 851, 905, 945, 960, 967, 1027, 1078, 1098, 1105, 1107, 1127, 1133, 1134, 1141, 1142, 1182, 1227, 1247, 1258, 1271, 1273, 1275, 1319, 1341, 1343, 1361, 1385, 1414, 1427]
1343: [34, 43, 56, 60, 64, 67, 77, 113, 121, 123, 140, 145, 159, 169, 186, 191, 198, 274, 283, 320, 331, 334, 339, 411, 427, 446, 465, 472, 480, 483, 496, 504, 534, 548, 574, 618, 653, 655, 684, 702, 710, 713, 725, 746, 778, 779, 798, 799, 801, 809, 849, 859, 883, 912, 923, 926, 944, 968, 973, 990, 996, 1005, 1026, 1048, 1051, 1093, 1137, 1140, 1150, 1159, 1206, 1220, 1231, 1254, 1259, 1302, 1304, 1314, 1332, 1342, 1344, 1352, 1369, 1377, 1396, 1406, 1426, 1445, 1457, 1482]
1344: [52, 79, 94, 102, 143, 150, 157, 158, 166, 181, 201, 215, 222, 253, 314, 317, 324, 347, 356, 377, 388, 389, 396, 398, 422, 431, 454, 457, 461, 493, 503, 512, 519, 554, 561, 575, 636, 641, 649, 668, 680, 688, 693, 713, 738, 742, 745, 748, 757, 788, 790, 798, 809, 825, 827, 859, 861, 871, 900, 935, 982, 987, 1005, 1006, 1020, 1034, 1049, 1083, 1085, 1086, 1109, 1195, 1282, 1297, 1299, 1306, 1327, 1343, 1345, 1367, 1372, 1380, 1392, 1408, 1438, 1440, 1454, 1466, 1492]
1345: [19, 46, 55, 56, 58, 70, 91, 127, 137, 143, 212, 219, 235, 238, 256, 260, 276, 298, 324, 334, 335, 337, 350, 374, 378, 465, 480, 484, 510, 512, 537, 541, 561, 571, 609, 619, 624, 625, 631, 643, 701, 726, 731, 743, 746, 783, 817, 837, 887, 896, 923, 926, 941, 943, 946, 948, 949, 976, 980, 998, 1001, 1016, 1020, 1065, 1197, 1204, 1211, 1218, 1243, 1262, 1267, 1271, 1290, 1294, 1300, 1309, 1344, 1346, 1350, 1352, 1394, 1412, 1425, 1465, 1484]
1346: [16, 18, 71, 85, 86, 96, 97, 132, 136, 138, 139, 142, 167, 182, 242, 265, 286, 328, 340, 347, 354, 362, 371, 386, 468, 510, 514, 516, 564, 608, 613, 617, 659, 674, 678, 682, 692, 759, 770, 778, 825, 878, 892, 903, 930, 968, 1039, 1056, 1065, 1086, 1123, 1131, 1139, 1140, 1171, 1172, 1190, 1210, 1226, 1272, 1275, 1278, 1286, 1298, 1303, 1345, 1347, 1359, 1366, 1371, 1378, 1427, 1428, 1446, 1470, 1493, 1496]
1347: [30, 68, 70, 78, 89, 91, 100, 112, 123, 142, 160, 180, 198, 220, 226, 237, 247, 287, 302, 322, 379, 410, 425, 457, 469, 477, 498, 501, 507, 531, 559, 562, 578, 590, 615, 644, 659, 662, 689, 719, 734, 744, 752, 760, 761, 787, 796, 856, 868, 873, 878, 900, 935, 961, 976, 981, 983, 997, 1022, 1037, 1050, 1065, 1084, 1119, 1156, 1178, 1184, 1214, 1227, 1240, 1332, 1337, 1346, 1348, 1357, 1393, 1396, 1466, 1467, 1474, 1478, 1483, 1487, 1497]
1348: [15, 34, 44, 49, 50, 72, 74, 105, 128, 131, 157, 170, 187, 207, 212, 249, 258, 266, 349, 364, 370, 398, 420, 445, 447, 456, 470, 498, 504, 512, 513, 524, 551, 574, 578, 602, 603, 657, 693, 698, 715, 716, 740, 764, 768, 779, 793, 827, 851, 868, 873, 930, 965, 1057, 1065, 1085, 1094, 1128, 1141, 1182, 1211, 1212, 1214, 1277, 1317, 1330, 1335, 1347, 1349, 1352, 1360, 1390, 1396, 1436, 1455, 1463, 1476, 1483, 1497]
1349: [25, 29, 36, 77, 84, 92, 96, 103, 115, 132, 133, 179, 201, 234, 263, 265, 269, 281, 308, 317, 318, 337, 338, 376, 407, 440, 456, 482, 505, 506, 508, 545, 591, 592, 604, 611, 648, 675, 711, 730, 735, 809, 869, 920, 955, 1008, 1033, 1047, 1055, 1073, 1089, 1092, 1099, 1100, 1124, 1134, 1140, 1157, 1210, 1219, 1243, 1267, 1273, 1283, 1315, 1348, 1350, 1379, 1396, 1407, 1424, 1434, 1449, 1467]
1350: [22, 29, 38, 45, 62, 70, 96, 100, 125, 184, 211, 269, 289, 297, 301, 313, 325, 331, 332, 335, 383, 385, 402, 426, 502, 530, 615, 636, 644, 662, 665, 684, 689, 721, 730, 737, 778, 791, 792, 836, 857, 861, 867, 880, 895, 915, 924, 984, 985, 1010, 1082, 1087, 1099, 1114, 1129, 1168, 1192, 1290, 1338, 1345, 1349, 1351, 1373, 1380, 1397, 1406, 1419, 1437, 1438, 1456, 1459, 1477, 1486, 1499]
1351: [63, 87, 94, 106, 117, 133, 145, 162, 169, 192, 201, 221, 257, 262, 278, 281, 286, 290, 304, 347, 387, 423, 438, 439, 481, 498, 504, 547, 548, 631, 649, 655, 679, 741, 750, 756, 771, 794, 796, 862, 915, 926, 933, 957, 970, 1025, 1031, 1050, 1070, 1114, 1155, 1167, 1186, 1206, 1223, 1237, 1249, 1267, 1282, 1295, 1319, 1321, 1336, 1350, 1352, 1364, 1378, 1393, 1415, 1437, 1496]
1352: [53, 70, 110, 151, 158, 163, 168, 195, 256, 258, 260, 264, 267, 268, 283, 296, 318, 326, 328, 358, 408, 413, 495, 528, 546, 562, 563, 579, 586, 588, 594, 606, 612, 620, 624, 647, 655, 660, 661, 677, 723, 731, 733, 802, 890, 908, 940, 944, 987, 1011, 1066, 1086, 1092, 1134, 1204, 1255, 1260, 1270, 1322, 1343, 1345, 1348, 1351, 1353, 1378, 1411, 1421, 1443, 1460]
1353: [23, 42, 44, 89, 136, 169, 170, 176, 181, 196, 202, 235, 273, 282, 284, 304, 366, 367, 384, 385, 403, 417, 423, 456, 484, 485, 500, 521, 524, 531, 568, 571, 573, 585, 605, 627, 670, 692, 710, 737, 746, 757, 764, 775, 780, 781, 792, 835, 838, 870, 882, 889, 946, 952, 964, 972, 1041, 1077, 1113, 1114, 1133, 1206, 1218, 1244, 1274, 1352, 1354, 1358, 1411, 1421, 1439, 1451, 1455, 1475, 1476, 1479]
1354: [40, 52, 93, 98, 122, 130, 146, 160, 193, 205, 221, 246, 292, 293, 358, 364, 375, 377, 386, 414, 454, 482, 551, 575, 618, 659, 661, 668, 693, 715, 720, 728, 729, 737, 777, 779, 813, 840, 853, 898, 904, 905, 913, 919, 938, 983, 984, 1103, 1105, 1173, 1227, 1249, 1266, 1294, 1317, 1326, 1353, 1355, 1361, 1425, 1426, 1458, 1461, 1488, 1491]
1355: [47, 56, 84, 92, 94, 120, 124, 136, 159, 213, 215, 228, 240, 323, 392, 439, 462, 481, 498, 533, 555, 576, 577, 581, 591, 600, 604, 638, 677, 691, 710, 711, 739, 752, 760, 763, 813, 820, 858, 859, 880, 894, 908, 912, 938, 951, 969, 996, 1011, 1014, 1023, 1092, 1116, 1141, 1143, 1252, 1293, 1298, 1315, 1319, 1333, 1339, 1354, 1356, 1361, 1387, 1400, 1470, 1495]
1356: [35, 45, 48, 49, 89, 91, 98, 109, 116, 133, 149, 173, 181, 204, 227, 243, 259, 264, 272, 321, 323, 344, 351, 356, 379, 387, 388, 433, 435, 473, 496, 509, 511, 543, 563, 597, 643, 686, 711, 727, 760, 790, 822, 823, 837, 842, 844, 851, 855, 865, 873, 883, 904, 911, 932, 956, 985, 991, 1034, 1047, 1074, 1096, 1103, 1131, 1140, 1160, 1163, 1195, 1207, 1213, 1222, 1274, 1311, 1321, 1338, 1355, 1357, 1361, 1366, 1404, 1412, 1416, 1417, 1434, 1478]
1357: [52, 54, 77, 78, 96, 123, 139, 142, 255, 272, 284, 310, 315, 318, 320, 329, 338, 371, 382, 387, 395, 399, 499, 556, 557, 558, 572, 587, 592, 595, 616, 642, 649, 664, 675, 680, 706, 716, 735, 740, 741, 778, 798, 804, 808, 835, 865, 872, 949, 990, 1010, 1013, 1068, 1071, 1105, 1126, 1128, 1131, 1144, 1149, 1185, 1198, 1211, 1224, 1243, 1248, 1256, 1260, 1268, 1274, 1286, 1292, 1331, 1339, 1347, 1356, 1358, 1374, 1396, 1456, 1472]
1358: [29, 53, 62, 63, 110, 119, 164, 168, 170, 171, 235, 237, 269, 272, 289, 302, 308, 332, 382, 397, 418, 431, 439, 444, 448, 485, 539, 540, 542, 556, 565, 572, 574, 606, 679, 681, 693, 711, 714, 722, 755, 872, 884, 885, 888, 923, 930, 941, 947, 991, 1008, 1009, 1021, 1034, 1037, 1042, 1068, 1072, 1173, 1194, 1202, 1219, 1232, 1257, 1295, 1322, 1341, 1353, 1357, 1359, 1371, 1372, 1415, 1418, 1424, 1473, 1477, 1495, 1496]
1359: [14, 17, 31, 38, 61, 74, 128, 138, 151, 155, 167, 196, 204, 216, 303, 347, 351, 385, 395, 460, 462, 487, 497, 508, 530, 536, 539, 541, 544, 586, 635, 660, 694, 708, 734, 773, 776, 795, 814, 817, 830, 839, 848, 850, 879, 883, 901, 903, 919, 931, 941, 962, 979, 980, 991, 993, 997, 998, 1016, 1039, 1047, 1058, 1061, 1102, 1142, 1157, 1163, 1187, 1219, 1231, 1264, 1266, 1300, 1313, 1340, 1346, 1358, 1360, 1393, 1394, 1408, 1415]
1360: [21, 34, 41, 69, 84, 98, 130, 193, 198, 203, 240, 248, 286, 295, 313, 329, 338, 341, 355, 383, 405, 427, 439, 455, 483, 505, 506, 511, 542, 582, 623, 664, 699, 723, 741, 749, 768, 773, 781, 799, 812, 830, 836, 851, 861, 875, 891, 896, 924, 947, 967, 985, 999, 1016, 1039, 1052, 1057, 1060, 1065, 1067, 1071, 1082, 1111, 1122, 1153, 1154, 1202, 1221, 1228, 1256, 1327, 1332, 1339, 1348, 1359, 1361, 1385, 1394, 1428, 1440, 1450, 1455, 1495]
1361: [33, 47, 71, 76, 81, 100, 110, 118, 130, 180, 227, 257, 260, 283, 307, 323, 339, 351, 366, 394, 407, 410, 428, 456, 461, 466, 488, 525, 560, 569, 571, 585, 598, 617, 635, 638, 639, 665, 671, 678, 684, 696, 702, 730, 766, 773, 789, 798, 803, 827, 833, 866, 876, 900, 913, 917, 941, 964, 973, 983, 1026, 1037, 1074, 1078, 1096, 1122, 1133, 1162, 1172, 1236, 1261, 1262, 1266, 1269, 1278, 1279, 1299, 1309, 1312, 1331, 1342, 1354, 1355, 1356, 1360, 1362, 1385, 1390, 1391, 1394, 1455, 1477, 1482, 1496]
1362: [20, 34, 38, 49, 51, 53, 71, 72, 79, 116, 132, 139, 183, 220, 231, 294, 304, 391, 422, 463, 496, 501, 523, 572, 574, 589, 661, 670, 695, 696, 706, 708, 765, 766, 767, 782, 799, 823, 852, 873, 898, 902, 910, 912, 917, 951, 980, 997, 1002, 1014, 1065, 1067, 1099, 1136, 1137, 1172, 1174, 1215, 1216, 1238, 1253, 1264, 1265, 1268, 1272, 1277, 1279, 1328, 1361, 1363, 1387, 1391, 1418, 1431, 1441, 1472, 1484, 1485]
1363: [28, 29, 40, 57, 112, 164, 194, 199, 212, 220, 303, 378, 400, 430, 459, 488, 493, 522, 572, 609, 657, 662, 667, 718, 727, 733, 736, 750, 759, 762, 772, 779, 786, 789, 793, 796, 798, 805, 827, 862, 893, 927, 935, 941, 958, 986, 1012, 1024, 1030, 1038, 1039, 1041, 1053, 1076, 1092, 1102, 1109, 1138, 1158, 1164, 1202, 1209, 1227, 1235, 1248, 1283, 1295, 1362, 1364, 1381, 1395, 1405, 1428, 1433, 1440, 1443, 1474]
1364: [33, 38, 40, 85, 90, 104, 124, 130, 191, 199, 232, 244, 249, 271, 275, 278, 286, 410, 428, 461, 504, 508, 535, 540, 561, 571, 626, 628, 635, 648, 698, 702, 706, 712, 724, 735, 752, 767, 812, 816, 848, 850, 876, 939, 943, 1073, 1077, 1128, 1154, 1160, 1189, 1204, 1225, 1243, 1271, 1284, 1318, 1319, 1324, 1332, 1334, 1351, 1363, 1365, 1418, 1444, 1479, 1491]
1365: [57, 64, 116, 138, 152, 175, 181, 186, 197, 222, 233, 250, 285, 319, 331, 420, 440, 452, 468, 472, 478, 499, 517, 610, 611, 621, 653, 664, 701, 813, 832, 847, 877, 883, 939, 967, 990, 1006, 1022, 1124, 1164, 1171, 1172, 1182, 1183, 1267, 1273, 1275, 1305, 1330, 1364, 1366, 1418, 1428, 1454, 1465, 1493]
1366: [17, 40, 52, 61, 74, 84, 112, 151, 154, 177, 180, 187, 190, 192, 205, 245, 268, 283, 302, 312, 363, 392, 402, 435, 460, 515, 519, 544, 567, 608, 611, 612, 665, 670, 679, 683, 709, 755, 814, 821, 825, 841, 849, 860, 863, 870, 876, 899, 953, 955, 972, 991, 1020, 1051, 1074, 1092, 1102, 1122, 1141, 1149, 1168, 1176, 1268, 1305, 1306, 1322, 1333, 1340, 1341, 1346, 1356, 1365, 1367, 1381, 1382, 1396, 1418, 1425, 1426, 1449, 1454, 1456, 1471]
1367: [25, 31, 58, 98, 110, 134, 139, 141, 157, 173, 176, 203, 221, 244, 314, 316, 329, 340, 358, 360, 366, 375, 382, 394, 420, 459, 508, 525, 564, 606, 611, 659, 680, 686, 700, 704, 758, 760, 799, 801, 816, 827, 837, 839, 864, 872, 879, 881, 894, 913, 920, 930, 931, 944, 950, 952, 978, 1012, 1016, 1043, 1053, 1054, 1064, 1092, 1093, 1117, 1149, 1225, 1304, 1323, 1332, 1344, 1366, 1368, 1417, 1442, 1454, 1469]
1368: [43, 58, 102, 104, 105, 129, 134, 186, 215, 278, 287, 326, 332, 337, 340, 361, 362, 369, 382, 405, 414, 415, 431, 464, 486, 491, 670, 674, 692, 693, 695, 698, 709, 721, 765, 781, 790, 826, 829, 853, 856, 886, 904, 908, 909, 937, 946, 960, 981, 988, 1040, 1081, 1084, 1085, 1135, 1140, 1149, 1169, 1175, 1191, 1195, 1218, 1222, 1263, 1283, 1319, 1333, 1367, 1369, 1383, 1387, 1407, 1422, 1468, 1470]
1369: [40, 67, 77, 85, 116, 144, 157, 164, 185, 194, 217, 225, 235, 238, 248, 274, 310, 335, 343, 351, 360, 363, 373, 443, 448, 455, 460, 481, 492, 501, 512, 513, 518, 525, 560, 604, 627, 650, 659, 691, 726, 730, 740, 746, 758, 768, 774, 779, 816, 820, 824, 829, 856, 870, 896, 940, 941, 954, 956, 982, 986, 1049, 1065, 1090, 1104, 1123, 1130, 1211, 1238, 1268, 1270, 1290, 1292, 1343, 1368, 1370, 1420, 1473, 1477, 1491, 1497]
1370: [25, 26, 38, 62, 70, 79, 102, 122, 176, 204, 259, 284, 291, 306, 311, 316, 328, 341, 355, 406, 442, 597, 614, 675, 677, 701, 735, 752, 783, 831, 842, 848, 855, 866, 894, 936, 964, 975, 986, 997, 1035, 1068, 1095, 1107, 1113, 1167, 1190, 1202, 1219, 1271, 1276, 1279, 1286, 1340, 1369, 1371, 1413, 1435, 1436, 1489]
1371: [17, 30, 33, 53, 56, 57, 80, 83, 95, 99, 115, 135, 220, 245, 263, 275, 277, 278, 293, 338, 364, 381, 412, 420, 451, 455, 480, 488, 507, 555, 565, 597, 600, 624, 636, 653, 672, 741, 770, 794, 832, 835, 869, 935, 963, 973, 984, 991, 1002, 1026, 1072, 1078, 1079, 1090, 1100, 1145, 1149, 1161, 1199, 1207, 1217, 1225, 1267, 1277, 1298, 1305, 1307, 1313, 1314, 1323, 1334, 1346, 1358, 1370, 1372, 1405, 1415, 1425, 1430, 1442, 1471, 1478, 1487]
1372: [31, 41, 86, 96, 112, 118, 137, 183, 191, 193, 219, 301, 303, 363, 365, 376, 401, 426, 440, 504, 532, 541, 543, 553, 563, 612, 665, 674, 690, 712, 722, 810, 812, 825, 874, 909, 916, 962, 966, 968, 973, 998, 1022, 1059, 1072, 1082, 1096, 1171, 1201, 1204, 1211, 1227, 1272, 1277, 1292, 1316, 1322, 1344, 1358, 1371, 1373, 1386, 1389, 1394, 1405, 1426, 1445, 1446, 1491]
1373: [32, 49, 54, 71, 103, 142, 168, 216, 227, 228, 255, 257, 273, 278, 280, 375, 404, 405, 446, 447, 480, 498, 503, 523, 541, 549, 555, 578, 624, 644, 652, 662, 703, 712, 806, 818, 845, 869, 952, 954, 976, 1019, 1022, 1037, 1068, 1075, 1117, 1140, 1163, 1174, 1180, 1184, 1261, 1278, 1285, 1301, 1350, 1372, 1374, 1396, 1400, 1401, 1403, 1434]
1374: [38, 81, 112, 128, 186, 194, 201, 207, 208, 209, 213, 223, 226, 235, 246, 248, 252, 260, 296, 298, 307, 346, 374, 377, 385, 403, 408, 429, 462, 463, 514, 535, 536, 541, 595, 608, 610, 672, 675, 676, 688, 694, 727, 741, 777, 802, 803, 844, 853, 864, 877, 885, 893, 920, 975, 1109, 1127, 1134, 1167, 1193, 1208, 1223, 1238, 1320, 1322, 1327, 1335, 1357, 1373, 1375, 1441, 1455, 1472, 1486, 1490]
1375: [63, 93, 113, 191, 231, 273, 276, 319, 324, 327, 344, 382, 414, 417, 453, 619, 623, 636, 638, 641, 666, 668, 680, 702, 726, 731, 789, 830, 849, 871, 878, 887, 894, 933, 990, 994, 1025, 1103, 1148, 1173, 1203, 1254, 1272, 1374, 1376, 1380, 1385, 1388, 1401, 1408, 1417, 1420, 1454, 1460, 1466, 1469, 1480, 1481, 1490, 1499]
1376: [31, 33, 49, 69, 73, 81, 82, 108, 120, 166, 227, 244, 245, 251, 266, 301, 337, 364, 386, 392, 407, 424, 436, 457, 484, 486, 494, 502, 509, 531, 564, 565, 610, 638, 648, 709, 714, 722, 780, 790, 806, 821, 911, 913, 923, 924, 971, 976, 992, 1054, 1066, 1101, 1103, 1171, 1176, 1227, 1237, 1246, 1281, 1288, 1313, 1339, 1375, 1377, 1387, 1461, 1474, 1482, 1495]
1377: [22, 27, 36, 58, 71, 76, 80, 107, 117, 153, 163, 199, 229, 235, 269, 270, 299, 300, 308, 316, 333, 343, 373, 416, 435, 457, 458, 487, 509, 545, 602, 604, 632, 682, 708, 712, 715, 723, 743, 786, 842, 884, 904, 907, 916, 962, 994, 1002, 1033, 1056, 1068, 1071, 1111, 1127, 1138, 1140, 1169, 1174, 1194, 1198, 1212, 1222, 1239, 1263, 1285, 1328, 1335, 1338, 1343, 1376, 1378, 1420, 1428, 1443]
1378: [43, 54, 182, 188, 205, 231, 238, 247, 341, 344, 349, 354, 453, 456, 477, 485, 487, 502, 590, 603, 610, 613, 627, 667, 701, 749, 852, 864, 887, 888, 896, 903, 907, 942, 993, 1030, 1035, 1048, 1088, 1102, 1124, 1178, 1193, 1225, 1231, 1235, 1243, 1253, 1264, 1280, 1284, 1295, 1308, 1346, 1351, 1352, 1377, 1379, 1380, 1389, 1396, 1425, 1429, 1430, 1439, 1464]
1379: [72, 110, 134, 203, 219, 256, 259, 260, 296, 309, 313, 351, 358, 394, 397, 417, 420, 468, 472, 494, 545, 570, 575, 597, 635, 636, 642, 652, 665, 676, 723, 724, 731, 732, 733, 747, 786, 794, 802, 846, 868, 875, 878, 893, 928, 973, 1002, 1054, 1144, 1162, 1182, 1191, 1196, 1227, 1231, 1259, 1291, 1334, 1349, 1378, 1380, 1421, 1429, 1450, 1452, 1460, 1464, 1465, 1466, 1485, 1498]
1380: [19, 42, 109, 123, 133, 181, 226, 273, 284, 317, 336, 341, 354, 359, 409, 432, 438, 440, 445, 451, 470, 472, 525, 550, 562, 572, 573, 607, 621, 635, 657, 691, 744, 748, 762, 848, 886, 908, 930, 931, 1016, 1068, 1090, 1136, 1149, 1152, 1182, 1185, 1206, 1233, 1246, 1288, 1344, 1350, 1375, 1378, 1379, 1381, 1393, 1401, 1425, 1431, 1443, 1459, 1463, 1472, 1478]
1381: [38, 81, 99, 118, 128, 156, 179, 201, 213, 260, 297, 367, 381, 412, 415, 416, 442, 480, 498, 525, 567, 574, 643, 648, 671, 675, 677, 714, 740, 741, 806, 808, 889, 896, 913, 965, 992, 1003, 1005, 1020, 1025, 1042, 1072, 1086, 1103, 1105, 1122, 1141, 1150, 1165, 1176, 1181, 1219, 1237, 1259, 1301, 1363, 1366, 1380, 1382, 1410, 1430, 1447, 1453, 1469, 1494]
1382: [51, 59, 68, 95, 100, 192, 206, 213, 244, 259, 268, 277, 326, 333, 346, 387, 389, 401, 404, 406, 424, 446, 478, 493, 500, 516, 517, 569, 589, 591, 612, 629, 657, 677, 688, 714, 722, 764, 772, 778, 805, 893, 894, 920, 931, 938, 951, 1036, 1093, 1101, 1181, 1187, 1205, 1213, 1254, 1264, 1269, 1273, 1298, 1329, 1333, 1366, 1381, 1383, 1392, 1397, 1433, 1451, 1455, 1460, 1484]
1383: [39, 55, 89, 108, 130, 148, 163, 166, 179, 191, 210, 237, 246, 252, 253, 275, 292, 301, 304, 307, 371, 383, 405, 407, 411, 434, 436, 445, 472, 485, 569, 621, 661, 670, 692, 693, 703, 731, 734, 782, 799, 823, 826, 868, 870, 872, 881, 882, 892, 897, 918, 936, 964, 968, 977, 1012, 1017, 1035, 1049, 1051, 1104, 1126, 1163, 1177, 1239, 1281, 1329, 1332, 1337, 1368, 1382, 1384, 1415, 1418, 1424, 1436, 1488]
1384: [55, 57, 58, 65, 72, 95, 102, 105, 106, 160, 167, 171, 176, 204, 257, 265, 275, 278, 303, 350, 363, 372, 386, 415, 455, 500, 524, 549, 568, 583, 587, 597, 614, 617, 619, 639, 645, 679, 685, 726, 729, 730, 733, 743, 767, 768, 770, 781, 794, 801, 827, 885, 916, 919, 956, 958, 959, 978, 1000, 1025, 1031, 1046, 1058, 1067, 1100, 1118, 1127, 1130, 1192, 1196, 1203, 1204, 1208, 1236, 1240, 1281, 1296, 1383, 1385, 1405, 1422, 1452, 1485]
1385: [22, 62, 65, 72, 91, 108, 132, 138, 175, 197, 208, 250, 291, 316, 319, 350, 391, 407, 421, 422, 458, 470, 475, 489, 546, 556, 562, 590, 599, 604, 625, 632, 654, 684, 687, 697, 706, 710, 759, 774, 851, 886, 892, 917, 920, 961, 968, 974, 992, 1090, 1097, 1115, 1187, 1222, 1223, 1228, 1263, 1298, 1313, 1342, 1360, 1361, 1375, 1384, 1386, 1427, 1432, 1462, 1463, 1486]
1386: [14, 22, 25, 83, 93, 135, 182, 209, 230, 242, 244, 248, 267, 349, 351, 389, 403, 406, 411, 421, 462, 480, 521, 523, 551, 559, 575, 634, 656, 692, 725, 761, 783, 789, 797, 801, 819, 842, 856, 857, 860, 872, 878, 889, 923, 942, 947, 948, 959, 992, 996, 1006, 1010, 1044, 1053, 1079, 1097, 1175, 1209, 1214, 1217, 1230, 1340, 1372, 1385, 1387, 1414, 1462, 1468]
1387: [19, 23, 72, 73, 104, 111, 114, 133, 134, 178, 179, 213, 217, 243, 274, 297, 308, 327, 330, 334, 339, 341, 345, 365, 412, 426, 428, 434, 506, 522, 552, 584, 587, 615, 627, 703, 726, 756, 765, 772, 781, 806, 847, 939, 950, 955, 979, 988, 994, 1014, 1017, 1019, 1031, 1046, 1092, 1142, 1146, 1204, 1275, 1283, 1304, 1327, 1329, 1331, 1340, 1355, 1362, 1368, 1376, 1386, 1388, 1402, 1403, 1442, 1486]
1388: [50, 74, 86, 147, 156, 218, 222, 237, 263, 278, 289, 297, 312, 313, 318, 333, 350, 352, 382, 449, 517, 529, 533, 540, 548, 566, 599, 605, 617, 636, 670, 711, 750, 789, 803, 822, 829, 847, 854, 894, 907, 918, 921, 926, 944, 960, 972, 1020, 1030, 1032, 1066, 1076, 1095, 1126, 1133, 1152, 1191, 1228, 1261, 1270, 1296, 1332, 1375, 1387, 1389, 1394, 1403, 1413, 1417]
1389: [18, 32, 65, 75, 94, 123, 134, 165, 180, 208, 231, 245, 306, 315, 347, 368, 380, 399, 439, 448, 479, 511, 528, 537, 556, 582, 589, 592, 601, 608, 610, 628, 651, 665, 676, 716, 720, 738, 856, 871, 919, 988, 1066, 1069, 1089, 1113, 1116, 1124, 1155, 1163, 1167, 1203, 1214, 1237, 1247, 1286, 1291, 1299, 1372, 1378, 1388, 1390, 1448, 1461, 1479, 1484, 1495]
1390: [15, 20, 65, 107, 109, 121, 152, 173, 174, 183, 186, 192, 194, 220, 235, 282, 289, 359, 389, 407, 426, 450, 521, 559, 591, 662, 686, 687, 710, 721, 726, 736, 738, 741, 767, 782, 795, 796, 868, 882, 886, 1003, 1027, 1028, 1033, 1041, 1083, 1089, 1146, 1152, 1155, 1169, 1170, 1199, 1218, 1219, 1247, 1264, 1266, 1287, 1289, 1290, 1340, 1348, 1361, 1389, 1391, 1418, 1454, 1462, 1464, 1471]
1391: [26, 48, 77, 80, 96, 149, 193, 214, 220, 236, 280, 284, 288, 295, 307, 339, 346, 420, 424, 503, 518, 543, 572, 596, 606, 612, 625, 631, 634, 642, 670, 716, 761, 786, 820, 847, 860, 861, 923, 926, 966, 972, 982, 994, 1041, 1079, 1083, 1084, 1118, 1177, 1188, 1215, 1238, 1314, 1320, 1361, 1362, 1390, 1392, 1449, 1460, 1466, 1472, 1479, 1497]
1392: [30, 43, 61, 78, 134, 154, 178, 244, 250, 280, 298, 315, 326, 346, 393, 403, 427, 438, 442, 452, 466, 486, 506, 523, 536, 579, 591, 639, 644, 657, 663, 679, 705, 716, 718, 744, 756, 757, 838, 858, 921, 949, 999, 1013, 1025, 1082, 1140, 1152, 1155, 1176, 1181, 1223, 1255, 1263, 1266, 1271, 1284, 1300, 1305, 1330, 1339, 1344, 1382, 1391, 1393, 1459, 1473, 1488]
1393: [17, 99, 101, 184, 192, 207, 209, 233, 241, 264, 278, 302, 303, 318, 320, 323, 332, 345, 348, 361, 381, 409, 415, 455, 487, 563, 566, 602, 620, 633, 639, 680, 694, 697, 711, 720, 733, 838, 870, 895, 942, 945, 966, 973, 986, 1014, 1048, 1075, 1084, 1128, 1148, 1149, 1174, 1188, 1213, 1227, 1230, 1240, 1315, 1321, 1330, 1347, 1351, 1359, 1380, 1392, 1394, 1407, 1409, 1420, 1437, 1447, 1469, 1481]
1394: [27, 43, 61, 66, 72, 82, 126, 176, 191, 203, 207, 214, 225, 255, 316, 453, 480, 488, 498, 513, 514, 522, 529, 567, 588, 593, 607, 672, 694, 719, 753, 756, 766, 773, 778, 811, 816, 838, 841, 860, 867, 877, 910, 976, 982, 987, 996, 998, 1001, 1028, 1029, 1072, 1073, 1156, 1178, 1236, 1242, 1266, 1300, 1303, 1345, 1359, 1360, 1361, 1372, 1388, 1393, 1395, 1400, 1403, 1437, 1448, 1458]
1395: [14, 58, 93, 111, 113, 122, 170, 202, 204, 205, 256, 262, 343, 392, 408, 414, 420, 423, 430, 457, 472, 493, 513, 514, 525, 541, 595, 654, 662, 673, 736, 742, 760, 767, 782, 799, 802, 805, 817, 824, 934, 954, 967, 983, 990, 992, 1003, 1013, 1042, 1046, 1052, 1104, 1106, 1126, 1168, 1175, 1236, 1277, 1282, 1302, 1306, 1314, 1324, 1326, 1363, 1394, 1396, 1400, 1405, 1412, 1414, 1430, 1450, 1480, 1490]
1396: [32, 43, 46, 50, 72, 91, 101, 106, 167, 232, 282, 285, 298, 304, 317, 324, 335, 361, 364, 423, 501, 535, 594, 599, 623, 630, 634, 635, 649, 650, 664, 689, 723, 733, 746, 755, 762, 781, 810, 818, 826, 874, 879, 880, 886, 894, 928, 966, 1000, 1003, 1013, 1035, 1040, 1096, 1108, 1109, 1129, 1136, 1163, 1168, 1177, 1185, 1224, 1228, 1254, 1256, 1258, 1269, 1278, 1301, 1307, 1339, 1343, 1347, 1348, 1349, 1357, 1366, 1373, 1378, 1395, 1397, 1411, 1452, 1464, 1473]
1397: [36, 76, 121, 162, 171, 177, 220, 247, 249, 260, 276, 283, 296, 308, 395, 402, 417, 436, 458, 476, 477, 499, 508, 511, 521, 606, 616, 617, 629, 651, 655, 657, 697, 725, 733, 782, 787, 811, 820, 829, 849, 871, 880, 900, 932, 951, 1008, 1019, 1085, 1105, 1106, 1122, 1168, 1176, 1183, 1203, 1241, 1292, 1295, 1350, 1382, 1396, 1398, 1424, 1429, 1435, 1466, 1476]
1398: [14, 18, 20, 32, 43, 111, 113, 135, 146, 203, 208, 209, 214, 215, 230, 250, 268, 277, 290, 301, 311, 329, 334, 339, 347, 366, 395, 418, 433, 465, 469, 490, 492, 496, 502, 504, 543, 590, 617, 624, 676, 682, 697, 707, 723, 725, 739, 776, 786, 799, 802, 866, 894, 914, 922, 938, 943, 950, 966, 979, 991, 992, 993, 1027, 1053, 1134, 1163, 1189, 1218, 1219, 1222, 1225, 1260, 1299, 1322, 1397, 1399, 1442, 1466, 1492, 1497]
1399: [23, 61, 64, 157, 168, 191, 223, 228, 273, 295, 375, 402, 452, 463, 506, 509, 526, 580, 591, 633, 636, 662, 690, 699, 710, 711, 715, 731, 826, 839, 858, 961, 967, 1045, 1082, 1096, 1147, 1153, 1156, 1158, 1191, 1194, 1252, 1254, 1278, 1302, 1329, 1398, 1400, 1412, 1417, 1419, 1466]
1400: [30, 51, 77, 85, 105, 134, 138, 139, 157, 198, 232, 237, 270, 281, 282, 297, 345, 389, 398, 426, 438, 451, 458, 478, 519, 528, 534, 541, 562, 572, 600, 616, 662, 671, 728, 757, 777, 780, 795, 867, 868, 878, 893, 906, 910, 985, 999, 1015, 1045, 1053, 1091, 1106, 1110, 1119, 1176, 1177, 1192, 1195, 1196, 1232, 1299, 1309, 1323, 1355, 1373, 1394, 1395, 1399, 1401, 1408, 1409, 1430]
1401: [26, 29, 65, 85, 97, 108, 123, 134, 137, 140, 154, 182, 246, 268, 285, 288, 333, 361, 362, 364, 365, 386, 424, 435, 473, 498, 501, 508, 509, 539, 549, 550, 558, 561, 583, 586, 646, 649, 652, 688, 700, 796, 800, 812, 837, 852, 886, 942, 957, 971, 986, 988, 997, 1020, 1050, 1073, 1105, 1120, 1129, 1146, 1190, 1218, 1233, 1259, 1286, 1320, 1373, 1375, 1380, 1400, 1402, 1406, 1451, 1456]
1402: [20, 41, 51, 56, 61, 70, 135, 188, 217, 225, 266, 270, 280, 284, 320, 350, 374, 412, 488, 495, 504, 510, 544, 586, 602, 617, 635, 659, 665, 696, 720, 735, 741, 775, 776, 804, 831, 850, 902, 955, 995, 1001, 1005, 1006, 1019, 1028, 1041, 1053, 1068, 1113, 1132, 1139, 1161, 1176, 1177, 1179, 1188, 1201, 1244, 1294, 1304, 1322, 1387, 1401, 1403, 1426, 1428, 1441, 1468, 1484, 1492, 1493, 1497]
1403: [29, 67, 68, 69, 79, 109, 116, 126, 175, 181, 190, 233, 242, 277, 308, 319, 376, 420, 494, 495, 517, 560, 573, 658, 687, 710, 722, 723, 740, 772, 791, 822, 851, 941, 949, 978, 993, 1031, 1033, 1120, 1202, 1210, 1231, 1259, 1269, 1271, 1373, 1387, 1388, 1394, 1402, 1404, 1465, 1477]
1404: [19, 23, 31, 58, 85, 106, 143, 170, 202, 207, 253, 255, 293, 312, 316, 368, 387, 434, 441, 468, 483, 493, 523, 612, 650, 664, 667, 695, 711, 761, 798, 818, 838, 839, 877, 919, 952, 960, 968, 970, 977, 979, 999, 1000, 1006, 1013, 1027, 1039, 1044, 1051, 1066, 1097, 1109, 1111, 1146, 1154, 1191, 1226, 1239, 1274, 1281, 1308, 1356, 1403, 1405, 1408, 1412, 1426, 1434, 1438]
1405: [18, 41, 65, 98, 102, 164, 173, 219, 255, 294, 346, 375, 385, 497, 521, 532, 549, 577, 600, 616, 648, 663, 666, 674, 693, 698, 706, 707, 716, 738, 764, 830, 844, 853, 873, 883, 887, 920, 923, 941, 957, 966, 989, 995, 1018, 1035, 1045, 1059, 1064, 1075, 1114, 1119, 1135, 1149, 1157, 1166, 1175, 1180, 1201, 1204, 1274, 1284, 1291, 1297, 1307, 1317, 1363, 1371, 1372, 1384, 1395, 1404, 1406, 1415, 1421, 1449, 1454]
1406: [25, 36, 118, 132, 150, 161, 166, 182, 206, 246, 247, 259, 261, 279, 313, 316, 328, 331, 336, 356, 392, 473, 479, 502, 505, 521, 525, 544, 550, 558, 579, 600, 605, 652, 662, 669, 696, 699, 700, 704, 716, 721, 734, 741, 763, 792, 880, 961, 964, 1026, 1030, 1053, 1057, 1062, 1118, 1133, 1186, 1190, 1233, 1265, 1283, 1289, 1343, 1350, 1401, 1405, 1407, 1448, 1471]
1407: [32, 41, 54, 82, 117, 123, 127, 139, 164, 200, 201, 219, 286, 292, 294, 315, 330, 354, 374, 379, 409, 410, 424, 433, 503, 528, 542, 570, 673, 675, 716, 768, 788, 824, 843, 850, 865, 871, 908, 926, 939, 943, 972, 1023, 1044, 1050, 1056, 1070, 1112, 1126, 1165, 1186, 1192, 1212, 1224, 1233, 1244, 1277, 1303, 1312, 1314, 1349, 1368, 1393, 1406, 1408, 1422, 1427, 1436, 1461, 1464, 1477]
1408: [18, 21, 27, 34, 44, 65, 86, 103, 108, 116, 136, 140, 142, 157, 160, 174, 218, 225, 229, 232, 236, 241, 254, 264, 319, 333, 342, 404, 406, 431, 439, 453, 461, 470, 500, 532, 571, 603, 606, 622, 675, 677, 688, 701, 710, 719, 778, 782, 816, 841, 843, 907, 929, 931, 937, 939, 994, 1011, 1046, 1099, 1137, 1201, 1223, 1224, 1301, 1336, 1344, 1359, 1375, 1400, 1404, 1407, 1409, 1413, 1420, 1423, 1434, 1456, 1459, 1460, 1468, 1483, 1497]
1409: [16, 46, 59, 69, 134, 173, 197, 206, 210, 213, 220, 244, 256, 277, 283, 314, 317, 332, 354, 357, 369, 373, 374, 375, 391, 415, 452, 463, 474, 495, 534, 577, 617, 639, 650, 676, 677, 689, 691, 742, 746, 751, 768, 771, 789, 793, 799, 804, 806, 836, 859, 867, 890, 901, 905, 925, 953, 968, 1021, 1048, 1050, 1107, 1112, 1130, 1157, 1162, 1169, 1192, 1195, 1199, 1209, 1258, 1296, 1297, 1393, 1400, 1408, 1410, 1411, 1485]
1410: [27, 45, 52, 57, 69, 75, 87, 133, 137, 139, 140, 144, 167, 170, 197, 320, 324, 348, 399, 419, 429, 433, 454, 520, 522, 524, 540, 541, 560, 568, 572, 587, 603, 625, 633, 635, 638, 666, 714, 717, 730, 735, 778, 804, 848, 863, 909, 911, 941, 954, 963, 968, 982, 985, 1000, 1019, 1097, 1125, 1135, 1151, 1160, 1177, 1237, 1247, 1265, 1315, 1316, 1326, 1329, 1381, 1409, 1411, 1486, 1491, 1493]
1411: [17, 33, 64, 75, 93, 103, 147, 156, 181, 185, 209, 234, 263, 293, 306, 370, 372, 402, 428, 455, 456, 469, 475, 476, 508, 523, 560, 599, 608, 618, 637, 658, 683, 695, 707, 709, 784, 936, 957, 981, 1025, 1054, 1069, 1106, 1109, 1155, 1209, 1217, 1241, 1261, 1288, 1302, 1337, 1352, 1353, 1396, 1409, 1410, 1412, 1415, 1418, 1428, 1432, 1451, 1461, 1481, 1485, 1489]
1412: [66, 81, 128, 149, 158, 177, 189, 222, 226, 227, 238, 240, 242, 246, 266, 280, 303, 304, 340, 367, 380, 392, 393, 424, 442, 467, 477, 492, 509, 525, 545, 554, 555, 590, 621, 641, 684, 686, 697, 708, 728, 733, 746, 761, 767, 784, 794, 797, 805, 810, 821, 826, 833, 843, 851, 860, 868, 891, 901, 923, 925, 970, 1071, 1081, 1086, 1104, 1119, 1136, 1150, 1172, 1184, 1188, 1209, 1240, 1245, 1270, 1277, 1278, 1280, 1304, 1308, 1316, 1319, 1333, 1345, 1356, 1395, 1399, 1404, 1411, 1413, 1418, 1440, 1445, 1458, 1460, 1464, 1466, 1490, 1495]
1413: [20, 59, 80, 81, 114, 156, 178, 186, 200, 208, 232, 266, 277, 302, 319, 329, 337, 353, 374, 379, 387, 390, 400, 401, 425, 503, 555, 564, 573, 614, 625, 650, 674, 684, 725, 777, 787, 800, 811, 816, 861, 862, 868, 891, 908, 916, 942, 943, 951, 957, 974, 978, 988, 995, 1047, 1049, 1057, 1067, 1082, 1090, 1105, 1106, 1113, 1154, 1187, 1274, 1290, 1293, 1340, 1370, 1388, 1408, 1412, 1414, 1465, 1484]
1414: [23, 44, 58, 59, 69, 91, 102, 109, 123, 141, 157, 158, 166, 183, 200, 212, 222, 229, 233, 236, 238, 245, 270, 313, 390, 396, 435, 452, 471, 481, 483, 512, 521, 559, 581, 663, 677, 695, 708, 751, 754, 764, 770, 792, 805, 836, 858, 898, 909, 943, 957, 970, 984, 1054, 1094, 1111, 1117, 1129, 1151, 1160, 1174, 1182, 1191, 1221, 1227, 1258, 1271, 1280, 1296, 1302, 1310, 1342, 1386, 1395, 1413, 1415, 1427, 1428, 1444, 1480, 1483]
1415: [16, 17, 23, 52, 57, 83, 93, 99, 124, 136, 162, 181, 189, 201, 213, 232, 249, 252, 277, 278, 324, 332, 341, 376, 398, 425, 460, 464, 487, 533, 596, 623, 641, 642, 651, 652, 659, 712, 731, 743, 748, 783, 788, 796, 823, 870, 871, 874, 883, 887, 893, 894, 896, 908, 927, 962, 968, 975, 992, 999, 1014, 1037, 1047, 1091, 1095, 1110, 1137, 1161, 1162, 1174, 1176, 1215, 1227, 1229, 1231, 1255, 1265, 1320, 1321, 1351, 1358, 1359, 1371, 1383, 1405, 1411, 1414, 1416, 1484]
1416: [16, 18, 50, 126, 134, 140, 152, 217, 236, 243, 253, 277, 303, 357, 359, 367, 374, 378, 380, 395, 419, 436, 440, 445, 447, 460, 464, 517, 518, 533, 545, 553, 565, 589, 634, 662, 669, 743, 751, 803, 812, 829, 854, 912, 934, 940, 946, 971, 1012, 1062, 1070, 1085, 1117, 1120, 1130, 1149, 1150, 1158, 1183, 1210, 1211, 1213, 1228, 1231, 1255, 1294, 1308, 1356, 1415, 1417, 1474, 1476, 1478, 1479, 1497]
1417: [47, 75, 81, 100, 119, 125, 130, 166, 209, 235, 239, 246, 262, 310, 316, 351, 361, 377, 380, 423, 426, 429, 452, 465, 492, 506, 519, 528, 529, 542, 556, 577, 580, 585, 594, 621, 631, 648, 676, 678, 721, 736, 739, 747, 795, 806, 807, 809, 817, 845, 863, 894, 905, 914, 944, 1024, 1035, 1057, 1107, 1179, 1193, 1206, 1210, 1221, 1284, 1305, 1316, 1321, 1356, 1367, 1375, 1388, 1399, 1416, 1418, 1421, 1438, 1441, 1462, 1470, 1476, 1482, 1495]
1418: [26, 32, 57, 76, 79, 103, 108, 116, 135, 170, 194, 200, 255, 272, 288, 296, 300, 320, 334, 336, 354, 402, 427, 440, 459, 481, 488, 545, 561, 566, 579, 580, 598, 599, 620, 633, 654, 657, 681, 686, 687, 719, 720, 722, 727, 730, 756, 770, 787, 818, 828, 870, 878, 892, 907, 908, 931, 935, 1028, 1030, 1066, 1102, 1144, 1151, 1187, 1234, 1296, 1301, 1304, 1305, 1317, 1326, 1358, 1362, 1364, 1365, 1366, 1383, 1390, 1411, 1412, 1417, 1419, 1420, 1492, 1496]
1419: [16, 26, 68, 81, 117, 123, 132, 181, 188, 241, 262, 276, 294, 316, 335, 363, 371, 373, 376, 417, 422, 424, 438, 469, 477, 500, 521, 549, 590, 600, 631, 689, 710, 715, 741, 742, 779, 781, 793, 811, 812, 830, 834, 838, 861, 899, 905, 913, 930, 934, 936, 993, 1018, 1034, 1090, 1140, 1142, 1166, 1168, 1203, 1206, 1213, 1214, 1217, 1223, 1252, 1275, 1284, 1290, 1317, 1350, 1399, 1418, 1420, 1466, 1489]
1420: [93, 108, 110, 113, 128, 136, 166, 171, 176, 211, 220, 228, 231, 244, 331, 334, 337, 360, 375, 431, 443, 465, 477, 478, 480, 481, 484, 500, 516, 541, 562, 600, 614, 646, 676, 709, 743, 758, 780, 782, 819, 857, 884, 900, 1019, 1024, 1054, 1057, 1092, 1108, 1113, 1115, 1120, 1123, 1126, 1137, 1151, 1158, 1174, 1191, 1203, 1206, 1223, 1262, 1263, 1303, 1327, 1332, 1369, 1375, 1377, 1393, 1408, 1418, 1419, 1421, 1461, 1478, 1481, 1489]
1421: [55, 139, 151, 186, 190, 229, 239, 255, 293, 303, 333, 355, 360, 361, 367, 368, 375, 396, 398, 421, 422, 465, 478, 513, 519, 534, 543, 557, 626, 628, 647, 673, 675, 691, 702, 713, 723, 732, 820, 831, 859, 866, 876, 966, 970, 973, 980, 990, 1058, 1059, 1076, 1090, 1113, 1116, 1119, 1154, 1175, 1180, 1197, 1198, 1206, 1212, 1214, 1223, 1225, 1233, 1244, 1287, 1308, 1320, 1323, 1339, 1352, 1353, 1379, 1405, 1417, 1420, 1422, 1424, 1463]
1422: [25, 40, 50, 100, 162, 212, 237, 256, 257, 272, 283, 294, 313, 352, 524, 564, 566, 590, 599, 664, 670, 674, 676, 737, 745, 760, 781, 862, 870, 872, 873, 876, 908, 924, 946, 965, 983, 988, 995, 996, 997, 1007, 1008, 1025, 1038, 1047, 1064, 1131, 1137, 1173, 1183, 1244, 1292, 1311, 1313, 1368, 1384, 1407, 1421, 1423, 1437, 1441, 1443, 1481]
1423: [24, 36, 37, 69, 74, 83, 93, 96, 124, 137, 179, 185, 257, 289, 291, 293, 305, 309, 349, 367, 370, 372, 385, 395, 458, 469, 470, 477, 484, 500, 506, 549, 562, 573, 576, 589, 590, 649, 728, 754, 858, 875, 896, 963, 994, 1017, 1032, 1078, 1127, 1142, 1152, 1153, 1165, 1180, 1208, 1210, 1254, 1271, 1286, 1293, 1317, 1324, 1325, 1408, 1422, 1424, 1426, 1440, 1469]
1424: [14, 23, 35, 45, 62, 67, 78, 112, 152, 155, 157, 188, 205, 211, 217, 301, 308, 338, 369, 392, 407, 411, 438, 449, 467, 490, 502, 542, 549, 554, 575, 580, 593, 633, 647, 688, 707, 719, 721, 737, 765, 782, 787, 808, 817, 844, 848, 850, 883, 913, 923, 924, 965, 1041, 1062, 1100, 1106, 1152, 1161, 1164, 1173, 1195, 1214, 1217, 1218, 1224, 1260, 1261, 1275, 1278, 1280, 1291, 1293, 1305, 1320, 1349, 1358, 1383, 1397, 1421, 1423, 1425, 1439, 1442, 1452, 1453, 1459, 1470, 1474, 1497]
1425: [38, 45, 85, 87, 115, 138, 147, 191, 236, 253, 264, 277, 299, 308, 316, 322, 339, 360, 388, 403, 406, 407, 419, 424, 454, 462, 482, 486, 533, 572, 573, 588, 593, 610, 615, 622, 623, 672, 680, 682, 709, 716, 719, 752, 768, 778, 872, 908, 932, 978, 1055, 1057, 1081, 1112, 1154, 1166, 1178, 1210, 1231, 1310, 1322, 1329, 1345, 1354, 1366, 1371, 1378, 1380, 1424, 1426, 1433, 1461, 1467, 1479]
1426: [15, 24, 28, 41, 46, 55, 80, 84, 119, 169, 214, 237, 240, 242, 262, 266, 285, 305, 320, 344, 372, 383, 396, 399, 403, 419, 427, 430, 433, 440, 448, 451, 459, 503, 509, 517, 533, 543, 564, 609, 622, 666, 669, 670, 680, 713, 714, 721, 726, 727, 740, 763, 768, 769, 777, 796, 803, 806, 886, 908, 920, 927, 931, 969, 984, 991, 1019, 1077, 1080, 1107, 1140, 1149, 1154, 1197, 1203, 1238, 1240, 1245, 1257, 1260, 1273, 1280, 1282, 1308, 1343, 1354, 1366, 1372, 1402, 1404, 1423, 1425, 1427, 1439, 1470, 1472, 1475]
1427: [24, 137, 141, 146, 153, 161, 162, 170, 212, 222, 228, 234, 243, 259, 288, 309, 321, 349, 365, 380, 389, 391, 454, 462, 502, 524, 611, 614, 624, 628, 640, 655, 663, 701, 705, 738, 743, 751, 752, 768, 776, 800, 816, 823, 824, 848, 881, 919, 929, 930, 951, 967, 981, 988, 1020, 1089, 1100, 1134, 1136, 1138, 1141, 1149, 1163, 1168, 1194, 1223, 1236, 1275, 1304, 1314, 1320, 1342, 1346, 1385, 1407, 1414, 1426, 1428, 1433, 1449, 1450]
1428: [63, 76, 84, 89, 102, 117, 125, 137, 179, 209, 210, 229, 240, 282, 287, 292, 330, 331, 336, 350, 355, 367, 373, 393, 399, 401, 419, 421, 424, 438, 470, 485, 524, 525, 527, 533, 551, 563, 574, 593, 614, 630, 647, 662, 713, 714, 715, 738, 741, 756, 761, 775, 782, 812, 837, 846, 853, 864, 950, 1046, 1054, 1091, 1097, 1139, 1174, 1177, 1203, 1224, 1233, 1266, 1320, 1339, 1346, 1360, 1363, 1365, 1377, 1402, 1411, 1414, 1427, 1429, 1437, 1481, 1490, 1492]
1429: [29, 36, 38, 92, 138, 163, 171, 211, 229, 239, 292, 311, 320, 337, 388, 393, 397, 446, 463, 506, 548, 560, 573, 593, 625, 633, 655, 668, 682, 747, 756, 793, 806, 825, 833, 887, 904, 926, 968, 971, 1038, 1062, 1066, 1101, 1111, 1118, 1135, 1149, 1178, 1182, 1198, 1234, 1240, 1270, 1301, 1318, 1378, 1379, 1397, 1428, 1430, 1436, 1490]
1430: [43, 47, 82, 84, 88, 93, 139, 151, 153, 177, 180, 185, 194, 227, 234, 242, 276, 280, 288, 289, 298, 339, 345, 369, 379, 418, 427, 457, 463, 490, 525, 545, 549, 592, 597, 606, 611, 656, 677, 678, 689, 693, 734, 739, 740, 776, 780, 785, 789, 798, 808, 842, 882, 887, 890, 894, 914, 942, 953, 972, 975, 979, 1010, 1019, 1053, 1066, 1184, 1191, 1240, 1283, 1284, 1289, 1290, 1371, 1378, 1381, 1395, 1400, 1429, 1431, 1459, 1465, 1490]
1431: [18, 19, 28, 40, 54, 71, 72, 142, 169, 190, 218, 221, 232, 237, 283, 291, 327, 409, 432, 446, 460, 493, 509, 547, 587, 603, 638, 639, 670, 711, 722, 733, 760, 798, 808, 825, 828, 861, 866, 903, 923, 931, 955, 1005, 1053, 1062, 1071, 1081, 1111, 1126, 1133, 1138, 1155, 1156, 1184, 1188, 1190, 1215, 1221, 1259, 1262, 1270, 1272, 1275, 1285, 1314, 1326, 1362, 1380, 1430, 1432, 1439, 1456, 1460, 1482, 1491]
1432: [97, 146, 180, 185, 198, 218, 219, 222, 248, 263, 292, 304, 331, 352, 366, 462, 497, 518, 522, 543, 551, 559, 566, 591, 619, 641, 642, 653, 656, 676, 678, 684, 704, 716, 721, 729, 731, 753, 760, 761, 765, 772, 820, 825, 834, 845, 865, 870, 874, 896, 923, 928, 998, 1008, 1020, 1023, 1052, 1055, 1068, 1071, 1091, 1098, 1108, 1134, 1147, 1154, 1203, 1214, 1259, 1268, 1315, 1326, 1329, 1331, 1385, 1411, 1431, 1433, 1448, 1455, 1462, 1470, 1493, 1498]
1433: [20, 42, 66, 75, 89, 96, 108, 122, 150, 173, 180, 187, 241, 245, 253, 302, 309, 335, 339, 341, 351, 356, 368, 369, 386, 393, 425, 441, 470, 510, 521, 560, 566, 619, 635, 641, 647, 648, 680, 685, 696, 711, 743, 768, 781, 787, 799, 846, 861, 862, 897, 904, 961, 964, 966, 968, 977, 1002, 1010, 1013, 1035, 1037, 1075, 1080, 1087, 1101, 1103, 1119, 1129, 1152, 1174, 1204, 1262, 1274, 1288, 1298, 1319, 1330, 1363, 1382, 1425, 1427, 1432, 1434, 1444]
1434: [15, 32, 44, 95, 125, 126, 127, 132, 136, 177, 178, 204, 206, 249, 264, 268, 275, 291, 333, 360, 371, 421, 438, 477, 483, 585, 610, 614, 643, 658, 698, 707, 713, 728, 744, 745, 786, 846, 854, 916, 950, 1016, 1031, 1044, 1065, 1068, 1084, 1088, 1091, 1107, 1108, 1170, 1188, 1202, 1235, 1250, 1251, 1253, 1285, 1317, 1333, 1339, 1340, 1349, 1356, 1373, 1404, 1408, 1433, 1435, 1437, 1441, 1460]
1435: [31, 55, 74, 90, 131, 135, 140, 153, 173, 182, 200, 202, 208, 255, 290, 317, 348, 392, 405, 414, 439, 441, 451, 464, 468, 504, 513, 532, 545, 552, 554, 559, 562, 575, 604, 644, 723, 746, 757, 761, 905, 917, 980, 990, 1016, 1017, 1020, 1049, 1093, 1104, 1123, 1133, 1178, 1204, 1218, 1264, 1268, 1306, 1309, 1320, 1333, 1370, 1397, 1434, 1436, 1463, 1478, 1481, 1490, 1495, 1498]
1436: [15, 41, 50, 51, 83, 116, 132, 140, 157, 190, 221, 230, 249, 281, 321, 330, 351, 366, 380, 394, 430, 454, 464, 528, 535, 538, 547, 560, 616, 618, 623, 628, 687, 693, 695, 727, 729, 732, 740, 763, 809, 825, 842, 857, 880, 885, 899, 905, 919, 920, 945, 959, 982, 995, 1020, 1021, 1039, 1048, 1056, 1077, 1095, 1137, 1143, 1164, 1184, 1207, 1225, 1242, 1244, 1261, 1276, 1285, 1294, 1305, 1308, 1310, 1318, 1348, 1370, 1383, 1407, 1429, 1435, 1437, 1444, 1489, 1498]
1437: [58, 111, 120, 123, 130, 140, 142, 150, 155, 159, 175, 180, 185, 199, 231, 334, 340, 345, 350, 358, 367, 375, 408, 432, 445, 478, 498, 505, 518, 534, 539, 540, 579, 588, 595, 610, 621, 632, 650, 663, 686, 717, 718, 721, 742, 748, 787, 802, 828, 845, 870, 891, 908, 927, 945, 985, 1018, 1038, 1092, 1100, 1107, 1108, 1115, 1130, 1184, 1248, 1290, 1350, 1351, 1393, 1394, 1422, 1428, 1434, 1436, 1438, 1453, 1468, 1480, 1482]
1438: [14, 25, 29, 42, 92, 93, 114, 125, 135, 184, 231, 241, 246, 252, 262, 311, 315, 365, 371, 422, 431, 496, 528, 532, 562, 579, 666, 701, 722, 737, 748, 771, 781, 791, 802, 850, 853, 895, 933, 958, 964, 973, 978, 983, 991, 1007, 1027, 1059, 1066, 1070, 1089, 1136, 1147, 1171, 1181, 1212, 1317, 1344, 1350, 1404, 1417, 1437, 1439, 1448]
1439: [26, 73, 106, 140, 177, 187, 195, 212, 235, 242, 277, 279, 345, 348, 406, 440, 486, 530, 540, 559, 593, 612, 647, 648, 652, 670, 730, 752, 788, 797, 801, 807, 808, 831, 904, 906, 947, 969, 1013, 1034, 1040, 1048, 1049, 1052, 1098, 1100, 1112, 1128, 1135, 1140, 1142, 1146, 1156, 1172, 1174, 1179, 1209, 1210, 1214, 1221, 1235, 1240, 1263, 1264, 1283, 1297, 1301, 1305, 1322, 1333, 1353, 1378, 1424, 1426, 1431, 1438, 1440, 1445, 1469, 1471, 1482]
1440: [47, 74, 113, 130, 133, 138, 175, 181, 207, 221, 227, 238, 268, 357, 362, 381, 382, 412, 417, 430, 431, 504, 510, 512, 529, 572, 573, 607, 649, 658, 659, 694, 701, 712, 716, 721, 734, 735, 775, 790, 814, 833, 841, 855, 857, 861, 862, 875, 885, 906, 911, 964, 1031, 1126, 1135, 1136, 1160, 1176, 1230, 1248, 1251, 1264, 1298, 1300, 1328, 1335, 1344, 1360, 1363, 1412, 1423, 1439, 1441, 1445, 1461, 1472, 1474]
1441: [33, 34, 41, 43, 49, 54, 65, 88, 101, 107, 124, 153, 154, 167, 186, 190, 198, 232, 240, 250, 277, 279, 300, 311, 324, 370, 372, 418, 455, 460, 474, 476, 481, 519, 553, 590, 593, 618, 620, 624, 642, 644, 702, 756, 783, 796, 816, 817, 838, 904, 917, 944, 996, 1041, 1051, 1066, 1103, 1123, 1155, 1172, 1188, 1198, 1203, 1213, 1229, 1244, 1253, 1279, 1304, 1312, 1362, 1374, 1402, 1417, 1422, 1434, 1440, 1442, 1476]
1442: [90, 97, 98, 151, 152, 154, 176, 252, 295, 298, 338, 367, 372, 408, 423, 425, 452, 539, 543, 613, 619, 623, 658, 671, 709, 724, 771, 780, 814, 825, 830, 854, 870, 901, 916, 953, 954, 958, 964, 1001, 1009, 1034, 1055, 1061, 1075, 1085, 1105, 1116, 1173, 1192, 1257, 1274, 1312, 1320, 1327, 1333, 1334, 1335, 1367, 1371, 1387, 1398, 1424, 1441, 1443, 1445, 1452, 1455, 1456, 1457, 1477, 1483]
1443: [36, 42, 71, 77, 84, 95, 109, 153, 159, 172, 179, 181, 206, 210, 241, 250, 257, 272, 331, 334, 355, 435, 438, 470, 481, 505, 565, 568, 574, 590, 626, 636, 656, 665, 689, 694, 701, 717, 740, 755, 816, 822, 847, 886, 897, 950, 995, 1005, 1024, 1032, 1034, 1044, 1062, 1072, 1142, 1148, 1154, 1162, 1178, 1253, 1268, 1271, 1281, 1282, 1315, 1316, 1317, 1352, 1363, 1377, 1380, 1422, 1442, 1444, 1456, 1471, 1489]
1444: [35, 36, 47, 53, 65, 71, 113, 122, 176, 195, 200, 239, 276, 278, 299, 316, 317, 335, 337, 339, 357, 364, 371, 380, 399, 428, 434, 448, 509, 523, 582, 598, 605, 611, 613, 628, 638, 657, 659, 670, 685, 691, 768, 782, 798, 826, 836, 860, 866, 888, 904, 919, 926, 936, 960, 966, 1006, 1022, 1056, 1085, 1101, 1107, 1121, 1134, 1143, 1155, 1171, 1172, 1179, 1223, 1225, 1228, 1282, 1290, 1299, 1314, 1319, 1333, 1364, 1414, 1433, 1436, 1443, 1445, 1454, 1466, 1472, 1476]
1445: [14, 27, 46, 50, 101, 130, 186, 193, 195, 242, 248, 271, 294, 297, 312, 316, 328, 345, 370, 380, 385, 404, 427, 470, 492, 500, 521, 574, 619, 623, 626, 634, 635, 642, 652, 678, 704, 707, 782, 815, 872, 889, 929, 945, 949, 956, 962, 963, 965, 973, 995, 1011, 1054, 1062, 1065, 1081, 1084, 1096, 1097, 1116, 1139, 1155, 1183, 1192, 1216, 1257, 1267, 1331, 1337, 1343, 1372, 1412, 1439, 1440, 1442, 1444, 1446, 1484]
1446: [63, 69, 73, 79, 92, 108, 120, 150, 164, 186, 187, 201, 237, 241, 243, 264, 269, 286, 287, 307, 317, 325, 349, 353, 371, 390, 408, 411, 471, 497, 502, 527, 620, 637, 664, 688, 695, 703, 706, 717, 799, 824, 848, 882, 886, 893, 908, 913, 928, 942, 946, 949, 954, 969, 1026, 1038, 1040, 1046, 1182, 1188, 1207, 1212, 1218, 1227, 1243, 1250, 1262, 1268, 1288, 1304, 1319, 1330, 1336, 1346, 1372, 1445, 1447, 1450, 1477, 1482]
1447: [14, 64, 67, 79, 101, 107, 125, 130, 174, 177, 213, 232, 296, 327, 342, 343, 377, 403, 417, 421, 499, 508, 525, 540, 573, 611, 614, 651, 665, 668, 669, 679, 693, 696, 715, 719, 733, 796, 806, 813, 856, 864, 875, 904, 909, 921, 957, 973, 982, 995, 1005, 1037, 1038, 1040, 1057, 1068, 1095, 1097, 1108, 1158, 1175, 1206, 1231, 1237, 1264, 1271, 1300, 1332, 1338, 1381, 1393, 1446, 1448, 1455, 1463, 1467, 1473, 1479, 1483, 1498]
1448: [27, 30, 44, 53, 79, 89, 108, 132, 167, 173, 206, 214, 248, 264, 285, 299, 325, 347, 354, 363, 430, 442, 458, 469, 529, 534, 538, 575, 619, 649, 650, 660, 670, 671, 673, 702, 716, 730, 766, 830, 840, 861, 900, 905, 921, 932, 944, 952, 967, 991, 1004, 1034, 1035, 1093, 1112, 1124, 1134, 1158, 1221, 1245, 1259, 1263, 1310, 1315, 1336, 1389, 1394, 1406, 1432, 1438, 1447, 1449, 1454, 1456, 1482]
1449: [73, 97, 133, 139, 162, 231, 240, 244, 278, 291, 298, 308, 317, 323, 331, 342, 383, 403, 407, 428, 450, 470, 474, 485, 530, 540, 543, 591, 593, 606, 624, 631, 641, 661, 672, 681, 693, 703, 719, 729, 773, 797, 798, 838, 842, 857, 874, 881, 885, 927, 929, 960, 980, 982, 993, 1005, 1021, 1038, 1039, 1069, 1104, 1106, 1115, 1118, 1131, 1149, 1155, 1186, 1188, 1197, 1201, 1207, 1226, 1261, 1273, 1293, 1321, 1349, 1366, 1391, 1405, 1427, 1448, 1450, 1479, 1489]
1450: [17, 56, 68, 87, 103, 111, 121, 180, 186, 201, 211, 212, 218, 227, 232, 295, 297, 330, 351, 356, 365, 374, 380, 390, 397, 405, 415, 423, 439, 487, 528, 535, 548, 554, 612, 614, 665, 674, 701, 743, 754, 762, 774, 779, 796, 802, 815, 856, 868, 871, 881, 905, 911, 931, 946, 954, 981, 993, 996, 1006, 1036, 1051, 1075, 1079, 1087, 1112, 1114, 1176, 1197, 1199, 1227, 1244, 1250, 1251, 1255, 1276, 1312, 1314, 1324, 1334, 1360, 1379, 1395, 1427, 1446, 1449, 1451, 1456, 1459, 1498]
1451: [21, 57, 58, 62, 65, 85, 142, 168, 177, 208, 262, 289, 297, 305, 314, 338, 339, 356, 382, 421, 448, 473, 481, 485, 486, 495, 519, 520, 524, 533, 576, 600, 604, 663, 665, 690, 703, 729, 738, 756, 760, 770, 832, 841, 853, 908, 914, 916, 932, 936, 938, 945, 960, 962, 973, 976, 1002, 1057, 1100, 1118, 1132, 1139, 1149, 1180, 1198, 1224, 1226, 1232, 1248, 1262, 1295, 1305, 1319, 1322, 1353, 1382, 1401, 1411, 1450, 1452, 1461, 1467, 1499]
1452: [17, 24, 31, 39, 54, 58, 75, 80, 118, 184, 199, 201, 207, 210, 233, 238, 253, 281, 309, 310, 373, 393, 427, 428, 429, 449, 477, 549, 580, 589, 604, 607, 621, 625, 637, 655, 702, 713, 716, 720, 742, 805, 806, 807, 813, 830, 844, 849, 865, 884, 913, 914, 915, 951, 956, 982, 983, 1010, 1031, 1035, 1050, 1055, 1097, 1127, 1144, 1147, 1180, 1220, 1227, 1239, 1256, 1275, 1286, 1300, 1320, 1331, 1332, 1379, 1384, 1396, 1424, 1442, 1451, 1453, 1462, 1464, 1480, 1485, 1488, 1496]
1453: [57, 71, 75, 118, 159, 183, 197, 201, 202, 205, 220, 260, 262, 263, 275, 277, 285, 286, 289, 307, 312, 330, 353, 364, 381, 387, 394, 398, 403, 420, 444, 458, 464, 495, 515, 516, 526, 533, 578, 580, 585, 587, 615, 635, 668, 671, 676, 734, 739, 754, 756, 779, 785, 803, 846, 853, 867, 882, 884, 922, 927, 966, 1006, 1034, 1049, 1053, 1061, 1087, 1092, 1114, 1146, 1160, 1177, 1182, 1190, 1238, 1241, 1253, 1265, 1282, 1321, 1381, 1424, 1437, 1452, 1454, 1463, 1474, 1479, 1482]
1454: [53, 55, 92, 133, 141, 177, 182, 185, 215, 248, 279, 296, 315, 320, 326, 339, 381, 391, 400, 413, 428, 435, 446, 473, 475, 478, 479, 538, 590, 651, 659, 662, 674, 680, 701, 715, 736, 775, 791, 816, 876, 880, 905, 937, 939, 966, 973, 982, 998, 1004, 1031, 1054, 1095, 1105, 1123, 1146, 1155, 1170, 1194, 1207, 1230, 1235, 1242, 1252, 1256, 1271, 1287, 1288, 1293, 1294, 1327, 1335, 1344, 1365, 1366, 1367, 1375, 1390, 1405, 1444, 1448, 1453, 1455, 1459, 1471, 1491]
1455: [45, 51, 82, 118, 161, 193, 197, 202, 256, 266, 328, 385, 395, 403, 434, 456, 464, 503, 509, 529, 535, 541, 542, 546, 554, 576, 588, 591, 601, 613, 616, 620, 636, 680, 687, 697, 700, 708, 742, 744, 753, 772, 795, 807, 867, 926, 958, 960, 970, 995, 1003, 1025, 1083, 1120, 1135, 1140, 1147, 1149, 1160, 1165, 1170, 1178, 1182, 1199, 1219, 1236, 1247, 1266, 1276, 1308, 1325, 1328, 1348, 1353, 1360, 1361, 1374, 1382, 1432, 1442, 1447, 1454, 1456, 1465, 1479, 1494]
1456: [16, 77, 130, 147, 151, 152, 168, 171, 204, 241, 248, 259, 265, 267, 274, 278, 282, 296, 298, 308, 315, 341, 370, 377, 384, 391, 444, 446, 458, 510, 515, 525, 532, 549, 616, 641, 671, 687, 696, 700, 715, 719, 730, 761, 764, 766, 781, 796, 797, 799, 808, 818, 820, 842, 846, 850, 907, 914, 915, 929, 977, 994, 1002, 1021, 1042, 1052, 1059, 1068, 1073, 1075, 1101, 1105, 1114, 1119, 1126, 1127, 1167, 1189, 1202, 1235, 1241, 1264, 1303, 1304, 1323, 1324, 1337, 1339, 1341, 1350, 1357, 1366, 1401, 1408, 1431, 1442, 1443, 1448, 1450, 1455, 1457, 1477]
1457: [46, 49, 64, 67, 68, 74, 186, 192, 203, 218, 236, 250, 313, 320, 345, 436, 443, 463, 518, 563, 600, 606, 623, 633, 659, 674, 675, 677, 683, 700, 721, 733, 764, 776, 801, 819, 820, 844, 867, 871, 897, 903, 909, 933, 967, 971, 977, 997, 1021, 1030, 1042, 1043, 1075, 1109, 1122, 1125, 1129, 1154, 1170, 1172, 1181, 1247, 1278, 1296, 1320, 1343, 1442, 1456, 1458, 1467, 1487, 1495]
1458: [21, 47, 77, 84, 93, 109, 123, 193, 208, 232, 237, 241, 244, 269, 314, 317, 344, 377, 389, 392, 393, 437, 462, 468, 489, 501, 514, 527, 547, 563, 572, 584, 608, 614, 628, 644, 676, 680, 713, 722, 728, 739, 762, 774, 776, 818, 832, 843, 853, 855, 878, 882, 908, 938, 946, 949, 969, 979, 1029, 1040, 1072, 1083, 1109, 1169, 1218, 1244, 1253, 1264, 1266, 1271, 1287, 1296, 1307, 1312, 1323, 1354, 1394, 1412, 1457, 1459, 1488]
1459: [16, 31, 41, 61, 73, 90, 98, 166, 183, 198, 209, 217, 219, 233, 238, 251, 257, 261, 280, 313, 331, 343, 352, 393, 400, 405, 408, 409, 472, 487, 526, 528, 538, 560, 578, 656, 677, 701, 722, 725, 729, 731, 735, 781, 814, 859, 882, 906, 914, 928, 939, 955, 960, 965, 981, 984, 1035, 1037, 1046, 1078, 1145, 1156, 1171, 1186, 1213, 1221, 1240, 1247, 1255, 1328, 1350, 1380, 1392, 1408, 1424, 1430, 1450, 1454, 1458, 1460, 1466, 1492]
1460: [14, 17, 19, 99, 107, 109, 120, 131, 156, 176, 234, 237, 256, 276, 304, 308, 315, 375, 382, 383, 385, 398, 441, 465, 467, 474, 481, 542, 591, 610, 623, 632, 644, 658, 678, 679, 690, 726, 739, 793, 797, 848, 851, 864, 926, 942, 958, 993, 1001, 1017, 1056, 1073, 1079, 1081, 1088, 1108, 1120, 1123, 1124, 1128, 1136, 1173, 1182, 1192, 1223, 1230, 1240, 1243, 1254, 1261, 1282, 1295, 1301, 1303, 1322, 1338, 1352, 1375, 1379, 1382, 1391, 1408, 1412, 1431, 1434, 1459, 1461, 1468, 1490]
1461: [59, 66, 80, 85, 87, 91, 96, 99, 116, 137, 176, 177, 181, 205, 209, 237, 252, 276, 296, 313, 339, 347, 351, 404, 407, 408, 419, 424, 446, 458, 461, 482, 517, 539, 541, 542, 551, 561, 623, 633, 643, 687, 724, 737, 743, 760, 774, 776, 781, 842, 853, 860, 883, 885, 886, 893, 906, 913, 930, 933, 960, 976, 990, 1066, 1138, 1162, 1178, 1218, 1223, 1231, 1236, 1332, 1354, 1376, 1389, 1407, 1411, 1420, 1425, 1440, 1451, 1460, 1462, 1491, 1497]
1462: [47, 49, 52, 76, 120, 151, 161, 196, 269, 294, 333, 334, 345, 347, 352, 388, 389, 435, 475, 480, 485, 495, 519, 545, 565, 617, 648, 649, 717, 718, 729, 744, 751, 809, 818, 820, 844, 851, 902, 929, 942, 945, 1017, 1063, 1082, 1217, 1243, 1259, 1269, 1292, 1295, 1304, 1330, 1385, 1386, 1390, 1417, 1432, 1452, 1461, 1463, 1475]
1463: [25, 59, 66, 67, 69, 74, 88, 107, 133, 157, 169, 175, 179, 210, 294, 375, 385, 386, 401, 403, 442, 478, 480, 509, 531, 546, 548, 557, 577, 609, 622, 629, 640, 646, 704, 777, 784, 790, 806, 825, 866, 916, 939, 964, 973, 978, 991, 992, 998, 1029, 1057, 1062, 1066, 1078, 1094, 1096, 1178, 1220, 1266, 1335, 1348, 1380, 1385, 1421, 1435, 1447, 1453, 1462, 1464, 1491, 1495]
1464: [37, 50, 54, 63, 76, 102, 120, 152, 231, 250, 256, 257, 260, 266, 267, 279, 290, 306, 331, 398, 421, 456, 467, 473, 475, 523, 525, 527, 539, 543, 545, 560, 577, 631, 648, 689, 733, 740, 763, 807, 815, 838, 886, 897, 909, 954, 987, 1009, 1049, 1059, 1064, 1078, 1171, 1183, 1200, 1226, 1231, 1262, 1267, 1295, 1308, 1327, 1378, 1379, 1390, 1396, 1407, 1412, 1452, 1463, 1465, 1484, 1488, 1496]
1465: [19, 40, 44, 63, 78, 79, 87, 120, 212, 241, 255, 288, 289, 304, 352, 362, 406, 419, 436, 458, 463, 501, 534, 578, 583, 600, 645, 706, 713, 719, 749, 785, 789, 805, 807, 811, 821, 859, 867, 904, 942, 953, 982, 993, 1005, 1018, 1029, 1039, 1050, 1065, 1077, 1087, 1108, 1123, 1158, 1180, 1187, 1208, 1216, 1242, 1293, 1299, 1322, 1334, 1345, 1365, 1379, 1403, 1413, 1430, 1455, 1464, 1466, 1475, 1490]
1466: [19, 25, 62, 63, 75, 103, 119, 136, 144, 200, 202, 206, 208, 212, 219, 237, 260, 350, 368, 380, 428, 430, 463, 480, 529, 542, 551, 658, 674, 709, 717, 720, 727, 743, 747, 761, 782, 862, 875, 910, 923, 933, 967, 971, 977, 990, 996, 1002, 1017, 1044, 1063, 1072, 1086, 1114, 1135, 1146, 1153, 1156, 1157, 1169, 1191, 1218, 1251, 1256, 1300, 1304, 1339, 1344, 1347, 1375, 1379, 1391, 1397, 1398, 1399, 1412, 1419, 1444, 1459, 1465, 1467]
1467: [15, 35, 40, 100, 102, 111, 121, 129, 166, 174, 197, 208, 217, 264, 307, 313, 333, 338, 390, 392, 407, 455, 503, 515, 552, 561, 580, 650, 652, 678, 681, 685, 707, 709, 722, 728, 734, 737, 740, 745, 769, 774, 790, 791, 843, 850, 860, 863, 924, 964, 986, 1067, 1075, 1087, 1099, 1135, 1140, 1186, 1196, 1200, 1201, 1213, 1226, 1268, 1333, 1347, 1349, 1425, 1447, 1451, 1457, 1466, 1468]
1468: [28, 41, 105, 116, 133, 147, 205, 209, 236, 292, 300, 315, 317, 337, 348, 359, 408, 419, 441, 450, 470, 478, 507, 513, 516, 524, 542, 543, 548, 607, 634, 673, 690, 729, 745, 747, 755, 775, 790, 810, 857, 867, 885, 937, 961, 1000, 1002, 1025, 1042, 1062, 1074, 1075, 1097, 1114, 1267, 1277, 1289, 1309, 1337, 1339, 1368, 1386, 1402, 1408, 1437, 1460, 1467, 1469, 1482, 1483]
1469: [31, 69, 99, 147, 168, 182, 251, 275, 288, 323, 327, 339, 374, 377, 387, 400, 407, 424, 461, 496, 499, 534, 559, 585, 586, 614, 625, 632, 640, 668, 677, 688, 692, 710, 735, 748, 772, 776, 779, 781, 782, 790, 820, 852, 858, 867, 872, 917, 957, 977, 990, 994, 1023, 1142, 1170, 1204, 1222, 1247, 1279, 1282, 1286, 1294, 1322, 1336, 1367, 1375, 1381, 1393, 1423, 1439, 1468, 1470, 1480, 1483, 1484, 1489]
1470: [16, 26, 66, 71, 90, 108, 137, 143, 239, 241, 254, 299, 301, 326, 330, 334, 339, 345, 364, 413, 422, 424, 427, 434, 438, 452, 552, 561, 570, 623, 648, 659, 666, 668, 692, 697, 715, 741, 752, 775, 789, 810, 824, 826, 828, 898, 905, 928, 931, 1005, 1121, 1130, 1151, 1163, 1195, 1200, 1244, 1246, 1259, 1260, 1271, 1275, 1281, 1282, 1290, 1314, 1326, 1338, 1346, 1355, 1368, 1417, 1424, 1426, 1432, 1469, 1471]
1471: [28, 35, 92, 96, 107, 133, 141, 155, 169, 185, 199, 200, 210, 232, 235, 256, 280, 298, 303, 314, 347, 348, 353, 382, 418, 433, 443, 454, 465, 466, 492, 521, 530, 569, 572, 609, 617, 619, 670, 679, 810, 831, 840, 861, 940, 1011, 1033, 1053, 1094, 1114, 1175, 1185, 1202, 1225, 1260, 1267, 1319, 1366, 1371, 1390, 1406, 1439, 1443, 1454, 1470, 1472, 1474, 1489, 1490]
1472: [33, 39, 56, 70, 78, 96, 131, 181, 224, 259, 297, 298, 301, 315, 324, 335, 370, 384, 421, 429, 474, 518, 529, 534, 545, 585, 589, 604, 633, 674, 678, 693, 703, 715, 717, 718, 732, 742, 761, 812, 829, 835, 855, 868, 908, 947, 950, 971, 976, 982, 1102, 1108, 1121, 1143, 1154, 1155, 1160, 1167, 1169, 1177, 1180, 1189, 1204, 1213, 1257, 1258, 1263, 1268, 1274, 1275, 1308, 1357, 1362, 1374, 1380, 1391, 1426, 1440, 1444, 1471, 1473, 1487]
1473: [16, 24, 27, 60, 69, 113, 121, 155, 179, 207, 223, 274, 285, 292, 298, 317, 320, 340, 375, 392, 419, 429, 442, 457, 523, 537, 543, 623, 670, 678, 707, 711, 719, 721, 735, 758, 761, 782, 792, 820, 834, 865, 902, 957, 1052, 1055, 1061, 1069, 1074, 1089, 1151, 1170, 1185, 1208, 1209, 1213, 1222, 1290, 1340, 1358, 1369, 1392, 1396, 1447, 1472, 1474, 1478, 1483]
1474: [15, 31, 32, 69, 95, 98, 115, 147, 169, 177, 179, 229, 234, 238, 241, 279, 298, 348, 375, 407, 430, 438, 442, 452, 502, 536, 604, 648, 670, 682, 687, 700, 706, 717, 728, 748, 800, 845, 854, 905, 917, 992, 1034, 1046, 1078, 1079, 1089, 1143, 1173, 1191, 1195, 1215, 1225, 1252, 1293, 1294, 1310, 1347, 1363, 1376, 1416, 1424, 1440, 1453, 1471, 1473, 1475]
1475: [18, 35, 36, 80, 158, 179, 182, 207, 224, 271, 383, 384, 392, 395, 411, 433, 463, 469, 498, 503, 509, 527, 528, 534, 552, 587, 598, 608, 628, 673, 689, 692, 700, 702, 719, 756, 758, 788, 792, 799, 800, 803, 832, 858, 928, 937, 987, 995, 1021, 1033, 1038, 1045, 1061, 1079, 1111, 1125, 1127, 1129, 1172, 1212, 1242, 1248, 1255, 1308, 1317, 1329, 1353, 1426, 1462, 1465, 1474, 1476, 1478, 1496, 1499]
1476: [24, 76, 90, 136, 151, 154, 155, 189, 191, 192, 218, 224, 263, 277, 321, 347, 357, 364, 378, 401, 412, 435, 444, 458, 485, 486, 496, 509, 511, 544, 631, 649, 655, 669, 689, 716, 741, 757, 763, 780, 790, 839, 860, 865, 879, 908, 943, 953, 969, 1017, 1042, 1050, 1054, 1056, 1065, 1091, 1092, 1095, 1112, 1134, 1173, 1181, 1230, 1237, 1249, 1252, 1255, 1269, 1273, 1290, 1348, 1353, 1397, 1416, 1417, 1441, 1444, 1475, 1477, 1479, 1494]
1477: [72, 103, 109, 111, 112, 114, 129, 163, 213, 214, 283, 286, 314, 329, 373, 379, 381, 383, 391, 412, 444, 467, 468, 469, 499, 548, 600, 630, 696, 732, 741, 807, 812, 814, 872, 903, 913, 919, 924, 944, 995, 996, 1009, 1014, 1028, 1065, 1081, 1088, 1131, 1148, 1204, 1205, 1215, 1230, 1246, 1255, 1264, 1292, 1350, 1358, 1361, 1369, 1403, 1407, 1442, 1446, 1456, 1476, 1478, 1493]
1478: [36, 59, 71, 80, 98, 120, 162, 164, 168, 180, 198, 216, 263, 270, 313, 328, 349, 365, 370, 378, 384, 395, 447, 461, 465, 470, 484, 508, 538, 551, 599, 600, 670, 674, 685, 707, 711, 715, 742, 754, 781, 806, 814, 818, 832, 849, 851, 857, 876, 908, 912, 918, 961, 970, 986, 988, 991, 1014, 1030, 1095, 1117, 1122, 1140, 1142, 1206, 1241, 1304, 1347, 1356, 1371, 1380, 1416, 1420, 1435, 1473, 1475, 1477, 1479]
1479: [38, 39, 98, 100, 110, 131, 188, 222, 237, 255, 280, 290, 327, 371, 424, 507, 550, 563, 571, 607, 608, 632, 641, 655, 759, 795, 812, 838, 842, 850, 858, 878, 890, 898, 907, 921, 947, 976, 992, 996, 998, 1009, 1016, 1037, 1045, 1057, 1059, 1082, 1085, 1090, 1105, 1106, 1130, 1143, 1155, 1182, 1204, 1216, 1222, 1226, 1245, 1259, 1290, 1296, 1319, 1353, 1364, 1389, 1391, 1416, 1425, 1447, 1449, 1453, 1455, 1476, 1478, 1480, 1489]
1480: [34, 42, 59, 64, 67, 71, 82, 109, 110, 111, 118, 122, 130, 150, 153, 157, 180, 198, 201, 204, 230, 248, 262, 263, 271, 281, 282, 286, 321, 324, 371, 375, 381, 387, 391, 404, 454, 462, 501, 552, 554, 562, 564, 574, 624, 627, 635, 639, 640, 668, 680, 733, 791, 837, 928, 957, 958, 967, 968, 974, 976, 978, 1021, 1023, 1042, 1075, 1086, 1093, 1099, 1133, 1137, 1138, 1145, 1149, 1152, 1158, 1210, 1211, 1230, 1240, 1272, 1274, 1279, 1289, 1299, 1309, 1319, 1375, 1395, 1414, 1437, 1452, 1469, 1479, 1481]
1481: [86, 100, 103, 151, 184, 221, 233, 274, 284, 341, 376, 398, 433, 457, 467, 469, 474, 480, 520, 537, 539, 567, 568, 604, 671, 705, 739, 759, 778, 798, 828, 864, 899, 904, 928, 935, 994, 1003, 1012, 1015, 1049, 1069, 1075, 1092, 1114, 1130, 1193, 1210, 1212, 1252, 1266, 1309, 1328, 1375, 1393, 1411, 1420, 1422, 1428, 1435, 1480, 1482]
1482: [26, 128, 140, 194, 244, 254, 337, 382, 383, 385, 407, 409, 449, 498, 514, 551, 570, 592, 598, 658, 661, 688, 699, 717, 751, 755, 794, 808, 847, 875, 889, 920, 921, 933, 957, 976, 984, 1012, 1015, 1052, 1066, 1140, 1144, 1149, 1153, 1155, 1186, 1234, 1255, 1263, 1268, 1299, 1335, 1336, 1337, 1343, 1361, 1376, 1417, 1431, 1437, 1439, 1446, 1448, 1453, 1468, 1481, 1483, 1498]
1483: [14, 16, 35, 46, 64, 93, 107, 127, 148, 175, 197, 223, 261, 267, 283, 333, 353, 358, 403, 428, 488, 489, 492, 521, 544, 586, 638, 653, 661, 669, 724, 735, 750, 769, 824, 842, 855, 866, 874, 892, 903, 970, 978, 979, 988, 1004, 1025, 1062, 1135, 1152, 1155, 1161, 1165, 1185, 1225, 1244, 1299, 1331, 1335, 1347, 1348, 1408, 1414, 1442, 1447, 1468, 1469, 1473, 1482, 1484]
1484: [54, 64, 87, 106, 130, 133, 156, 202, 205, 211, 215, 236, 259, 300, 301, 304, 310, 319, 337, 344, 348, 350, 358, 375, 388, 409, 416, 439, 467, 493, 495, 501, 505, 517, 548, 586, 659, 660, 688, 708, 712, 744, 774, 780, 809, 810, 832, 845, 871, 877, 898, 911, 916, 928, 935, 941, 1037, 1066, 1068, 1077, 1126, 1134, 1158, 1165, 1176, 1185, 1193, 1218, 1256, 1270, 1279, 1294, 1311, 1316, 1345, 1362, 1382, 1389, 1402, 1413, 1415, 1445, 1464, 1469, 1483, 1485, 1489]
1485: [16, 33, 46, 73, 100, 159, 184, 186, 256, 271, 280, 285, 304, 364, 389, 403, 428, 431, 451, 523, 561, 565, 585, 647, 674, 691, 762, 768, 775, 781, 817, 834, 844, 900, 933, 948, 953, 1062, 1070, 1111, 1112, 1145, 1155, 1158, 1169, 1186, 1231, 1233, 1242, 1250, 1261, 1270, 1276, 1308, 1331, 1335, 1362, 1379, 1384, 1409, 1411, 1452, 1484, 1486]
1486: [16, 35, 48, 84, 92, 122, 129, 163, 166, 180, 190, 218, 222, 225, 226, 251, 282, 287, 303, 322, 327, 329, 342, 368, 399, 405, 437, 466, 471, 509, 564, 572, 614, 629, 676, 701, 716, 717, 724, 782, 800, 890, 943, 953, 979, 992, 996, 1059, 1069, 1078, 1081, 1086, 1116, 1131, 1148, 1162, 1164, 1196, 1211, 1246, 1269, 1274, 1288, 1322, 1334, 1350, 1374, 1385, 1387, 1410, 1485, 1487]
1487: [30, 42, 61, 80, 94, 155, 165, 172, 187, 230, 253, 283, 304, 323, 327, 343, 348, 351, 369, 425, 436, 516, 517, 543, 587, 609, 651, 695, 696, 702, 719, 765, 775, 796, 848, 875, 914, 918, 977, 1018, 1030, 1038, 1047, 1056, 1063, 1087, 1118, 1126, 1132, 1165, 1172, 1177, 1198, 1217, 1249, 1255, 1257, 1259, 1268, 1275, 1283, 1295, 1305, 1315, 1333, 1347, 1371, 1457, 1472, 1486, 1488]
1488: [18, 63, 86, 91, 93, 145, 173, 211, 224, 226, 239, 251, 263, 264, 303, 336, 337, 343, 346, 350, 387, 408, 414, 440, 467, 470, 490, 506, 523, 534, 542, 578, 587, 640, 643, 664, 701, 710, 731, 767, 776, 782, 784, 842, 858, 859, 862, 880, 911, 938, 959, 968, 995, 1011, 1013, 1042, 1051, 1057, 1060, 1066, 1120, 1124, 1125, 1155, 1158, 1171, 1178, 1179, 1190, 1305, 1334, 1354, 1383, 1392, 1452, 1458, 1464, 1487, 1489]
1489: [25, 27, 78, 157, 188, 197, 207, 230, 248, 249, 257, 259, 275, 301, 307, 308, 312, 317, 324, 342, 378, 405, 412, 423, 425, 438, 444, 449, 454, 467, 485, 492, 505, 523, 537, 548, 553, 562, 570, 571, 592, 641, 642, 648, 656, 671, 678, 683, 689, 700, 711, 730, 736, 778, 818, 825, 840, 863, 864, 886, 891, 931, 956, 967, 972, 1000, 1068, 1076, 1091, 1103, 1105, 1144, 1151, 1180, 1211, 1228, 1234, 1236, 1250, 1256, 1261, 1268, 1293, 1309, 1340, 1370, 1411, 1419, 1420, 1436, 1443, 1449, 1469, 1471, 1479, 1484, 1488, 1490, 1495, 1496]
1490: [50, 59, 60, 61, 65, 91, 92, 96, 108, 170, 190, 192, 193, 220, 230, 241, 259, 274, 291, 293, 302, 311, 324, 346, 377, 380, 388, 424, 431, 445, 448, 457, 464, 473, 527, 531, 579, 582, 601, 602, 606, 612, 636, 639, 650, 664, 666, 712, 727, 770, 803, 826, 887, 904, 924, 959, 965, 970, 992, 1030, 1034, 1067, 1076, 1083, 1111, 1167, 1189, 1244, 1255, 1300, 1303, 1312, 1374, 1375, 1395, 1412, 1428, 1429, 1430, 1435, 1460, 1465, 1471, 1489, 1491]
1491: [18, 22, 24, 50, 72, 94, 103, 116, 117, 127, 172, 204, 224, 245, 262, 287, 314, 334, 339, 354, 372, 378, 391, 407, 428, 431, 465, 481, 492, 509, 512, 515, 546, 551, 567, 573, 625, 686, 698, 728, 750, 753, 799, 835, 871, 885, 887, 893, 908, 913, 990, 1002, 1007, 1024, 1025, 1073, 1096, 1107, 1134, 1137, 1149, 1186, 1191, 1237, 1245, 1250, 1256, 1259, 1263, 1279, 1307, 1332, 1354, 1364, 1369, 1372, 1410, 1431, 1454, 1461, 1463, 1490, 1492, 1498]
1492: [25, 38, 53, 81, 163, 187, 234, 262, 264, 278, 296, 300, 324, 369, 392, 400, 417, 423, 438, 439, 449, 454, 462, 494, 500, 543, 593, 634, 667, 668, 675, 680, 681, 704, 719, 751, 752, 764, 789, 817, 840, 843, 849, 905, 907, 959, 962, 966, 979, 989, 990, 998, 1005, 1021, 1051, 1071, 1074, 1085, 1096, 1155, 1180, 1194, 1224, 1251, 1271, 1306, 1344, 1398, 1402, 1418, 1428, 1459, 1491, 1493]
1493: [14, 44, 54, 85, 92, 125, 130, 178, 195, 229, 239, 258, 281, 312, 314, 351, 378, 381, 414, 445, 446, 482, 486, 487, 490, 505, 508, 576, 577, 627, 636, 669, 684, 697, 711, 761, 781, 801, 803, 805, 815, 819, 828, 829, 877, 914, 919, 927, 966, 972, 979, 1000, 1041, 1052, 1054, 1063, 1103, 1108, 1113, 1126, 1139, 1141, 1187, 1199, 1224, 1230, 1244, 1260, 1319, 1336, 1346, 1365, 1402, 1410, 1432, 1477, 1492, 1494]
1494: [20, 28, 31, 35, 42, 47, 48, 59, 63, 88, 97, 163, 187, 249, 293, 314, 319, 327, 336, 355, 387, 401, 402, 426, 427, 439, 471, 473, 500, 506, 539, 563, 586, 595, 622, 647, 657, 725, 740, 789, 794, 795, 808, 812, 816, 830, 887, 889, 894, 903, 906, 939, 992, 1015, 1020, 1042, 1045, 1061, 1079, 1090, 1100, 1118, 1125, 1181, 1187, 1237, 1241, 1249, 1284, 1303, 1309, 1318, 1319, 1381, 1455, 1476, 1493, 1495]
1495: [40, 51, 56, 68, 94, 103, 115, 157, 175, 214, 240, 257, 359, 390, 405, 409, 418, 422, 456, 464, 482, 490, 502, 538, 573, 610, 649, 661, 668, 677, 708, 719, 730, 754, 768, 807, 821, 822, 846, 909, 918, 955, 972, 1017, 1018, 1153, 1180, 1199, 1233, 1272, 1277, 1283, 1288, 1338, 1355, 1358, 1360, 1376, 1389, 1412, 1417, 1435, 1457, 1463, 1489, 1494, 1496]
1496: [33, 66, 109, 156, 160, 198, 200, 214, 218, 268, 285, 337, 339, 341, 362, 403, 424, 469, 492, 503, 529, 530, 570, 581, 586, 637, 642, 648, 664, 665, 685, 698, 725, 744, 785, 789, 801, 819, 846, 847, 852, 860, 879, 883, 886, 921, 939, 952, 981, 1075, 1078, 1105, 1141, 1153, 1174, 1197, 1198, 1223, 1225, 1227, 1230, 1249, 1264, 1303, 1309, 1312, 1346, 1351, 1358, 1361, 1418, 1452, 1464, 1475, 1489, 1495, 1497]
1497: [22, 27, 29, 74, 79, 113, 135, 145, 170, 211, 218, 250, 331, 341, 353, 381, 421, 423, 437, 482, 499, 504, 526, 582, 628, 672, 682, 691, 720, 750, 812, 834, 894, 903, 926, 952, 962, 963, 1000, 1001, 1009, 1046, 1054, 1056, 1078, 1105, 1109, 1117, 1126, 1143, 1168, 1228, 1241, 1275, 1279, 1289, 1290, 1294, 1312, 1323, 1347, 1348, 1369, 1391, 1398, 1402, 1408, 1416, 1424, 1461, 1496, 1498]
1498: [14, 71, 170, 173, 207, 218, 228, 240, 324, 333, 372, 397, 419, 423, 446, 473, 476, 493, 548, 551, 568, 572, 589, 737, 740, 770, 786, 798, 801, 846, 869, 883, 884, 885, 965, 989, 990, 992, 1000, 1006, 1013, 1023, 1034, 1036, 1109, 1114, 1115, 1121, 1142, 1186, 1200, 1202, 1203, 1217, 1243, 1260, 1280, 1301, 1312, 1379, 1432, 1435, 1436, 1447, 1450, 1482, 1491, 1497, 1499]
1499: [28, 42, 76, 91, 108, 167, 177, 185, 237, 280, 301, 318, 405, 435, 564, 573, 665, 668, 716, 717, 744, 755, 771, 804, 807, 853, 867, 1026, 1070, 1074, 1138, 1156, 1211, 1216, 1258, 1294, 1330, 1334, 1335, 1350, 1375, 1451, 1475, 1498]
