0: [1, 2, 3, 4]
1: [0, 2, 3, 4]
2: [0, 1, 3, 4]
3: [0, 1, 2, 4]
4: [0, 1, 2, 3, 5]
5: [4, 6]
6: [5, 9, 10, 11, 12, 13]
7: [9, 10, 11, 12, 13]
8: [9, 10, 11, 12, 13]
9: [6, 7, 8]
10: [6, 7, 8]
11: [6, 7, 8]
12: [6, 7, 8]
13: [6, 7, 8, 14]
14: [13, 15, 29, 60, 79, 104, 113, 119, 158, 171, 181, 182, 187, 193, 197, 210, 213, 214, 220, 229, 246, 251, 268, 276, 308, 320, 332, 334, 357, 416, 430, 452, 462, 466, 478]
15: [14, 16, 18, 20, 22, 51, 53, 55, 62, 68, 77, 82, 83, 86, 106, 119, 125, 128, 135, 144, 149, 160, 199, 207, 215, 220, 221, 230, 235, 248, 249, 253, 269, 279, 287, 289, 290, 313, 322, 325, 338, 389, 407, 410, 416, 427, 439, 453, 470, 477, 479]
16: [15, 17, 19, 21, 22, 27, 45, 63, 99, 120, 126, 138, 143, 151, 163, 184, 199, 217, 231, 241, 242, 250, 272, 273, 275, 277, 282, 286, 297, 318, 324, 326, 366, 398, 400, 418, 422, 432, 437, 439, 449, 491, 496]
17: [16, 18, 69, 78, 88, 100, 116, 135, 154, 156, 157, 160, 166, 167, 255, 286, 316, 318, 331, 332, 337, 340, 356, 357, 379, 389, 411, 412, 413, 447, 449, 452, 460, 461, 486]
18: [15, 17, 19, 24, 39, 42, 43, 50, 58, 60, 63, 71, 97, 121, 135, 138, 145, 150, 160, 170, 171, 195, 212, 223, 229, 246, 273, 285, 288, 349, 359, 379, 380, 393, 399, 409, 429, 436, 453, 457, 459, 467]
19: [16, 18, 20, 56, 57, 62, 80, 92, 111, 117, 122, 130, 139, 143, 173, 203, 212, 218, 222, 240, 248, 278, 312, 316, 322, 350, 353, 360, 364, 373, 391, 402, 411, 422, 436, 445, 465, 467, 473]
20: [15, 19, 21, 32, 34, 36, 38, 52, 61, 67, 68, 75, 76, 90, 93, 95, 112, 114, 144, 157, 184, 215, 233, 246, 248, 306, 312, 313, 314, 321, 327, 329, 352, 409, 420, 440, 449, 454, 467, 484, 490]
21: [16, 20, 22, 36, 42, 46, 79, 88, 92, 110, 116, 137, 138, 149, 152, 157, 171, 177, 181, 184, 185, 199, 206, 213, 218, 222, 227, 234, 260, 299, 309, 312, 324, 327, 338, 361, 367, 371, 383, 386, 391, 395, 401, 404, 434, 447, 452, 486]
22: [15, 16, 21, 23, 25, 40, 42, 54, 56, 57, 74, 82, 102, 105, 107, 115, 118, 134, 144, 147, 150, 177, 186, 199, 229, 238, 243, 252, 265, 284, 287, 295, 296, 333, 347, 348, 349, 351, 373, 375, 378, 422, 424, 439, 459, 473, 487]
23: [22, 24, 30, 39, 45, 69, 72, 82, 88, 110, 113, 118, 131, 169, 177, 178, 179, 181, 192, 212, 226, 273, 297, 318, 332, 338, 341, 343, 367, 368, 375, 377, 378, 382, 383, 426, 429, 439, 445, 477, 484, 488]
24: [18, 23, 25, 42, 48, 72, 85, 87, 88, 92, 114, 126, 140, 147, 183, 188, 203, 211, 215, 223, 262, 269, 272, 321, 343, 389, 432, 434, 446, 448, 471, 477, 493]
25: [22, 24, 26, 45, 78, 96, 106, 113, 122, 131, 158, 174, 199, 211, 217, 227, 248, 257, 264, 268, 270, 274, 291, 301, 302, 325, 326, 330, 331, 351, 359, 366, 383, 412, 416, 417, 420, 421, 440, 443, 470, 489]
26: [25, 27, 43, 55, 73, 107, 114, 120, 124, 145, 177, 199, 206, 222, 225, 236, 249, 253, 256, 279, 283, 294, 298, 304, 307, 330, 331, 346, 360, 384, 416, 418, 424, 426, 431, 442, 448, 455, 459, 471, 481, 482, 488]
27: [16, 26, 28, 31, 33, 38, 44, 46, 47, 51, 67, 68, 99, 104, 115, 145, 147, 154, 159, 187, 207, 214, 221, 226, 236, 248, 250, 257, 264, 265, 275, 282, 316, 336, 338, 359, 362, 372, 387, 394, 401, 406, 407, 415, 422, 444, 449, 453, 465, 496]
28: [27, 29, 45, 50, 54, 56, 57, 69, 85, 91, 101, 108, 130, 131, 139, 140, 145, 154, 162, 186, 199, 210, 211, 216, 248, 251, 254, 256, 275, 282, 285, 287, 312, 322, 336, 346, 347, 349, 350, 374, 378, 386, 402, 403, 404, 412, 441, 443, 460, 499]
29: [14, 28, 30, 40, 65, 73, 78, 123, 136, 160, 170, 206, 210, 212, 224, 279, 293, 299, 344, 350, 355, 364, 393, 396, 397, 402, 404, 405, 410, 419, 422, 425, 438, 453, 455, 469, 471, 473, 489, 491]
30: [23, 29, 31, 47, 55, 58, 60, 68, 83, 95, 99, 116, 126, 150, 185, 206, 207, 212, 225, 244, 249, 261, 268, 269, 270, 287, 309, 311, 320, 326, 330, 338, 352, 355, 362, 372, 394, 407, 415, 418, 424, 450, 454, 459, 467, 469, 470, 489, 493]
31: [27, 30, 32, 37, 42, 48, 54, 55, 60, 63, 67, 68, 80, 104, 124, 141, 156, 165, 167, 188, 193, 195, 197, 206, 209, 237, 243, 264, 289, 293, 326, 333, 345, 368, 385, 398, 428, 446, 453]
32: [20, 31, 33, 35, 43, 79, 82, 89, 91, 92, 103, 105, 171, 188, 209, 225, 230, 232, 236, 259, 271, 276, 279, 286, 290, 295, 309, 315, 318, 328, 335, 343, 376, 382, 388, 393, 394, 398, 428, 453, 457, 484, 493, 494]
33: [27, 32, 34, 48, 53, 66, 68, 84, 97, 99, 123, 136, 157, 160, 165, 176, 179, 187, 194, 217, 232, 235, 249, 275, 276, 290, 304, 306, 393, 407, 408, 409, 426, 444, 445, 453, 458, 463, 470, 473, 480, 482, 485]
34: [20, 33, 35, 37, 50, 78, 94, 126, 134, 141, 173, 177, 209, 224, 226, 230, 234, 236, 250, 267, 284, 293, 314, 316, 333, 334, 335, 356, 367, 399, 400, 420, 421, 445, 458, 486, 492, 499]
35: [32, 34, 36, 72, 101, 119, 125, 128, 148, 167, 168, 175, 178, 189, 196, 201, 217, 233, 251, 258, 264, 274, 314, 322, 324, 325, 327, 332, 359, 360, 395, 400, 403, 414, 426, 429, 438, 459]
36: [20, 21, 35, 37, 44, 50, 58, 64, 72, 75, 76, 79, 92, 103, 112, 113, 119, 125, 150, 154, 160, 161, 165, 172, 199, 216, 217, 228, 229, 236, 276, 281, 287, 299, 307, 324, 329, 331, 346, 361, 364, 408, 416, 422, 428, 459, 475]
37: [31, 34, 36, 38, 80, 87, 89, 112, 128, 136, 138, 149, 160, 171, 173, 185, 192, 194, 225, 236, 237, 238, 252, 259, 263, 269, 274, 275, 285, 289, 290, 299, 308, 323, 327, 342, 345, 349, 357, 375, 376, 400, 401, 428, 450, 459, 462]
38: [20, 27, 37, 39, 46, 64, 67, 78, 88, 119, 126, 182, 189, 193, 204, 210, 212, 218, 243, 260, 272, 282, 284, 285, 286, 288, 300, 311, 316, 336, 354, 369, 371, 374, 388, 413, 439, 468, 471, 472, 488, 494, 497]
39: [18, 23, 38, 40, 41, 47, 78, 86, 101, 107, 119, 124, 147, 148, 150, 155, 158, 166, 186, 209, 221, 225, 236, 248, 252, 256, 261, 263, 284, 295, 311, 324, 329, 332, 382, 391, 393, 399, 410, 411, 413, 423, 438, 446, 448, 453, 474, 477, 482, 484, 491, 492]
40: [22, 29, 39, 41, 44, 49, 61, 70, 86, 104, 105, 128, 136, 138, 153, 157, 160, 161, 171, 198, 201, 209, 218, 226, 250, 253, 296, 310, 329, 330, 335, 342, 367, 373, 376, 391, 392, 397, 401, 404, 405, 412, 418, 442, 467, 475, 476, 480, 489]
41: [39, 40, 42, 49, 63, 93, 103, 119, 129, 130, 136, 143, 155, 163, 172, 175, 193, 199, 208, 235, 244, 259, 261, 266, 282, 295, 303, 311, 328, 337, 340, 359, 394, 415, 430, 431, 435, 469, 496]
42: [18, 21, 22, 24, 31, 41, 43, 63, 67, 69, 70, 88, 114, 117, 123, 127, 139, 143, 146, 152, 158, 166, 183, 194, 196, 198, 227, 235, 249, 252, 255, 256, 262, 266, 267, 281, 306, 311, 336, 371, 383, 384, 385, 396, 413, 417, 419, 426, 427, 477, 494]
43: [18, 26, 32, 42, 44, 61, 63, 69, 90, 123, 128, 154, 158, 166, 178, 179, 190, 238, 245, 248, 262, 265, 303, 327, 328, 344, 351, 360, 361, 364, 374, 375, 376, 386, 400, 409, 413, 425, 432, 437, 455, 457, 490, 499]
44: [27, 36, 40, 43, 45, 63, 64, 65, 75, 100, 117, 122, 128, 156, 160, 199, 237, 238, 260, 263, 280, 289, 319, 325, 338, 353, 359, 366, 411, 432, 463, 474, 489]
45: [16, 23, 25, 28, 44, 46, 69, 87, 90, 93, 102, 106, 114, 125, 136, 145, 151, 152, 157, 162, 178, 183, 207, 222, 229, 237, 245, 248, 261, 266, 282, 303, 317, 323, 347, 359, 366, 389, 396, 406, 455, 477, 489, 493]
46: [21, 27, 38, 45, 47, 50, 81, 91, 108, 117, 127, 137, 162, 195, 202, 205, 215, 239, 268, 272, 292, 301, 319, 325, 342, 344, 346, 370, 426, 444, 455, 456, 464]
47: [27, 30, 39, 46, 48, 49, 71, 73, 81, 82, 86, 87, 100, 106, 117, 120, 121, 136, 144, 147, 174, 181, 213, 223, 226, 227, 232, 258, 275, 276, 277, 281, 289, 295, 296, 343, 355, 356, 365, 382, 391, 402, 428, 449, 456, 459, 480, 486]
48: [24, 31, 33, 47, 49, 59, 66, 67, 79, 88, 97, 108, 115, 121, 133, 137, 151, 156, 157, 158, 159, 169, 171, 191, 196, 203, 204, 208, 219, 233, 245, 262, 271, 277, 290, 324, 338, 353, 376, 389, 392, 407, 409, 426, 434, 435, 441, 455, 456, 484, 492, 495]
49: [40, 41, 47, 48, 50, 56, 76, 81, 84, 88, 105, 113, 116, 159, 163, 186, 200, 212, 214, 232, 241, 249, 259, 268, 269, 274, 299, 306, 312, 332, 335, 362, 377, 379, 398, 407, 411, 431, 439, 475, 479, 491]
50: [18, 28, 34, 36, 46, 49, 51, 87, 105, 106, 154, 159, 166, 171, 175, 202, 208, 212, 229, 235, 247, 256, 314, 331, 344, 353, 355, 361, 365, 369, 372, 386, 415, 433, 435, 453, 459, 479, 486]
51: [15, 27, 50, 52, 61, 68, 76, 84, 85, 104, 120, 154, 170, 174, 176, 193, 197, 198, 203, 216, 219, 221, 222, 229, 230, 231, 243, 247, 263, 269, 303, 331, 336, 338, 340, 344, 347, 348, 360, 393, 407, 418, 420, 439, 442, 447, 450, 452, 456, 465, 467, 471, 478]
52: [20, 51, 53, 77, 80, 83, 107, 123, 139, 191, 206, 239, 247, 249, 254, 256, 258, 260, 275, 295, 297, 300, 313, 318, 321, 323, 351, 353, 367, 369, 374, 377, 396, 418, 430, 462, 463, 476, 477, 490, 497]
53: [15, 33, 52, 54, 66, 73, 83, 89, 93, 114, 137, 164, 181, 191, 215, 216, 221, 226, 228, 260, 278, 280, 291, 332, 333, 355, 367, 381, 401, 416, 419, 447, 470, 473, 494, 499]
54: [22, 28, 31, 53, 55, 61, 62, 92, 102, 106, 114, 115, 117, 122, 124, 148, 158, 165, 182, 207, 210, 236, 241, 245, 262, 273, 291, 305, 314, 316, 324, 344, 345, 356, 373, 385, 405, 412, 424, 437, 453, 465, 474, 475, 492]
55: [15, 26, 30, 31, 54, 56, 62, 95, 146, 160, 166, 167, 170, 177, 194, 247, 260, 270, 278, 283, 297, 300, 314, 334, 359, 373, 386, 409, 413, 437, 453, 467, 471, 480, 484]
56: [19, 22, 28, 49, 55, 57, 74, 87, 89, 93, 94, 101, 102, 114, 131, 135, 137, 143, 167, 181, 187, 192, 221, 281, 284, 289, 312, 315, 320, 322, 337, 343, 384, 387, 389, 395, 397, 404, 422, 425, 441, 471, 477, 483, 499]
57: [19, 22, 28, 56, 58, 61, 68, 93, 108, 113, 115, 130, 161, 178, 179, 186, 187, 244, 247, 248, 250, 252, 254, 259, 267, 273, 287, 291, 321, 324, 337, 339, 351, 356, 368, 383, 386, 387, 393, 396, 398, 416, 434, 438, 445, 454, 473, 489]
58: [18, 30, 36, 57, 59, 66, 70, 72, 116, 117, 145, 202, 225, 277, 279, 280, 284, 304, 307, 309, 315, 333, 336, 344, 359, 362, 382, 384, 394, 400, 401, 431, 436, 437, 451, 453, 457, 471, 499]
59: [48, 58, 60, 69, 71, 85, 116, 134, 164, 169, 184, 185, 195, 197, 200, 203, 217, 224, 227, 228, 230, 240, 244, 247, 253, 262, 281, 303, 331, 354, 362, 393, 405, 408, 421, 441, 462, 463, 473, 474, 485, 494]
60: [14, 18, 30, 31, 59, 61, 67, 77, 82, 105, 111, 124, 128, 134, 141, 148, 181, 193, 209, 233, 237, 247, 257, 259, 274, 284, 285, 288, 293, 327, 332, 338, 348, 366, 400, 412, 414, 449, 463, 487, 489]
61: [20, 40, 43, 51, 54, 57, 60, 62, 69, 73, 78, 87, 91, 99, 101, 111, 118, 126, 135, 138, 149, 154, 157, 159, 179, 185, 207, 213, 233, 237, 244, 255, 273, 290, 291, 300, 304, 308, 319, 323, 324, 342, 344, 358, 364, 390, 402, 404, 443, 463, 480, 493]
62: [15, 19, 54, 55, 61, 63, 83, 93, 103, 116, 126, 127, 155, 161, 179, 202, 227, 230, 232, 238, 240, 261, 269, 276, 285, 302, 306, 361, 420, 423, 460, 469, 496]
63: [16, 18, 31, 41, 42, 43, 44, 62, 64, 76, 85, 132, 139, 140, 144, 162, 190, 216, 217, 250, 260, 261, 264, 269, 275, 278, 290, 295, 314, 330, 343, 357, 367, 371, 377, 382, 393, 404, 412, 422, 448, 464, 477, 494]
64: [36, 38, 44, 63, 65, 76, 78, 80, 128, 172, 183, 193, 212, 250, 253, 277, 280, 293, 295, 302, 321, 335, 343, 352, 362, 392, 395, 397, 399, 412, 417, 421, 427, 462, 478, 499]
65: [29, 44, 64, 66, 83, 84, 87, 92, 97, 100, 105, 134, 148, 158, 199, 208, 227, 243, 244, 250, 264, 268, 270, 281, 295, 306, 314, 317, 353, 361, 375, 391, 405, 450, 454, 460, 470, 490]
66: [33, 48, 53, 58, 65, 67, 69, 80, 106, 150, 154, 182, 187, 192, 193, 229, 241, 252, 260, 264, 279, 294, 317, 336, 344, 352, 358, 361, 376, 377, 394, 409, 419, 432, 448, 451, 460, 468, 470, 478, 481, 490, 495]
67: [20, 27, 31, 38, 42, 48, 60, 66, 68, 69, 74, 78, 84, 87, 111, 112, 115, 123, 126, 129, 131, 146, 156, 160, 166, 172, 193, 194, 196, 207, 210, 217, 230, 235, 252, 264, 293, 303, 305, 319, 354, 356, 365, 367, 369, 370, 371, 382, 384, 388, 390, 425, 447, 448, 451, 464, 468, 473, 474, 477]
68: [15, 20, 27, 30, 31, 33, 51, 57, 67, 69, 88, 98, 102, 108, 159, 166, 171, 175, 185, 212, 236, 243, 260, 272, 278, 282, 287, 292, 300, 304, 309, 320, 326, 340, 356, 376, 416, 423, 462, 466, 485, 488]
69: [17, 23, 28, 42, 43, 45, 59, 61, 66, 67, 68, 70, 96, 107, 133, 143, 186, 187, 230, 248, 268, 284, 285, 305, 314, 315, 328, 334, 337, 342, 344, 352, 353, 358, 363, 371, 377, 380, 388, 407, 409, 410, 448, 457, 471, 481]
70: [40, 42, 58, 69, 71, 79, 99, 106, 126, 127, 130, 138, 155, 157, 166, 180, 193, 213, 222, 226, 227, 234, 251, 264, 270, 272, 301, 313, 320, 339, 342, 354, 355, 368, 373, 428, 458, 476, 482, 483]
71: [18, 47, 59, 70, 72, 77, 100, 103, 117, 123, 124, 149, 160, 164, 169, 171, 172, 204, 206, 242, 250, 256, 293, 304, 311, 313, 321, 325, 333, 334, 338, 372, 407, 417, 428, 436, 467, 479, 484, 497]
72: [23, 24, 35, 36, 58, 71, 73, 83, 92, 93, 107, 112, 121, 145, 159, 163, 168, 174, 187, 190, 194, 195, 200, 212, 222, 235, 237, 241, 250, 258, 259, 275, 278, 280, 285, 305, 325, 331, 344, 359, 362, 371, 389, 390, 393, 412, 417, 434, 451, 454, 455, 464, 483, 491]
73: [26, 29, 47, 53, 61, 72, 74, 85, 98, 116, 121, 143, 153, 182, 185, 193, 206, 209, 224, 256, 258, 276, 289, 290, 291, 302, 309, 320, 330, 355, 359, 384, 395, 405, 409, 415, 419, 442, 464, 482, 485, 494]
74: [22, 56, 67, 73, 75, 94, 97, 103, 117, 121, 127, 128, 163, 164, 179, 191, 199, 224, 239, 259, 277, 291, 296, 297, 303, 316, 335, 355, 373, 376, 377, 382, 383, 414, 416, 419, 423, 425, 436, 437, 449, 451, 458, 461, 471, 484, 491, 495]
75: [20, 36, 44, 74, 76, 83, 93, 95, 102, 115, 124, 128, 136, 150, 155, 177, 197, 212, 216, 222, 228, 244, 257, 266, 267, 274, 284, 321, 332, 333, 341, 371, 377, 386, 388, 400, 406, 407, 414, 418, 420, 454, 458, 462, 464, 470, 480, 481]
76: [20, 36, 49, 51, 63, 64, 75, 77, 95, 109, 120, 163, 176, 184, 222, 233, 238, 245, 253, 263, 268, 276, 286, 327, 334, 352, 353, 354, 359, 362, 387, 400, 401, 406, 419, 421, 422, 425, 434, 443, 449, 467, 469, 474, 497]
77: [15, 52, 60, 71, 76, 78, 87, 100, 103, 119, 120, 142, 143, 148, 150, 169, 176, 179, 184, 185, 201, 213, 217, 223, 225, 226, 238, 269, 274, 287, 291, 321, 322, 347, 367, 381, 383, 384, 403, 424, 434, 443, 446, 455, 476, 480, 490, 497, 499]
78: [17, 25, 29, 34, 38, 39, 61, 64, 67, 77, 79, 89, 90, 94, 95, 97, 98, 113, 122, 124, 159, 170, 173, 195, 197, 198, 220, 243, 250, 291, 297, 319, 335, 338, 350, 363, 372, 373, 416, 425, 426, 428, 439, 445, 459, 494, 496]
79: [14, 21, 32, 36, 48, 70, 78, 80, 99, 106, 121, 135, 141, 162, 165, 168, 172, 175, 239, 257, 293, 319, 330, 356, 381, 384, 391, 394, 405, 412, 418, 421, 445, 447, 458, 468, 473, 481, 485, 492]
80: [19, 31, 37, 52, 64, 66, 79, 81, 121, 125, 150, 166, 177, 215, 224, 227, 231, 288, 312, 334, 353, 356, 361, 367, 386, 432, 448, 454, 468, 479, 492]
81: [46, 47, 49, 80, 82, 114, 122, 143, 149, 152, 161, 192, 195, 225, 226, 235, 247, 248, 254, 270, 282, 284, 285, 307, 326, 328, 337, 349, 373, 378, 388, 389, 403, 434, 446, 449, 458, 471, 477, 484]
82: [15, 22, 23, 32, 47, 60, 81, 83, 85, 107, 125, 144, 157, 171, 175, 195, 206, 216, 222, 241, 246, 255, 264, 268, 272, 340, 342, 362, 374, 379, 413, 414, 425, 440, 447, 458, 459, 463, 480]
83: [15, 30, 52, 53, 62, 65, 72, 75, 82, 84, 92, 95, 105, 113, 115, 121, 126, 139, 152, 154, 155, 163, 174, 175, 189, 195, 209, 210, 218, 225, 228, 248, 249, 252, 256, 272, 304, 320, 335, 354, 375, 383, 385, 394, 420, 427, 440, 442, 463]
84: [33, 49, 51, 65, 67, 83, 85, 87, 147, 148, 152, 166, 216, 224, 267, 273, 299, 302, 378, 399, 401, 411, 418, 435, 439, 441, 444, 452, 467, 468, 470, 473, 497]
85: [24, 28, 51, 59, 63, 73, 82, 84, 86, 99, 103, 117, 118, 142, 143, 145, 154, 158, 171, 189, 193, 196, 203, 227, 230, 251, 258, 259, 271, 287, 293, 306, 322, 330, 331, 339, 362, 369, 374, 406, 440, 452, 460, 478, 491, 496, 498]
86: [15, 39, 40, 47, 85, 87, 93, 120, 124, 126, 129, 138, 145, 163, 169, 171, 193, 197, 228, 234, 235, 256, 275, 286, 316, 326, 331, 338, 348, 349, 356, 367, 371, 387, 389, 393, 426, 451, 452, 465, 480, 483, 487, 495]
87: [24, 37, 45, 47, 50, 56, 61, 65, 67, 77, 84, 86, 88, 91, 97, 119, 143, 151, 160, 182, 187, 191, 194, 213, 254, 257, 258, 274, 276, 283, 286, 289, 292, 304, 305, 312, 321, 323, 327, 345, 356, 372, 378, 399, 401, 417, 425, 426, 431, 437, 479]
88: [17, 21, 23, 24, 38, 42, 48, 49, 68, 87, 89, 99, 114, 127, 131, 132, 145, 172, 187, 189, 190, 193, 197, 213, 218, 223, 230, 259, 265, 282, 288, 291, 319, 322, 346, 378, 407, 416, 420, 421, 441, 445, 447, 448, 449, 452, 457, 458, 489]
89: [32, 37, 53, 56, 78, 88, 90, 101, 104, 119, 125, 127, 128, 130, 132, 165, 168, 176, 186, 192, 242, 249, 276, 292, 305, 311, 314, 320, 323, 349, 356, 361, 363, 370, 397, 403, 415, 417, 418, 448, 453, 457, 460, 473, 476, 478, 480, 488, 497]
90: [20, 43, 45, 78, 89, 91, 112, 128, 133, 137, 148, 152, 164, 195, 197, 236, 243, 251, 272, 278, 279, 280, 282, 287, 292, 301, 316, 337, 340, 346, 350, 367, 381, 387, 412, 432, 443, 463, 467, 489]
91: [28, 32, 46, 61, 87, 90, 92, 107, 108, 125, 130, 138, 157, 180, 183, 186, 191, 194, 201, 207, 216, 245, 246, 266, 271, 272, 280, 284, 300, 333, 369, 370, 375, 399, 410, 412, 421, 431, 432, 444, 455, 467, 471, 495]
92: [19, 21, 24, 32, 36, 54, 65, 72, 83, 91, 93, 94, 104, 109, 113, 114, 116, 141, 147, 151, 173, 191, 206, 208, 239, 255, 267, 287, 296, 300, 307, 317, 318, 325, 330, 337, 341, 356, 369, 377, 386, 387, 399, 416, 459, 461, 474, 486, 491, 494, 495]
93: [20, 41, 45, 53, 56, 57, 62, 72, 75, 86, 92, 94, 120, 164, 177, 198, 199, 206, 227, 242, 280, 303, 349, 360, 373, 375, 384, 397, 409, 422, 428, 430, 455, 482, 494]
94: [34, 56, 74, 78, 92, 93, 95, 145, 146, 157, 161, 168, 175, 181, 187, 213, 222, 234, 243, 259, 267, 273, 284, 312, 332, 334, 364, 372, 378, 381, 383, 387, 400, 416, 418, 422, 443, 448, 472, 482, 485, 499]
95: [20, 30, 55, 75, 76, 78, 83, 94, 96, 99, 105, 134, 145, 148, 158, 171, 204, 226, 253, 266, 269, 272, 273, 281, 294, 305, 307, 309, 334, 339, 341, 342, 347, 353, 376, 379, 384, 392, 448, 453, 455, 459, 461, 466, 484, 485, 487]
96: [25, 69, 95, 97, 122, 124, 126, 134, 135, 138, 142, 157, 161, 179, 190, 202, 211, 235, 243, 256, 262, 264, 266, 269, 270, 295, 301, 304, 312, 314, 324, 328, 360, 383, 386, 391, 398, 400, 410, 427, 434, 438, 442, 464, 472, 479, 481, 497]
97: [18, 33, 48, 65, 74, 78, 87, 96, 98, 105, 132, 147, 152, 157, 171, 172, 186, 202, 206, 210, 225, 260, 265, 277, 285, 309, 312, 316, 321, 338, 340, 360, 366, 369, 377, 380, 392, 395, 412, 419, 434, 446, 461, 469, 477, 482, 492]
98: [68, 73, 78, 97, 99, 101, 105, 110, 112, 115, 117, 137, 144, 162, 164, 167, 173, 181, 184, 198, 224, 275, 277, 279, 289, 293, 294, 295, 303, 318, 340, 379, 384, 392, 402, 417, 449, 466, 469]
99: [16, 27, 30, 33, 61, 70, 79, 85, 88, 95, 98, 100, 106, 134, 149, 153, 193, 201, 228, 251, 260, 262, 267, 273, 290, 307, 319, 343, 356, 361, 363, 365, 384, 400, 411, 432, 437, 445, 449, 467, 469, 470, 472, 476, 498]
100: [17, 44, 47, 65, 71, 77, 99, 101, 108, 117, 124, 173, 185, 187, 190, 195, 217, 237, 246, 249, 254, 269, 290, 306, 318, 321, 322, 326, 333, 342, 361, 371, 375, 418, 421, 428, 429, 437, 438, 463, 470, 476, 484, 489]
101: [28, 35, 39, 56, 61, 89, 98, 100, 102, 118, 120, 121, 144, 160, 192, 218, 220, 232, 234, 247, 252, 257, 258, 262, 279, 280, 292, 303, 322, 347, 370, 372, 413, 422, 463, 470, 482]
102: [22, 45, 54, 56, 68, 75, 101, 103, 140, 164, 165, 180, 183, 202, 205, 210, 217, 250, 257, 264, 283, 284, 286, 288, 290, 316, 323, 329, 338, 342, 348, 385, 394, 400, 410, 420, 458, 469, 476, 477, 479, 490]
103: [32, 36, 41, 62, 71, 74, 77, 85, 102, 104, 110, 123, 127, 128, 134, 137, 144, 157, 171, 176, 187, 214, 225, 258, 278, 304, 310, 329, 337, 342, 347, 352, 358, 377, 389, 392, 396, 428, 454, 472, 480, 481, 489]
104: [14, 27, 31, 40, 51, 89, 92, 103, 105, 107, 109, 144, 146, 153, 158, 165, 171, 192, 198, 271, 281, 292, 329, 334, 340, 362, 373, 374, 375, 389, 395, 412, 420, 427, 430, 483, 488, 494]
105: [22, 32, 40, 49, 50, 60, 65, 83, 95, 97, 98, 104, 106, 118, 131, 146, 176, 179, 180, 184, 190, 211, 212, 221, 234, 239, 259, 269, 288, 312, 319, 322, 323, 341, 351, 353, 360, 372, 379, 386, 391, 396, 397, 399, 402, 415, 428, 429, 445, 478, 490]
106: [15, 25, 45, 47, 50, 54, 66, 70, 79, 99, 105, 107, 115, 118, 122, 129, 133, 136, 143, 146, 156, 179, 183, 194, 215, 220, 222, 234, 269, 276, 279, 289, 290, 296, 303, 317, 323, 327, 346, 355, 365, 384, 388, 432, 448, 458, 478, 494]
107: [22, 26, 39, 52, 69, 72, 82, 91, 104, 106, 108, 116, 138, 163, 164, 168, 176, 181, 195, 202, 207, 222, 237, 238, 264, 291, 311, 316, 320, 330, 341, 369, 402, 413, 414, 419, 420, 424, 436, 444, 451, 452, 460, 488]
108: [28, 46, 48, 57, 68, 91, 100, 107, 109, 132, 134, 143, 153, 155, 157, 159, 162, 237, 247, 252, 264, 268, 294, 302, 306, 312, 339, 373, 380, 408, 410, 419, 429, 436, 441, 448, 455]
109: [76, 92, 104, 108, 110, 157, 162, 171, 175, 193, 199, 212, 237, 251, 256, 259, 275, 277, 287, 295, 296, 302, 305, 312, 325, 345, 349, 361, 386, 389, 394, 400, 408, 416, 420, 431, 458, 461, 471, 472, 478, 487, 490, 495, 496]
110: [21, 23, 98, 103, 109, 111, 123, 126, 135, 146, 154, 190, 195, 201, 208, 218, 222, 226, 284, 304, 352, 357, 394, 415, 419, 438, 441, 446, 453, 472, 488]
111: [19, 60, 61, 67, 110, 112, 119, 123, 132, 154, 156, 171, 175, 207, 212, 217, 225, 237, 287, 305, 306, 314, 330, 349, 360, 392, 400, 409, 411, 423, 433, 439, 442, 449, 457, 478]
112: [20, 36, 37, 67, 72, 90, 98, 111, 113, 114, 123, 141, 148, 151, 166, 170, 171, 179, 211, 217, 222, 223, 228, 244, 254, 265, 314, 319, 323, 343, 351, 367, 384, 418, 420, 428, 433, 452, 495]
113: [14, 23, 25, 36, 49, 57, 78, 83, 92, 112, 114, 121, 123, 127, 137, 138, 170, 196, 220, 232, 239, 253, 254, 260, 282, 296, 301, 309, 325, 334, 335, 354, 355, 363, 391, 422, 436, 438, 446, 449, 451, 453, 454, 475, 477, 498]
114: [20, 24, 26, 42, 45, 53, 54, 56, 81, 88, 92, 112, 113, 115, 150, 170, 198, 219, 237, 241, 249, 253, 286, 291, 294, 302, 322, 347, 355, 376, 380, 384, 426, 431, 455, 456, 463, 464, 467, 469, 475]
115: [22, 27, 48, 54, 57, 67, 75, 83, 98, 106, 114, 116, 166, 169, 191, 201, 211, 212, 227, 266, 287, 307, 335, 349, 350, 354, 357, 377, 378, 388, 410, 419, 424, 433, 457, 467, 476, 479, 487, 497]
116: [17, 21, 30, 49, 58, 59, 62, 73, 92, 107, 115, 117, 122, 140, 141, 143, 164, 171, 187, 207, 210, 211, 214, 216, 224, 227, 239, 242, 244, 258, 262, 276, 277, 286, 290, 318, 324, 340, 341, 355, 358, 374, 405, 434, 460, 461, 470, 472, 482]
117: [19, 42, 44, 46, 47, 54, 58, 71, 74, 85, 98, 100, 116, 118, 147, 153, 158, 173, 185, 191, 197, 220, 229, 239, 257, 290, 306, 329, 348, 350, 356, 357, 358, 364, 375, 410, 432, 445, 483, 487, 496]
118: [22, 23, 61, 85, 101, 105, 106, 117, 119, 121, 130, 133, 137, 145, 187, 194, 210, 219, 222, 259, 260, 268, 270, 274, 276, 284, 300, 314, 327, 337, 344, 355, 362, 375, 394, 398, 411, 423, 452, 471, 474, 477, 480, 485, 492]
119: [14, 15, 35, 36, 38, 39, 41, 77, 87, 89, 111, 118, 120, 164, 182, 187, 189, 196, 206, 215, 218, 257, 296, 322, 359, 364, 374, 377, 393, 395, 403, 411, 436, 451, 462, 485, 486, 490]
120: [16, 26, 47, 51, 76, 77, 86, 93, 101, 119, 121, 142, 143, 144, 154, 157, 163, 179, 181, 202, 209, 211, 215, 223, 236, 246, 267, 325, 331, 338, 339, 342, 357, 386, 387, 389, 391, 404, 415, 425, 436, 461]
121: [18, 47, 48, 72, 73, 74, 79, 80, 83, 101, 113, 118, 120, 122, 129, 130, 132, 141, 151, 161, 175, 204, 221, 232, 253, 255, 276, 294, 337, 338, 346, 354, 386, 392, 398, 405, 410, 411, 416, 421, 430, 431, 441, 452, 466, 472, 484, 492, 496]
122: [19, 25, 44, 54, 78, 81, 96, 106, 116, 121, 123, 127, 141, 166, 186, 194, 215, 216, 227, 247, 253, 266, 279, 284, 298, 303, 306, 315, 322, 329, 340, 349, 353, 368, 369, 374, 379, 384, 390, 391, 405, 407, 415, 419, 432, 450, 469, 484, 493]
123: [29, 33, 42, 43, 52, 67, 71, 103, 110, 111, 112, 113, 122, 124, 147, 151, 165, 169, 182, 188, 196, 213, 216, 226, 227, 241, 253, 271, 288, 302, 313, 329, 330, 334, 344, 383, 395, 412, 420, 434, 435, 436, 439, 442, 451, 452]
124: [26, 31, 39, 54, 60, 71, 75, 78, 86, 96, 100, 123, 125, 132, 163, 168, 192, 204, 210, 217, 229, 230, 232, 268, 314, 316, 317, 332, 358, 368, 376, 395, 396, 408, 430, 444, 458, 465, 466, 487]
125: [15, 35, 36, 45, 80, 82, 89, 91, 124, 126, 134, 138, 155, 164, 208, 211, 224, 244, 248, 263, 268, 272, 284, 289, 308, 323, 337, 352, 394, 396, 397, 399, 416, 433, 441, 449, 456, 459, 460, 468, 498, 499]
126: [16, 24, 30, 34, 38, 61, 62, 67, 70, 83, 86, 96, 110, 125, 127, 132, 137, 141, 142, 163, 167, 177, 188, 189, 191, 192, 203, 205, 212, 241, 246, 282, 288, 291, 308, 311, 315, 316, 319, 325, 328, 332, 335, 348, 368, 379, 383, 390, 412, 448, 471, 483, 493]
127: [42, 46, 62, 70, 74, 88, 89, 103, 113, 122, 126, 128, 129, 132, 133, 138, 144, 179, 190, 223, 228, 241, 253, 278, 292, 296, 327, 332, 342, 352, 370, 395, 426, 434, 449, 462, 486, 496]
128: [15, 35, 37, 40, 43, 44, 60, 64, 74, 75, 89, 90, 103, 127, 129, 133, 139, 167, 178, 189, 199, 200, 202, 220, 229, 233, 234, 256, 260, 262, 271, 279, 282, 291, 318, 319, 326, 329, 349, 374, 376, 378, 398, 419, 426, 432, 448, 453, 461, 470, 478, 491, 497]
129: [41, 67, 86, 106, 121, 127, 128, 130, 135, 139, 142, 143, 149, 167, 182, 227, 238, 240, 264, 275, 278, 283, 304, 306, 309, 325, 347, 352, 357, 359, 365, 371, 392, 396, 397, 400, 402, 416, 419, 422, 435, 436, 454, 455, 466, 470]
130: [19, 28, 41, 57, 70, 89, 91, 118, 121, 129, 131, 147, 153, 166, 205, 209, 210, 213, 214, 244, 256, 265, 275, 286, 321, 359, 366, 385, 390, 409, 424, 430, 442, 450, 452, 465, 468, 478, 483, 485, 494]
131: [23, 25, 28, 56, 67, 88, 105, 130, 132, 138, 139, 142, 150, 155, 166, 168, 181, 188, 191, 203, 204, 206, 208, 213, 224, 225, 235, 257, 261, 290, 301, 308, 315, 318, 327, 356, 386, 387, 389, 426, 430, 439, 461, 463, 478, 480, 486, 487, 499]
132: [63, 88, 89, 97, 108, 111, 121, 124, 126, 127, 131, 133, 142, 155, 162, 167, 181, 198, 199, 203, 213, 236, 250, 253, 257, 279, 302, 309, 310, 328, 339, 368, 377, 411, 412, 419, 422, 436, 442, 475, 478, 482, 484, 493, 497]
133: [48, 69, 90, 106, 118, 127, 128, 132, 134, 137, 141, 152, 160, 174, 178, 181, 189, 190, 201, 242, 250, 262, 263, 264, 269, 272, 280, 305, 307, 324, 327, 334, 342, 345, 367, 379, 418, 420, 456, 457, 466, 470, 492]
134: [22, 34, 59, 60, 65, 95, 96, 99, 103, 108, 125, 133, 135, 150, 160, 177, 183, 200, 202, 220, 222, 228, 232, 237, 254, 262, 265, 281, 285, 334, 355, 373, 382, 403, 418, 425, 454, 469, 484, 492, 499]
135: [15, 17, 18, 56, 61, 79, 96, 110, 129, 134, 136, 156, 158, 161, 177, 197, 198, 199, 213, 217, 224, 225, 231, 236, 238, 250, 269, 295, 296, 301, 336, 348, 361, 376, 387, 390, 399, 406, 441, 444, 459, 465, 468, 475, 482, 493, 495]
136: [29, 33, 37, 40, 41, 45, 47, 75, 106, 135, 137, 142, 143, 169, 190, 210, 217, 221, 231, 236, 242, 251, 260, 261, 280, 314, 322, 330, 337, 341, 364, 382, 388, 410, 432, 443, 484, 487]
137: [21, 46, 48, 53, 56, 90, 98, 103, 113, 118, 126, 133, 136, 138, 139, 146, 171, 182, 208, 209, 210, 220, 221, 226, 227, 255, 257, 263, 267, 286, 319, 331, 358, 373, 384, 404, 406, 413, 446, 451, 453, 457, 463, 465, 476]
138: [16, 18, 21, 37, 40, 61, 70, 86, 91, 96, 107, 113, 125, 127, 131, 137, 139, 159, 169, 199, 202, 209, 217, 235, 239, 242, 243, 251, 257, 261, 262, 267, 270, 281, 285, 287, 308, 322, 344, 394, 417, 427, 430, 442, 462, 477, 481, 482, 493]
139: [19, 28, 42, 52, 63, 83, 128, 129, 131, 137, 138, 140, 154, 158, 180, 186, 189, 205, 219, 222, 238, 250, 279, 305, 321, 326, 344, 365, 370, 372, 380, 389, 392, 417, 428, 484, 489, 499]
140: [24, 28, 63, 102, 116, 139, 141, 151, 222, 234, 235, 304, 307, 312, 331, 335, 338, 361, 374, 380, 431, 440, 458, 479, 482, 489]
141: [31, 34, 60, 79, 92, 112, 116, 121, 122, 126, 133, 140, 142, 169, 171, 179, 193, 241, 245, 248, 254, 255, 272, 273, 286, 297, 306, 339, 356, 361, 372, 410, 414, 424, 435, 437, 451, 462, 463, 467]
142: [77, 85, 96, 120, 126, 129, 131, 132, 136, 141, 143, 144, 149, 159, 164, 170, 174, 176, 183, 184, 189, 209, 211, 212, 230, 246, 265, 266, 268, 270, 281, 292, 293, 310, 342, 358, 367, 377, 406, 427, 435, 436, 439, 443, 447, 448, 458, 462, 475]
143: [16, 19, 41, 42, 56, 69, 73, 77, 81, 85, 87, 106, 108, 116, 120, 129, 136, 142, 144, 217, 236, 244, 262, 275, 278, 303, 309, 313, 327, 329, 334, 335, 347, 379, 387, 390, 399, 402, 412, 418, 439, 441, 463, 476, 477, 490]
144: [15, 20, 22, 47, 63, 82, 98, 101, 103, 104, 120, 127, 142, 143, 145, 172, 180, 185, 193, 195, 204, 255, 259, 291, 298, 328, 341, 345, 350, 356, 358, 365, 386, 387, 390, 407, 415, 421, 444, 459, 478, 483, 485, 491, 492, 499]
145: [18, 26, 27, 28, 45, 58, 72, 85, 86, 88, 94, 95, 118, 144, 146, 166, 182, 186, 192, 208, 212, 222, 232, 235, 243, 244, 252, 281, 288, 292, 305, 307, 314, 319, 362, 374, 392, 413, 422, 441, 446, 464, 476, 493]
146: [42, 55, 67, 94, 104, 105, 106, 110, 137, 145, 147, 173, 195, 200, 201, 205, 231, 239, 251, 266, 278, 293, 310, 313, 325, 328, 329, 336, 351, 363, 368, 395, 404, 419, 425, 466, 480, 492, 498, 499]
147: [22, 24, 27, 39, 47, 84, 92, 97, 117, 123, 130, 146, 148, 149, 177, 187, 204, 207, 234, 243, 245, 246, 247, 257, 271, 278, 287, 292, 307, 310, 363, 383, 398, 450, 456, 473, 482]
148: [35, 39, 54, 60, 65, 77, 84, 90, 95, 112, 147, 149, 151, 170, 175, 187, 218, 235, 245, 267, 285, 300, 301, 312, 320, 348, 349, 367, 391, 443, 453, 457, 459, 464, 473, 488]
149: [15, 21, 37, 61, 71, 81, 99, 129, 142, 147, 148, 150, 155, 194, 195, 207, 212, 244, 254, 257, 270, 276, 317, 347, 356, 366, 371, 401, 432, 447, 448, 451, 460, 464, 470, 477]
150: [18, 22, 30, 36, 39, 66, 75, 77, 80, 114, 131, 134, 149, 151, 166, 169, 176, 181, 182, 208, 217, 230, 231, 232, 240, 242, 250, 253, 266, 279, 288, 344, 362, 374, 377, 387, 389, 401, 418, 420, 424, 443, 447, 458, 463, 466, 479, 484, 488, 492]
151: [16, 45, 48, 87, 92, 112, 121, 123, 140, 148, 150, 152, 172, 174, 193, 202, 229, 236, 257, 261, 294, 305, 313, 321, 328, 334, 338, 371, 379, 403, 404, 419, 424, 443, 465, 467, 485]
152: [21, 42, 45, 81, 83, 84, 90, 97, 133, 151, 153, 163, 164, 174, 176, 177, 178, 187, 225, 243, 250, 256, 265, 269, 274, 278, 290, 292, 298, 309, 315, 323, 340, 352, 364, 366, 376, 384, 386, 389, 392, 401, 402, 407, 412, 413, 446, 471, 482, 485, 489, 493]
153: [40, 73, 99, 104, 108, 117, 130, 152, 154, 183, 188, 204, 207, 213, 224, 230, 232, 247, 258, 276, 277, 278, 302, 311, 322, 348, 351, 357, 368, 389, 412, 453, 456]
154: [17, 27, 28, 36, 43, 50, 51, 61, 66, 83, 85, 110, 111, 120, 139, 153, 155, 166, 168, 174, 201, 206, 207, 218, 263, 265, 298, 306, 320, 322, 333, 341, 400, 401, 426, 433, 435, 462, 496, 498]
155: [39, 41, 62, 70, 75, 83, 108, 125, 131, 132, 149, 154, 156, 157, 170, 172, 192, 200, 204, 220, 222, 232, 237, 256, 290, 292, 294, 304, 307, 339, 345, 357, 365, 368, 370, 398, 411, 413, 416, 463, 473, 475, 488]
156: [17, 31, 44, 48, 67, 106, 111, 135, 155, 157, 171, 182, 204, 205, 226, 239, 262, 265, 270, 275, 302, 312, 331, 336, 356, 366, 400, 409, 444, 447, 456, 459, 463, 487]
157: [17, 20, 21, 33, 40, 45, 48, 61, 70, 82, 91, 94, 96, 97, 103, 108, 109, 120, 155, 156, 158, 164, 178, 188, 189, 203, 209, 219, 239, 261, 285, 289, 294, 314, 327, 332, 335, 340, 350, 361, 364, 398, 408, 410, 416, 421, 454, 460, 461, 466]
158: [14, 25, 39, 42, 43, 48, 54, 65, 85, 95, 104, 117, 135, 139, 157, 159, 173, 176, 198, 218, 221, 239, 241, 279, 281, 282, 285, 314, 317, 319, 340, 359, 363, 379, 392, 396, 401, 404, 456, 464, 474, 497]
159: [27, 48, 49, 50, 61, 68, 72, 78, 108, 138, 142, 158, 160, 168, 172, 177, 182, 207, 208, 271, 272, 285, 287, 323, 360, 375, 380, 399, 412, 419, 435, 439, 445, 468, 472, 475, 477, 482, 496]
160: [15, 17, 18, 29, 33, 36, 37, 40, 44, 55, 67, 71, 87, 101, 133, 134, 159, 161, 169, 176, 177, 183, 206, 212, 217, 218, 230, 240, 254, 315, 321, 325, 332, 344, 347, 362, 369, 376, 377, 379, 406, 409, 426, 428, 442, 451, 467, 469, 487, 493, 497]
161: [36, 40, 57, 62, 81, 94, 96, 121, 135, 160, 162, 177, 182, 185, 189, 199, 215, 223, 231, 235, 242, 258, 265, 270, 280, 287, 293, 314, 321, 323, 336, 354, 363, 367, 368, 374, 384, 386, 390, 394, 401, 408, 424, 448, 473, 498]
162: [28, 45, 46, 63, 79, 98, 108, 109, 132, 161, 163, 171, 258, 263, 268, 284, 293, 308, 316, 319, 323, 326, 327, 335, 347, 372, 382, 388, 395, 406, 408, 432, 433, 440, 447, 454, 463, 466, 467, 473, 483, 487, 495]
163: [16, 41, 49, 72, 74, 76, 83, 86, 107, 120, 124, 126, 152, 162, 164, 184, 209, 233, 248, 278, 291, 293, 299, 302, 311, 312, 331, 359, 360, 368, 375, 376, 390, 392, 393, 404, 410, 416, 449, 456, 457]
164: [53, 59, 71, 74, 90, 93, 98, 102, 107, 116, 119, 125, 142, 152, 157, 163, 165, 171, 177, 183, 213, 216, 235, 239, 241, 247, 250, 256, 271, 272, 291, 312, 317, 319, 324, 330, 354, 356, 364, 391, 418, 428, 440, 443, 454, 457, 465, 477, 482, 494]
165: [31, 33, 36, 54, 79, 89, 102, 104, 123, 164, 166, 168, 169, 175, 178, 185, 201, 202, 210, 214, 220, 243, 259, 286, 287, 309, 323, 361, 362, 366, 368, 369, 404, 409, 411, 440, 441, 454, 461, 469, 474]
166: [17, 39, 42, 43, 50, 55, 67, 68, 70, 80, 84, 112, 115, 122, 130, 131, 145, 150, 154, 165, 167, 170, 195, 212, 219, 224, 248, 275, 277, 279, 338, 341, 361, 362, 387, 394, 406, 414, 416, 423, 426, 430, 436, 437, 438, 442, 473, 482, 485]
167: [17, 31, 35, 55, 56, 98, 126, 128, 129, 132, 166, 168, 186, 192, 203, 210, 226, 237, 241, 244, 281, 286, 291, 317, 318, 328, 336, 352, 396, 412, 419, 433, 448, 459, 460, 475]
168: [35, 72, 79, 89, 94, 107, 124, 131, 154, 159, 165, 167, 169, 174, 177, 186, 189, 196, 204, 227, 228, 249, 257, 265, 269, 278, 279, 285, 290, 301, 320, 327, 330, 344, 345, 360, 379, 380, 381, 383, 405, 410, 418, 447, 457, 463, 478, 488]
169: [23, 48, 59, 71, 77, 86, 115, 123, 136, 138, 141, 150, 160, 165, 168, 170, 188, 201, 220, 236, 248, 268, 317, 320, 334, 337, 370, 377, 390, 396, 400, 424, 466, 478, 492, 493]
170: [18, 29, 51, 55, 78, 112, 113, 114, 142, 148, 155, 166, 169, 171, 175, 191, 195, 209, 213, 230, 233, 234, 238, 241, 252, 266, 307, 315, 317, 327, 337, 345, 385, 392, 393, 398, 405, 419, 430, 441, 452, 464, 478, 480]
171: [14, 18, 21, 32, 37, 40, 48, 50, 68, 71, 82, 85, 86, 95, 97, 103, 104, 109, 111, 112, 116, 137, 141, 156, 162, 164, 170, 172, 175, 183, 186, 190, 197, 199, 212, 215, 256, 258, 264, 275, 278, 305, 306, 326, 353, 368, 377, 378, 385, 421, 433, 436, 443, 458, 460, 473, 475, 485, 490, 495]
172: [36, 41, 64, 67, 71, 79, 88, 97, 144, 151, 155, 159, 171, 173, 191, 223, 237, 243, 264, 280, 282, 313, 314, 318, 323, 325, 333, 348, 354, 379, 382, 386, 388, 389, 397, 424, 457, 470, 490, 491, 496]
173: [19, 34, 37, 78, 92, 98, 100, 117, 146, 158, 172, 174, 183, 194, 210, 216, 243, 272, 287, 291, 303, 320, 321, 345, 368, 370, 375, 378, 384, 386, 390, 427, 428, 443, 469, 475, 482, 485, 496]
174: [25, 47, 51, 72, 83, 133, 142, 151, 152, 154, 168, 173, 175, 178, 189, 221, 274, 278, 285, 317, 343, 367, 368, 374, 386, 402, 435, 447, 457, 458, 462, 466, 484, 488, 491]
175: [35, 41, 50, 68, 79, 82, 83, 94, 109, 111, 121, 148, 165, 170, 171, 174, 176, 182, 183, 196, 203, 213, 247, 260, 264, 268, 286, 287, 292, 294, 296, 307, 351, 358, 367, 379, 384, 385, 390, 403, 426, 447, 449, 457, 470]
176: [33, 51, 76, 77, 89, 103, 105, 107, 142, 150, 152, 158, 160, 175, 177, 187, 188, 190, 200, 215, 225, 239, 261, 263, 275, 276, 304, 316, 323, 378, 413, 425, 434, 438, 445, 449, 458, 460, 485, 492, 493]
177: [21, 22, 23, 26, 34, 55, 75, 80, 93, 126, 134, 135, 147, 152, 159, 160, 161, 164, 168, 176, 178, 207, 220, 239, 293, 309, 324, 336, 341, 351, 364, 376, 378, 392, 423, 434, 471, 489]
178: [23, 35, 43, 45, 57, 128, 133, 152, 157, 165, 174, 177, 179, 188, 198, 202, 203, 215, 225, 235, 236, 237, 238, 240, 256, 308, 309, 346, 348, 359, 369, 392, 394, 408, 417, 421, 430, 484]
179: [23, 33, 43, 57, 61, 62, 74, 77, 96, 105, 106, 112, 120, 127, 141, 178, 180, 188, 194, 206, 208, 209, 213, 238, 247, 294, 299, 301, 309, 331, 337, 375, 397, 412, 424, 428, 432, 436, 437, 461, 471, 479, 483, 488, 495]
180: [70, 91, 102, 105, 139, 144, 179, 181, 196, 238, 239, 246, 248, 259, 263, 272, 297, 306, 312, 334, 339, 340, 380, 399, 407, 408, 422, 444, 478, 490, 495]
181: [14, 21, 23, 47, 53, 56, 60, 94, 98, 107, 120, 131, 132, 133, 150, 180, 182, 197, 207, 215, 220, 242, 261, 284, 306, 308, 310, 321, 341, 343, 378, 409, 412, 425, 430, 437, 442, 445, 448, 479, 487, 495, 499]
182: [14, 38, 54, 66, 73, 87, 119, 123, 129, 137, 145, 150, 156, 159, 161, 175, 181, 183, 188, 204, 205, 206, 208, 213, 244, 264, 274, 277, 280, 283, 323, 360, 384, 404, 432, 455, 456, 457, 489]
183: [24, 42, 45, 64, 91, 102, 106, 134, 142, 153, 160, 164, 171, 173, 175, 182, 184, 189, 197, 198, 203, 220, 235, 249, 253, 255, 268, 276, 278, 279, 281, 304, 314, 327, 361, 365, 366, 371, 390, 396, 410, 416, 436, 472, 490, 492]
184: [16, 20, 21, 59, 76, 77, 98, 105, 142, 163, 183, 185, 190, 199, 200, 206, 207, 223, 273, 284, 295, 308, 323, 329, 341, 355, 373, 404, 420, 460, 463, 479]
185: [21, 30, 37, 59, 61, 68, 73, 77, 100, 117, 144, 161, 165, 184, 186, 199, 207, 250, 267, 277, 310, 330, 340, 341, 344, 350, 363, 367, 387, 391, 398, 400, 402, 404, 417, 429, 439, 442, 462, 496]
186: [22, 28, 39, 49, 57, 69, 89, 91, 97, 122, 139, 145, 167, 168, 171, 185, 187, 191, 201, 232, 284, 288, 290, 324, 347, 352, 367, 374, 379, 396, 406, 409, 416, 438, 454, 464, 467, 475, 478, 483, 490, 492]
187: [14, 27, 33, 56, 57, 66, 69, 72, 87, 88, 94, 100, 103, 116, 118, 119, 147, 148, 152, 176, 186, 188, 192, 204, 206, 219, 227, 240, 255, 256, 260, 262, 276, 291, 298, 302, 308, 309, 325, 326, 348, 349, 353, 362, 395, 427, 456, 462, 467, 470, 475, 480, 481, 482]
188: [24, 31, 32, 123, 126, 131, 153, 157, 169, 176, 178, 179, 182, 187, 189, 194, 221, 222, 229, 237, 262, 279, 286, 288, 297, 321, 350, 366, 399, 401, 411, 432, 437, 439, 443, 492]
189: [35, 38, 83, 85, 88, 119, 126, 128, 133, 139, 142, 157, 161, 168, 174, 183, 188, 190, 201, 204, 214, 226, 229, 248, 251, 259, 270, 272, 289, 304, 305, 312, 356, 369, 373, 393, 395, 409, 411, 415, 423, 433, 434, 448, 450, 457, 458, 462, 466, 470, 482, 484]
190: [43, 63, 72, 88, 96, 100, 105, 110, 127, 133, 136, 171, 176, 184, 189, 191, 200, 203, 205, 220, 225, 233, 239, 243, 247, 255, 265, 268, 272, 283, 285, 295, 315, 323, 352, 354, 355, 364, 408, 419, 425, 426, 432, 445, 465, 472, 476, 486, 491]
191: [48, 52, 53, 74, 87, 91, 92, 115, 117, 126, 131, 170, 172, 186, 190, 192, 208, 218, 234, 242, 249, 259, 306, 325, 347, 349, 351, 417, 422, 428, 429, 432, 454, 455, 499]
192: [23, 37, 56, 66, 81, 89, 101, 104, 124, 126, 145, 155, 167, 187, 191, 193, 194, 202, 205, 207, 233, 241, 261, 265, 271, 292, 306, 313, 337, 338, 344, 347, 362, 397, 403, 405, 422, 425, 427, 435, 454, 456, 466, 467, 472, 476, 478, 482, 485, 494]
193: [14, 31, 38, 41, 51, 60, 64, 66, 67, 70, 73, 85, 86, 88, 99, 109, 141, 144, 151, 192, 194, 212, 218, 233, 248, 254, 266, 271, 273, 290, 293, 301, 307, 327, 331, 339, 345, 351, 354, 372, 408, 424, 435, 445, 481, 494]
194: [33, 37, 42, 55, 67, 72, 87, 91, 106, 118, 122, 149, 173, 179, 188, 192, 193, 195, 198, 215, 248, 264, 265, 269, 270, 276, 299, 301, 311, 316, 330, 337, 344, 345, 346, 355, 362, 363, 366, 374, 385, 394, 401, 403, 410, 415, 437, 439, 442, 446, 449, 461, 469, 483, 488, 491, 495, 497]
195: [18, 31, 46, 59, 72, 78, 81, 82, 83, 90, 100, 107, 110, 144, 146, 149, 166, 170, 194, 196, 207, 208, 210, 212, 218, 224, 227, 247, 262, 269, 272, 277, 305, 340, 347, 367, 382, 390, 391, 394, 395, 405, 424, 432, 439, 442]
196: [35, 42, 48, 67, 85, 113, 119, 123, 168, 175, 180, 195, 197, 229, 243, 244, 260, 269, 286, 290, 317, 337, 342, 354, 355, 369, 375, 376, 398, 405, 406, 422, 436, 454, 476, 477, 481]
197: [14, 31, 51, 59, 75, 78, 86, 88, 90, 117, 135, 171, 181, 183, 196, 198, 210, 233, 266, 298, 301, 314, 318, 319, 336, 341, 350, 360, 368, 382, 389, 402, 423, 429, 443, 453, 454, 472, 482]
198: [40, 42, 51, 78, 93, 98, 104, 114, 132, 135, 158, 178, 183, 194, 197, 199, 219, 224, 228, 237, 243, 251, 260, 262, 288, 330, 344, 347, 362, 387, 399, 406, 425, 432, 440, 488, 494]
199: [15, 16, 21, 22, 25, 26, 28, 36, 41, 44, 65, 74, 93, 109, 128, 132, 135, 138, 161, 171, 184, 185, 198, 200, 210, 211, 220, 223, 243, 252, 253, 270, 277, 280, 291, 292, 339, 342, 351, 369, 370, 421, 423, 426, 443, 459, 478, 479]
200: [49, 59, 72, 128, 134, 146, 155, 176, 184, 190, 199, 201, 204, 206, 227, 241, 247, 284, 293, 303, 321, 323, 336, 338, 356, 368, 373, 382, 405, 433, 435, 440, 463, 468, 483, 499]
201: [35, 40, 77, 91, 99, 110, 115, 133, 146, 154, 165, 169, 186, 189, 200, 202, 203, 204, 205, 211, 232, 291, 306, 312, 313, 332, 348, 372, 377, 389, 403, 411, 417, 457, 473, 488, 490]
202: [46, 50, 58, 62, 96, 97, 102, 107, 120, 128, 134, 138, 151, 165, 178, 192, 201, 203, 204, 207, 214, 217, 225, 226, 245, 264, 276, 278, 300, 312, 315, 322, 330, 353, 361, 369, 371, 376, 384, 395, 397, 405, 412, 441, 445, 447, 459, 461, 469, 473, 479, 481, 496]
203: [19, 24, 48, 51, 59, 85, 126, 131, 132, 157, 167, 175, 178, 183, 190, 201, 202, 204, 205, 250, 280, 285, 297, 299, 303, 311, 316, 345, 347, 371, 381, 385, 386, 399, 407, 415, 431, 437, 439, 450, 465, 476, 487, 489, 495]
204: [38, 48, 71, 95, 121, 124, 131, 144, 147, 153, 155, 156, 168, 182, 187, 189, 200, 201, 202, 203, 205, 224, 237, 239, 260, 261, 266, 281, 283, 321, 346, 368, 374, 377, 382, 386, 387, 389, 390, 416, 423, 429, 431, 442, 444, 453, 473, 475, 481, 492, 496]
205: [46, 102, 126, 130, 139, 146, 156, 182, 190, 192, 201, 203, 204, 206, 217, 228, 279, 281, 282, 299, 300, 305, 306, 317, 324, 340, 344, 393, 398, 417, 421, 428, 432, 443, 448, 457, 464, 468, 488, 493]
206: [21, 26, 29, 30, 31, 52, 71, 73, 82, 92, 93, 97, 119, 131, 154, 160, 179, 182, 184, 187, 200, 205, 207, 209, 210, 212, 229, 232, 241, 251, 264, 288, 294, 340, 356, 367, 372, 423, 424, 425, 426, 438, 447, 463, 467, 488, 493, 498]
207: [15, 27, 30, 45, 54, 61, 67, 91, 107, 111, 116, 147, 149, 153, 154, 159, 177, 181, 184, 185, 192, 195, 202, 206, 208, 219, 242, 247, 248, 252, 253, 269, 277, 284, 303, 305, 312, 315, 330, 352, 390, 393, 394, 396, 443, 478, 480, 492]
208: [41, 48, 50, 65, 92, 110, 125, 131, 137, 145, 150, 159, 179, 182, 191, 195, 207, 209, 220, 222, 252, 257, 263, 264, 268, 270, 279, 285, 287, 291, 300, 321, 324, 348, 367, 393, 413, 420, 426, 435, 443, 453, 468, 469, 470, 482, 494, 495]
209: [31, 32, 34, 39, 40, 60, 73, 83, 120, 130, 137, 138, 142, 157, 163, 170, 179, 206, 208, 210, 282, 290, 293, 305, 321, 323, 327, 335, 352, 355, 375, 386, 388, 394, 402, 433, 434, 436, 493]
210: [14, 28, 29, 38, 54, 67, 83, 97, 102, 116, 118, 124, 130, 136, 137, 165, 167, 173, 195, 197, 199, 206, 209, 211, 212, 233, 275, 277, 312, 324, 344, 369, 388, 411, 416, 421, 438, 443, 450, 456, 457, 458, 459, 492]
211: [24, 25, 28, 96, 105, 112, 115, 116, 120, 125, 142, 199, 201, 210, 212, 222, 249, 252, 263, 266, 274, 312, 313, 319, 320, 373, 399, 433, 465, 477, 486, 491]
212: [18, 19, 23, 29, 30, 38, 49, 50, 64, 68, 72, 75, 105, 109, 111, 115, 126, 142, 145, 149, 160, 166, 171, 193, 195, 206, 210, 211, 213, 216, 217, 221, 222, 234, 247, 265, 275, 281, 282, 293, 296, 297, 299, 307, 315, 318, 337, 338, 350, 369, 391, 414, 417, 427, 441, 457, 477, 498]
213: [14, 21, 47, 61, 70, 77, 87, 88, 94, 123, 130, 131, 132, 135, 153, 164, 170, 175, 179, 182, 212, 214, 218, 220, 225, 251, 263, 281, 300, 310, 316, 325, 333, 343, 348, 357, 365, 370, 376, 379, 390, 414, 438, 441, 469, 475, 486, 487]
214: [14, 27, 49, 103, 116, 130, 165, 189, 202, 213, 215, 225, 229, 237, 255, 269, 270, 273, 302, 306, 315, 321, 323, 331, 332, 333, 367, 369, 395, 408, 419, 424, 449, 455, 469, 481, 484, 491, 495]
215: [15, 20, 24, 46, 53, 80, 106, 119, 120, 122, 161, 171, 176, 178, 181, 194, 214, 216, 243, 286, 321, 323, 331, 348, 358, 372, 377, 379, 426, 471, 485]
216: [28, 36, 51, 53, 63, 75, 82, 84, 91, 116, 122, 123, 164, 173, 212, 215, 217, 225, 233, 246, 249, 251, 259, 271, 276, 293, 294, 314, 319, 345, 370, 386, 387, 400, 401, 414, 423, 441, 450, 452, 477, 478, 486, 488, 497]
217: [16, 25, 33, 35, 36, 59, 63, 67, 77, 100, 102, 111, 112, 124, 135, 136, 138, 143, 150, 160, 202, 205, 212, 216, 218, 225, 243, 244, 248, 268, 277, 291, 303, 308, 314, 324, 349, 350, 365, 374, 387, 389, 405, 433, 441, 443, 450, 452, 468, 474, 476, 491, 493, 494]
218: [19, 21, 38, 40, 83, 88, 101, 110, 119, 148, 154, 158, 160, 191, 193, 195, 213, 217, 219, 231, 239, 245, 266, 268, 275, 287, 298, 323, 324, 343, 367, 388, 395, 397, 427, 429, 435, 450, 455, 466, 472, 475, 476, 485, 489]
219: [48, 51, 114, 118, 139, 157, 166, 187, 198, 207, 218, 220, 225, 257, 288, 294, 314, 330, 345, 348, 356, 374, 393, 397, 408, 409, 412, 420, 431, 433, 437, 438, 491, 497]
220: [14, 15, 78, 101, 106, 113, 117, 128, 134, 137, 155, 165, 169, 177, 181, 183, 190, 199, 208, 213, 219, 221, 250, 251, 267, 270, 282, 289, 301, 304, 314, 343, 354, 356, 359, 360, 374, 379, 387, 395, 402, 418, 423, 458, 462, 470, 496]
221: [15, 27, 39, 51, 53, 56, 105, 121, 136, 137, 158, 174, 188, 212, 220, 222, 223, 230, 233, 236, 255, 260, 269, 285, 294, 299, 301, 323, 326, 336, 339, 387, 391, 416, 431, 458, 486, 497]
222: [19, 21, 26, 45, 51, 70, 72, 75, 76, 82, 94, 106, 107, 110, 112, 118, 134, 139, 140, 145, 155, 188, 208, 211, 212, 221, 223, 236, 252, 259, 265, 278, 283, 317, 320, 351, 356, 360, 393, 399, 400, 436, 448, 477, 484, 485, 499]
223: [18, 24, 47, 77, 88, 112, 120, 127, 161, 172, 184, 199, 221, 222, 224, 225, 228, 247, 248, 281, 282, 313, 333, 334, 350, 365, 373, 375, 384, 385, 397, 399, 404, 405, 437, 439, 443, 474, 478, 480, 487, 493, 497]
224: [29, 34, 59, 73, 74, 80, 84, 98, 116, 125, 131, 135, 153, 166, 195, 198, 204, 223, 225, 235, 241, 246, 247, 253, 257, 269, 273, 292, 299, 303, 343, 348, 349, 358, 368, 371, 377, 379, 397, 429, 449, 453, 470, 473]
225: [26, 30, 32, 37, 39, 58, 77, 81, 83, 97, 103, 111, 131, 135, 152, 176, 178, 190, 202, 213, 214, 216, 217, 219, 223, 224, 226, 227, 238, 239, 254, 261, 263, 264, 272, 280, 295, 296, 305, 318, 319, 325, 326, 351, 354, 360, 413, 425, 430, 436, 449, 475, 487]
226: [23, 27, 34, 40, 47, 53, 70, 77, 81, 95, 110, 123, 137, 156, 167, 189, 202, 225, 227, 228, 229, 236, 250, 291, 309, 310, 332, 338, 352, 388, 389, 408, 420, 421, 425, 438, 441, 453, 458, 467, 477, 482, 489, 491]
227: [21, 25, 42, 47, 59, 62, 65, 70, 80, 85, 93, 115, 116, 122, 123, 129, 137, 168, 187, 195, 200, 225, 226, 228, 234, 262, 267, 273, 282, 287, 290, 293, 296, 300, 301, 317, 319, 327, 337, 355, 384, 389, 393, 417, 419, 435, 467, 483, 495]
228: [36, 53, 59, 75, 83, 86, 99, 112, 127, 134, 168, 198, 205, 223, 226, 227, 229, 248, 252, 258, 277, 284, 285, 301, 305, 321, 327, 330, 332, 334, 354, 362, 366, 388, 399, 402, 403, 421, 422, 448, 451, 472, 495, 498]
229: [14, 18, 22, 36, 45, 50, 51, 66, 117, 124, 128, 151, 188, 189, 196, 206, 214, 226, 228, 230, 234, 257, 288, 346, 372, 375, 379, 380, 383, 387, 395, 397, 403, 405, 409, 416, 422, 423, 426, 427, 434, 472, 473, 477, 478, 487, 492]
230: [15, 32, 34, 51, 59, 62, 67, 69, 85, 88, 124, 142, 150, 153, 160, 170, 221, 229, 231, 247, 259, 260, 279, 291, 300, 304, 343, 380, 400, 410, 413, 414, 429, 465, 475, 496]
231: [16, 51, 80, 135, 136, 146, 150, 161, 218, 230, 232, 235, 241, 266, 269, 297, 298, 320, 326, 338, 340, 341, 375, 416, 422, 458, 475, 489, 491]
232: [32, 33, 47, 49, 62, 101, 113, 121, 124, 134, 145, 150, 153, 155, 186, 201, 206, 231, 233, 236, 250, 270, 287, 295, 298, 299, 312, 313, 334, 354, 363, 392, 400, 423, 425, 434, 437, 446, 451, 456, 459, 483, 495, 498]
233: [20, 35, 48, 60, 61, 76, 128, 163, 170, 190, 192, 193, 197, 210, 216, 221, 232, 234, 243, 247, 249, 262, 285, 290, 301, 310, 313, 326, 346, 363, 395, 423, 452, 457, 460, 461, 469, 478, 479, 480, 486, 496]
234: [21, 34, 70, 86, 94, 101, 105, 106, 128, 140, 147, 170, 191, 212, 227, 229, 233, 235, 237, 240, 250, 254, 280, 284, 323, 340, 344, 347, 357, 362, 370, 388, 410, 414, 428, 441, 473, 476, 494, 495]
235: [15, 33, 41, 42, 50, 67, 72, 81, 86, 96, 131, 138, 140, 145, 148, 161, 164, 178, 183, 224, 231, 234, 236, 271, 272, 298, 299, 329, 361, 401, 408, 409, 410, 421, 436, 445, 448, 495]
236: [26, 27, 32, 34, 36, 37, 39, 54, 68, 90, 120, 132, 135, 136, 143, 151, 169, 178, 221, 222, 226, 232, 235, 237, 246, 264, 267, 269, 273, 292, 302, 307, 337, 346, 354, 361, 380, 387, 404, 418, 419, 441, 447, 461, 476, 481, 488]
237: [31, 37, 44, 45, 60, 61, 72, 100, 107, 108, 109, 111, 114, 134, 155, 167, 172, 178, 188, 198, 204, 214, 234, 236, 238, 250, 257, 262, 264, 280, 288, 321, 334, 354, 373, 378, 397, 407, 421, 427, 460, 467, 473, 488, 490]
238: [22, 37, 43, 44, 62, 76, 77, 107, 129, 135, 139, 170, 178, 179, 180, 225, 237, 239, 250, 262, 278, 290, 317, 336, 337, 341, 342, 358, 367, 370, 376, 380, 411, 413, 421, 424]
239: [46, 52, 74, 79, 92, 105, 113, 116, 117, 138, 146, 156, 157, 158, 164, 176, 177, 180, 190, 204, 218, 225, 238, 240, 244, 248, 249, 262, 267, 278, 279, 280, 324, 326, 329, 338, 341, 350, 360, 364, 369, 372, 389, 390, 391, 440, 456, 464, 491]
240: [19, 59, 62, 129, 150, 160, 178, 187, 234, 239, 241, 268, 285, 291, 300, 304, 323, 346, 370, 376, 381, 389, 418, 419, 420, 429, 440, 441, 443, 465, 480, 492, 493]
241: [16, 49, 54, 66, 72, 82, 114, 123, 126, 127, 141, 158, 164, 167, 170, 192, 200, 206, 224, 231, 240, 242, 252, 314, 315, 327, 345, 352, 388, 417, 421, 422, 424, 432, 435, 437, 439, 479, 481, 494, 495]
242: [16, 71, 89, 93, 116, 133, 136, 138, 150, 161, 181, 191, 207, 241, 243, 244, 246, 254, 281, 292, 299, 308, 310, 316, 320, 328, 333, 357, 361, 362, 378, 383, 389, 396, 411, 424, 439, 440, 444, 455, 467, 479, 480]
243: [22, 31, 38, 51, 65, 68, 78, 90, 94, 96, 138, 145, 147, 152, 165, 172, 173, 190, 196, 198, 199, 215, 217, 233, 242, 244, 250, 268, 291, 300, 306, 309, 313, 315, 345, 358, 370, 407, 426, 449, 451, 475, 476, 484]
244: [30, 41, 57, 59, 61, 65, 75, 112, 116, 125, 130, 143, 145, 149, 167, 182, 196, 217, 239, 242, 243, 245, 256, 297, 303, 311, 316, 320, 322, 349, 350, 366, 378, 385, 392, 404, 408, 409, 428, 432, 433, 434, 437, 440, 441, 444, 450, 457, 463, 464, 475, 481, 489, 493]
245: [43, 45, 48, 54, 76, 91, 141, 147, 148, 202, 218, 244, 246, 277, 280, 287, 304, 322, 330, 333, 341, 342, 344, 347, 353, 370, 380, 394, 407, 408, 414, 430, 436, 444, 448, 460, 475, 493]
246: [14, 18, 20, 82, 91, 100, 120, 126, 142, 147, 180, 216, 224, 236, 242, 245, 247, 275, 277, 294, 304, 309, 314, 317, 330, 331, 389, 390, 400, 426, 447, 457, 466, 476, 477, 483]
247: [50, 51, 52, 55, 57, 59, 60, 81, 101, 108, 122, 147, 153, 164, 175, 179, 190, 195, 200, 207, 212, 223, 224, 230, 233, 246, 248, 252, 254, 286, 293, 298, 346, 349, 353, 356, 370, 376, 381, 387, 388, 389, 394, 406, 434, 454, 477, 481, 484, 499]
248: [15, 19, 20, 25, 27, 28, 39, 43, 45, 57, 69, 81, 83, 125, 141, 163, 166, 169, 180, 189, 193, 194, 207, 217, 223, 228, 239, 247, 249, 263, 268, 273, 282, 283, 288, 313, 318, 320, 329, 331, 349, 362, 370, 372, 374, 378, 392, 400, 403, 415, 416, 433, 437, 474, 479, 487, 490]
249: [15, 26, 30, 33, 42, 49, 52, 83, 89, 100, 114, 168, 183, 191, 211, 216, 233, 239, 248, 250, 267, 286, 291, 296, 299, 302, 306, 309, 310, 343, 345, 355, 359, 365, 393, 403, 413, 414, 415, 439, 440, 443, 461, 471, 485, 488, 491]
250: [16, 27, 34, 40, 57, 63, 64, 65, 71, 72, 78, 102, 132, 133, 135, 139, 150, 152, 164, 185, 203, 220, 226, 232, 234, 237, 238, 243, 249, 251, 294, 297, 311, 319, 321, 326, 328, 357, 364, 367, 371, 380, 395, 397, 398, 414, 423, 431, 444, 492, 497]
251: [14, 28, 35, 70, 85, 90, 99, 109, 136, 138, 146, 189, 198, 206, 213, 216, 220, 250, 252, 256, 261, 269, 270, 271, 300, 316, 317, 327, 329, 333, 340, 350, 353, 355, 360, 375, 379, 387, 405, 427, 432, 434, 450, 455, 467, 475]
252: [22, 37, 39, 42, 57, 66, 67, 83, 101, 108, 145, 170, 199, 207, 208, 211, 222, 228, 241, 247, 251, 253, 261, 265, 273, 278, 286, 322, 328, 333, 345, 360, 365, 391, 400, 421, 438, 457, 459, 461, 469, 487]
253: [15, 26, 40, 59, 64, 76, 95, 113, 114, 121, 122, 123, 127, 132, 150, 183, 199, 207, 224, 252, 254, 266, 290, 296, 311, 331, 332, 344, 348, 361, 368, 384, 400, 407, 409, 416, 436, 442, 466, 467, 485]
254: [28, 52, 57, 81, 87, 100, 112, 113, 134, 141, 149, 160, 193, 225, 234, 242, 247, 253, 255, 268, 283, 309, 336, 342, 348, 360, 394, 403, 404, 411, 424, 445, 447, 460, 479, 489, 491, 492, 493, 498]
255: [17, 42, 61, 82, 92, 121, 137, 141, 144, 183, 187, 190, 214, 221, 254, 256, 257, 284, 290, 303, 308, 310, 337, 362, 376, 379, 399, 404, 405, 417, 432, 439, 442, 448, 459, 465, 487, 498, 499]
256: [26, 28, 39, 42, 50, 52, 71, 73, 83, 86, 96, 109, 128, 130, 152, 155, 164, 171, 178, 187, 244, 251, 255, 257, 280, 282, 298, 300, 319, 333, 336, 338, 352, 374, 379, 385, 388, 394, 399, 423, 428, 432, 435, 458, 476, 485, 487, 492]
257: [25, 27, 60, 75, 79, 87, 101, 102, 117, 119, 131, 132, 137, 138, 147, 149, 151, 168, 208, 219, 224, 229, 237, 255, 256, 258, 265, 268, 284, 295, 297, 303, 304, 320, 325, 336, 344, 369, 407, 416, 428, 436, 438, 456, 457, 461, 474, 484, 496]
258: [35, 47, 52, 72, 73, 85, 87, 101, 103, 116, 153, 161, 162, 171, 228, 257, 259, 279, 322, 328, 330, 338, 348, 350, 353, 385, 386, 412, 414, 432, 434, 458, 462, 464, 469]
259: [32, 37, 41, 49, 57, 60, 72, 74, 85, 88, 94, 105, 109, 118, 144, 165, 180, 189, 191, 216, 222, 230, 258, 260, 270, 278, 291, 295, 317, 332, 361, 365, 375, 376, 389, 397, 452, 454, 460, 465, 469, 478, 479, 484, 485, 486, 488]
260: [21, 38, 44, 52, 53, 55, 63, 66, 68, 97, 99, 113, 118, 128, 136, 175, 187, 196, 198, 204, 221, 230, 259, 261, 291, 300, 313, 349, 353, 359, 368, 384, 401, 406, 420, 422, 442, 455, 460, 468, 490]
261: [30, 39, 41, 45, 62, 63, 131, 136, 138, 151, 157, 176, 181, 192, 204, 225, 251, 252, 260, 262, 264, 278, 330, 335, 338, 356, 365, 369, 375, 377, 382, 398, 404, 417, 420, 424, 433, 458, 463, 468, 485]
262: [24, 42, 43, 48, 54, 59, 96, 99, 101, 116, 128, 133, 134, 138, 143, 156, 187, 188, 195, 198, 227, 233, 237, 238, 239, 261, 263, 265, 288, 300, 314, 318, 320, 337, 346, 355, 356, 357, 361, 373, 391, 408, 417, 469, 493, 498]
263: [37, 39, 44, 51, 76, 125, 133, 137, 154, 162, 176, 180, 208, 211, 213, 225, 248, 262, 264, 279, 304, 305, 309, 328, 332, 339, 362, 371, 374, 388, 394, 398, 420, 424, 429, 440, 445, 480, 488]
264: [25, 27, 31, 35, 63, 65, 66, 67, 70, 82, 96, 102, 107, 108, 129, 133, 171, 172, 175, 182, 194, 202, 206, 208, 225, 236, 237, 261, 263, 265, 276, 284, 294, 296, 318, 325, 333, 352, 387, 388, 392, 402, 422, 435, 449, 451, 475, 486]
265: [22, 27, 43, 88, 97, 112, 130, 134, 142, 152, 154, 156, 161, 168, 190, 192, 194, 212, 222, 252, 257, 262, 264, 266, 273, 293, 296, 303, 309, 310, 317, 351, 353, 366, 369, 375, 380, 399, 402, 403, 405, 427, 438, 439, 497]
266: [41, 42, 45, 75, 91, 95, 96, 115, 122, 142, 146, 150, 170, 193, 197, 204, 211, 218, 231, 253, 265, 267, 269, 317, 326, 344, 347, 353, 354, 390, 393, 410, 430, 434, 448, 449, 454, 457, 468, 492]
267: [34, 42, 57, 75, 84, 92, 94, 99, 120, 137, 138, 148, 185, 220, 227, 236, 239, 249, 266, 268, 310, 322, 332, 340, 396, 398, 403, 415, 442, 448, 460, 472, 479, 489, 490, 496]
268: [14, 25, 30, 46, 49, 65, 69, 76, 82, 108, 118, 124, 125, 142, 162, 169, 175, 183, 190, 208, 217, 218, 240, 243, 248, 254, 257, 267, 269, 274, 280, 298, 305, 315, 325, 335, 343, 348, 349, 364, 371, 403, 412, 421, 436, 449, 452, 465, 497]
269: [15, 24, 30, 37, 49, 51, 62, 63, 77, 95, 96, 100, 105, 106, 133, 135, 152, 168, 194, 195, 196, 207, 214, 221, 224, 231, 236, 251, 266, 268, 270, 286, 287, 307, 314, 316, 360, 361, 373, 380, 390, 447, 460, 477, 485, 488]
270: [25, 30, 55, 65, 70, 81, 96, 118, 138, 142, 149, 156, 161, 189, 194, 199, 208, 214, 220, 232, 251, 259, 269, 271, 276, 285, 312, 314, 317, 319, 325, 335, 337, 339, 368, 388, 399, 403, 424, 432, 433, 440, 446, 450, 478, 493, 494, 496]
271: [32, 48, 85, 91, 104, 123, 128, 147, 159, 164, 192, 193, 216, 235, 251, 270, 272, 274, 280, 282, 315, 319, 320, 344, 354, 364, 378, 400, 406, 408, 439, 441, 448, 457]
272: [16, 24, 38, 46, 68, 70, 82, 83, 90, 91, 95, 125, 133, 141, 159, 164, 173, 180, 189, 190, 195, 225, 235, 271, 273, 317, 320, 327, 328, 335, 342, 350, 351, 359, 367, 372, 381, 388, 390, 409, 410, 421, 422, 426, 428, 429, 435, 452, 461, 478, 481, 498]
273: [16, 18, 23, 54, 57, 61, 84, 94, 95, 99, 141, 184, 193, 214, 224, 227, 236, 248, 252, 265, 272, 274, 281, 287, 291, 295, 307, 321, 337, 341, 366, 393, 405, 416, 434, 448, 454, 459, 468, 473]
274: [25, 35, 37, 49, 60, 75, 77, 87, 118, 152, 174, 182, 211, 268, 271, 273, 275, 280, 281, 292, 301, 318, 340, 346, 352, 363, 364, 372, 377, 402, 408, 430, 455, 460, 461, 463, 473, 474, 496]
275: [16, 27, 28, 33, 37, 47, 52, 63, 72, 86, 98, 109, 129, 130, 143, 156, 166, 171, 176, 210, 212, 218, 246, 274, 276, 278, 299, 317, 320, 345, 372, 375, 384, 385, 397, 426, 439, 453, 458, 494]
276: [14, 32, 33, 36, 47, 62, 73, 76, 87, 89, 106, 116, 118, 121, 149, 153, 176, 183, 187, 194, 202, 216, 264, 270, 275, 277, 293, 296, 302, 359, 376, 389, 413, 422, 434, 453, 461, 476, 480, 487, 492]
277: [16, 47, 48, 58, 64, 74, 97, 98, 109, 116, 153, 166, 182, 185, 195, 199, 207, 210, 217, 228, 245, 246, 276, 278, 294, 304, 315, 334, 336, 338, 348, 363, 365, 385, 401, 427, 430, 440, 465, 466, 472, 483, 487]
278: [19, 53, 55, 63, 68, 72, 90, 103, 127, 129, 143, 146, 147, 152, 153, 163, 168, 171, 174, 183, 202, 222, 238, 239, 252, 259, 261, 275, 277, 279, 287, 313, 314, 326, 329, 348, 364, 373, 385, 387, 398, 401, 421, 438, 450, 473, 474, 492, 493, 499]
279: [15, 26, 29, 32, 58, 66, 90, 98, 101, 106, 122, 128, 132, 139, 150, 158, 166, 168, 183, 188, 205, 208, 230, 239, 258, 263, 278, 280, 292, 318, 335, 351, 356, 377, 383, 391, 406, 418, 422, 433, 441, 452, 453, 455, 469, 491]
280: [44, 53, 58, 64, 72, 90, 91, 93, 101, 133, 136, 161, 172, 182, 199, 203, 225, 234, 237, 239, 245, 256, 268, 271, 274, 279, 281, 294, 299, 300, 312, 356, 380, 389, 391, 395, 410, 423, 442, 452, 457, 461, 465, 482, 489]
281: [36, 42, 47, 56, 59, 65, 95, 104, 134, 138, 142, 145, 158, 167, 183, 204, 205, 212, 213, 223, 242, 273, 274, 280, 282, 288, 308, 315, 343, 345, 350, 380, 395, 403, 410, 425, 438, 442, 446, 467, 468, 470, 475, 478, 484, 489]
282: [16, 27, 28, 38, 41, 45, 68, 81, 88, 90, 113, 126, 128, 158, 172, 205, 209, 212, 220, 223, 227, 248, 256, 271, 281, 283, 286, 302, 311, 314, 316, 323, 341, 370, 374, 376, 377, 379, 386, 398, 423, 441, 442, 449, 492, 494]
283: [26, 55, 87, 102, 129, 182, 190, 204, 222, 248, 254, 282, 284, 308, 311, 338, 351, 356, 357, 360, 366, 368, 380, 382, 398, 399, 406, 412, 414, 419, 426, 429, 433, 435, 437, 470, 482]
284: [22, 34, 38, 39, 56, 58, 60, 69, 75, 81, 91, 94, 102, 110, 118, 122, 125, 162, 181, 184, 186, 200, 207, 228, 234, 255, 257, 264, 283, 285, 286, 306, 314, 327, 334, 345, 356, 359, 361, 370, 373, 378, 405, 423, 428, 465, 478, 493]
285: [18, 28, 37, 38, 60, 62, 69, 72, 81, 97, 134, 138, 148, 157, 158, 159, 168, 174, 190, 203, 208, 221, 228, 233, 240, 270, 284, 286, 289, 297, 307, 326, 329, 333, 337, 378, 387, 401, 410, 420, 427, 429, 438, 439, 446, 477, 479, 491]
286: [16, 17, 32, 38, 76, 86, 87, 102, 114, 116, 130, 137, 141, 165, 167, 175, 188, 196, 215, 247, 249, 252, 269, 282, 284, 285, 287, 298, 302, 307, 348, 381, 409, 416, 456, 457, 469, 485, 487, 497]
287: [15, 22, 28, 30, 36, 57, 68, 77, 85, 90, 92, 109, 111, 115, 138, 147, 159, 161, 165, 173, 175, 208, 218, 227, 232, 245, 269, 273, 278, 286, 288, 338, 372, 375, 377, 389, 399, 424, 426, 434, 439, 445, 446, 459, 471, 473, 476, 479, 496]
288: [18, 38, 60, 80, 88, 102, 105, 123, 126, 145, 150, 186, 188, 198, 206, 219, 229, 237, 248, 262, 281, 287, 289, 311, 362, 394, 408, 452, 486, 497]
289: [15, 31, 37, 44, 47, 56, 73, 87, 98, 106, 125, 157, 189, 220, 285, 288, 290, 312, 318, 345, 361, 368, 402, 417, 418, 424, 447, 449, 450, 461, 472, 482]
290: [15, 32, 33, 37, 48, 61, 63, 73, 99, 100, 102, 106, 116, 117, 131, 152, 155, 168, 186, 193, 196, 209, 227, 233, 238, 253, 255, 289, 291, 300, 304, 320, 321, 333, 339, 352, 359, 371, 403, 410, 413, 425, 435, 439, 448, 473, 482, 485]
291: [25, 53, 54, 57, 61, 73, 74, 77, 78, 88, 107, 114, 126, 128, 144, 163, 164, 167, 173, 187, 199, 201, 208, 217, 226, 230, 240, 243, 249, 259, 260, 273, 290, 292, 304, 307, 313, 333, 334, 336, 352, 360, 371, 375, 376, 378, 396, 431, 440, 472, 489]
292: [46, 68, 87, 89, 90, 101, 104, 127, 142, 145, 147, 152, 155, 175, 192, 199, 224, 236, 242, 274, 279, 291, 293, 296, 305, 307, 309, 315, 321, 325, 347, 348, 376, 379, 395, 398, 401, 408, 412, 421, 429, 438, 445, 447, 448, 451, 460, 478, 484, 491, 497, 498]
293: [29, 31, 34, 60, 64, 67, 71, 79, 85, 98, 142, 146, 161, 162, 163, 177, 193, 200, 209, 212, 216, 227, 247, 265, 276, 292, 294, 299, 320, 329, 344, 347, 357, 384, 395, 408, 419, 422, 430, 433, 466, 467, 469, 476, 484, 491]
294: [26, 66, 95, 98, 108, 114, 121, 151, 155, 157, 175, 179, 206, 216, 219, 221, 246, 250, 264, 277, 280, 293, 295, 325, 346, 358, 359, 360, 362, 365, 376, 415, 424, 447, 448, 456, 468, 469, 494, 496]
295: [22, 32, 39, 41, 47, 52, 63, 64, 65, 96, 98, 109, 135, 184, 190, 225, 232, 257, 259, 273, 294, 296, 305, 325, 352, 371, 384, 385, 388, 393, 401, 413, 434, 462, 468, 484, 487, 490]
296: [22, 40, 47, 74, 92, 106, 109, 113, 119, 127, 135, 175, 212, 225, 227, 249, 253, 264, 265, 276, 292, 295, 297, 351, 352, 377, 391, 406, 450, 455, 457, 467, 477, 487, 497]
297: [16, 23, 52, 55, 74, 78, 141, 180, 188, 203, 212, 231, 244, 250, 257, 285, 296, 298, 309, 325, 330, 348, 350, 367, 375, 383, 439, 447, 452, 456, 463, 474, 475, 488, 491, 492]
298: [26, 122, 144, 152, 154, 187, 197, 218, 231, 232, 235, 247, 256, 268, 286, 297, 299, 326, 330, 332, 333, 352, 355, 379, 399, 405, 408, 421, 448, 450, 454, 467, 468, 473, 476, 487]
299: [21, 29, 36, 37, 49, 84, 163, 179, 194, 203, 205, 212, 221, 224, 232, 235, 242, 249, 275, 280, 293, 298, 300, 310, 314, 332, 333, 351, 353, 363, 364, 384, 387, 403, 411, 416, 422, 435, 446, 466, 468, 481, 490, 494]
300: [38, 52, 55, 61, 68, 91, 92, 118, 148, 202, 205, 208, 213, 227, 230, 240, 243, 251, 256, 260, 262, 280, 290, 299, 301, 336, 340, 345, 363, 367, 380, 382, 387, 408, 411, 415, 441, 445, 472, 484, 490, 493]
301: [25, 46, 70, 90, 96, 113, 131, 135, 148, 168, 179, 193, 194, 197, 220, 221, 227, 228, 233, 274, 300, 302, 316, 318, 319, 324, 354, 358, 399, 404, 432, 433, 438, 444, 461, 470, 482, 491]
302: [25, 62, 64, 73, 84, 108, 109, 114, 123, 132, 153, 156, 163, 187, 214, 236, 249, 276, 282, 286, 301, 303, 305, 323, 359, 361, 370, 383, 394, 395, 452, 453, 459, 460, 462, 472, 497]
303: [41, 43, 45, 51, 59, 67, 74, 93, 98, 101, 106, 122, 143, 173, 200, 203, 207, 217, 224, 244, 255, 257, 265, 302, 304, 324, 351, 368, 375, 376, 411, 423, 424, 430, 468, 475]
304: [26, 33, 58, 61, 68, 71, 83, 87, 96, 103, 110, 129, 140, 155, 176, 183, 189, 220, 230, 240, 245, 246, 257, 263, 277, 290, 291, 303, 305, 317, 330, 333, 337, 344, 354, 355, 364, 371, 388, 392, 397, 409, 410, 431, 440, 448, 449, 452, 460, 461, 466, 477, 485, 493]
305: [54, 67, 69, 72, 87, 89, 95, 109, 111, 133, 139, 145, 151, 171, 189, 195, 205, 207, 209, 225, 228, 263, 268, 292, 295, 302, 304, 306, 307, 332, 340, 347, 355, 361, 370, 381, 390, 402, 409, 424, 442, 454, 458, 461, 485, 493, 496]
306: [20, 33, 42, 49, 62, 65, 85, 100, 108, 111, 117, 122, 129, 141, 154, 171, 180, 181, 191, 192, 201, 205, 214, 243, 249, 284, 305, 307, 311, 313, 332, 335, 342, 347, 352, 358, 381, 382, 388, 412, 420, 424, 452, 479, 492, 496, 497]
307: [26, 36, 58, 81, 92, 95, 99, 115, 133, 140, 145, 147, 155, 170, 175, 193, 212, 236, 269, 273, 285, 286, 291, 292, 305, 306, 308, 310, 321, 327, 340, 344, 348, 375, 378, 379, 388, 393, 394, 398, 440, 457, 465, 468, 486]
308: [14, 37, 61, 125, 126, 131, 138, 162, 178, 181, 184, 187, 217, 242, 255, 281, 283, 307, 309, 314, 320, 321, 339, 358, 364, 371, 389, 397, 398, 406, 407, 414, 428, 433, 469, 471, 473, 489, 496]
309: [21, 30, 32, 58, 68, 73, 95, 97, 113, 129, 132, 143, 152, 165, 177, 178, 179, 187, 226, 243, 246, 249, 254, 263, 265, 292, 297, 308, 310, 316, 341, 364, 369, 378, 388, 391, 392, 406, 415, 422, 437, 461, 479, 481, 484, 488]
310: [40, 103, 132, 142, 146, 147, 181, 185, 213, 226, 233, 242, 249, 255, 265, 267, 299, 307, 309, 311, 326, 354, 387, 398, 401, 451, 462, 468, 471, 481, 482]
311: [30, 38, 39, 41, 42, 71, 89, 107, 126, 153, 163, 194, 203, 244, 250, 253, 282, 283, 288, 306, 310, 312, 314, 358, 367, 381, 390, 399, 402, 409, 429, 430, 449, 453, 463, 476, 490, 496]
312: [19, 20, 21, 28, 49, 56, 80, 87, 94, 96, 97, 105, 108, 109, 140, 148, 156, 163, 164, 180, 189, 201, 202, 207, 210, 211, 232, 270, 280, 289, 311, 313, 319, 320, 321, 370, 395, 404, 408, 428, 473, 485]
313: [15, 20, 52, 70, 71, 123, 143, 146, 151, 172, 192, 201, 211, 223, 232, 233, 243, 248, 260, 278, 291, 306, 312, 314, 319, 333, 349, 362, 375, 396, 405, 414, 416, 417, 452, 473, 497]
314: [20, 34, 35, 50, 54, 55, 63, 65, 69, 89, 96, 111, 112, 118, 124, 136, 145, 157, 158, 161, 172, 183, 197, 216, 217, 219, 220, 241, 246, 262, 269, 270, 278, 282, 284, 299, 308, 311, 313, 315, 352, 371, 375, 399, 410, 414, 429, 431, 434, 436, 439, 458, 468, 469]
315: [32, 56, 58, 69, 122, 126, 131, 152, 160, 170, 190, 202, 207, 212, 214, 241, 243, 268, 271, 277, 281, 292, 314, 316, 322, 355, 366, 369, 372, 379, 400, 415, 429, 456, 458, 459, 487, 489, 490]
316: [17, 19, 27, 34, 38, 54, 74, 86, 90, 97, 102, 107, 124, 126, 162, 176, 194, 203, 213, 242, 244, 251, 269, 282, 301, 309, 315, 317, 342, 343, 373, 383, 389, 408, 440, 451, 454, 455, 458, 466, 487, 491, 492, 497]
317: [45, 65, 66, 92, 106, 124, 149, 158, 164, 167, 169, 170, 174, 196, 205, 222, 227, 238, 246, 251, 259, 265, 266, 270, 272, 275, 304, 316, 318, 321, 329, 346, 356, 370, 379, 388, 412, 439, 449, 452, 460, 475, 485, 495]
318: [16, 17, 23, 32, 52, 92, 98, 100, 116, 128, 131, 167, 172, 197, 212, 225, 248, 262, 264, 274, 279, 289, 301, 317, 319, 323, 325, 357, 386, 392, 396, 400, 418, 419, 434, 442, 469, 474, 477, 486, 495]
319: [44, 46, 61, 67, 78, 79, 88, 99, 105, 112, 126, 128, 137, 145, 158, 162, 164, 197, 211, 216, 225, 227, 250, 256, 270, 271, 301, 312, 313, 318, 320, 323, 334, 337, 341, 347, 349, 356, 363, 369, 384, 394, 423, 432, 436, 441, 445, 448, 460, 464, 473, 474, 485, 491]
320: [14, 30, 56, 68, 70, 73, 83, 89, 107, 148, 154, 168, 169, 173, 211, 222, 231, 242, 244, 248, 257, 262, 271, 272, 275, 290, 293, 308, 312, 319, 321, 331, 340, 349, 377, 421, 422, 447, 458, 482, 499]
321: [20, 24, 52, 57, 64, 71, 75, 77, 87, 97, 100, 130, 139, 151, 160, 161, 173, 181, 188, 200, 204, 208, 209, 214, 215, 228, 237, 250, 273, 290, 292, 307, 308, 312, 317, 320, 322, 329, 333, 339, 341, 346, 354, 363, 364, 368, 369, 370, 372, 376, 382, 405, 416, 438, 442, 449, 456, 459, 464, 482, 491, 494, 497]
322: [15, 19, 28, 35, 56, 77, 85, 88, 100, 101, 105, 114, 119, 122, 136, 138, 153, 154, 202, 244, 245, 252, 258, 267, 315, 321, 323, 324, 330, 333, 348, 349, 353, 356, 357, 373, 375, 379, 412, 415, 430, 432, 440, 446, 454, 456, 457, 483, 485]
323: [37, 45, 52, 61, 87, 89, 102, 105, 106, 112, 125, 152, 159, 161, 162, 165, 172, 176, 182, 184, 190, 200, 209, 214, 215, 218, 221, 234, 240, 282, 302, 318, 319, 322, 324, 329, 333, 335, 355, 387, 458]
324: [16, 21, 35, 36, 39, 48, 54, 57, 61, 96, 116, 133, 164, 177, 186, 205, 208, 210, 217, 218, 239, 301, 303, 322, 323, 325, 337, 338, 339, 360, 373, 383, 393, 395, 401, 408, 419, 427, 458, 474]
325: [15, 25, 35, 44, 46, 71, 72, 92, 109, 113, 120, 126, 129, 146, 160, 172, 187, 191, 213, 225, 257, 264, 268, 270, 292, 294, 295, 297, 318, 324, 326, 331, 335, 344, 384, 385, 386, 394, 405, 412, 419, 428, 441, 449, 450, 461, 463, 464, 475, 479, 482, 497]
326: [16, 25, 30, 31, 68, 81, 86, 100, 128, 139, 162, 171, 187, 221, 225, 231, 233, 239, 250, 266, 278, 285, 298, 310, 325, 327, 334, 337, 350, 355, 357, 370, 374, 384, 410, 427, 442, 450, 461, 472, 490]
327: [20, 21, 35, 37, 43, 60, 76, 87, 106, 118, 127, 131, 133, 143, 157, 162, 168, 170, 183, 193, 209, 227, 228, 241, 251, 272, 284, 307, 326, 328, 348, 350, 351, 384, 400, 404, 406, 425, 427, 435, 437, 446, 449, 453, 488]
328: [32, 41, 43, 69, 81, 96, 126, 132, 144, 146, 151, 167, 242, 250, 252, 258, 263, 272, 327, 329, 347, 361, 364, 365, 382, 398, 415, 418, 432, 434, 437, 439, 440, 472]
329: [20, 36, 39, 40, 102, 103, 104, 117, 122, 123, 128, 143, 146, 184, 235, 239, 248, 251, 278, 285, 293, 317, 321, 323, 328, 330, 347, 359, 371, 407, 413, 423, 424, 440, 443, 456, 478, 487, 492, 493]
330: [25, 26, 30, 40, 63, 73, 79, 85, 92, 107, 111, 123, 136, 164, 168, 185, 194, 198, 202, 207, 219, 228, 245, 246, 258, 261, 297, 298, 304, 322, 329, 331, 342, 349, 378, 383, 390, 397, 402, 426, 434, 450, 453, 472]
331: [17, 25, 26, 36, 50, 51, 59, 72, 85, 86, 120, 137, 140, 156, 163, 179, 193, 214, 215, 246, 248, 253, 320, 325, 330, 332, 342, 356, 359, 383, 386, 391, 393, 421, 456, 462, 496]
332: [14, 17, 23, 35, 39, 49, 53, 60, 75, 94, 124, 126, 127, 157, 160, 201, 214, 226, 228, 253, 259, 263, 267, 298, 299, 305, 306, 331, 333, 335, 370, 371, 376, 378, 412, 413, 420, 421, 431, 444, 448, 450, 457, 461, 478]
333: [22, 31, 34, 53, 58, 71, 75, 91, 100, 154, 172, 213, 214, 223, 242, 245, 251, 252, 256, 264, 285, 290, 291, 298, 299, 304, 313, 321, 322, 323, 332, 334, 353, 357, 392, 397, 402, 404, 408, 410, 429, 435, 444, 446, 454, 457, 492, 497]
334: [14, 34, 55, 69, 71, 76, 80, 94, 95, 104, 113, 123, 133, 134, 143, 151, 169, 180, 223, 228, 232, 237, 277, 284, 291, 319, 326, 333, 335, 339, 348, 360, 374, 384, 418, 421, 423, 434, 442, 455, 484, 485, 498]
335: [32, 34, 40, 49, 64, 74, 78, 83, 113, 115, 126, 140, 143, 157, 162, 209, 261, 268, 270, 272, 279, 306, 323, 325, 332, 334, 336, 342, 349, 353, 354, 355, 382, 387, 424, 425, 434, 451, 452, 498]
336: [27, 28, 38, 42, 51, 58, 66, 135, 146, 156, 161, 167, 177, 197, 200, 221, 238, 254, 256, 257, 277, 291, 300, 335, 337, 347, 354, 369, 388, 402, 423, 430, 435, 449, 454, 459, 487]
337: [17, 41, 56, 57, 69, 81, 90, 92, 103, 118, 121, 125, 136, 169, 170, 179, 192, 194, 196, 212, 227, 236, 238, 255, 262, 270, 273, 285, 304, 319, 324, 326, 336, 338, 364, 387, 391, 420, 423, 433, 459, 463, 469, 472, 478, 491]
338: [15, 21, 23, 27, 30, 44, 48, 51, 60, 71, 78, 86, 97, 102, 120, 121, 140, 151, 166, 192, 200, 212, 226, 231, 239, 256, 258, 261, 277, 283, 287, 324, 337, 339, 341, 349, 366, 379, 383, 386, 391, 401, 403, 407, 408, 413, 423, 430, 435, 436, 438, 448, 462, 469, 489, 496]
339: [57, 70, 85, 95, 108, 120, 132, 141, 155, 180, 193, 199, 221, 263, 270, 290, 308, 321, 324, 334, 338, 340, 381, 393, 416, 471, 472]
340: [17, 41, 51, 68, 82, 90, 97, 98, 104, 116, 122, 152, 157, 158, 180, 185, 195, 205, 206, 231, 234, 251, 267, 274, 300, 305, 307, 320, 339, 341, 353, 361, 366, 380, 410, 412, 424, 425, 448, 463, 485]
341: [23, 75, 92, 95, 105, 107, 116, 136, 144, 154, 166, 177, 181, 184, 185, 197, 231, 238, 239, 245, 273, 282, 309, 319, 321, 338, 340, 342, 348, 349, 372, 385, 394, 443, 447, 452, 453, 465, 491]
342: [37, 40, 46, 61, 69, 70, 82, 95, 100, 102, 103, 120, 127, 133, 142, 196, 199, 238, 245, 254, 272, 306, 316, 330, 331, 335, 341, 343, 361, 362, 366, 375, 377, 379, 380, 391, 399, 405, 426, 447, 465, 493]
343: [23, 24, 32, 47, 56, 63, 64, 99, 112, 174, 181, 213, 218, 220, 224, 230, 249, 268, 281, 316, 342, 344, 345, 354, 362, 375, 376, 398, 405, 439, 450, 454, 460, 463, 468, 471, 485]
344: [29, 43, 46, 50, 51, 54, 58, 61, 66, 69, 72, 118, 123, 138, 139, 150, 160, 168, 185, 192, 194, 198, 205, 210, 234, 245, 253, 257, 266, 271, 293, 304, 307, 325, 343, 345, 350, 352, 364, 371, 386, 388, 389, 395, 404, 441, 445, 454, 457, 460, 483, 490]
345: [31, 37, 54, 87, 109, 133, 144, 155, 168, 170, 173, 193, 194, 203, 216, 219, 241, 243, 249, 252, 275, 281, 284, 289, 300, 343, 344, 346, 358, 360, 361, 372, 374, 384, 397, 446, 452, 461, 464, 465, 468, 471, 478, 479, 481, 494]
346: [26, 28, 36, 46, 88, 90, 106, 121, 178, 194, 204, 229, 233, 236, 240, 247, 262, 274, 294, 317, 321, 345, 347, 349, 359, 373, 395, 406, 411, 413, 424, 439, 451, 454, 463, 475, 478, 487, 495, 496]
347: [22, 28, 45, 51, 77, 95, 101, 103, 114, 129, 143, 149, 160, 162, 186, 191, 192, 195, 198, 203, 234, 245, 266, 292, 293, 305, 306, 319, 328, 329, 336, 346, 348, 356, 366, 368, 371, 372, 388, 389, 407, 417, 431, 444, 468, 479, 482, 493]
348: [22, 51, 60, 86, 102, 117, 126, 135, 148, 153, 172, 178, 187, 201, 208, 213, 215, 219, 224, 253, 254, 258, 268, 277, 278, 286, 292, 297, 307, 322, 327, 334, 341, 347, 349, 363, 408, 424, 429, 438, 445, 451, 469, 483, 491, 493, 497]
349: [18, 22, 28, 37, 81, 86, 89, 93, 109, 111, 115, 122, 128, 148, 187, 191, 217, 224, 244, 247, 248, 260, 268, 313, 319, 320, 322, 330, 335, 338, 341, 346, 348, 350, 354, 356, 366, 385, 390, 429, 439, 448, 470, 473, 480, 487, 490, 492]
350: [19, 28, 29, 78, 90, 115, 117, 144, 157, 185, 188, 197, 212, 217, 223, 239, 244, 251, 258, 272, 281, 297, 326, 327, 344, 349, 351, 375, 378, 394, 395, 406, 425, 433, 450, 451, 463, 476, 484, 489]
351: [22, 25, 43, 52, 57, 105, 112, 146, 153, 175, 177, 191, 193, 199, 222, 225, 265, 272, 279, 283, 296, 299, 303, 327, 350, 352, 371, 377, 396, 415, 428, 429, 432, 438, 450, 467, 478]
352: [20, 30, 64, 66, 69, 76, 103, 110, 125, 127, 129, 152, 167, 186, 190, 207, 209, 226, 241, 256, 264, 274, 290, 291, 295, 296, 298, 306, 314, 344, 351, 353, 354, 391, 400, 422, 435, 436, 444, 447, 458, 489, 491, 495]
353: [19, 44, 48, 50, 52, 65, 69, 76, 80, 95, 105, 122, 171, 187, 202, 245, 247, 251, 258, 260, 265, 266, 299, 322, 333, 335, 340, 352, 354, 359, 361, 368, 381, 394, 395, 423, 426, 445, 447, 462, 468, 478, 487, 495]
354: [38, 59, 67, 70, 76, 83, 113, 115, 121, 161, 164, 172, 190, 193, 196, 220, 225, 228, 232, 236, 237, 266, 271, 301, 304, 310, 321, 335, 336, 343, 349, 352, 353, 355, 392, 413, 415, 418, 422, 446, 459, 489, 492]
355: [29, 30, 47, 50, 53, 70, 73, 74, 106, 113, 114, 116, 118, 134, 184, 190, 194, 196, 209, 227, 249, 251, 262, 298, 304, 305, 315, 323, 326, 335, 354, 356, 357, 359, 367, 370, 379, 414, 415, 417, 423, 428, 433, 448, 459, 478, 495]
356: [17, 34, 47, 54, 57, 67, 68, 79, 80, 86, 87, 89, 92, 99, 117, 131, 141, 144, 149, 156, 164, 189, 200, 206, 219, 220, 222, 247, 261, 262, 279, 280, 283, 284, 317, 319, 322, 331, 347, 349, 355, 357, 364, 384, 387, 390, 407, 408, 419, 454, 462, 470, 484, 490]
357: [14, 17, 37, 63, 110, 115, 117, 120, 129, 153, 155, 213, 234, 242, 250, 262, 283, 293, 318, 322, 326, 333, 355, 356, 358, 362, 380, 390, 412, 419, 426, 428, 430, 442, 443, 456, 465, 486, 492]
358: [61, 66, 69, 103, 116, 117, 124, 137, 142, 144, 175, 215, 224, 238, 243, 294, 301, 306, 308, 311, 345, 357, 359, 362, 363, 369, 388, 394, 397, 425, 426, 431, 453, 465, 470, 488, 494]
359: [18, 25, 27, 35, 41, 44, 45, 55, 58, 72, 73, 76, 119, 129, 130, 158, 163, 178, 220, 249, 260, 272, 276, 284, 290, 294, 302, 329, 331, 346, 353, 355, 358, 360, 363, 367, 412, 414, 426, 433, 434, 439, 448, 473, 492, 495]
360: [19, 26, 35, 43, 51, 93, 96, 97, 105, 111, 159, 163, 168, 182, 197, 220, 222, 225, 239, 251, 252, 254, 269, 283, 291, 294, 324, 334, 345, 359, 361, 377, 391, 407, 422, 457, 462, 468]
361: [21, 36, 43, 50, 62, 65, 66, 80, 89, 99, 100, 109, 135, 140, 141, 157, 165, 166, 183, 202, 235, 236, 242, 253, 259, 262, 269, 284, 289, 302, 305, 328, 340, 342, 345, 353, 360, 362, 367, 388, 390, 398, 401, 415, 431, 449, 450, 471, 488, 490, 494, 498]
362: [27, 30, 49, 58, 59, 64, 72, 76, 82, 85, 104, 118, 145, 150, 160, 165, 166, 187, 192, 194, 198, 228, 234, 242, 248, 255, 263, 288, 294, 313, 342, 343, 357, 358, 361, 363, 364, 392, 399, 413, 415, 423, 429, 433, 436, 453, 454, 457, 491, 493, 497]
363: [69, 78, 89, 99, 113, 146, 147, 158, 161, 185, 194, 232, 233, 274, 277, 299, 300, 319, 321, 348, 358, 359, 362, 364, 367, 391, 441, 451, 461, 496]
364: [19, 29, 36, 43, 61, 94, 117, 119, 136, 152, 157, 164, 177, 190, 239, 250, 268, 271, 274, 278, 299, 304, 308, 309, 321, 328, 337, 344, 356, 362, 363, 365, 378, 380, 410, 420, 430, 454, 470, 475, 485, 493]
365: [47, 50, 67, 99, 106, 129, 139, 144, 155, 183, 213, 217, 223, 249, 252, 259, 261, 277, 294, 328, 364, 366, 373, 377, 379, 388, 395, 396, 413, 429, 438, 439, 451, 457, 469, 477, 480, 487, 492, 497]
366: [16, 25, 44, 45, 60, 97, 130, 149, 152, 156, 165, 183, 188, 194, 228, 244, 265, 273, 283, 315, 338, 340, 342, 347, 349, 365, 367, 370, 374, 375, 402, 404, 409, 422, 441, 444, 451, 458, 475, 477, 479]
367: [21, 23, 34, 40, 52, 53, 63, 67, 77, 80, 86, 90, 112, 133, 142, 148, 161, 174, 175, 185, 186, 195, 206, 208, 214, 218, 238, 250, 272, 297, 300, 311, 355, 359, 361, 363, 366, 368, 374, 377, 396, 399, 403, 408, 415, 437, 449]
368: [23, 31, 57, 70, 122, 124, 126, 132, 146, 153, 155, 161, 163, 165, 171, 173, 174, 197, 200, 204, 224, 253, 260, 270, 283, 289, 303, 321, 347, 353, 367, 369, 370, 386, 394, 401, 450, 468, 495]
369: [38, 50, 52, 67, 85, 91, 92, 97, 107, 122, 160, 165, 178, 189, 196, 199, 202, 210, 212, 214, 239, 257, 261, 265, 309, 315, 319, 321, 336, 358, 368, 370, 392, 395, 399, 405, 411, 414, 418, 420, 424, 445, 469, 471, 474, 498]
370: [46, 67, 89, 91, 101, 127, 139, 155, 169, 173, 199, 213, 216, 234, 238, 240, 243, 245, 247, 248, 282, 284, 302, 305, 312, 317, 321, 326, 332, 355, 366, 368, 369, 371, 400, 402, 411, 412, 444, 458, 463, 497]
371: [21, 38, 42, 63, 67, 69, 72, 75, 86, 100, 129, 149, 151, 183, 202, 203, 224, 250, 263, 268, 290, 291, 295, 304, 308, 314, 329, 332, 344, 347, 351, 370, 372, 391, 407, 413, 415, 422, 423, 433, 450, 460, 476, 479, 492, 497]
372: [27, 30, 50, 71, 78, 87, 94, 101, 105, 139, 141, 162, 193, 201, 206, 215, 229, 239, 248, 272, 274, 275, 287, 315, 321, 341, 345, 347, 371, 373, 378, 404, 423, 450, 469, 476, 489, 491]
373: [19, 22, 40, 54, 55, 70, 74, 78, 81, 93, 104, 108, 134, 137, 184, 189, 200, 211, 223, 237, 262, 269, 278, 284, 316, 322, 324, 346, 365, 372, 374, 380, 412, 418, 425, 437, 439, 451, 477, 491, 495]
374: [28, 38, 43, 52, 82, 85, 104, 116, 119, 122, 128, 140, 145, 150, 161, 174, 186, 194, 204, 217, 219, 220, 248, 256, 263, 282, 326, 334, 345, 366, 367, 373, 375, 389, 397, 401, 405, 410, 446, 448, 454, 455, 473, 475]
375: [22, 23, 37, 43, 65, 83, 91, 93, 100, 104, 117, 118, 159, 163, 173, 179, 196, 209, 223, 229, 231, 251, 259, 261, 265, 275, 287, 291, 297, 303, 307, 313, 314, 322, 342, 343, 350, 366, 374, 376, 389, 394, 407, 417, 425, 474, 480, 492, 498]
376: [32, 37, 40, 43, 48, 66, 68, 74, 95, 114, 124, 128, 135, 152, 160, 163, 177, 196, 202, 213, 238, 240, 247, 255, 259, 276, 282, 291, 292, 294, 303, 321, 332, 343, 375, 377, 402, 425, 460, 472]
377: [23, 49, 52, 63, 66, 69, 74, 75, 92, 97, 103, 115, 119, 132, 142, 150, 160, 169, 171, 201, 204, 215, 224, 261, 274, 279, 282, 287, 296, 320, 342, 351, 360, 365, 367, 376, 378, 394, 399, 423, 430, 439, 453, 469, 492, 493, 498]
378: [22, 23, 28, 81, 84, 87, 88, 94, 115, 128, 171, 173, 176, 177, 181, 237, 242, 244, 248, 271, 284, 285, 291, 307, 309, 330, 332, 350, 364, 372, 377, 379, 381, 387, 424, 439, 456, 461, 468, 488, 489, 494, 497]
379: [17, 18, 49, 82, 95, 98, 105, 122, 126, 133, 143, 151, 158, 160, 168, 172, 175, 186, 213, 215, 220, 224, 229, 251, 255, 256, 282, 292, 298, 307, 315, 317, 322, 338, 342, 355, 365, 378, 380, 381, 413, 414, 422, 431, 437, 450, 461, 474, 484, 494]
380: [18, 69, 97, 108, 114, 139, 140, 159, 168, 180, 229, 230, 236, 238, 245, 250, 265, 269, 280, 281, 283, 300, 340, 342, 357, 364, 373, 379, 381, 403, 420, 455, 471, 486]
381: [53, 77, 79, 90, 94, 168, 203, 240, 247, 272, 286, 305, 306, 311, 339, 353, 378, 379, 380, 382, 390, 400, 426, 436, 442, 452, 479]
382: [23, 32, 39, 47, 58, 63, 67, 74, 134, 136, 162, 172, 195, 197, 200, 204, 261, 283, 300, 306, 321, 328, 335, 381, 383, 391, 399, 401, 403, 410, 412, 416, 425, 433, 435, 463, 481, 494]
383: [21, 23, 25, 42, 57, 74, 77, 83, 94, 96, 123, 126, 147, 168, 229, 242, 279, 297, 302, 316, 324, 330, 331, 338, 382, 384, 385, 388, 390, 395, 397, 418, 423, 470, 481, 497]
384: [26, 42, 56, 58, 67, 73, 77, 79, 93, 95, 98, 99, 106, 112, 114, 122, 137, 152, 161, 173, 175, 182, 202, 223, 227, 253, 260, 275, 293, 295, 299, 319, 325, 326, 327, 334, 345, 356, 383, 385, 396, 398, 404, 425, 443, 448, 466, 473, 477]
385: [31, 42, 54, 83, 102, 130, 170, 171, 175, 194, 203, 223, 244, 256, 258, 275, 277, 278, 295, 325, 341, 349, 383, 384, 386, 396, 401, 415, 416, 418, 450, 479, 485, 488]
386: [21, 28, 43, 50, 55, 57, 75, 80, 92, 96, 105, 109, 120, 121, 131, 144, 152, 161, 172, 173, 174, 203, 204, 209, 216, 258, 282, 318, 325, 331, 338, 344, 368, 385, 387, 395, 410, 445, 463, 466, 482, 483, 489]
387: [27, 56, 57, 76, 86, 90, 92, 94, 120, 131, 135, 143, 144, 150, 166, 185, 198, 204, 216, 217, 220, 221, 229, 236, 247, 251, 264, 278, 285, 299, 300, 310, 323, 335, 337, 356, 378, 386, 388, 392, 400, 412, 420, 444, 445, 452, 457, 465, 468, 498]
388: [32, 38, 67, 69, 75, 81, 106, 115, 136, 162, 172, 209, 210, 218, 226, 228, 234, 241, 247, 256, 263, 264, 270, 272, 295, 304, 306, 307, 309, 317, 336, 344, 347, 358, 361, 365, 383, 387, 389, 402, 413, 426, 428, 439, 445, 449, 494]
389: [15, 17, 24, 45, 48, 56, 72, 81, 86, 103, 104, 109, 120, 131, 139, 150, 152, 153, 172, 197, 201, 204, 217, 226, 227, 239, 240, 242, 246, 247, 259, 276, 280, 287, 308, 316, 344, 347, 374, 375, 388, 390, 421, 426, 446, 456]
390: [61, 67, 72, 122, 126, 130, 135, 143, 144, 161, 163, 169, 173, 175, 183, 195, 204, 207, 213, 239, 246, 266, 269, 272, 305, 311, 330, 349, 356, 357, 361, 381, 383, 389, 391, 407, 418, 426, 461, 465, 494]
391: [19, 21, 39, 40, 47, 65, 79, 96, 105, 113, 120, 122, 148, 164, 185, 195, 212, 221, 239, 252, 262, 279, 280, 296, 309, 331, 337, 338, 342, 352, 360, 363, 371, 382, 390, 392, 396, 399, 402, 477, 482, 484, 496]
392: [40, 48, 64, 95, 97, 98, 103, 111, 121, 129, 139, 145, 152, 158, 163, 170, 177, 178, 232, 244, 248, 264, 304, 309, 318, 333, 354, 362, 369, 387, 391, 393, 396, 399, 413, 414, 418, 434, 436, 448, 459, 462, 465, 470, 496, 499]
393: [18, 29, 32, 33, 39, 51, 57, 59, 63, 72, 86, 119, 163, 170, 189, 205, 207, 208, 219, 222, 227, 249, 266, 273, 295, 307, 324, 331, 339, 392, 394, 396, 405, 413, 422, 443, 453, 466]
394: [27, 30, 32, 41, 58, 66, 79, 83, 102, 109, 110, 118, 125, 138, 161, 166, 178, 194, 195, 207, 209, 245, 247, 254, 256, 263, 288, 302, 307, 319, 325, 341, 350, 353, 358, 368, 375, 377, 393, 395, 404, 407, 426, 438, 441, 453, 460, 482]
395: [21, 35, 56, 64, 73, 97, 104, 119, 123, 124, 127, 146, 162, 187, 189, 195, 202, 214, 218, 220, 229, 233, 250, 280, 281, 292, 293, 302, 312, 324, 344, 346, 350, 353, 365, 369, 383, 386, 394, 396, 398, 416, 441, 447, 452, 453, 489]
396: [29, 42, 45, 52, 57, 103, 105, 124, 125, 129, 158, 167, 169, 183, 186, 207, 242, 267, 291, 313, 318, 351, 365, 367, 384, 385, 391, 392, 393, 395, 397, 403, 407, 422, 425, 427, 444, 453, 455, 458, 464, 483, 497]
397: [29, 40, 56, 64, 89, 93, 105, 125, 129, 172, 179, 192, 202, 218, 219, 223, 224, 229, 237, 250, 259, 275, 304, 308, 330, 333, 345, 358, 374, 383, 396, 398, 400, 409, 430, 455, 456, 479, 487]
398: [16, 31, 32, 49, 57, 96, 118, 121, 128, 147, 155, 157, 170, 185, 196, 205, 250, 261, 263, 267, 278, 282, 283, 292, 307, 308, 310, 328, 343, 361, 384, 395, 397, 399, 410, 413, 416, 417, 423, 427, 441, 454, 462, 471, 472, 473, 484, 493, 497]
399: [18, 34, 39, 64, 84, 87, 91, 92, 105, 125, 135, 143, 159, 180, 188, 198, 203, 211, 222, 223, 228, 255, 256, 265, 270, 283, 287, 298, 301, 311, 314, 342, 362, 367, 369, 377, 382, 391, 392, 398, 400, 446, 458, 467, 477]
400: [16, 34, 35, 37, 43, 58, 60, 75, 76, 94, 96, 99, 102, 109, 111, 129, 154, 156, 169, 185, 216, 222, 230, 232, 246, 248, 252, 253, 271, 315, 318, 327, 352, 370, 381, 387, 397, 399, 401, 416, 426, 437, 441, 444, 445, 450, 482, 488, 497]
401: [21, 27, 37, 40, 53, 58, 76, 84, 87, 149, 150, 152, 154, 158, 161, 188, 194, 216, 235, 260, 277, 278, 285, 292, 295, 310, 324, 338, 361, 368, 374, 382, 385, 400, 402, 406, 425, 427, 432, 440, 447, 457, 462, 478, 495]
402: [19, 28, 29, 47, 61, 98, 105, 107, 129, 143, 152, 174, 185, 197, 209, 220, 228, 264, 265, 274, 289, 305, 311, 330, 333, 336, 366, 370, 376, 388, 391, 401, 403, 410, 418, 422, 426, 427, 449, 472, 478, 482, 484, 487, 494]
403: [28, 35, 77, 81, 89, 119, 134, 151, 175, 192, 194, 201, 228, 229, 248, 249, 254, 265, 267, 268, 270, 281, 290, 299, 338, 367, 380, 382, 396, 402, 404, 428, 432, 460, 479, 483]
404: [21, 28, 29, 40, 56, 61, 63, 120, 137, 146, 151, 158, 163, 165, 182, 184, 185, 223, 236, 244, 254, 255, 261, 301, 312, 327, 333, 344, 366, 372, 384, 394, 403, 405, 418, 432, 437, 445, 456, 457, 465]
405: [29, 40, 54, 59, 65, 73, 79, 116, 121, 122, 168, 170, 192, 195, 196, 200, 202, 217, 223, 229, 251, 255, 265, 273, 284, 298, 313, 321, 325, 342, 343, 369, 374, 393, 404, 406, 413, 423, 431, 456, 466, 485, 497]
406: [27, 45, 75, 76, 85, 135, 137, 142, 160, 162, 166, 186, 196, 198, 247, 260, 271, 279, 283, 296, 308, 309, 327, 346, 350, 401, 405, 407, 408, 414, 415, 421, 426, 433, 452, 487]
407: [15, 27, 30, 33, 48, 49, 51, 69, 71, 75, 88, 122, 144, 152, 180, 203, 237, 243, 245, 253, 257, 308, 329, 338, 347, 356, 360, 371, 375, 390, 394, 396, 406, 408, 410, 411, 413, 428, 448, 451, 469, 485, 491]
408: [33, 36, 59, 108, 109, 124, 157, 161, 162, 178, 180, 190, 193, 214, 219, 226, 235, 244, 245, 262, 271, 274, 288, 292, 293, 298, 300, 312, 316, 324, 333, 338, 348, 356, 367, 406, 407, 409, 419, 427, 455, 462, 467, 485]
409: [18, 20, 33, 43, 48, 55, 66, 69, 73, 93, 111, 130, 156, 160, 165, 181, 186, 189, 219, 229, 235, 244, 253, 272, 286, 304, 305, 311, 366, 397, 408, 410, 418, 425, 430, 447, 452, 460, 478, 489, 494]
410: [15, 29, 39, 69, 91, 96, 102, 108, 115, 117, 121, 136, 141, 157, 163, 168, 183, 194, 230, 234, 235, 266, 272, 280, 281, 285, 290, 304, 314, 326, 333, 340, 364, 374, 382, 386, 398, 402, 407, 409, 411, 442, 449, 452, 480, 489, 493]
411: [17, 19, 39, 44, 49, 84, 99, 111, 118, 119, 121, 132, 155, 165, 188, 189, 201, 210, 238, 242, 254, 299, 300, 303, 346, 369, 370, 407, 410, 412, 420, 423, 456, 470, 471]
412: [17, 25, 28, 40, 54, 60, 63, 64, 72, 79, 90, 91, 97, 104, 123, 126, 132, 143, 152, 153, 159, 167, 179, 181, 202, 219, 258, 268, 283, 292, 306, 317, 322, 325, 332, 340, 357, 359, 370, 373, 382, 387, 411, 413, 414, 427, 433, 440, 444, 458, 469, 475, 477, 483]
413: [17, 38, 39, 42, 43, 55, 82, 101, 107, 137, 145, 152, 155, 176, 208, 225, 230, 238, 249, 276, 290, 295, 329, 332, 338, 346, 354, 362, 365, 371, 379, 388, 392, 393, 398, 405, 407, 412, 414, 420, 429, 438, 449, 469, 475, 476, 493]
414: [35, 60, 74, 75, 82, 107, 141, 166, 212, 213, 216, 230, 234, 245, 249, 250, 258, 283, 308, 313, 314, 355, 359, 369, 379, 392, 406, 412, 413, 415, 423, 435, 445, 459, 468, 477, 478, 481, 494]
415: [27, 30, 41, 50, 73, 89, 105, 110, 120, 122, 144, 189, 194, 203, 248, 249, 267, 294, 300, 309, 315, 322, 328, 351, 354, 355, 361, 362, 367, 371, 385, 406, 414, 416, 427, 430, 442, 456, 461, 462, 475, 476, 488]
416: [14, 15, 25, 26, 36, 53, 57, 68, 74, 78, 88, 92, 94, 109, 121, 125, 129, 155, 157, 163, 166, 183, 186, 204, 210, 221, 229, 231, 248, 253, 257, 273, 286, 299, 313, 321, 339, 382, 385, 395, 398, 400, 415, 417, 428, 438, 453, 457, 464, 466]
417: [25, 42, 64, 71, 72, 87, 89, 98, 138, 139, 178, 185, 191, 201, 205, 212, 227, 241, 255, 261, 262, 289, 313, 347, 355, 375, 398, 416, 418, 427, 448, 451, 454, 465, 489]
418: [16, 26, 30, 40, 51, 52, 75, 79, 84, 89, 94, 100, 112, 133, 134, 143, 150, 164, 168, 220, 236, 240, 279, 289, 318, 328, 334, 354, 369, 373, 383, 385, 390, 392, 402, 404, 409, 417, 419, 420, 437, 439, 452, 458, 473, 477, 480, 498]
419: [29, 42, 53, 66, 73, 74, 76, 97, 107, 108, 110, 115, 122, 128, 129, 132, 146, 151, 159, 167, 170, 190, 214, 227, 236, 240, 283, 293, 318, 324, 325, 356, 357, 408, 418, 420, 426, 446, 451, 452, 479, 485, 498]
420: [20, 25, 34, 51, 62, 75, 83, 88, 102, 104, 107, 109, 112, 123, 133, 150, 184, 208, 219, 226, 240, 260, 261, 263, 285, 306, 332, 337, 364, 369, 380, 387, 411, 413, 418, 419, 421, 427, 450, 457, 461, 463, 475, 487, 498]
421: [25, 34, 59, 64, 76, 79, 88, 91, 100, 121, 144, 157, 171, 178, 199, 205, 210, 226, 228, 235, 237, 238, 241, 252, 268, 272, 278, 292, 298, 320, 331, 332, 334, 389, 406, 420, 422, 427, 432, 436, 440, 443, 460, 464, 495]
422: [16, 19, 22, 27, 29, 36, 56, 63, 76, 93, 94, 101, 113, 129, 132, 145, 180, 191, 192, 196, 228, 229, 231, 241, 260, 264, 272, 276, 279, 293, 299, 309, 320, 352, 354, 360, 366, 371, 379, 393, 396, 402, 421, 423, 437, 439, 464, 472, 481]
423: [39, 62, 68, 74, 111, 118, 166, 177, 189, 197, 199, 204, 206, 216, 220, 229, 232, 233, 250, 256, 280, 282, 284, 303, 319, 329, 334, 336, 337, 338, 353, 355, 362, 371, 372, 377, 383, 398, 405, 411, 414, 422, 424, 444, 469, 483, 486, 493]
424: [22, 26, 30, 54, 77, 107, 115, 130, 141, 150, 151, 161, 169, 172, 179, 193, 195, 206, 214, 238, 241, 242, 254, 261, 263, 270, 287, 289, 294, 303, 305, 306, 329, 335, 340, 346, 348, 369, 378, 423, 425, 435, 436, 439, 450, 454]
425: [29, 43, 56, 67, 74, 76, 78, 82, 87, 120, 134, 146, 176, 181, 190, 192, 198, 206, 225, 226, 232, 281, 290, 327, 335, 340, 350, 358, 373, 375, 376, 382, 384, 396, 401, 409, 424, 426, 428, 450, 477, 480, 482, 486, 487]
426: [23, 26, 33, 35, 42, 46, 48, 78, 86, 87, 114, 127, 128, 131, 154, 160, 166, 175, 190, 199, 206, 208, 215, 229, 243, 246, 272, 275, 283, 287, 330, 342, 353, 357, 358, 359, 381, 388, 389, 390, 394, 400, 402, 406, 419, 425, 427, 437, 453, 454, 460, 469, 473, 476, 484, 487]
427: [15, 42, 64, 83, 96, 104, 138, 142, 173, 187, 192, 212, 218, 229, 237, 251, 265, 277, 285, 324, 326, 327, 396, 398, 401, 402, 408, 412, 415, 417, 420, 421, 426, 428, 429, 436, 470, 471]
428: [31, 32, 36, 37, 47, 70, 71, 78, 93, 100, 103, 105, 112, 139, 160, 164, 173, 179, 191, 205, 234, 244, 256, 257, 272, 284, 308, 312, 325, 351, 355, 357, 388, 403, 407, 416, 425, 427, 429, 442, 480, 487, 495]
429: [18, 23, 35, 100, 105, 108, 185, 191, 197, 204, 218, 224, 230, 240, 263, 272, 283, 285, 292, 311, 314, 315, 333, 348, 349, 351, 362, 365, 413, 427, 428, 430, 450, 462, 482]
430: [14, 41, 52, 93, 104, 121, 124, 130, 131, 138, 166, 170, 178, 181, 225, 245, 266, 274, 277, 293, 303, 311, 322, 336, 338, 357, 364, 377, 397, 409, 415, 429, 431, 438, 452, 453, 457, 469, 476, 480, 481, 493, 497, 499]
431: [26, 41, 49, 58, 87, 91, 109, 114, 121, 140, 203, 204, 219, 221, 250, 291, 304, 314, 332, 347, 358, 361, 379, 405, 430, 432, 444, 469, 477, 479, 481, 483, 486, 487, 491]
432: [16, 24, 43, 44, 66, 80, 90, 91, 99, 106, 117, 122, 128, 136, 149, 162, 179, 182, 188, 190, 191, 195, 198, 205, 241, 244, 251, 255, 256, 258, 270, 301, 319, 322, 328, 351, 401, 403, 404, 421, 431, 433, 446, 462, 469, 478, 498]
433: [50, 111, 112, 115, 125, 154, 162, 167, 171, 189, 200, 209, 211, 217, 219, 244, 248, 261, 270, 279, 283, 293, 301, 308, 337, 350, 355, 359, 362, 371, 382, 406, 412, 432, 434, 436, 449, 458, 460, 468, 470, 485, 491, 492]
434: [21, 24, 48, 57, 72, 76, 77, 81, 96, 97, 116, 123, 127, 176, 177, 189, 209, 229, 232, 244, 247, 251, 258, 266, 273, 276, 287, 295, 314, 318, 328, 330, 334, 335, 359, 392, 433, 435, 436, 448, 451, 460, 469, 480, 498]
435: [41, 48, 50, 84, 123, 129, 141, 142, 154, 159, 174, 192, 193, 200, 208, 218, 227, 241, 256, 264, 272, 283, 290, 299, 327, 333, 336, 338, 352, 382, 414, 424, 434, 436, 438, 451, 464, 468, 484]
436: [18, 19, 58, 71, 74, 107, 108, 113, 119, 120, 123, 129, 132, 142, 166, 171, 179, 183, 196, 209, 222, 225, 235, 245, 253, 257, 268, 314, 319, 338, 352, 362, 381, 392, 421, 424, 427, 433, 434, 435, 437, 450, 451, 452, 465, 472]
437: [16, 43, 54, 55, 58, 74, 87, 99, 100, 141, 166, 179, 181, 188, 194, 203, 219, 223, 232, 241, 244, 248, 283, 309, 327, 328, 367, 373, 379, 400, 404, 418, 422, 426, 436, 438, 450, 488, 489, 493]
438: [29, 35, 39, 57, 96, 100, 110, 113, 166, 176, 186, 206, 210, 213, 219, 226, 252, 257, 265, 278, 281, 285, 292, 301, 321, 338, 348, 351, 365, 394, 413, 416, 430, 435, 437, 439, 446, 466, 467, 472, 483, 484, 486, 492, 495]
439: [15, 16, 22, 23, 38, 49, 51, 78, 84, 111, 123, 131, 142, 143, 159, 185, 188, 194, 195, 203, 223, 241, 242, 249, 255, 265, 271, 275, 285, 287, 290, 297, 314, 317, 328, 343, 346, 349, 359, 365, 373, 377, 378, 388, 418, 422, 424, 438, 440, 441, 445, 467, 469, 490, 492]
440: [20, 25, 82, 83, 85, 140, 162, 164, 165, 198, 200, 239, 240, 242, 244, 249, 263, 270, 277, 291, 304, 307, 316, 322, 328, 329, 401, 412, 421, 439, 441, 448, 468, 476, 490]
441: [28, 48, 56, 59, 84, 88, 108, 110, 121, 125, 135, 143, 145, 165, 170, 202, 212, 213, 216, 217, 226, 234, 236, 240, 244, 271, 279, 282, 300, 319, 325, 344, 363, 366, 394, 395, 398, 400, 439, 440, 442, 449, 458, 466, 467, 468, 486, 488, 490]
442: [26, 40, 51, 73, 83, 96, 111, 123, 130, 132, 138, 160, 166, 181, 185, 194, 195, 204, 253, 255, 260, 267, 280, 281, 282, 305, 318, 321, 326, 334, 357, 381, 410, 415, 428, 441, 443, 467, 472, 490, 498]
443: [25, 28, 61, 76, 77, 90, 94, 136, 142, 148, 150, 151, 164, 171, 173, 188, 197, 199, 205, 207, 208, 210, 217, 223, 240, 249, 329, 341, 357, 384, 393, 421, 442, 444, 449, 458, 471, 480, 484, 490]
444: [27, 33, 46, 84, 91, 107, 124, 135, 144, 156, 180, 204, 242, 244, 245, 250, 301, 332, 333, 347, 352, 366, 370, 387, 396, 400, 412, 423, 431, 443, 445, 474, 476, 490]
445: [19, 23, 33, 34, 57, 78, 79, 88, 99, 105, 117, 159, 176, 181, 190, 193, 202, 235, 254, 263, 287, 292, 300, 319, 344, 348, 353, 369, 386, 387, 388, 400, 404, 414, 439, 444, 446, 455, 462, 484, 487, 492, 496]
446: [24, 31, 39, 77, 81, 97, 110, 113, 137, 145, 152, 194, 232, 270, 281, 285, 287, 299, 322, 327, 333, 345, 354, 374, 389, 399, 419, 432, 438, 445, 447, 451]
447: [17, 21, 51, 53, 67, 79, 82, 88, 142, 149, 150, 156, 162, 168, 174, 175, 202, 206, 236, 246, 254, 269, 289, 292, 294, 297, 320, 341, 342, 352, 353, 395, 401, 409, 446, 448, 457, 462, 469, 470, 473, 483]
448: [24, 26, 39, 63, 66, 67, 69, 80, 88, 89, 94, 95, 106, 108, 126, 128, 142, 149, 161, 167, 181, 189, 205, 222, 228, 235, 245, 255, 266, 267, 271, 273, 290, 292, 294, 298, 304, 319, 332, 338, 340, 349, 355, 359, 374, 384, 392, 407, 417, 434, 440, 447, 449, 452, 460, 473, 491, 492, 496, 497]
449: [16, 17, 20, 27, 47, 60, 74, 76, 81, 88, 98, 99, 111, 113, 125, 127, 163, 175, 176, 194, 214, 224, 225, 243, 264, 266, 268, 282, 289, 304, 311, 317, 321, 325, 327, 336, 361, 367, 388, 402, 410, 413, 433, 441, 443, 448, 450, 452, 488, 495, 497]
450: [30, 37, 51, 65, 122, 130, 147, 189, 203, 210, 216, 217, 218, 244, 251, 270, 278, 289, 296, 298, 325, 326, 330, 332, 343, 350, 351, 361, 368, 371, 372, 379, 385, 400, 420, 424, 425, 429, 436, 437, 449, 451, 453, 457, 462, 480, 482, 491]
451: [58, 66, 67, 72, 74, 86, 107, 113, 119, 123, 137, 141, 149, 160, 228, 232, 243, 264, 292, 310, 316, 335, 346, 348, 350, 363, 365, 366, 373, 407, 417, 419, 434, 435, 436, 446, 450, 452, 459, 475, 480, 488, 499]
452: [14, 17, 21, 51, 84, 85, 86, 88, 107, 112, 118, 121, 123, 130, 170, 216, 217, 233, 259, 268, 272, 279, 280, 288, 297, 302, 304, 306, 313, 317, 335, 341, 345, 381, 387, 395, 406, 409, 410, 418, 419, 430, 436, 448, 449, 451, 453, 465, 480, 494, 495]
453: [15, 18, 27, 29, 31, 32, 33, 39, 50, 54, 55, 58, 89, 95, 110, 113, 128, 137, 148, 153, 197, 204, 208, 224, 226, 275, 276, 279, 302, 311, 327, 330, 341, 358, 362, 377, 393, 394, 395, 396, 416, 426, 430, 450, 452, 454, 457, 459, 497]
454: [20, 30, 57, 65, 72, 75, 80, 103, 113, 129, 134, 157, 162, 164, 165, 186, 191, 192, 196, 197, 247, 259, 266, 273, 298, 305, 316, 322, 333, 336, 343, 344, 346, 356, 362, 364, 374, 398, 417, 424, 426, 453, 455, 463, 498]
455: [26, 29, 43, 45, 46, 48, 72, 77, 91, 93, 95, 108, 114, 129, 182, 191, 214, 218, 242, 251, 260, 274, 279, 296, 316, 334, 374, 380, 396, 397, 408, 445, 454, 456, 460, 493]
456: [46, 47, 48, 51, 114, 125, 133, 147, 153, 156, 158, 163, 182, 187, 192, 210, 232, 239, 257, 286, 294, 297, 315, 321, 322, 329, 331, 357, 378, 389, 397, 404, 405, 411, 415, 455, 457, 463, 466, 472, 473, 481, 493]
457: [18, 32, 43, 58, 69, 88, 89, 111, 115, 133, 137, 148, 163, 164, 168, 172, 174, 175, 182, 189, 201, 205, 210, 212, 233, 244, 246, 252, 257, 266, 271, 280, 286, 296, 307, 322, 332, 333, 344, 360, 362, 365, 387, 401, 404, 416, 420, 430, 447, 450, 453, 456, 458, 474, 482, 493]
458: [33, 34, 70, 74, 75, 79, 81, 82, 88, 102, 106, 109, 124, 140, 142, 150, 171, 174, 176, 189, 210, 220, 221, 226, 231, 256, 258, 261, 275, 305, 314, 315, 316, 320, 323, 324, 352, 366, 370, 396, 399, 412, 418, 433, 441, 443, 457, 459, 467, 473, 484, 487]
459: [18, 22, 26, 30, 35, 36, 37, 47, 50, 78, 82, 92, 95, 125, 135, 144, 148, 156, 167, 199, 202, 210, 232, 252, 255, 273, 287, 302, 315, 321, 336, 337, 354, 355, 392, 414, 451, 453, 458, 460, 464, 476, 479, 487, 490, 492, 496, 498]
460: [17, 28, 62, 65, 66, 85, 89, 107, 116, 125, 149, 157, 167, 171, 176, 184, 233, 237, 245, 254, 259, 260, 267, 269, 274, 292, 302, 304, 317, 319, 343, 344, 371, 376, 394, 403, 409, 421, 426, 433, 434, 448, 455, 459, 461, 462, 471, 480]
461: [17, 74, 92, 95, 97, 109, 116, 120, 128, 131, 157, 165, 179, 194, 202, 233, 236, 249, 252, 257, 272, 274, 276, 280, 289, 301, 304, 305, 309, 325, 326, 332, 345, 363, 378, 379, 390, 415, 420, 460, 462, 466, 471, 480, 484]
462: [14, 37, 52, 59, 64, 68, 75, 119, 127, 138, 141, 142, 154, 174, 185, 187, 189, 220, 258, 295, 302, 310, 331, 338, 353, 356, 360, 392, 398, 401, 408, 415, 429, 432, 445, 447, 450, 460, 461, 463, 475, 480, 491]
463: [33, 44, 52, 59, 60, 61, 82, 83, 90, 100, 101, 114, 131, 137, 141, 143, 150, 155, 156, 162, 168, 184, 200, 206, 244, 261, 274, 297, 311, 325, 337, 340, 343, 346, 350, 370, 382, 386, 420, 454, 456, 462, 464, 474]
464: [46, 63, 67, 72, 73, 75, 96, 114, 145, 148, 149, 158, 170, 186, 205, 239, 244, 258, 319, 321, 325, 345, 396, 416, 421, 422, 435, 459, 463, 465, 468, 485, 496]
465: [19, 27, 51, 54, 86, 124, 130, 135, 137, 151, 164, 190, 203, 211, 230, 240, 255, 259, 268, 277, 280, 284, 307, 341, 342, 345, 357, 358, 387, 390, 392, 404, 417, 436, 452, 464, 466, 480, 491, 497]
466: [14, 68, 95, 98, 121, 124, 129, 133, 146, 150, 157, 162, 169, 174, 189, 192, 218, 246, 253, 277, 293, 299, 304, 316, 384, 386, 393, 405, 416, 438, 441, 456, 461, 465, 467, 473, 475, 488, 493]
467: [18, 19, 20, 30, 40, 51, 55, 71, 76, 84, 90, 91, 99, 114, 115, 141, 151, 160, 162, 186, 187, 192, 206, 226, 227, 237, 242, 251, 253, 281, 293, 296, 298, 351, 399, 408, 438, 439, 441, 442, 458, 466, 468, 498]
468: [38, 66, 67, 79, 80, 84, 125, 130, 135, 159, 200, 205, 208, 217, 260, 261, 266, 273, 281, 294, 295, 298, 299, 303, 307, 310, 314, 343, 345, 347, 353, 360, 368, 378, 387, 414, 433, 435, 440, 441, 464, 467, 469, 481]
469: [29, 30, 41, 62, 76, 97, 98, 99, 102, 114, 122, 134, 160, 165, 173, 194, 202, 208, 213, 214, 233, 252, 258, 259, 262, 279, 286, 293, 294, 308, 314, 318, 337, 338, 348, 365, 369, 372, 377, 407, 412, 413, 423, 426, 430, 431, 432, 434, 439, 447, 468, 470, 487, 495]
470: [15, 25, 30, 33, 53, 65, 66, 75, 84, 99, 100, 101, 116, 128, 129, 133, 149, 172, 175, 187, 189, 208, 220, 224, 281, 283, 301, 349, 356, 358, 364, 383, 392, 411, 427, 433, 447, 469, 471, 478, 486]
471: [24, 26, 29, 38, 51, 55, 56, 58, 69, 74, 81, 91, 109, 118, 126, 152, 177, 179, 215, 249, 287, 308, 310, 339, 343, 345, 361, 369, 380, 398, 411, 427, 443, 460, 461, 470, 472, 475, 478]
472: [38, 94, 96, 99, 103, 109, 110, 116, 121, 159, 183, 190, 192, 197, 218, 228, 229, 267, 277, 289, 291, 300, 302, 326, 328, 330, 337, 339, 376, 398, 402, 422, 436, 438, 442, 456, 471, 473, 474, 476, 483]
473: [19, 22, 29, 33, 53, 57, 59, 67, 79, 84, 89, 147, 148, 155, 161, 162, 166, 171, 201, 202, 204, 224, 229, 234, 237, 273, 274, 278, 287, 290, 298, 308, 312, 313, 319, 349, 359, 374, 384, 398, 418, 426, 447, 448, 456, 458, 466, 472, 474, 490]
474: [39, 44, 54, 59, 67, 76, 92, 118, 158, 165, 217, 223, 248, 257, 274, 278, 297, 318, 319, 324, 369, 375, 379, 444, 457, 463, 472, 473, 475, 494, 497]
475: [36, 40, 49, 54, 113, 114, 132, 135, 142, 155, 159, 167, 171, 173, 186, 187, 204, 213, 218, 225, 230, 231, 243, 244, 245, 251, 264, 281, 297, 303, 317, 325, 346, 364, 366, 374, 412, 413, 415, 420, 451, 462, 466, 471, 474, 476, 477, 486, 488, 497]
476: [40, 52, 70, 77, 89, 99, 100, 102, 115, 137, 143, 145, 190, 192, 196, 203, 217, 218, 234, 236, 243, 246, 256, 276, 287, 293, 298, 311, 350, 371, 372, 413, 415, 426, 430, 440, 444, 459, 472, 475, 477, 490]
477: [15, 23, 24, 39, 42, 45, 52, 56, 63, 67, 81, 97, 102, 113, 118, 138, 143, 149, 159, 164, 196, 211, 212, 216, 222, 226, 229, 246, 247, 269, 285, 296, 304, 318, 365, 366, 373, 384, 391, 399, 412, 414, 418, 425, 431, 475, 476, 478, 480, 483, 492]
478: [14, 51, 64, 66, 85, 89, 105, 106, 109, 111, 128, 130, 131, 132, 144, 168, 169, 170, 180, 186, 192, 199, 207, 216, 223, 229, 233, 259, 270, 272, 281, 284, 292, 329, 332, 337, 345, 346, 351, 353, 355, 401, 402, 409, 414, 432, 470, 471, 477, 479]
479: [15, 49, 50, 71, 80, 87, 96, 102, 115, 140, 150, 179, 181, 184, 199, 202, 233, 241, 242, 248, 254, 259, 267, 285, 287, 306, 309, 325, 345, 347, 366, 371, 381, 385, 397, 403, 419, 431, 459, 478, 480, 484]
480: [33, 40, 47, 55, 61, 75, 77, 82, 86, 89, 103, 118, 131, 146, 170, 187, 207, 223, 233, 240, 242, 263, 276, 349, 365, 375, 410, 418, 425, 428, 430, 434, 443, 450, 451, 452, 460, 461, 462, 465, 477, 479, 481, 489, 490]
481: [26, 66, 69, 75, 79, 96, 103, 138, 187, 193, 196, 202, 204, 214, 236, 241, 244, 247, 272, 299, 309, 310, 345, 382, 383, 414, 422, 430, 431, 456, 468, 480, 482]
482: [26, 33, 39, 70, 73, 93, 94, 97, 101, 116, 132, 135, 138, 140, 147, 152, 159, 164, 166, 173, 187, 189, 192, 197, 208, 226, 280, 283, 289, 290, 301, 310, 320, 321, 325, 347, 386, 391, 394, 400, 402, 425, 429, 450, 457, 481, 483, 484]
483: [56, 70, 72, 86, 104, 117, 126, 130, 144, 162, 179, 186, 194, 200, 227, 232, 246, 277, 322, 344, 348, 386, 396, 403, 412, 423, 431, 438, 447, 472, 477, 482, 484, 487]
484: [20, 23, 32, 39, 48, 55, 71, 74, 81, 95, 100, 121, 122, 132, 134, 136, 139, 150, 174, 178, 189, 214, 222, 243, 247, 257, 259, 281, 292, 293, 295, 300, 309, 334, 350, 356, 379, 391, 398, 402, 426, 435, 438, 443, 445, 458, 461, 479, 482, 483, 485, 498]
485: [33, 59, 68, 73, 79, 94, 95, 118, 119, 130, 144, 151, 152, 166, 171, 173, 176, 192, 215, 218, 222, 249, 253, 256, 259, 261, 269, 286, 290, 304, 305, 312, 317, 319, 322, 334, 340, 343, 364, 385, 405, 407, 408, 419, 433, 464, 484, 486, 490]
486: [17, 21, 34, 47, 50, 92, 119, 127, 131, 190, 211, 213, 216, 221, 233, 259, 264, 288, 307, 318, 357, 380, 423, 425, 431, 438, 441, 470, 475, 485, 487]
487: [22, 60, 86, 95, 109, 115, 117, 124, 131, 136, 156, 160, 162, 181, 203, 213, 223, 225, 229, 248, 252, 255, 256, 276, 277, 286, 295, 296, 298, 315, 316, 329, 336, 346, 349, 353, 365, 397, 402, 406, 420, 425, 426, 428, 431, 445, 458, 459, 469, 483, 486, 488, 494, 498]
488: [23, 26, 38, 68, 89, 104, 107, 110, 148, 150, 155, 168, 174, 179, 194, 198, 201, 205, 206, 216, 236, 237, 249, 259, 263, 269, 297, 309, 327, 358, 361, 378, 385, 400, 415, 437, 441, 449, 451, 466, 475, 487, 489]
489: [25, 29, 30, 40, 44, 45, 57, 60, 88, 90, 100, 103, 139, 140, 152, 177, 182, 203, 218, 226, 231, 244, 254, 267, 280, 281, 291, 308, 315, 338, 350, 352, 354, 372, 378, 386, 395, 409, 410, 417, 437, 480, 488, 490]
490: [20, 43, 52, 65, 66, 77, 102, 105, 109, 119, 143, 171, 172, 180, 183, 186, 201, 237, 248, 260, 267, 295, 299, 300, 311, 315, 326, 344, 349, 356, 361, 439, 440, 441, 442, 443, 444, 459, 473, 476, 480, 485, 489, 491, 495]
491: [16, 29, 39, 49, 72, 74, 85, 92, 128, 144, 172, 174, 190, 194, 211, 214, 217, 219, 226, 231, 239, 249, 254, 279, 285, 292, 293, 297, 301, 316, 319, 321, 337, 341, 348, 352, 362, 372, 373, 407, 431, 433, 448, 450, 462, 465, 490, 492, 498]
492: [34, 39, 48, 54, 79, 80, 97, 118, 121, 133, 134, 144, 146, 150, 169, 176, 183, 186, 188, 204, 207, 210, 229, 240, 250, 254, 256, 266, 276, 278, 282, 297, 306, 316, 329, 333, 349, 354, 357, 359, 365, 371, 375, 377, 433, 438, 439, 445, 448, 459, 477, 491, 493, 497]
493: [24, 30, 32, 45, 61, 122, 126, 132, 135, 138, 145, 152, 160, 169, 176, 205, 206, 209, 217, 223, 240, 244, 245, 254, 262, 270, 278, 284, 300, 304, 305, 329, 342, 347, 348, 362, 364, 377, 398, 410, 413, 423, 430, 437, 455, 456, 457, 466, 492, 494]
494: [32, 38, 42, 53, 59, 63, 73, 78, 92, 93, 104, 106, 130, 164, 192, 193, 198, 208, 217, 234, 241, 270, 275, 282, 294, 299, 321, 345, 358, 361, 378, 379, 382, 388, 390, 402, 409, 414, 452, 474, 487, 493, 495]
495: [48, 66, 74, 86, 91, 92, 109, 112, 135, 162, 171, 179, 180, 181, 194, 203, 208, 214, 227, 228, 232, 234, 235, 241, 317, 318, 346, 352, 353, 355, 359, 368, 373, 401, 421, 428, 438, 449, 452, 469, 490, 494, 496, 498]
496: [16, 27, 41, 62, 78, 85, 109, 117, 121, 127, 154, 159, 172, 173, 185, 202, 204, 220, 230, 233, 257, 267, 270, 274, 287, 294, 305, 306, 308, 311, 331, 338, 346, 363, 391, 392, 445, 448, 459, 464, 495, 497]
497: [38, 52, 71, 76, 77, 84, 89, 96, 115, 128, 132, 158, 160, 194, 216, 219, 221, 223, 250, 265, 268, 286, 288, 292, 296, 302, 306, 313, 316, 321, 325, 333, 348, 362, 365, 370, 371, 378, 383, 396, 398, 400, 405, 430, 448, 449, 453, 465, 474, 475, 492, 496, 498]
498: [85, 99, 113, 125, 146, 154, 161, 206, 212, 228, 232, 254, 255, 262, 272, 292, 334, 335, 361, 369, 375, 377, 387, 418, 419, 420, 432, 434, 442, 454, 459, 467, 484, 487, 491, 495, 497, 499]
499: [28, 34, 43, 53, 56, 58, 64, 77, 94, 125, 131, 134, 139, 144, 146, 181, 191, 200, 222, 247, 255, 278, 320, 392, 430, 451, 498]
