None 9 7 5 6 14 20 26 25 23 21 26 28 22 29 30 33 32 33 33 33 33 33 33 33 34 33 32 33 32 33 33 33 33 32 33 33 33 32 32 33 33 33 32 33 33 34 31 33 33 33 32 33 32 32 32 33 32 33 33 32 33 34 33 32 33 33 33 32 32 33 33 33 32 33 33 32 32 33 33 33 32 32 32 33 33 33 33 31 32 33 32 32 32 33 33 33 33 33 33 32 33 32 34 32 33 32 33 34 32 32 33 34 31 32 33 33 33 32 31 32 32 33 33 33 33 31 33 32 33 32 33 32 33 34 31 34 33 32 34 34 33 33 33 33 32 33 32 33 33 32 32 33 33 33 32 33 33 31 33 34 33 33 33 32 33 32 31 33 33 32 32 33 33 33 31 32 33 33 33 32 32 30 32 34 32 32 32 31 33 33 32 32 33 32 33 33 32 33 32 33 33 32 33 33 31 33 32 32 33 30 32 31 30 32 33 32 33 33 33 32 32 33 33 33 32 33 33 32 30 32 33 33 33 33 34 32 33 32 33 33 32 33 34 33 33 30 33 32 33 32 32 33 33 32 33 32 31 32 33 32 32 33 31 34 32 33 32 33 33 33 34 34 32 34 33 32 31 32 31 33 32 33 33 34 32 34 33 33 32 33 31 34 33 33 33 32 32 34 32 32 32 33 33 33 33 33 33 32 34 34 32 33 33 31 33 33 33 32 32 32 33 32 33 33 33 33 35 33 33 31 33 32 32 30 33 32 33 32 33 33 33 33 32 33 32 33 33 33 33 33 33 33 32 33 32 33 33 32 32 31 33 33 33 33 32 33 33 33 33 32 32 32 33 31 33 32 33 32 33 34 34 33 33 32 32 33 31 32 33 33 32 33 32 32 33 33 31 32 32 32 33 32 32 31 33 32 33 32 33 33 31 32 33 31 32 31 33 32 32 32 32 33 32 33 32 33 33 34 33 31 32 33 33 32 33 32 32 32 33 32 33 33 33 33 32 33 32 32 32 32 33 34 34 33 32 32 32 33 33 33 33 33 33 33 33 32 33 32 33 32 33 31 32 34 33 33 33 32 34 33 33 33 34 32 31 33 31 33 31 33 32 31 33 33 33 34 33 32 33 
9 None 6 8 4 12 18 24 23 21 19 24 26 20 27 28 31 30 31 31 31 31 31 31 31 32 31 30 31 30 31 31 31 31 30 31 31 31 30 30 31 31 31 30 31 31 32 29 31 31 31 30 31 30 30 30 31 30 31 31 30 31 32 31 30 31 31 31 30 30 31 31 31 30 31 31 30 30 31 31 31 30 30 30 31 31 31 31 29 30 31 30 30 30 31 31 31 31 31 31 30 31 30 32 30 31 30 31 32 30 30 31 32 29 30 31 31 31 30 29 30 30 31 31 31 31 29 31 30 31 30 31 30 31 32 29 32 31 30 32 32 31 31 31 31 30 31 30 31 31 30 30 31 31 31 30 31 31 29 31 32 31 31 31 30 31 30 29 31 31 30 30 31 31 31 29 30 31 31 31 30 30 28 30 32 30 30 30 29 31 31 30 30 31 30 31 31 30 31 30 31 31 30 31 31 29 31 30 30 31 28 30 29 28 30 31 30 31 31 31 30 30 31 31 31 30 31 31 30 28 30 31 31 31 31 32 30 31 30 31 31 30 31 32 31 31 28 31 30 31 30 30 31 31 30 31 30 29 30 31 30 30 31 29 32 30 31 30 31 31 31 32 32 30 32 31 30 29 30 29 31 30 31 31 32 30 32 31 31 30 31 29 32 31 31 31 30 30 32 30 30 30 31 31 31 31 31 31 30 32 32 30 31 31 29 31 31 31 30 30 30 31 30 31 31 31 31 33 31 31 29 31 30 30 28 31 30 31 30 31 31 31 31 30 31 30 31 31 31 31 31 31 31 30 31 30 31 31 30 30 29 31 31 31 31 30 31 31 31 31 30 30 30 31 29 31 30 31 30 31 32 32 31 31 30 30 31 29 30 31 31 30 31 30 30 31 31 29 30 30 30 31 30 30 29 31 30 31 30 31 31 29 30 31 29 30 29 31 30 30 30 30 31 30 31 30 31 31 32 31 29 30 31 31 30 31 30 30 30 31 30 31 31 31 31 30 31 30 30 30 30 31 32 32 31 30 30 30 31 31 31 31 31 31 31 31 30 31 30 31 30 31 29 30 32 31 31 31 30 32 31 31 31 32 30 29 31 29 31 29 31 30 29 31 31 31 32 31 30 31 
7 6 None 7 2 10 16 22 21 19 17 22 24 18 25 26 29 28 29 29 29 29 29 29 29 30 29 28 29 28 29 29 29 29 28 29 29 29 28 28 29 29 29 28 29 29 30 27 29 29 29 28 29 28 28 28 29 28 29 29 28 29 30 29 28 29 29 29 28 28 29 29 29 28 29 29 28 28 29 29 29 28 28 28 29 29 29 29 27 28 29 28 28 28 29 29 29 29 29 29 28 29 28 30 28 29 28 29 30 28 28 29 30 27 28 29 29 29 28 27 28 28 29 29 29 29 27 29 28 29 28 29 28 29 30 27 30 29 28 30 30 29 29 29 29 28 29 28 29 29 28 28 29 29 29 28 29 29 27 29 30 29 29 29 28 29 28 27 29 29 28 28 29 29 29 27 28 29 29 29 28 28 26 28 30 28 28 28 27 29 29 28 28 29 28 29 29 28 29 28 29 29 28 29 29 27 29 28 28 29 26 28 27 26 28 29 28 29 29 29 28 28 29 29 29 28 29 29 28 26 28 29 29 29 29 30 28 29 28 29 29 28 29 30 29 29 26 29 28 29 28 28 29 29 28 29 28 27 28 29 28 28 29 27 30 28 29 28 29 29 29 30 30 28 30 29 28 27 28 27 29 28 29 29 30 28 30 29 29 28 29 27 30 29 29 29 28 28 30 28 28 28 29 29 29 29 29 29 28 30 30 28 29 29 27 29 29 29 28 28 28 29 28 29 29 29 29 31 29 29 27 29 28 28 26 29 28 29 28 29 29 29 29 28 29 28 29 29 29 29 29 29 29 28 29 28 29 29 28 28 27 29 29 29 29 28 29 29 29 29 28 28 28 29 27 29 28 29 28 29 30 30 29 29 28 28 29 27 28 29 29 28 29 28 28 29 29 27 28 28 28 29 28 28 27 29 28 29 28 29 29 27 28 29 27 28 27 29 28 28 28 28 29 28 29 28 29 29 30 29 27 28 29 29 28 29 28 28 28 29 28 29 29 29 29 28 29 28 28 28 28 29 30 30 29 28 28 28 29 29 29 29 29 29 29 29 28 29 28 29 28 29 27 28 30 29 29 29 28 30 29 29 29 30 28 27 29 27 29 27 29 28 27 29 29 29 30 29 28 29 
5 8 7 None 8 16 22 28 27 25 23 28 30 24 31 32 35 34 35 35 35 35 35 35 35 36 35 34 35 34 35 35 35 35 34 35 35 35 34 34 35 35 35 34 35 35 36 33 35 35 35 34 35 34 34 34 35 34 35 35 34 35 36 35 34 35 35 35 34 34 35 35 35 34 35 35 34 34 35 35 35 34 34 34 35 35 35 35 33 34 35 34 34 34 35 35 35 35 35 35 34 35 34 36 34 35 34 35 36 34 34 35 36 33 34 35 35 35 34 33 34 34 35 35 35 35 33 35 34 35 34 35 34 35 36 33 36 35 34 36 36 35 35 35 35 34 35 34 35 35 34 34 35 35 35 34 35 35 33 35 36 35 35 35 34 35 34 33 35 35 34 34 35 35 35 33 34 35 35 35 34 34 32 34 36 34 34 34 33 35 35 34 34 35 34 35 35 34 35 34 35 35 34 35 35 33 35 34 34 35 32 34 33 32 34 35 34 35 35 35 34 34 35 35 35 34 35 35 34 32 34 35 35 35 35 36 34 35 34 35 35 34 35 36 35 35 32 35 34 35 34 34 35 35 34 35 34 33 34 35 34 34 35 33 36 34 35 34 35 35 35 36 36 34 36 35 34 33 34 33 35 34 35 35 36 34 36 35 35 34 35 33 36 35 35 35 34 34 36 34 34 34 35 35 35 35 35 35 34 36 36 34 35 35 33 35 35 35 34 34 34 35 34 35 35 35 35 37 35 35 33 35 34 34 32 35 34 35 34 35 35 35 35 34 35 34 35 35 35 35 35 35 35 34 35 34 35 35 34 34 33 35 35 35 35 34 35 35 35 35 34 34 34 35 33 35 34 35 34 35 36 36 35 35 34 34 35 33 34 35 35 34 35 34 34 35 35 33 34 34 34 35 34 34 33 35 34 35 34 35 35 33 34 35 33 34 33 35 34 34 34 34 35 34 35 34 35 35 36 35 33 34 35 35 34 35 34 34 34 35 34 35 35 35 35 34 35 34 34 34 34 35 36 36 35 34 34 34 35 35 35 35 35 35 35 35 34 35 34 35 34 35 33 34 36 35 35 35 34 36 35 35 35 36 34 33 35 33 35 33 35 34 33 35 35 35 36 35 34 35 
6 4 2 8 None 8 14 20 19 17 15 20 22 16 23 24 27 26 27 27 27 27 27 27 27 28 27 26 27 26 27 27 27 27 26 27 27 27 26 26 27 27 27 26 27 27 28 25 27 27 27 26 27 26 26 26 27 26 27 27 26 27 28 27 26 27 27 27 26 26 27 27 27 26 27 27 26 26 27 27 27 26 26 26 27 27 27 27 25 26 27 26 26 26 27 27 27 27 27 27 26 27 26 28 26 27 26 27 28 26 26 27 28 25 26 27 27 27 26 25 26 26 27 27 27 27 25 27 26 27 26 27 26 27 28 25 28 27 26 28 28 27 27 27 27 26 27 26 27 27 26 26 27 27 27 26 27 27 25 27 28 27 27 27 26 27 26 25 27 27 26 26 27 27 27 25 26 27 27 27 26 26 24 26 28 26 26 26 25 27 27 26 26 27 26 27 27 26 27 26 27 27 26 27 27 25 27 26 26 27 24 26 25 24 26 27 26 27 27 27 26 26 27 27 27 26 27 27 26 24 26 27 27 27 27 28 26 27 26 27 27 26 27 28 27 27 24 27 26 27 26 26 27 27 26 27 26 25 26 27 26 26 27 25 28 26 27 26 27 27 27 28 28 26 28 27 26 25 26 25 27 26 27 27 28 26 28 27 27 26 27 25 28 27 27 27 26 26 28 26 26 26 27 27 27 27 27 27 26 28 28 26 27 27 25 27 27 27 26 26 26 27 26 27 27 27 27 29 27 27 25 27 26 26 24 27 26 27 26 27 27 27 27 26 27 26 27 27 27 27 27 27 27 26 27 26 27 27 26 26 25 27 27 27 27 26 27 27 27 27 26 26 26 27 25 27 26 27 26 27 28 28 27 27 26 26 27 25 26 27 27 26 27 26 26 27 27 25 26 26 26 27 26 26 25 27 26 27 26 27 27 25 26 27 25 26 25 27 26 26 26 26 27 26 27 26 27 27 28 27 25 26 27 27 26 27 26 26 26 27 26 27 27 27 27 26 27 26 26 26 26 27 28 28 27 26 26 26 27 27 27 27 27 27 27 27 26 27 26 27 26 27 25 26 28 27 27 27 26 28 27 27 27 28 26 25 27 25 27 25 27 26 25 27 27 27 28 27 26 27 
14 12 10 16 8 None 6 12 11 9 7 12 14 8 15 16 19 18 19 19 19 19 19 19 19 20 19 18 19 18 19 19 19 19 18 19 19 19 18 18 19 19 19 18 19 19 20 17 19 19 19 18 19 18 18 18 19 18 19 19 18 19 20 19 18 19 19 19 18 18 19 19 19 18 19 19 18 18 19 19 19 18 18 18 19 19 19 19 17 18 19 18 18 18 19 19 19 19 19 19 18 19 18 20 18 19 18 19 20 18 18 19 20 17 18 19 19 19 18 17 18 18 19 19 19 19 17 19 18 19 18 19 18 19 20 17 20 19 18 20 20 19 19 19 19 18 19 18 19 19 18 18 19 19 19 18 19 19 17 19 20 19 19 19 18 19 18 17 19 19 18 18 19 19 19 17 18 19 19 19 18 18 16 18 20 18 18 18 17 19 19 18 18 19 18 19 19 18 19 18 19 19 18 19 19 17 19 18 18 19 16 18 17 16 18 19 18 19 19 19 18 18 19 19 19 18 19 19 18 16 18 19 19 19 19 20 18 19 18 19 19 18 19 20 19 19 16 19 18 19 18 18 19 19 18 19 18 17 18 19 18 18 19 17 20 18 19 18 19 19 19 20 20 18 20 19 18 17 18 17 19 18 19 19 20 18 20 19 19 18 19 17 20 19 19 19 18 18 20 18 18 18 19 19 19 19 19 19 18 20 20 18 19 19 17 19 19 19 18 18 18 19 18 19 19 19 19 21 19 19 17 19 18 18 16 19 18 19 18 19 19 19 19 18 19 18 19 19 19 19 19 19 19 18 19 18 19 19 18 18 17 19 19 19 19 18 19 19 19 19 18 18 18 19 17 19 18 19 18 19 20 20 19 19 18 18 19 17 18 19 19 18 19 18 18 19 19 17 18 18 18 19 18 18 17 19 18 19 18 19 19 17 18 19 17 18 17 19 18 18 18 18 19 18 19 18 19 19 20 19 17 18 19 19 18 19 18 18 18 19 18 19 19 19 19 18 19 18 18 18 18 19 20 20 19 18 18 18 19 19 19 19 19 19 19 19 18 19 18 19 18 19 17 18 20 19 19 19 18 20 19 19 19 20 18 17 19 17 19 17 19 18 17 19 19 19 20 19 18 19 
20 18 16 22 14 6 None 6 5 3 1 6 8 2 9 10 13 12 13 13 13 13 13 13 13 14 13 12 13 12 13 13 13 13 12 13 13 13 12 12 13 13 13 12 13 13 14 11 13 13 13 12 13 12 12 12 13 12 13 13 12 13 14 13 12 13 13 13 12 12 13 13 13 12 13 13 12 12 13 13 13 12 12 12 13 13 13 13 11 12 13 12 12 12 13 13 13 13 13 13 12 13 12 14 12 13 12 13 14 12 12 13 14 11 12 13 13 13 12 11 12 12 13 13 13 13 11 13 12 13 12 13 12 13 14 11 14 13 12 14 14 13 13 13 13 12 13 12 13 13 12 12 13 13 13 12 13 13 11 13 14 13 13 13 12 13 12 11 13 13 12 12 13 13 13 11 12 13 13 13 12 12 10 12 14 12 12 12 11 13 13 12 12 13 12 13 13 12 13 12 13 13 12 13 13 11 13 12 12 13 10 12 11 10 12 13 12 13 13 13 12 12 13 13 13 12 13 13 12 10 12 13 13 13 13 14 12 13 12 13 13 12 13 14 13 13 10 13 12 13 12 12 13 13 12 13 12 11 12 13 12 12 13 11 14 12 13 12 13 13 13 14 14 12 14 13 12 11 12 11 13 12 13 13 14 12 14 13 13 12 13 11 14 13 13 13 12 12 14 12 12 12 13 13 13 13 13 13 12 14 14 12 13 13 11 13 13 13 12 12 12 13 12 13 13 13 13 15 13 13 11 13 12 12 10 13 12 13 12 13 13 13 13 12 13 12 13 13 13 13 13 13 13 12 13 12 13 13 12 12 11 13 13 13 13 12 13 13 13 13 12 12 12 13 11 13 12 13 12 13 14 14 13 13 12 12 13 11 12 13 13 12 13 12 12 13 13 11 12 12 12 13 12 12 11 13 12 13 12 13 13 11 12 13 11 12 11 13 12 12 12 12 13 12 13 12 13 13 14 13 11 12 13 13 12 13 12 12 12 13 12 13 13 13 13 12 13 12 12 12 12 13 14 14 13 12 12 12 13 13 13 13 13 13 13 13 12 13 12 13 12 13 11 12 14 13 13 13 12 14 13 13 13 14 12 11 13 11 13 11 13 12 11 13 13 13 14 13 12 13 
26 24 22 28 20 12 6 None 7 9 7 8 8 4 11 12 15 14 15 15 15 15 15 15 15 16 15 14 15 14 15 15 15 15 14 15 15 15 14 14 15 15 15 14 15 15 16 13 15 15 15 14 15 14 14 14 15 14 15 15 14 15 16 15 14 15 15 15 14 14 15 15 15 14 15 15 14 14 15 15 15 14 14 14 15 15 15 15 13 14 15 14 14 14 15 15 15 15 15 15 14 15 14 16 14 15 14 15 16 14 14 15 16 13 14 15 15 15 14 13 14 14 15 15 15 15 13 15 14 15 14 15 14 15 16 13 16 15 14 16 16 15 15 15 15 14 15 14 15 15 14 14 15 15 15 14 15 15 13 15 16 15 15 15 14 15 14 13 15 15 14 14 15 15 15 13 14 15 15 15 14 14 12 14 16 14 14 14 13 15 15 14 14 15 14 15 15 14 15 14 15 15 14 15 15 13 15 14 14 15 12 14 13 12 14 15 14 15 15 15 14 14 15 15 15 14 15 15 14 12 14 15 15 15 15 16 14 15 14 15 15 14 15 16 15 15 12 15 14 15 14 14 15 15 14 15 14 13 14 15 14 14 15 13 16 14 15 14 15 15 15 16 16 14 16 15 14 13 14 13 15 14 15 15 16 14 16 15 15 14 15 13 16 15 15 15 14 14 16 14 14 14 15 15 15 15 15 15 14 16 16 14 15 15 13 15 15 15 14 14 14 15 14 15 15 15 15 17 15 15 13 15 14 14 12 15 14 15 14 15 15 15 15 14 15 14 15 15 15 15 15 15 15 14 15 14 15 15 14 14 13 15 15 15 15 14 15 15 15 15 14 14 14 15 13 15 14 15 14 15 16 16 15 15 14 14 15 13 14 15 15 14 15 14 14 15 15 13 14 14 14 15 14 14 13 15 14 15 14 15 15 13 14 15 13 14 13 15 14 14 14 14 15 14 15 14 15 15 16 15 13 14 15 15 14 15 14 14 14 15 14 15 15 15 15 14 15 14 14 14 14 15 16 16 15 14 14 14 15 15 15 15 15 15 15 15 14 15 14 15 14 15 13 14 16 15 15 15 14 16 15 15 15 16 14 13 15 13 15 13 15 14 13 15 15 15 16 15 14 15 
25 23 21 27 19 11 5 7 None 8 5 3 9 3 10 11 14 13 14 14 14 14 14 14 14 15 14 13 14 13 14 14 14 14 13 14 14 14 13 13 14 14 14 13 14 14 15 12 14 14 14 13 14 13 13 13 14 13 14 14 13 14 15 14 13 14 14 14 13 13 14 14 14 13 14 14 13 13 14 14 14 13 13 13 14 14 14 14 12 13 14 13 13 13 14 14 14 14 14 14 13 14 13 15 13 14 13 14 15 13 13 14 15 12 13 14 14 14 13 12 13 13 14 14 14 14 12 14 13 14 13 14 13 14 15 12 15 14 13 15 15 14 14 14 14 13 14 13 14 14 13 13 14 14 14 13 14 14 12 14 15 14 14 14 13 14 13 12 14 14 13 13 14 14 14 12 13 14 14 14 13 13 11 13 15 13 13 13 12 14 14 13 13 14 13 14 14 13 14 13 14 14 13 14 14 12 14 13 13 14 11 13 12 11 13 14 13 14 14 14 13 13 14 14 14 13 14 14 13 11 13 14 14 14 14 15 13 14 13 14 14 13 14 15 14 14 11 14 13 14 13 13 14 14 13 14 13 12 13 14 13 13 14 12 15 13 14 13 14 14 14 15 15 13 15 14 13 12 13 12 14 13 14 14 15 13 15 14 14 13 14 12 15 14 14 14 13 13 15 13 13 13 14 14 14 14 14 14 13 15 15 13 14 14 12 14 14 14 13 13 13 14 13 14 14 14 14 16 14 14 12 14 13 13 11 14 13 14 13 14 14 14 14 13 14 13 14 14 14 14 14 14 14 13 14 13 14 14 13 13 12 14 14 14 14 13 14 14 14 14 13 13 13 14 12 14 13 14 13 14 15 15 14 14 13 13 14 12 13 14 14 13 14 13 13 14 14 12 13 13 13 14 13 13 12 14 13 14 13 14 14 12 13 14 12 13 12 14 13 13 13 13 14 13 14 13 14 14 15 14 12 13 14 14 13 14 13 13 13 14 13 14 14 14 14 13 14 13 13 13 13 14 15 15 14 13 13 13 14 14 14 14 14 14 14 14 13 14 13 14 13 14 12 13 15 14 14 14 13 15 14 14 14 15 13 12 14 12 14 12 14 13 12 14 14 14 15 14 13 14 
23 21 19 25 17 9 3 9 8 None 4 9 11 5 12 13 16 15 16 16 16 16 16 16 16 17 16 15 16 15 16 16 16 16 15 16 16 16 15 15 16 16 16 15 16 16 17 14 16 16 16 15 16 15 15 15 16 15 16 16 15 16 17 16 15 16 16 16 15 15 16 16 16 15 16 16 15 15 16 16 16 15 15 15 16 16 16 16 14 15 16 15 15 15 16 16 16 16 16 16 15 16 15 17 15 16 15 16 17 15 15 16 17 14 15 16 16 16 15 14 15 15 16 16 16 16 14 16 15 16 15 16 15 16 17 14 17 16 15 17 17 16 16 16 16 15 16 15 16 16 15 15 16 16 16 15 16 16 14 16 17 16 16 16 15 16 15 14 16 16 15 15 16 16 16 14 15 16 16 16 15 15 13 15 17 15 15 15 14 16 16 15 15 16 15 16 16 15 16 15 16 16 15 16 16 14 16 15 15 16 13 15 14 13 15 16 15 16 16 16 15 15 16 16 16 15 16 16 15 13 15 16 16 16 16 17 15 16 15 16 16 15 16 17 16 16 13 16 15 16 15 15 16 16 15 16 15 14 15 16 15 15 16 14 17 15 16 15 16 16 16 17 17 15 17 16 15 14 15 14 16 15 16 16 17 15 17 16 16 15 16 14 17 16 16 16 15 15 17 15 15 15 16 16 16 16 16 16 15 17 17 15 16 16 14 16 16 16 15 15 15 16 15 16 16 16 16 18 16 16 14 16 15 15 13 16 15 16 15 16 16 16 16 15 16 15 16 16 16 16 16 16 16 15 16 15 16 16 15 15 14 16 16 16 16 15 16 16 16 16 15 15 15 16 14 16 15 16 15 16 17 17 16 16 15 15 16 14 15 16 16 15 16 15 15 16 16 14 15 15 15 16 15 15 14 16 15 16 15 16 16 14 15 16 14 15 14 16 15 15 15 15 16 15 16 15 16 16 17 16 14 15 16 16 15 16 15 15 15 16 15 16 16 16 16 15 16 15 15 15 15 16 17 17 16 15 15 15 16 16 16 16 16 16 16 16 15 16 15 16 15 16 14 15 17 16 16 16 15 17 16 16 16 17 15 14 16 14 16 14 16 15 14 16 16 16 17 16 15 16 
21 19 17 23 15 7 1 7 5 4 None 7 9 3 10 11 14 13 14 14 14 14 14 14 14 15 14 13 14 13 14 14 14 14 13 14 14 14 13 13 14 14 14 13 14 14 15 12 14 14 14 13 14 13 13 13 14 13 14 14 13 14 15 14 13 14 14 14 13 13 14 14 14 13 14 14 13 13 14 14 14 13 13 13 14 14 14 14 12 13 14 13 13 13 14 14 14 14 14 14 13 14 13 15 13 14 13 14 15 13 13 14 15 12 13 14 14 14 13 12 13 13 14 14 14 14 12 14 13 14 13 14 13 14 15 12 15 14 13 15 15 14 14 14 14 13 14 13 14 14 13 13 14 14 14 13 14 14 12 14 15 14 14 14 13 14 13 12 14 14 13 13 14 14 14 12 13 14 14 14 13 13 11 13 15 13 13 13 12 14 14 13 13 14 13 14 14 13 14 13 14 14 13 14 14 12 14 13 13 14 11 13 12 11 13 14 13 14 14 14 13 13 14 14 14 13 14 14 13 11 13 14 14 14 14 15 13 14 13 14 14 13 14 15 14 14 11 14 13 14 13 13 14 14 13 14 13 12 13 14 13 13 14 12 15 13 14 13 14 14 14 15 15 13 15 14 13 12 13 12 14 13 14 14 15 13 15 14 14 13 14 12 15 14 14 14 13 13 15 13 13 13 14 14 14 14 14 14 13 15 15 13 14 14 12 14 14 14 13 13 13 14 13 14 14 14 14 16 14 14 12 14 13 13 11 14 13 14 13 14 14 14 14 13 14 13 14 14 14 14 14 14 14 13 14 13 14 14 13 13 12 14 14 14 14 13 14 14 14 14 13 13 13 14 12 14 13 14 13 14 15 15 14 14 13 13 14 12 13 14 14 13 14 13 13 14 14 12 13 13 13 14 13 13 12 14 13 14 13 14 14 12 13 14 12 13 12 14 13 13 13 13 14 13 14 13 14 14 15 14 12 13 14 14 13 14 13 13 13 14 13 14 14 14 14 13 14 13 13 13 13 14 15 15 14 13 13 13 14 14 14 14 14 14 14 14 13 14 13 14 13 14 12 13 15 14 14 14 13 15 14 14 14 15 13 12 14 12 14 12 14 13 12 14 14 14 15 14 13 14 
26 24 22 28 20 12 6 8 3 9 7 None 12 6 13 14 17 16 17 17 17 17 17 17 17 18 17 16 17 16 17 17 17 17 16 17 17 17 16 16 17 17 17 16 17 17 18 15 17 17 17 16 17 16 16 16 17 16 17 17 16 17 18 17 16 17 17 17 16 16 17 17 17 16 17 17 16 16 17 17 17 16 16 16 17 17 17 17 15 16 17 16 16 16 17 17 17 17 17 17 16 17 16 18 16 17 16 17 18 16 16 17 18 15 16 17 17 17 16 15 16 16 17 17 17 17 15 17 16 17 16 17 16 17 18 15 18 17 16 18 18 17 17 17 17 16 17 16 17 17 16 16 17 17 17 16 17 17 15 17 18 17 17 17 16 17 16 15 17 17 16 16 17 17 17 15 16 17 17 17 16 16 14 16 18 16 16 16 15 17 17 16 16 17 16 17 17 16 17 16 17 17 16 17 17 15 17 16 16 17 14 16 15 14 16 17 16 17 17 17 16 16 17 17 17 16 17 17 16 14 16 17 17 17 17 18 16 17 16 17 17 16 17 18 17 17 14 17 16 17 16 16 17 17 16 17 16 15 16 17 16 16 17 15 18 16 17 16 17 17 17 18 18 16 18 17 16 15 16 15 17 16 17 17 18 16 18 17 17 16 17 15 18 17 17 17 16 16 18 16 16 16 17 17 17 17 17 17 16 18 18 16 17 17 15 17 17 17 16 16 16 17 16 17 17 17 17 19 17 17 15 17 16 16 14 17 16 17 16 17 17 17 17 16 17 16 17 17 17 17 17 17 17 16 17 16 17 17 16 16 15 17 17 17 17 16 17 17 17 17 16 16 16 17 15 17 16 17 16 17 18 18 17 17 16 16 17 15 16 17 17 16 17 16 16 17 17 15 16 16 16 17 16 16 15 17 16 17 16 17 17 15 16 17 15 16 15 17 16 16 16 16 17 16 17 16 17 17 18 17 15 16 17 17 16 17 16 16 16 17 16 17 17 17 17 16 17 16 16 16 16 17 18 18 17 16 16 16 17 17 17 17 17 17 17 17 16 17 16 17 16 17 15 16 18 17 17 17 16 18 17 17 17 18 16 15 17 15 17 15 17 16 15 17 17 17 18 17 16 17 
28 26 24 30 22 14 8 8 9 11 9 12 None 10 17 18 21 20 21 21 21 21 21 21 21 22 21 20 21 20 21 21 21 21 20 21 21 21 20 20 21 21 21 20 21 21 22 19 21 21 21 20 21 20 20 20 21 20 21 21 20 21 22 21 20 21 21 21 20 20 21 21 21 20 21 21 20 20 21 21 21 20 20 20 21 21 21 21 19 20 21 20 20 20 21 21 21 21 21 21 20 21 20 22 20 21 20 21 22 20 20 21 22 19 20 21 21 21 20 19 20 20 21 21 21 21 19 21 20 21 20 21 20 21 22 19 22 21 20 22 22 21 21 21 21 20 21 20 21 21 20 20 21 21 21 20 21 21 19 21 22 21 21 21 20 21 20 19 21 21 20 20 21 21 21 19 20 21 21 21 20 20 18 20 22 20 20 20 19 21 21 20 20 21 20 21 21 20 21 20 21 21 20 21 21 19 21 20 20 21 18 20 19 18 20 21 20 21 21 21 20 20 21 21 21 20 21 21 20 18 20 21 21 21 21 22 20 21 20 21 21 20 21 22 21 21 18 21 20 21 20 20 21 21 20 21 20 19 20 21 20 20 21 19 22 20 21 20 21 21 21 22 22 20 22 21 20 19 20 19 21 20 21 21 22 20 22 21 21 20 21 19 22 21 21 21 20 20 22 20 20 20 21 21 21 21 21 21 20 22 22 20 21 21 19 21 21 21 20 20 20 21 20 21 21 21 21 23 21 21 19 21 20 20 18 21 20 21 20 21 21 21 21 20 21 20 21 21 21 21 21 21 21 20 21 20 21 21 20 20 19 21 21 21 21 20 21 21 21 21 20 20 20 21 19 21 20 21 20 21 22 22 21 21 20 20 21 19 20 21 21 20 21 20 20 21 21 19 20 20 20 21 20 20 19 21 20 21 20 21 21 19 20 21 19 20 19 21 20 20 20 20 21 20 21 20 21 21 22 21 19 20 21 21 20 21 20 20 20 21 20 21 21 21 21 20 21 20 20 20 20 21 22 22 21 20 20 20 21 21 21 21 21 21 21 21 20 21 20 21 20 21 19 20 22 21 21 21 20 22 21 21 21 22 20 19 21 19 21 19 21 20 19 21 21 21 22 21 20 21 
22 20 18 24 16 8 2 4 3 5 3 6 10 None 7 8 11 10 11 11 11 11 11 11 11 12 11 10 11 10 11 11 11 11 10 11 11 11 10 10 11 11 11 10 11 11 12 9 11 11 11 10 11 10 10 10 11 10 11 11 10 11 12 11 10 11 11 11 10 10 11 11 11 10 11 11 10 10 11 11 11 10 10 10 11 11 11 11 9 10 11 10 10 10 11 11 11 11 11 11 10 11 10 12 10 11 10 11 12 10 10 11 12 9 10 11 11 11 10 9 10 10 11 11 11 11 9 11 10 11 10 11 10 11 12 9 12 11 10 12 12 11 11 11 11 10 11 10 11 11 10 10 11 11 11 10 11 11 9 11 12 11 11 11 10 11 10 9 11 11 10 10 11 11 11 9 10 11 11 11 10 10 8 10 12 10 10 10 9 11 11 10 10 11 10 11 11 10 11 10 11 11 10 11 11 9 11 10 10 11 8 10 9 8 10 11 10 11 11 11 10 10 11 11 11 10 11 11 10 8 10 11 11 11 11 12 10 11 10 11 11 10 11 12 11 11 8 11 10 11 10 10 11 11 10 11 10 9 10 11 10 10 11 9 12 10 11 10 11 11 11 12 12 10 12 11 10 9 10 9 11 10 11 11 12 10 12 11 11 10 11 9 12 11 11 11 10 10 12 10 10 10 11 11 11 11 11 11 10 12 12 10 11 11 9 11 11 11 10 10 10 11 10 11 11 11 11 13 11 11 9 11 10 10 8 11 10 11 10 11 11 11 11 10 11 10 11 11 11 11 11 11 11 10 11 10 11 11 10 10 9 11 11 11 11 10 11 11 11 11 10 10 10 11 9 11 10 11 10 11 12 12 11 11 10 10 11 9 10 11 11 10 11 10 10 11 11 9 10 10 10 11 10 10 9 11 10 11 10 11 11 9 10 11 9 10 9 11 10 10 10 10 11 10 11 10 11 11 12 11 9 10 11 11 10 11 10 10 10 11 10 11 11 11 11 10 11 10 10 10 10 11 12 12 11 10 10 10 11 11 11 11 11 11 11 11 10 11 10 11 10 11 9 10 12 11 11 11 10 12 11 11 11 12 10 9 11 9 11 9 11 10 9 11 11 11 12 11 10 11 
29 27 25 31 23 15 9 11 10 12 10 13 17 7 None 1 4 3 4 4 4 4 4 4 4 5 4 3 4 3 4 4 4 4 3 4 4 4 3 3 4 4 4 3 4 4 5 2 4 4 4 3 4 3 3 3 4 3 4 4 3 4 5 4 3 4 4 4 3 3 4 4 4 3 4 4 3 3 4 4 4 3 3 3 4 4 4 4 2 3 4 3 3 3 4 4 4 4 4 4 3 4 3 5 3 4 3 4 5 3 3 4 5 2 3 4 4 4 3 2 3 3 4 4 4 4 2 4 3 4 3 4 3 4 5 2 5 4 3 5 5 4 4 4 4 3 4 3 4 4 3 3 4 4 4 3 4 4 2 4 5 4 4 4 3 4 3 2 4 4 3 3 4 4 4 2 3 4 4 4 3 3 1 3 5 3 3 3 2 4 4 3 3 4 3 4 4 3 4 3 4 4 3 4 4 2 4 3 3 4 1 3 2 1 3 4 3 4 4 4 3 3 4 4 4 3 4 4 3 1 3 4 4 4 4 5 3 4 3 4 4 3 4 5 4 4 1 4 3 4 3 3 4 4 3 4 3 2 3 4 3 3 4 2 5 3 4 3 4 4 4 5 5 3 5 4 3 2 3 2 4 3 4 4 5 3 5 4 4 3 4 2 5 4 4 4 3 3 5 3 3 3 4 4 4 4 4 4 3 5 5 3 4 4 2 4 4 4 3 3 3 4 3 4 4 4 4 6 4 4 2 4 3 3 1 4 3 4 3 4 4 4 4 3 4 3 4 4 4 4 4 4 4 3 4 3 4 4 3 3 2 4 4 4 4 3 4 4 4 4 3 3 3 4 2 4 3 4 3 4 5 5 4 4 3 3 4 2 3 4 4 3 4 3 3 4 4 2 3 3 3 4 3 3 2 4 3 4 3 4 4 2 3 4 2 3 2 4 3 3 3 3 4 3 4 3 4 4 5 4 2 3 4 4 3 4 3 3 3 4 3 4 4 4 4 3 4 3 3 3 3 4 5 5 4 3 3 3 4 4 4 4 4 4 4 4 3 4 3 4 3 4 2 3 5 4 4 4 3 5 4 4 4 5 3 2 4 2 4 2 4 3 2 4 4 4 5 4 3 4 
30 28 26 32 24 16 10 12 11 13 11 14 18 8 1 None 4 3 3 4 5 5 4 4 5 5 5 3 5 4 4 4 4 3 4 4 5 4 3 4 3 5 4 4 4 5 5 3 4 5 4 4 4 3 4 2 4 4 4 3 4 4 5 3 4 3 3 4 4 4 4 5 3 4 4 3 4 3 4 5 4 4 4 4 4 4 5 5 3 4 4 4 4 4 4 5 4 4 3 4 4 3 4 4 4 5 3 4 5 3 4 5 4 3 4 4 4 4 4 1 4 3 3 5 4 4 3 4 2 4 4 4 3 4 5 1 4 4 4 5 6 4 4 4 4 4 4 4 5 5 3 4 4 5 4 3 5 4 3 4 4 4 4 3 4 5 3 3 4 4 4 4 5 5 4 3 4 3 4 4 3 4 2 4 5 4 4 3 3 3 4 4 4 4 4 5 3 3 4 4 3 4 4 5 4 3 4 4 4 3 2 4 3 2 4 5 4 4 5 4 4 4 3 4 3 4 5 5 4 2 4 4 5 3 5 5 4 3 2 4 5 4 5 4 3 4 2 5 4 4 2 4 4 5 4 5 4 3 4 4 3 4 4 3 5 4 4 4 5 3 4 5 4 3 5 5 4 3 4 1 3 4 5 4 5 4 5 5 4 4 5 3 4 4 3 4 3 4 5 4 4 4 4 4 5 5 5 4 4 4 4 4 5 5 3 5 4 4 4 4 4 4 2 4 3 3 4 5 4 5 3 5 4 4 2 5 4 4 3 5 5 3 5 4 4 4 4 4 3 5 4 3 4 4 4 4 5 3 3 4 3 5 4 4 5 4 4 4 3 4 3 4 4 4 3 4 4 3 3 5 4 4 4 3 4 4 4 3 4 5 4 4 3 2 4 3 4 3 4 4 4 4 4 4 3 4 2 3 4 4 5 2 4 5 3 4 2 5 3 4 3 4 3 4 4 4 3 4 4 4 3 4 4 3 4 5 2 4 4 4 4 3 5 5 4 4 5 3 4 4 4 3 4 4 4 4 4 4 4 3 5 5 4 4 3 4 4 5 2 4 2 4 3 4 5 4 5 4 4 4 4 3 5 5 4 3 3 3 4 3 4 4 3 4 4 4 5 4 4 4 
33 31 29 35 27 19 13 15 14 16 14 17 21 11 4 4 None 5 3 2 3 5 4 4 4 3 4 2 4 2 4 3 4 3 3 3 4 4 4 4 4 3 4 3 4 4 5 3 4 4 4 4 4 5 3 3 3 2 4 3 3 4 5 3 3 4 4 4 3 4 5 5 3 3 4 4 3 3 4 4 4 4 3 3 5 2 4 3 4 3 3 4 3 5 5 4 5 3 5 4 3 4 5 4 4 3 2 3 4 5 5 4 4 3 4 3 5 4 4 3 3 4 3 4 4 4 3 3 4 3 5 4 3 4 5 4 4 4 5 4 4 2 2 1 4 4 3 4 5 4 4 4 4 4 4 4 5 4 4 3 4 4 4 2 2 4 4 3 3 4 3 3 3 3 4 4 4 3 3 4 4 2 3 4 3 3 2 4 3 3 3 4 3 4 3 3 4 5 5 4 4 3 4 3 4 4 5 3 4 4 3 4 3 4 4 4 3 4 3 2 4 4 3 3 4 5 4 4 4 4 3 5 4 4 4 5 4 4 4 3 4 2 1 2 3 3 4 4 4 3 3 5 3 4 3 4 4 4 4 4 4 4 5 4 4 4 4 3 3 4 4 4 3 3 2 3 4 3 2 5 4 3 1 5 4 4 4 2 3 3 4 5 4 4 4 6 4 4 4 4 5 4 4 3 4 4 3 4 4 4 4 3 4 3 4 4 4 3 3 3 5 4 4 2 1 4 2 4 2 3 4 5 4 3 4 4 5 4 3 3 4 4 4 4 4 4 4 3 2 4 4 5 5 4 3 3 4 4 5 3 4 3 4 4 3 4 4 4 4 4 4 3 3 2 3 4 4 3 3 4 3 4 5 3 3 4 3 3 3 4 4 3 4 2 4 4 3 3 4 4 3 4 3 4 4 4 3 4 4 5 3 4 3 4 4 3 4 4 3 2 3 4 4 4 3 4 4 2 4 4 4 5 4 3 4 5 4 1 3 2 4 4 4 5 4 3 4 5 3 4 4 4 4 4 4 5 4 5 3 4 4 3 3 4 5 5 5 3 5 3 4 4 4 4 5 3 4 3 4 4 3 4 4 4 5 4 4 3 4 2 2 1 2 3 4 3 1 4 4 4 
32 30 28 34 26 18 12 14 13 15 13 16 20 10 3 3 5 None 4 3 4 4 5 4 4 5 4 4 4 4 6 4 4 4 4 5 5 4 5 4 5 4 4 2 4 4 5 4 5 5 4 3 5 3 4 5 4 3 5 4 5 3 4 3 4 5 4 5 5 5 2 5 4 4 4 3 5 4 4 4 5 4 4 4 3 5 2 5 3 4 5 3 4 4 4 5 5 3 5 3 5 4 3 4 3 4 4 3 4 3 5 4 4 4 4 4 4 5 4 2 3 3 4 4 4 4 4 4 4 4 3 5 2 4 4 3 4 4 5 4 5 5 3 4 4 4 5 4 5 4 4 5 4 4 3 2 4 3 4 5 3 5 4 4 5 5 1 3 4 5 4 4 5 5 5 4 5 4 3 3 3 5 4 5 4 4 4 4 4 4 4 4 3 4 4 5 4 4 4 5 4 5 5 4 3 4 5 5 4 4 2 4 5 4 4 4 4 5 4 5 3 4 4 5 4 4 4 5 4 4 4 4 4 5 5 6 4 5 2 4 5 5 5 5 4 4 4 5 3 3 4 2 4 4 5 5 3 4 3 4 5 4 4 4 4 4 5 4 4 5 5 5 5 3 6 5 5 4 4 4 5 4 5 4 5 5 4 5 5 5 5 5 5 4 5 4 4 3 5 4 4 4 4 4 5 4 3 4 5 4 4 5 5 5 5 4 1 4 4 5 5 4 3 5 4 4 5 5 3 4 5 4 4 4 4 5 5 5 4 4 3 3 3 2 3 4 3 4 5 5 4 5 5 4 4 3 4 2 4 4 3 3 4 5 5 4 4 4 5 4 2 3 4 5 4 3 4 5 4 3 5 5 5 2 5 4 4 3 4 5 4 5 4 3 5 5 4 5 4 5 4 5 4 4 4 5 4 4 5 4 4 1 2 3 4 4 2 4 5 4 2 3 5 5 4 4 5 3 3 5 4 4 5 4 4 5 3 4 5 4 4 5 5 5 4 4 5 4 4 3 4 3 5 4 4 6 3 4 5 5 4 5 4 4 5 5 3 5 4 3 3 3 4 4 5 4 4 5 4 5 5 4 4 3 4 5 4 4 4 5 3 4 3 3 4 5 5 3 5 4 
33 31 29 35 27 19 13 15 14 16 14 17 21 11 4 3 3 4 None 2 3 4 4 4 2 5 3 4 3 3 4 2 3 2 4 4 4 4 4 4 3 3 1 3 3 4 5 4 4 4 3 4 4 4 4 5 3 3 3 2 1 3 4 2 3 3 3 2 3 3 5 2 2 3 4 4 3 2 4 4 3 4 4 3 4 3 5 3 4 4 3 4 4 5 4 4 4 3 5 3 3 4 3 5 4 4 4 3 4 4 5 4 5 4 5 4 4 3 3 2 4 4 3 3 3 4 3 4 3 4 4 4 4 4 4 4 3 4 3 5 5 3 4 3 5 5 4 5 5 4 3 3 3 5 4 3 3 5 3 4 4 2 5 2 3 5 4 4 4 3 3 3 3 4 3 4 3 3 4 5 5 4 3 4 4 4 3 4 4 4 3 4 4 3 3 2 3 4 3 2 4 3 5 4 4 3 5 3 3 4 4 3 4 3 4 5 4 3 3 3 4 3 2 1 3 5 3 4 4 3 4 5 4 3 4 5 4 3 4 4 5 3 4 5 4 5 4 4 4 3 4 5 3 4 3 4 2 2 3 4 5 5 4 4 4 3 4 4 5 4 4 4 4 2 5 4 3 3 3 4 4 4 3 4 5 4 5 4 3 4 4 3 4 4 4 4 4 3 4 4 4 4 5 4 4 5 5 4 5 4 5 4 4 4 5 4 5 4 5 4 5 3 3 3 2 4 4 5 4 4 4 5 2 4 4 5 3 4 4 4 5 4 4 4 3 4 4 4 4 4 4 4 5 4 3 4 4 4 5 4 4 4 3 4 4 4 4 4 3 5 4 4 3 3 4 4 4 5 4 4 4 4 4 4 4 3 4 4 3 4 3 4 4 1 3 4 4 4 4 3 4 4 4 4 3 3 5 4 3 4 3 3 4 4 2 3 3 5 4 3 4 4 4 4 4 4 3 3 4 4 4 4 4 4 3 4 3 3 3 3 4 4 5 4 4 5 5 5 3 4 3 4 3 3 4 5 4 3 4 3 4 5 4 4 3 4 5 4 4 4 4 4 4 5 6 4 4 2 3 3 2 4 4 4 3 4 4 3 4 2 3 4 5 4 3 4 4 4 3 4 
33 31 29 35 27 19 13 15 14 16 14 17 21 11 4 4 2 3 2 None 1 4 4 4 4 3 4 4 4 4 4 3 4 4 3 5 5 4 5 4 5 4 3 3 4 3 5 3 3 4 5 4 2 3 2 4 3 4 4 4 3 2 3 4 5 5 5 4 4 5 4 4 4 3 3 4 3 3 4 4 4 4 4 5 4 4 4 5 4 3 3 4 3 4 4 4 4 4 5 5 3 5 4 4 4 3 2 4 5 5 5 3 4 4 4 4 5 3 4 3 4 4 1 3 4 4 4 3 4 3 4 5 3 4 5 4 4 4 5 5 4 2 2 1 3 4 3 4 4 4 4 3 5 4 4 3 5 4 5 4 5 4 5 4 4 3 4 3 4 4 4 3 4 2 3 3 4 5 4 4 4 4 4 4 3 4 4 4 5 3 5 3 4 3 4 2 5 3 5 4 3 4 4 4 4 4 4 3 5 3 3 3 2 3 3 5 3 5 1 4 5 4 3 3 3 5 4 4 4 5 3 3 4 4 4 5 5 5 3 3 5 4 3 3 3 4 4 3 3 4 4 4 4 4 4 5 4 4 4 4 3 4 5 4 5 3 2 3 4 4 4 5 3 3 4 4 4 3 2 4 5 3 3 5 5 5 4 4 5 3 4 4 4 4 3 4 4 4 2 5 4 4 4 2 5 4 4 4 3 5 4 4 4 2 4 4 3 4 4 5 5 4 2 4 3 4 4 3 3 4 4 4 4 5 4 4 5 5 3 5 4 4 4 4 3 5 4 3 4 4 4 4 3 3 3 3 4 3 4 4 4 3 4 3 4 4 4 2 3 4 3 3 3 3 5 5 5 4 4 4 4 5 4 4 4 3 4 4 3 4 4 3 3 3 3 3 4 4 4 4 4 4 4 3 4 4 3 2 4 4 4 2 4 4 3 2 4 4 3 2 3 4 2 4 4 4 4 4 3 4 4 5 4 4 4 4 2 3 3 3 4 4 5 5 4 5 5 4 3 2 4 3 4 5 4 4 3 4 5 4 4 4 4 4 5 5 5 4 4 4 4 5 4 4 5 3 3 4 4 5 4 4 4 4 5 3 4 4 4 4 2 3 3 3 4 4 3 3 5 4 
33 31 29 35 27 19 13 15 14 16 14 17 21 11 4 5 3 4 3 1 None 3 3 4 5 4 4 4 4 4 4 4 4 4 2 5 4 4 5 5 5 4 4 2 4 4 5 4 3 4 4 5 1 4 3 3 3 4 5 4 4 1 4 3 4 5 4 4 4 4 4 3 4 4 2 3 4 3 5 5 4 5 4 4 5 5 5 4 3 4 4 3 4 4 3 5 3 5 5 4 4 4 4 5 4 4 3 3 4 4 4 2 4 5 3 3 4 3 4 4 4 3 2 2 4 3 3 4 4 4 3 5 4 4 5 5 5 4 4 5 5 3 3 2 2 4 4 4 5 3 4 2 4 5 3 4 5 4 5 4 4 4 4 4 4 4 3 4 5 4 4 4 3 3 4 2 3 4 3 3 3 5 3 5 4 4 4 3 4 4 4 2 4 4 5 3 4 4 5 4 4 4 4 5 4 4 3 4 4 4 4 2 3 4 2 4 3 4 2 5 4 5 4 4 3 4 3 3 4 4 4 4 4 4 4 4 4 5 4 4 4 4 3 2 2 4 4 3 3 3 4 4 5 4 4 5 3 3 4 3 2 4 4 4 4 3 3 4 3 3 4 4 4 2 5 4 4 4 3 5 5 4 4 4 5 5 4 5 4 4 5 3 4 4 4 3 3 3 3 4 3 4 3 3 5 4 4 4 4 4 4 4 3 1 5 5 4 4 4 4 5 4 3 5 4 3 4 2 4 5 4 4 4 4 4 3 4 4 4 5 4 5 5 4 4 5 5 4 5 3 4 3 2 3 4 4 3 4 3 4 3 3 5 4 5 3 5 3 4 5 4 4 4 4 5 5 4 4 3 5 5 5 4 3 5 4 4 3 2 4 3 4 4 3 4 4 3 5 4 4 3 5 3 4 4 4 4 3 4 3 3 3 4 3 3 3 3 5 4 3 4 3 3 4 3 5 4 4 4 4 3 4 3 3 3 3 3 4 4 3 4 4 5 4 4 4 5 4 4 1 4 3 3 4 5 4 4 5 4 5 5 3 3 4 5 4 6 4 4 4 4 4 5 5 4 4 4 3 4 4 4 3 5 4 4 3 4 4 4 4 3 4 3 4 4 4 4 2 5 4 
33 31 29 35 27 19 13 15 14 16 14 17 21 11 4 5 5 4 4 4 3 None 4 3 5 4 4 5 3 4 5 5 5 5 4 4 4 4 4 4 3 3 4 4 4 4 4 4 4 4 4 3 4 3 4 5 5 4 4 4 5 4 6 4 5 3 3 4 4 4 4 3 4 4 5 4 5 5 3 4 4 4 2 3 3 3 4 4 3 5 5 4 3 5 5 5 4 4 2 4 4 5 5 4 4 5 4 5 5 5 1 3 4 4 4 5 3 4 4 4 3 4 4 2 4 4 4 5 4 6 5 4 4 3 5 4 4 3 4 7 6 5 3 4 5 4 4 4 5 3 4 4 2 5 4 4 5 1 5 5 4 4 5 5 4 4 5 4 3 4 4 4 5 5 3 4 4 3 3 5 4 5 4 4 4 3 4 3 4 2 4 5 5 4 4 4 4 5 3 2 5 4 4 2 5 4 4 4 4 5 5 4 4 3 5 4 3 4 3 5 5 4 5 3 5 4 4 3 3 3 4 5 4 3 3 4 4 4 4 3 4 4 4 4 5 5 4 5 3 4 3 3 5 4 4 4 3 4 4 4 4 5 5 4 6 4 4 3 3 4 3 4 4 5 5 4 3 3 4 4 4 4 5 5 5 4 6 4 4 3 5 3 5 3 4 4 5 5 4 4 5 5 4 5 3 4 5 3 5 3 4 3 5 3 5 4 4 2 3 4 5 4 5 5 4 4 4 5 4 4 3 5 5 5 4 4 4 5 4 3 2 3 4 5 4 4 5 4 5 5 4 4 5 3 5 5 5 4 4 4 4 5 3 3 4 3 4 2 3 3 5 4 4 5 5 4 4 4 4 4 4 3 5 4 5 5 4 4 4 4 4 5 4 5 3 2 3 4 3 4 4 4 4 3 4 6 5 4 5 4 3 5 5 4 4 4 4 5 4 3 4 4 5 5 4 3 3 4 5 4 5 4 4 4 4 5 5 5 4 3 4 4 4 4 5 4 3 2 4 4 3 5 1 4 5 6 3 5 4 4 3 5 4 3 4 4 6 5 4 4 3 4 2 4 4 4 4 5 4 3 2 4 4 4 5 4 5 4 4 5 4 4 4 4 4 4 4 4 5 5 
33 31 29 35 27 19 13 15 14 16 14 17 21 11 4 4 4 5 4 4 3 4 None 3 4 4 5 3 3 5 6 5 4 3 4 5 4 5 5 5 4 3 5 5 5 5 5 4 5 4 4 4 4 5 4 5 3 4 4 4 4 4 6 4 5 3 5 4 4 5 4 4 4 5 2 2 3 4 5 4 5 4 4 3 5 5 4 4 5 3 5 4 4 5 3 4 5 4 4 3 5 5 4 5 4 5 5 4 5 3 5 5 4 4 5 2 5 3 4 5 3 5 5 5 5 4 4 4 4 5 5 4 5 4 4 4 4 5 5 5 4 4 4 5 1 5 4 6 5 4 5 4 4 5 4 5 4 5 5 4 5 4 4 4 4 5 5 5 5 5 5 4 4 4 5 4 4 5 4 4 2 5 3 5 4 4 4 5 5 5 4 3 5 4 4 5 4 3 3 2 5 3 4 5 4 4 4 5 5 4 4 5 5 4 4 4 5 5 5 5 4 5 5 3 4 5 4 5 3 5 4 5 4 4 5 4 3 5 3 3 5 4 4 3 4 4 4 5 4 4 4 3 5 4 4 5 4 4 5 4 4 4 3 4 4 4 4 5 4 5 4 5 3 5 5 5 4 3 4 4 4 5 5 3 4 4 6 3 5 5 4 3 4 4 5 2 4 5 4 3 4 4 4 5 4 4 5 4 5 5 4 4 4 4 4 5 4 5 5 4 4 3 5 2 3 4 4 5 4 4 5 3 3 1 4 3 4 4 4 4 4 4 5 4 4 4 4 4 4 3 4 3 3 5 3 4 2 4 5 4 4 5 5 5 4 4 4 5 5 5 5 4 4 4 5 3 4 3 4 4 5 4 4 4 5 4 5 4 3 5 5 6 5 4 3 4 5 5 5 4 4 5 4 4 2 4 3 4 2 6 4 4 5 5 5 4 4 4 5 4 3 4 2 4 3 4 3 4 5 3 5 4 4 3 5 4 4 5 5 4 4 4 5 4 3 4 5 5 4 3 4 3 5 5 4 5 5 4 3 5 5 3 3 4 5 5 6 5 5 5 4 4 4 5 5 4 5 4 3 5 4 5 4 4 3 3 5 5 4 4 4 4 3 5 4 4 4 3 5 4 
33 31 29 35 27 19 13 15 14 16 14 17 21 11 4 4 4 4 4 4 4 3 3 None 4 3 4 3 2 4 3 4 4 4 3 4 4 4 4 4 4 4 4 5 4 3 5 3 5 5 3 4 5 2 3 5 4 3 4 3 3 5 6 4 4 4 5 4 4 4 4 5 3 4 4 4 4 4 4 3 4 4 1 3 4 2 4 5 3 4 4 3 2 4 4 4 3 4 5 3 4 4 4 4 4 4 4 4 5 3 4 4 4 2 4 2 4 4 3 5 3 4 4 4 4 4 3 4 3 5 4 1 4 4 4 5 4 4 4 6 5 4 4 5 4 4 5 4 4 4 3 4 4 5 4 4 5 2 4 4 4 4 4 5 4 4 4 4 4 5 5 3 3 4 4 4 5 5 4 4 5 4 4 5 5 4 4 4 3 3 3 4 4 3 4 3 3 4 4 3 4 3 4 3 3 3 4 4 2 5 5 3 2 3 4 4 3 4 4 4 3 3 4 4 4 3 1 5 4 4 4 4 4 3 3 2 4 4 4 4 4 4 4 3 4 4 3 4 3 3 4 3 3 4 3 5 3 3 4 4 5 4 4 4 5 3 4 5 2 4 4 5 4 4 4 4 4 4 4 3 5 3 3 4 5 3 5 3 3 5 5 4 4 4 5 4 4 3 5 4 3 2 3 4 4 3 4 3 5 4 4 4 4 4 4 4 3 4 5 5 4 4 5 3 4 4 4 4 4 3 4 4 2 4 4 4 4 4 3 4 3 3 4 2 3 3 3 3 4 5 4 5 5 4 3 3 4 4 4 4 4 6 2 4 5 4 3 3 4 3 4 5 4 4 4 2 5 1 4 5 4 3 4 4 5 4 2 3 2 4 4 3 3 4 4 4 4 5 4 3 3 5 3 4 4 5 4 4 4 4 3 4 4 5 4 4 3 3 4 4 3 2 4 4 4 2 2 4 5 4 5 4 4 3 5 4 4 4 4 3 3 3 5 3 4 4 4 4 4 3 4 5 4 2 4 6 3 4 2 3 4 4 3 2 3 5 5 4 4 4 4 3 4 3 4 5 5 3 2 4 3 4 3 3 4 4 3 3 3 3 5 3 4 4 3 4 3 3 3 4 
33 31 29 35 27 19 13 15 14 16 14 17 21 11 4 5 4 4 2 4 5 5 4 4 None 4 3 3 4 4 5 3 4 4 4 5 4 3 4 4 4 5 1 3 3 4 5 3 5 5 3 4 4 4 4 5 3 4 5 4 3 4 5 2 3 4 4 3 5 4 5 2 4 3 4 2 5 4 4 4 3 4 4 3 5 5 4 2 3 3 3 4 4 4 4 4 4 4 5 3 4 4 4 4 4 3 2 4 5 4 4 4 4 4 4 4 5 3 4 4 5 4 4 3 3 4 3 4 3 5 3 4 4 5 4 4 4 4 4 4 5 3 4 3 4 4 5 4 5 3 4 4 3 5 4 3 3 5 3 4 3 4 4 4 3 5 4 2 4 3 4 3 4 5 5 4 4 4 4 4 4 4 3 4 5 4 3 4 5 4 3 3 3 3 4 4 3 3 4 4 4 4 4 5 4 2 5 5 4 4 3 3 4 4 4 4 4 5 5 5 3 4 3 3 3 4 4 3 3 4 4 5 5 4 5 5 4 3 4 3 4 4 5 5 5 5 4 4 4 3 4 4 4 5 4 4 2 3 4 4 5 4 2 4 4 4 4 2 4 4 3 5 4 4 4 4 3 5 4 4 4 3 5 4 4 4 5 5 4 3 2 3 2 4 4 5 4 4 6 4 3 4 5 3 3 4 4 4 5 4 4 4 4 4 4 3 3 4 3 3 3 1 4 4 4 4 3 5 4 4 4 4 4 3 4 5 4 5 4 5 5 3 4 2 3 4 2 3 5 2 5 3 4 4 4 3 3 4 4 3 4 4 4 3 2 4 4 4 4 5 4 4 2 3 4 4 4 5 4 4 4 4 4 4 2 4 5 4 3 4 4 5 5 3 5 4 4 4 3 4 4 4 4 3 4 5 3 4 4 4 4 4 3 4 4 4 5 5 4 3 3 3 4 3 5 4 3 4 4 4 5 4 2 3 5 4 5 4 4 4 2 4 5 5 4 4 4 4 1 4 4 5 4 5 4 5 4 3 4 5 4 4 3 4 4 4 5 4 3 4 4 3 3 5 6 4 3 2 3 5 4 4 4 4 4 4 5 4 4 3 3 5 4 3 3 4 5 5 5 4 
34 32 30 36 28 20 14 16 15 17 15 18 22 12 5 5 3 5 5 3 4 4 4 3 4 None 2 5 4 4 4 4 5 4 5 4 3 5 5 5 4 5 4 4 5 4 4 4 4 4 4 5 5 5 3 5 4 4 5 4 5 4 6 4 5 5 5 5 5 5 5 5 4 3 3 4 3 4 5 4 5 4 2 5 6 3 5 5 5 4 5 4 4 5 4 4 5 4 5 3 5 5 4 5 5 4 4 3 4 5 4 5 5 5 5 4 5 4 4 5 4 4 2 4 4 4 5 5 3 5 5 3 5 4 4 5 5 4 5 4 2 3 4 4 3 4 4 4 5 4 4 4 4 6 5 4 4 3 5 5 5 5 4 4 5 4 4 4 4 5 4 4 4 4 5 3 4 5 5 4 4 4 4 5 5 4 5 5 5 3 4 4 5 4 5 4 5 5 5 4 4 5 3 4 5 4 4 4 4 5 5 4 5 4 4 3 4 3 4 5 4 4 4 4 4 4 4 5 3 4 3 5 5 4 3 4 5 5 5 3 4 4 3 2 3 5 4 4 2 3 4 5 5 4 5 5 3 4 4 5 4 4 3 3 4 5 5 4 1 5 4 5 3 5 3 5 4 5 4 4 5 3 4 3 5 4 5 5 4 4 4 3 5 5 4 6 4 4 4 5 4 4 4 3 4 3 4 5 4 4 5 5 5 3 4 3 4 5 4 4 4 5 3 5 4 3 1 6 4 4 3 1 5 5 4 4 4 4 4 5 4 5 4 3 4 4 5 4 5 3 4 5 5 4 5 5 2 4 4 4 5 4 3 5 4 4 3 5 5 4 5 4 4 5 4 4 4 4 4 4 4 5 4 3 2 4 3 5 4 5 5 5 4 5 4 5 5 4 4 5 4 6 4 4 5 5 4 3 5 5 2 5 3 4 4 3 4 5 4 3 4 4 4 5 5 3 4 4 4 4 5 4 4 3 4 5 5 4 5 4 2 4 3 3 5 6 5 5 3 3 4 4 4 4 4 5 4 5 4 5 5 2 4 3 4 5 6 5 5 4 4 4 3 6 5 4 5 5 4 4 3 4 4 4 3 5 5 3 4 4 3 4 4 4 4 5 4 4 5 5 
33 31 29 35 27 19 13 15 14 16 14 17 21 11 4 5 4 4 3 4 4 4 5 4 3 2 None 4 4 5 5 4 3 3 4 4 4 4 3 3 4 4 2 3 4 4 4 3 4 4 2 3 3 3 4 5 4 5 3 4 3 4 4 3 4 5 5 4 4 4 4 3 2 1 5 3 3 4 5 4 4 4 4 3 5 5 4 4 4 3 4 4 4 4 5 4 4 4 6 4 4 4 3 3 3 4 4 1 2 4 5 5 5 4 5 3 3 4 3 4 4 2 4 4 2 5 4 4 5 5 4 4 4 5 5 5 4 3 3 6 4 5 4 3 4 4 4 5 3 4 3 3 2 4 4 2 4 5 4 4 4 4 4 2 3 4 4 4 3 4 5 2 3 4 3 3 4 3 4 3 5 4 3 5 4 3 4 3 4 4 4 4 3 4 4 4 4 4 3 4 4 4 4 5 3 4 4 4 3 3 4 3 3 4 5 5 4 5 4 5 4 3 2 4 4 4 3 4 4 3 4 5 4 5 5 5 4 3 4 4 3 3 4 4 4 5 5 5 4 2 4 5 3 4 5 3 1 2 2 3 4 4 4 4 2 4 4 4 3 4 4 4 5 4 5 3 5 4 3 4 5 4 5 2 4 4 5 5 4 4 5 4 5 4 3 4 3 3 5 3 3 3 4 5 2 5 4 3 5 3 4 4 4 4 4 5 4 4 5 5 4 4 5 4 4 4 3 5 4 5 4 3 4 4 4 5 4 4 4 4 4 5 4 3 3 5 4 4 5 4 4 5 4 3 4 4 3 5 4 5 4 4 3 5 4 4 3 4 3 5 4 5 4 4 4 4 4 4 4 4 3 5 3 4 3 3 4 3 2 4 3 4 4 3 4 3 4 4 3 4 4 4 3 3 4 5 4 5 4 4 4 3 3 4 3 4 3 5 4 4 2 3 4 5 4 3 4 3 4 3 4 5 4 3 5 3 4 4 3 3 3 5 3 4 5 4 4 4 4 3 4 5 4 4 4 3 4 4 4 5 4 4 4 4 3 3 5 4 4 4 4 3 4 4 5 5 3 3 4 4 5 4 2 5 3 3 4 4 2 4 4 5 5 4 2 3 5 4 5 5 
32 30 28 34 26 18 12 14 13 15 13 16 20 10 3 3 2 4 4 4 4 5 3 3 3 5 4 None 4 4 4 3 4 2 3 4 3 3 4 4 3 4 4 3 2 3 4 4 3 4 3 3 4 4 3 4 3 3 4 4 3 4 5 3 4 4 3 2 2 4 4 3 4 4 4 2 3 3 4 4 3 4 4 3 4 3 3 3 3 3 4 4 3 5 3 4 5 3 4 3 3 3 4 4 4 2 4 4 4 4 4 3 4 4 4 1 5 4 4 4 4 4 3 4 4 4 4 3 3 4 3 4 4 3 4 2 3 3 4 5 4 2 3 3 4 3 4 4 4 4 2 4 4 4 4 4 3 4 4 1 3 3 3 4 4 4 3 4 4 4 5 4 2 4 5 3 3 3 2 4 4 4 3 4 4 3 4 4 3 4 3 3 3 2 3 4 4 3 3 4 4 2 4 4 3 4 5 3 3 4 3 4 3 4 4 3 3 4 4 4 2 3 4 4 4 5 3 4 3 2 4 4 3 3 5 5 3 4 3 4 4 4 3 4 3 4 4 4 3 3 3 4 4 3 3 4 3 3 4 4 4 3 4 4 5 2 4 4 4 4 4 4 3 4 3 4 4 4 3 4 4 4 3 4 4 4 5 3 4 4 2 5 3 3 3 5 2 4 5 2 3 3 3 4 4 4 4 3 3 4 4 3 4 5 4 2 3 4 4 4 5 2 4 4 3 3 4 4 3 3 4 5 4 3 4 3 4 4 4 4 4 2 4 3 4 5 3 3 3 4 4 4 3 3 3 3 4 3 4 1 4 4 3 4 3 3 4 4 4 4 4 3 1 2 4 4 4 2 2 3 3 4 4 3 4 3 3 1 2 3 4 4 4 3 3 4 4 3 4 2 2 5 3 3 3 5 1 2 3 4 4 4 3 3 3 2 4 5 4 4 3 3 2 2 3 4 3 4 3 4 5 5 3 2 4 4 5 3 4 3 4 4 4 4 3 2 4 3 3 3 3 3 4 2 4 5 3 5 3 4 4 4 3 4 3 3 5 4 3 4 3 4 3 4 4 4 2 3 4 4 4 4 4 4 4 3 4 3 3 2 3 3 2 4 3 4 2 2 4 4 
33 31 29 35 27 19 13 15 14 16 14 17 21 11 4 5 4 4 3 4 4 3 3 2 4 4 4 4 None 4 4 4 4 4 4 3 4 4 4 5 3 2 4 4 4 4 4 4 3 4 3 3 3 4 2 5 4 3 4 3 3 3 5 4 4 2 3 4 3 2 4 4 4 4 3 4 3 3 4 4 4 3 3 3 5 4 4 4 3 4 4 1 3 5 2 3 3 3 5 4 2 2 4 2 5 4 4 4 5 3 4 4 4 2 3 4 4 4 5 5 4 5 3 3 4 4 3 4 3 4 2 1 4 4 5 4 4 5 4 5 5 4 4 4 4 3 4 3 4 4 3 4 4 4 4 4 3 4 4 4 4 3 4 4 3 3 4 3 3 4 5 4 3 3 4 4 5 4 4 3 3 4 3 3 3 3 2 4 3 4 3 2 3 3 4 4 4 4 2 1 4 4 4 3 4 3 5 3 2 5 4 3 3 4 3 5 2 4 5 5 3 3 4 2 4 5 3 4 4 4 4 5 4 3 3 2 5 4 4 4 4 4 5 5 4 2 3 2 5 4 3 3 3 2 1 4 3 3 3 3 4 5 4 4 5 4 4 5 4 4 3 5 4 4 4 4 4 2 3 4 3 4 3 4 5 3 3 2 4 5 5 2 4 3 4 4 4 4 5 4 3 2 3 4 3 4 3 4 3 4 4 4 4 4 4 4 4 3 4 3 5 3 3 4 3 4 4 5 3 3 4 4 4 4 3 4 3 4 3 4 3 4 3 4 3 3 2 1 5 3 3 3 4 4 3 3 3 4 5 4 4 5 4 4 4 5 4 5 4 4 4 3 3 4 4 4 3 3 4 3 4 3 4 4 5 4 2 4 4 3 3 4 5 4 3 4 3 4 4 3 3 4 4 4 4 4 3 2 4 4 3 4 2 5 4 4 4 4 4 4 4 3 3 4 4 4 2 3 3 4 5 3 3 4 4 4 4 3 4 4 3 3 4 1 2 3 4 4 4 4 4 3 4 4 3 5 3 4 4 4 2 4 3 2 3 5 5 3 4 3 4 3 4 5 5 3 4 3 2 3 3 5 3 3 2 4 3 4 3 2 4 4 3 4 3 4 3 5 3 4 
32 30 28 34 26 18 12 14 13 15 13 16 20 10 3 4 2 4 3 4 4 4 5 4 4 4 5 4 4 None 4 4 4 3 3 4 5 4 4 3 3 5 4 4 4 4 5 2 4 5 4 3 4 4 3 4 3 2 4 3 4 4 6 3 2 3 5 4 4 4 5 3 3 4 4 4 4 3 2 4 4 3 3 4 5 2 4 4 3 4 4 5 4 5 5 4 4 3 3 4 4 5 4 4 3 4 2 4 5 3 4 5 5 3 2 4 5 4 4 3 3 3 4 4 3 3 4 4 4 5 5 3 4 4 5 3 4 4 3 4 5 4 3 3 4 4 4 4 4 5 3 4 4 4 4 4 5 4 3 4 4 4 4 3 4 4 4 3 3 2 1 4 4 4 4 3 4 3 3 5 4 3 4 4 4 3 2 3 3 4 3 5 4 4 2 3 4 5 4 4 4 3 3 3 4 4 4 2 4 4 3 4 4 3 4 4 4 4 4 2 4 4 3 4 4 4 4 4 4 2 2 5 4 3 3 4 3 3 3 3 4 4 3 4 4 5 3 4 4 3 2 5 4 3 4 4 4 3 4 4 4 4 4 4 4 3 5 3 4 4 4 5 3 3 4 5 4 4 4 4 3 3 3 4 5 4 4 4 3 3 4 4 5 2 3 4 4 4 5 3 4 4 4 3 5 4 5 4 2 4 3 4 4 3 4 4 4 4 3 3 5 4 3 4 3 4 3 5 4 3 2 4 5 5 4 4 5 2 3 5 4 4 5 3 3 3 3 3 2 4 4 5 4 4 4 1 4 2 4 3 5 4 4 3 4 3 4 3 4 4 2 3 5 4 4 4 4 5 4 4 4 4 4 3 4 3 3 3 4 3 4 3 4 2 3 2 1 1 3 4 4 5 4 2 4 3 4 3 4 5 2 3 4 3 4 4 4 4 4 3 4 4 4 4 5 4 4 3 4 3 2 4 4 3 3 5 4 3 4 4 4 4 4 4 4 4 4 4 3 4 4 4 4 3 4 6 3 4 4 3 3 4 3 4 4 4 5 3 4 4 4 2 3 4 5 3 4 3 2 4 3 4 4 4 4 4 5 3 4 4 3 1 2 4 4 4 3 4 4 4 
33 31 29 35 27 19 13 15 14 16 14 17 21 11 4 4 4 6 4 4 4 5 6 3 5 4 5 4 4 4 None 4 4 4 5 5 4 4 4 3 4 4 4 4 4 4 6 4 5 3 5 5 5 4 3 4 4 4 4 4 4 4 5 5 5 3 5 4 4 5 5 5 3 4 4 4 4 4 4 4 4 4 3 4 4 4 5 5 5 3 3 4 2 6 5 4 4 3 5 3 5 5 4 3 4 5 3 5 5 4 5 5 3 3 4 4 2 4 3 4 4 4 3 5 4 3 4 4 4 4 3 4 4 4 4 3 4 5 3 6 5 3 4 4 5 4 4 4 4 4 3 3 4 5 5 5 3 4 4 5 4 4 4 4 4 4 5 3 3 4 3 4 5 4 4 4 3 5 4 4 5 5 5 5 4 4 2 4 5 3 5 4 4 5 4 4 3 3 5 4 5 5 5 4 4 4 4 4 4 4 4 5 5 4 2 5 5 4 4 4 4 5 4 5 4 4 4 5 5 4 4 4 4 5 4 5 3 4 4 4 3 4 5 5 5 4 5 5 4 4 4 4 4 5 4 5 4 3 3 4 5 4 4 5 6 5 3 5 4 1 2 5 4 4 5 5 4 4 3 3 5 4 5 5 5 5 5 3 3 4 5 4 5 4 3 5 5 4 4 5 4 4 3 4 4 4 5 3 5 4 5 3 5 5 4 4 5 4 4 3 4 5 4 4 3 4 3 5 3 4 5 5 5 5 3 4 5 2 3 4 3 3 4 4 3 5 4 3 5 5 5 4 3 4 3 4 4 4 3 5 5 3 2 4 5 3 4 5 5 2 4 4 4 3 4 4 5 3 4 4 4 5 4 4 4 3 4 4 4 4 2 5 2 4 4 4 3 5 5 5 4 5 4 4 4 5 4 4 4 5 4 5 4 4 3 2 5 3 1 2 4 5 4 5 3 4 4 4 5 4 4 5 3 4 4 4 3 4 2 4 5 5 5 5 4 4 4 4 4 3 3 4 4 3 2 5 3 4 5 1 3 4 5 4 5 4 6 1 4 5 4 4 4 3 3 3 3 4 5 5 4 5 5 5 4 4 3 4 4 5 4 5 4 4 5 5 4 4 3 4 
33 31 29 35 27 19 13 15 14 16 14 17 21 11 4 4 3 4 2 3 4 5 5 4 3 4 4 3 4 4 4 None 4 3 5 4 5 2 4 4 3 4 3 2 2 3 4 4 4 5 4 4 4 3 3 4 4 4 4 3 1 3 5 1 2 4 3 2 4 4 4 4 3 3 4 3 4 2 4 4 1 4 4 4 5 4 4 3 4 4 3 4 4 4 4 4 5 4 5 4 3 4 3 4 3 3 3 3 4 5 5 4 3 4 5 4 4 3 4 3 4 3 2 4 5 3 3 4 3 4 4 4 4 4 4 4 4 4 3 5 3 1 4 4 5 4 5 5 4 4 2 3 3 4 3 4 3 5 4 4 3 3 4 3 4 4 3 2 4 3 4 4 5 3 4 4 4 2 3 4 5 3 3 5 5 3 3 4 4 4 2 3 3 3 4 4 5 2 3 4 4 3 4 5 5 3 4 4 3 2 3 5 4 3 5 3 4 4 4 4 4 4 3 3 3 3 3 4 4 3 4 4 4 4 4 5 4 3 4 4 5 3 4 3 4 5 4 4 4 4 3 4 4 4 3 4 3 2 3 4 4 4 4 4 2 4 3 3 4 4 3 4 2 3 5 3 4 4 4 4 3 3 4 4 5 4 4 5 3 3 3 4 4 3 4 4 5 3 5 3 4 4 4 3 4 4 4 4 4 3 4 4 5 4 5 3 4 4 3 3 5 3 3 4 3 4 4 5 3 4 4 4 2 4 5 4 4 4 4 5 4 3 4 3 4 4 4 4 4 3 4 3 4 3 4 4 4 4 5 3 3 3 3 4 4 4 5 3 4 5 5 4 2 3 4 5 3 5 3 4 4 4 3 4 3 4 4 3 4 4 4 5 4 2 4 4 4 3 4 4 3 3 4 4 4 4 4 3 4 4 3 4 3 3 2 3 4 4 4 3 4 4 3 3 4 4 3 3 3 4 4 5 2 3 4 4 3 2 3 4 3 5 4 4 4 4 4 4 2 5 4 4 5 4 3 5 4 4 4 5 4 4 3 3 3 5 6 3 4 4 4 4 4 4 5 4 3 4 5 4 4 4 4 5 3 4 4 3 3 2 3 4 4 5 2 3 4 5 4 4 
33 31 29 35 27 19 13 15 14 16 14 17 21 11 4 4 4 4 3 4 4 5 4 4 4 5 3 4 4 4 4 4 None 3 4 1 4 2 4 4 4 3 3 3 4 4 3 3 3 4 3 4 5 3 4 5 3 3 4 3 4 4 5 3 4 5 5 4 3 4 2 4 3 3 4 4 4 3 4 2 3 3 4 4 5 4 3 3 4 4 3 4 3 5 4 4 4 4 5 3 4 2 3 4 4 3 4 4 4 4 4 3 4 4 4 3 3 4 3 3 3 4 3 3 4 3 4 3 4 4 5 4 3 3 4 4 4 2 4 6 5 4 4 3 5 3 3 4 3 4 4 3 3 3 4 3 4 4 5 4 4 4 3 3 3 4 3 4 3 4 3 1 3 4 4 4 4 4 2 5 4 4 3 4 5 3 4 4 4 4 4 5 3 5 3 4 4 4 3 4 4 2 5 4 4 4 5 4 4 4 5 3 2 3 5 4 3 4 4 4 3 4 3 4 4 3 3 4 4 4 4 4 1 5 4 4 1 3 4 3 4 4 4 5 4 5 4 5 4 4 4 3 3 3 4 3 2 3 4 4 5 3 4 4 4 3 5 3 4 4 4 1 3 3 2 3 4 3 2 3 4 4 4 4 4 4 4 4 5 4 4 4 4 4 4 4 4 4 5 3 4 4 5 4 5 3 4 2 3 4 4 4 2 4 3 3 4 4 4 4 4 4 4 4 3 4 5 5 2 3 4 5 3 3 3 5 4 2 4 4 3 4 3 3 4 5 4 3 3 5 4 3 4 4 4 4 4 4 4 3 4 4 4 4 4 4 5 4 4 4 4 3 4 3 4 4 3 3 3 4 3 4 3 4 5 2 4 3 2 4 4 3 4 2 3 3 4 4 3 4 2 3 3 3 2 4 3 2 3 4 4 4 5 3 4 3 4 4 5 4 5 4 4 4 4 4 3 4 1 3 4 4 4 4 4 4 3 3 3 3 4 4 4 5 3 4 4 5 4 3 3 3 4 4 5 5 2 3 3 3 5 4 4 3 4 3 5 4 5 4 5 4 3 4 5 4 4 4 4 5 4 4 4 4 4 2 4 4 4 4 4 4 4 2 2 3 3 4 5 4 
33 31 29 35 27 19 13 15 14 16 14 17 21 11 4 3 3 4 2 4 4 5 3 4 4 4 3 2 4 3 4 3 3 None 2 4 3 3 4 3 2 4 3 3 3 2 5 3 2 4 4 3 3 4 4 4 4 3 3 2 3 3 5 2 3 4 2 3 1 3 5 4 2 3 4 3 3 4 3 3 4 4 4 3 2 3 4 3 3 2 4 3 3 4 4 4 3 1 3 1 3 4 3 4 3 4 3 3 4 3 4 3 4 4 3 3 4 3 3 2 4 3 4 4 4 3 4 3 3 4 4 3 4 3 2 4 1 4 3 5 4 4 4 4 3 4 4 4 4 2 4 3 3 4 4 4 3 4 4 3 4 3 4 2 3 4 4 3 3 4 4 3 3 4 3 2 1 3 4 3 3 4 3 3 4 2 2 3 2 4 3 3 4 3 1 3 4 4 3 3 3 3 4 4 3 3 4 3 4 4 4 2 3 4 4 5 3 2 4 3 3 3 2 3 3 4 3 4 4 3 4 4 3 4 4 3 4 3 3 2 4 3 3 4 3 3 4 4 4 1 3 4 3 3 4 4 4 3 3 4 3 3 2 4 3 4 3 3 4 4 3 4 3 2 4 3 2 3 3 4 2 4 4 3 5 4 5 2 4 4 4 3 3 3 4 4 2 4 5 2 3 4 4 3 3 4 3 3 4 2 3 4 3 3 3 4 3 3 4 4 3 4 4 3 2 4 5 4 4 3 4 3 4 2 3 3 4 3 3 4 3 2 4 2 3 4 4 3 3 3 3 4 4 4 3 2 2 3 3 3 4 4 3 2 3 2 3 3 4 3 3 4 3 3 4 4 3 4 2 4 4 3 3 4 4 2 4 3 3 3 3 4 4 1 2 3 3 4 4 3 2 4 4 2 3 3 3 3 1 3 4 3 2 4 4 3 3 5 4 3 4 3 4 4 3 4 2 3 4 4 4 4 4 4 3 4 3 4 2 2 2 3 3 4 3 3 4 3 3 3 3 4 4 2 4 4 4 3 4 4 3 4 4 4 4 4 5 3 4 3 3 2 4 3 4 3 4 3 3 3 3 3 4 4 3 2 3 3 3 4 4 3 3 4 3 4 3 3 4 4 
32 30 28 34 26 18 12 14 13 15 13 16 20 10 3 4 3 4 4 3 2 4 4 3 4 5 4 3 4 3 5 5 4 2 None 5 4 3 4 5 3 5 5 4 3 4 6 4 4 2 5 3 3 3 2 5 3 4 4 4 4 3 5 4 3 3 4 4 3 5 5 5 4 5 2 3 3 4 4 3 4 5 4 4 4 3 4 4 2 4 5 3 3 5 3 5 4 3 5 3 5 4 5 5 3 5 4 3 4 5 5 3 4 3 3 3 3 3 5 4 4 4 3 4 4 4 4 5 4 5 3 4 3 5 4 3 3 5 4 5 6 4 4 4 3 5 4 4 4 4 3 4 5 4 5 4 4 5 4 4 4 4 5 4 4 3 5 3 4 5 4 5 4 4 3 4 3 4 3 5 4 5 3 4 4 4 3 4 4 5 4 4 4 4 3 4 4 4 4 4 4 4 4 4 4 2 5 5 4 5 2 4 4 3 4 5 3 4 3 3 3 4 4 5 3 5 2 4 4 4 5 5 3 5 3 4 4 3 4 4 3 4 4 4 4 4 4 5 4 3 2 4 3 3 4 5 4 5 4 5 4 5 4 4 4 4 4 3 5 5 4 4 3 4 5 5 3 5 5 5 4 4 4 5 4 5 5 4 4 4 3 4 3 3 3 5 4 5 4 4 4 4 4 4 4 4 4 4 4 4 4 4 4 3 5 4 5 5 4 4 3 4 4 4 4 4 4 4 4 5 4 5 3 4 3 1 5 5 4 5 4 4 5 4 3 5 5 4 3 4 4 4 4 4 4 4 4 3 4 2 4 5 4 3 4 3 4 2 3 4 3 2 4 5 4 3 4 4 3 5 5 4 5 5 4 4 4 3 3 4 4 5 5 3 4 3 4 3 3 4 2 4 4 3 4 4 3 3 3 4 4 3 4 5 4 4 4 4 5 4 2 1 4 4 4 5 3 3 4 4 4 5 4 4 5 5 4 4 4 4 4 4 5 4 3 3 6 3 3 3 3 3 4 3 4 5 4 3 3 4 5 3 4 5 4 5 6 4 3 5 4 4 4 4 5 4 4 4 5 5 4 4 5 4 5 4 5 4 4 4 4 2 1 4 4 4 4 4 4 4 
33 31 29 35 27 19 13 15 14 16 14 17 21 11 4 4 3 5 4 5 5 4 5 4 5 4 4 4 3 4 5 4 1 4 5 None 5 3 4 5 4 4 4 4 4 5 4 4 4 5 4 5 5 4 4 5 4 4 4 4 3 4 5 4 4 4 5 4 4 5 3 5 4 4 5 4 5 4 5 3 4 3 4 4 6 3 4 3 5 3 4 4 4 5 5 5 4 4 5 4 3 1 4 4 4 4 5 4 5 4 5 4 5 4 5 4 4 5 4 4 4 4 4 4 4 4 3 4 4 5 5 4 4 4 5 4 5 3 5 6 5 5 4 4 5 4 4 5 2 4 4 4 4 4 5 3 5 5 4 5 5 4 4 4 4 5 4 3 4 5 4 2 4 4 5 3 4 4 3 4 5 5 4 5 5 4 4 3 4 5 5 4 2 4 4 5 5 5 4 4 5 3 5 4 4 4 4 4 3 5 4 4 3 4 5 5 4 4 4 4 2 3 3 5 3 4 3 5 4 4 3 5 2 4 4 5 2 4 5 4 5 3 4 4 5 4 3 4 4 4 3 4 2 4 4 4 3 4 5 5 4 4 5 5 5 3 5 4 3 5 4 2 4 4 1 4 4 4 3 3 4 4 4 3 5 3 5 3 5 5 4 4 4 3 4 5 4 5 5 4 4 3 4 4 5 4 4 3 4 5 5 3 3 5 2 4 4 4 3 5 4 4 5 4 4 4 5 4 3 4 4 5 2 4 4 6 5 3 4 4 4 5 4 3 4 5 4 3 4 5 4 4 5 4 4 5 4 5 4 3 4 5 5 4 5 3 4 4 5 5 5 4 4 4 5 5 4 4 4 5 4 5 4 5 5 3 4 3 3 5 4 4 5 3 3 2 3 4 3 5 3 4 4 3 3 5 4 3 4 5 4 4 4 4 4 4 5 5 5 4 4 4 4 5 5 4 4 3 2 2 5 3 5 5 5 5 4 4 4 4 5 4 5 4 4 4 5 5 4 4 4 4 5 4 5 6 3 4 4 4 5 5 3 3 4 4 5 5 5 5 4 4 4 5 6 5 4 4 5 5 5 4 3 5 4 3 5 4 3 4 5 4 4 3 3 4 2 4 5 5 
33 31 29 35 27 19 13 15 14 16 14 17 21 11 4 5 4 5 4 5 4 4 4 4 4 3 4 3 4 5 4 5 4 3 4 5 None 3 5 4 3 5 4 5 4 5 5 4 3 5 2 4 5 4 3 5 4 4 3 4 4 5 5 5 4 4 4 3 4 4 4 4 4 4 4 2 4 5 5 2 4 4 4 3 5 4 4 2 4 3 5 4 2 6 5 5 5 3 6 4 4 5 5 3 4 4 5 4 5 4 5 5 5 3 4 3 4 4 4 5 4 4 4 4 4 5 5 5 4 5 5 3 5 4 5 4 4 5 4 6 3 5 4 5 4 4 5 4 5 5 4 4 4 3 4 4 4 5 5 2 5 3 4 5 4 4 4 5 3 5 5 4 1 3 4 3 2 4 5 5 4 3 4 2 5 4 4 3 4 4 5 4 5 4 4 4 4 3 4 4 4 4 3 4 4 5 4 4 3 5 4 5 4 5 4 4 3 3 4 5 4 5 5 3 5 4 3 5 3 3 4 5 5 3 4 4 4 4 4 3 5 5 4 5 4 4 4 3 3 4 4 5 4 3 4 5 3 4 4 3 4 4 4 4 5 4 4 5 4 5 4 5 4 4 4 4 1 3 4 5 5 4 4 4 4 4 4 3 5 5 5 5 4 4 5 5 4 5 5 4 4 4 4 5 4 4 5 3 3 4 5 5 5 4 4 5 5 4 4 5 5 3 5 4 4 4 4 5 5 4 4 2 4 3 4 5 4 4 3 5 4 3 4 5 4 5 4 4 4 4 4 4 4 3 4 5 3 5 4 4 5 5 4 5 4 3 4 5 4 3 5 4 4 5 5 5 4 3 3 4 5 4 3 4 5 4 2 3 2 2 5 5 4 4 4 4 5 4 5 3 4 4 3 4 4 5 3 4 2 4 3 4 4 5 5 4 3 5 4 5 3 4 3 5 4 3 4 4 4 5 5 4 4 3 5 3 4 4 3 3 4 5 5 5 5 4 4 4 5 3 3 5 3 3 4 5 5 5 3 3 5 4 3 4 4 5 6 4 5 4 4 5 4 5 4 5 5 5 4 3 2 4 4 3 4 3 4 2 4 5 5 4 3 5 4 4 3 4 4 5 
33 31 29 35 27 19 13 15 14 16 14 17 21 11 4 4 4 4 4 4 4 4 5 4 3 5 4 3 4 4 4 2 2 3 3 3 3 None 2 4 2 4 4 3 3 4 4 4 3 4 3 4 4 4 4 5 3 4 2 4 3 3 5 3 4 3 3 2 2 4 2 3 2 3 3 3 3 3 4 4 1 4 3 3 3 4 4 1 4 4 3 3 4 3 3 4 5 4 4 2 2 4 4 4 4 4 4 4 5 4 5 2 4 4 3 4 3 2 4 4 3 3 3 3 3 4 4 4 3 4 4 3 4 3 3 3 3 3 3 5 5 3 4 4 4 4 4 5 4 3 2 4 3 4 4 5 3 3 4 4 2 3 4 4 3 4 3 3 4 4 4 3 4 3 3 4 3 2 4 4 4 3 3 3 3 1 4 4 4 4 3 3 4 4 3 3 5 3 3 3 4 3 4 3 4 4 5 2 3 4 4 4 3 4 4 3 2 3 4 4 3 4 4 4 3 1 4 3 4 3 4 4 2 4 5 4 3 1 4 3 4 3 4 5 4 4 3 4 3 4 2 3 4 2 3 2 4 4 3 2 4 4 3 4 3 4 4 4 4 3 3 3 3 4 3 4 2 2 3 4 3 3 4 4 5 4 4 3 3 3 4 2 3 3 3 4 4 5 5 3 4 4 4 4 4 2 3 3 3 3 3 4 3 4 4 3 4 4 4 3 4 2 4 4 4 3 4 5 4 4 3 4 4 4 3 4 3 4 3 3 2 3 3 3 3 5 3 3 4 4 4 3 3 3 4 4 3 4 4 4 2 4 3 4 3 3 4 3 2 5 4 3 3 3 4 4 1 5 3 3 4 3 4 5 5 4 3 2 3 3 3 4 4 3 3 3 3 3 4 4 1 1 4 4 4 5 3 2 4 3 4 5 4 3 4 4 4 5 4 4 4 4 4 4 4 2 2 4 1 4 3 3 2 3 4 4 4 3 4 4 3 4 2 4 2 3 4 4 4 4 2 3 4 4 4 5 3 4 3 4 3 3 3 3 3 4 5 5 3 3 4 4 4 4 6 4 4 4 4 4 3 4 3 4 4 3 3 3 3 3 4 4 3 3 3 2 3 4 4 4 
32 30 28 34 26 18 12 14 13 15 13 16 20 10 3 3 4 5 4 5 5 4 5 4 4 5 3 4 4 4 4 4 4 4 4 4 5 2 None 2 3 4 5 4 4 4 5 3 5 4 4 3 4 3 4 5 5 5 4 4 3 4 5 3 4 4 4 3 4 5 4 4 3 3 5 4 4 3 5 5 3 4 3 4 5 4 4 3 4 2 5 4 5 4 5 5 4 4 4 4 4 5 4 5 3 4 4 2 3 4 3 4 5 5 4 4 5 4 3 4 4 4 4 5 3 4 3 4 4 5 3 4 5 4 4 2 4 5 4 4 6 5 4 5 5 4 4 4 2 4 2 5 4 4 5 3 4 4 4 4 4 3 5 3 4 5 5 4 4 4 5 5 5 5 4 3 4 4 5 2 4 4 2 4 4 3 5 3 4 3 4 4 4 4 4 4 5 4 2 3 2 4 4 5 2 2 3 4 3 5 4 4 4 3 4 5 4 3 4 2 4 4 3 4 4 3 4 4 3 3 5 4 4 5 4 5 4 3 3 5 5 4 4 4 3 5 4 3 4 3 3 4 4 4 4 4 4 4 4 4 4 3 3 4 3 4 5 3 4 4 4 5 4 5 5 3 4 4 4 4 4 4 5 5 4 3 2 4 1 3 4 4 4 4 4 4 4 4 4 3 4 4 4 3 5 4 4 5 5 3 4 4 5 5 3 4 5 4 5 5 4 4 4 3 4 4 4 5 4 5 3 5 4 4 4 5 4 5 4 5 4 4 5 4 4 3 5 5 4 4 4 5 5 4 3 4 4 5 4 5 3 5 2 4 5 4 4 3 2 4 5 5 4 5 4 5 3 5 4 5 4 5 3 4 4 4 5 3 4 4 4 5 3 4 4 4 5 4 3 3 3 3 4 4 3 5 3 4 5 4 5 4 3 5 4 3 4 5 5 5 3 3 4 4 3 4 4 4 3 4 4 4 4 4 4 5 4 4 3 3 4 4 4 5 4 4 3 4 3 4 4 5 5 3 5 4 3 3 4 4 5 5 4 3 2 4 6 4 1 4 4 4 2 4 5 5 5 4 4 4 4 2 4 5 5 4 3 4 1 3 4 3 4 4 2 3 5 3 4 5 
32 30 28 34 26 18 12 14 13 15 13 16 20 10 3 4 4 4 4 4 5 4 5 4 4 5 3 4 5 3 3 4 4 3 5 5 4 4 2 None 4 5 3 4 4 4 4 1 4 5 3 5 5 4 4 5 3 4 4 4 3 5 5 4 5 5 4 4 3 5 4 2 4 3 4 4 4 4 5 3 4 2 4 4 5 5 2 4 3 4 3 5 4 5 5 4 3 4 4 3 4 4 3 4 4 4 2 3 4 3 3 4 5 5 3 3 4 4 3 4 3 2 4 3 1 3 4 3 4 4 4 4 4 4 4 4 4 3 3 5 5 4 4 3 4 4 3 3 4 4 4 3 3 4 5 3 5 4 5 5 4 3 3 4 4 3 3 4 2 3 4 3 4 4 3 3 2 4 5 4 4 3 3 4 5 4 3 4 4 3 4 4 3 4 3 4 3 4 4 4 3 4 5 4 2 4 3 4 3 4 4 3 3 2 5 4 4 3 4 3 4 4 3 4 4 3 3 4 4 3 4 5 3 4 4 4 4 5 4 3 5 4 5 5 4 4 4 4 3 4 4 3 3 4 5 4 2 2 3 3 4 1 4 3 3 4 5 4 4 4 4 5 4 4 5 5 3 3 2 5 4 4 5 4 3 4 4 3 3 3 4 4 4 4 4 4 4 3 5 3 4 4 4 3 4 4 5 3 4 4 5 3 4 4 3 3 3 3 4 4 5 3 4 4 4 4 5 5 4 3 4 4 4 4 3 5 4 4 2 5 4 4 4 4 4 2 4 4 5 4 4 4 4 4 5 2 3 3 3 4 4 5 4 4 4 2 3 3 2 4 3 4 3 3 3 4 5 4 3 3 3 5 4 4 4 3 3 4 3 3 4 3 4 4 4 3 3 4 3 4 4 3 4 3 4 5 3 4 3 4 4 4 4 3 3 3 3 3 4 5 4 4 4 2 4 4 5 4 5 4 5 4 3 2 4 3 3 4 1 4 4 4 4 4 4 4 1 4 3 4 5 5 4 3 4 5 2 5 3 4 4 4 4 3 4 2 4 2 3 4 3 4 3 4 5 4 4 2 3 4 4 3 4 3 3 2 2 3 3 4 4 4 4 3 4 3 4 3 4 4 
33 31 29 35 27 19 13 15 14 16 14 17 21 11 4 3 4 5 3 5 5 3 4 4 4 4 4 3 3 3 4 3 4 2 3 4 3 2 3 4 None 3 4 3 1 2 4 4 4 4 4 2 4 3 3 5 4 3 4 4 3 4 5 2 3 2 4 4 3 4 4 3 3 3 5 4 4 3 4 4 3 4 4 4 4 4 3 3 4 3 3 4 3 4 5 4 4 3 5 3 3 4 3 4 2 3 4 3 4 4 4 4 4 4 3 4 4 4 4 4 4 4 4 3 4 3 4 4 2 5 4 3 3 3 4 2 1 3 1 5 5 4 4 5 4 4 4 4 3 4 2 3 4 3 4 4 3 4 3 3 2 3 4 4 3 4 4 3 4 2 3 3 4 4 4 4 3 3 3 3 4 4 3 3 4 3 4 3 3 3 3 3 4 3 3 4 5 4 1 2 4 4 3 3 5 4 4 3 3 5 3 4 4 4 4 5 4 4 4 4 3 4 4 2 3 3 4 4 4 3 3 4 4 2 3 4 4 2 3 3 4 4 3 4 4 5 3 4 4 3 1 4 4 4 3 2 3 2 3 3 4 4 4 3 4 4 3 4 5 3 2 5 3 4 5 3 2 3 4 3 2 3 4 4 5 3 5 4 3 4 3 2 4 3 2 4 4 3 5 3 4 4 4 3 4 4 5 4 3 3 4 4 4 4 4 4 4 3 4 3 5 4 4 4 4 3 3 5 3 2 2 4 4 4 3 4 3 4 4 4 3 2 4 4 4 4 4 4 4 4 4 3 4 2 4 4 4 4 5 2 4 4 3 4 4 3 3 3 4 4 4 3 3 4 3 4 1 4 3 3 5 4 3 4 4 4 3 3 4 3 4 4 4 3 3 2 3 2 3 2 3 3 4 4 4 4 3 4 3 3 2 4 4 4 4 3 4 5 5 4 3 4 4 3 4 4 3 4 3 4 3 3 2 3 3 5 4 3 3 4 3 4 4 4 4 4 4 3 3 4 2 5 2 4 5 5 4 3 3 4 3 4 3 4 4 4 5 3 3 4 4 3 3 4 5 5 4 4 3 2 1 4 4 4 3 4 4 3 2 2 4 3 2 3 2 3 5 4 4 4 
33 31 29 35 27 19 13 15 14 16 14 17 21 11 4 5 3 4 3 4 4 3 3 4 5 5 4 4 2 5 4 4 3 4 5 4 5 4 4 5 3 None 4 4 4 3 6 4 4 5 3 3 4 4 4 4 5 5 4 5 4 3 4 4 4 2 5 4 4 4 5 5 4 4 4 4 4 4 5 4 4 4 5 5 5 5 5 4 3 3 4 3 4 5 4 5 5 4 5 4 4 3 4 4 4 4 5 4 5 4 4 4 4 4 4 5 4 4 4 4 4 5 3 5 4 4 4 4 3 5 4 3 2 4 5 4 4 5 4 6 5 3 3 4 4 4 4 5 4 5 3 4 4 4 4 2 4 4 4 4 5 3 5 4 5 5 5 4 5 5 5 4 4 5 5 5 4 4 5 4 4 3 4 4 3 3 4 4 4 4 3 3 3 4 4 4 5 3 2 1 4 5 4 4 3 5 5 4 2 5 4 5 5 4 5 5 4 5 3 5 3 4 3 2 4 5 5 5 4 4 4 3 4 4 5 4 4 4 4 3 5 3 4 3 2 4 3 4 4 4 3 5 2 3 3 4 3 3 3 2 4 4 5 3 5 4 2 5 4 4 3 4 4 4 5 4 4 2 3 4 3 4 4 5 5 3 5 4 4 5 5 2 5 5 3 4 5 3 4 4 5 4 5 4 4 4 5 4 4 4 5 3 5 4 4 4 5 4 5 4 6 5 3 4 4 4 5 5 1 2 4 6 5 4 3 5 3 5 3 5 4 5 4 4 5 4 4 3 5 4 5 3 4 3 4 4 5 4 5 4 5 5 4 5 4 4 4 4 4 5 4 5 4 4 4 5 3 5 3 5 4 3 4 4 5 3 4 4 4 3 4 5 5 4 4 4 5 4 4 3 3 4 5 4 4 6 4 4 5 5 4 3 4 5 3 2 4 5 5 4 4 4 4 3 4 5 2 4 4 4 5 3 3 4 3 4 4 2 4 4 3 5 4 3 4 4 5 4 4 5 4 5 4 4 4 5 3 4 4 5 4 5 4 4 5 5 5 5 4 3 5 4 4 5 6 4 4 4 3 4 3 3 5 5 4 4 3 4 3 3 5 4 4 3 3 4 4 5 4 5 
33 31 29 35 27 19 13 15 14 16 14 17 21 11 4 4 4 4 1 3 4 4 5 4 1 4 2 4 4 4 4 3 3 3 5 4 4 4 5 3 4 4 None 2 4 4 4 4 4 4 2 4 5 4 4 4 2 3 4 3 2 3 4 3 4 4 4 3 4 4 4 3 3 2 3 3 4 3 4 4 4 4 5 3 5 4 4 3 4 4 4 5 5 4 4 4 3 4 5 4 4 4 3 5 3 4 3 3 4 3 5 4 5 4 4 3 4 2 3 3 5 3 3 4 4 5 4 4 3 5 4 3 4 5 5 5 4 3 3 5 5 4 5 4 4 4 4 5 4 4 4 3 2 4 3 2 4 5 2 4 4 3 4 3 3 4 3 3 3 4 4 2 3 4 4 4 4 3 3 5 4 5 4 5 5 3 4 3 4 4 3 4 3 4 4 3 2 3 4 3 4 4 4 4 3 3 4 4 3 4 4 2 3 4 5 5 4 4 4 4 4 3 2 2 4 4 3 4 4 3 4 5 4 3 5 4 4 4 4 3 4 4 4 4 4 6 5 5 4 3 5 4 3 4 4 3 1 2 3 4 4 4 3 5 4 4 4 3 5 4 4 4 4 3 5 4 4 4 3 4 5 4 4 4 4 3 5 5 4 4 3 4 3 4 5 4 4 3 5 4 3 4 4 4 4 5 5 5 5 3 4 4 3 3 5 4 4 4 4 3 4 2 4 4 3 4 4 6 4 3 5 5 3 4 4 4 4 4 4 4 4 4 4 3 4 3 3 4 5 3 4 4 4 4 4 3 4 4 5 4 3 3 4 4 3 4 4 5 4 4 4 5 3 2 4 3 4 4 4 4 3 3 4 4 3 3 4 3 2 4 4 4 4 2 4 4 4 4 4 4 3 5 3 4 4 4 4 4 4 5 4 3 4 3 3 4 4 4 3 2 4 4 3 4 4 4 2 4 4 4 4 4 3 3 4 3 4 4 3 3 3 3 4 4 4 4 4 5 2 3 4 4 4 4 4 5 5 4 4 4 4 4 4 4 4 4 6 4 4 4 4 3 4 5 5 5 3 1 2 4 3 4 3 3 3 3 4 4 4 3 3 5 5 4 3 4 5 4 4 5 
32 30 28 34 26 18 12 14 13 15 13 16 20 10 3 4 3 2 3 3 2 4 5 5 3 4 3 3 4 4 4 2 3 3 4 4 5 3 4 4 3 4 2 None 2 3 3 4 4 5 3 3 3 3 4 4 3 2 4 3 3 1 3 1 2 4 3 4 4 3 2 3 3 3 4 3 4 2 4 4 3 4 4 2 4 4 4 4 4 4 4 3 4 2 4 4 4 4 5 4 4 4 4 4 4 2 3 4 5 3 4 2 5 3 5 4 4 4 4 3 4 3 4 2 4 4 4 4 4 4 3 4 4 4 5 4 4 2 4 6 5 3 3 2 4 3 4 4 5 3 3 4 3 5 1 4 4 3 3 4 3 5 5 3 4 4 1 3 4 3 3 3 4 4 3 3 4 4 1 3 3 4 2 4 4 4 3 4 4 4 2 4 4 4 4 4 4 4 3 4 4 3 3 4 4 3 5 3 4 4 4 4 4 3 4 4 3 4 4 4 3 4 3 4 3 2 4 3 4 4 2 4 4 4 4 5 2 4 3 4 3 4 4 3 2 4 4 5 3 4 4 2 4 4 4 3 3 4 4 4 3 4 4 4 3 4 4 2 4 3 4 4 4 2 5 3 5 4 3 5 3 4 4 4 4 4 5 5 5 4 3 3 4 4 5 4 4 3 5 3 4 4 4 4 3 3 4 3 4 4 5 3 4 3 5 3 3 4 4 4 4 4 3 4 3 4 3 4 5 5 4 4 4 4 4 4 4 3 4 4 3 4 3 3 3 4 5 4 3 3 4 4 4 3 4 4 3 4 4 2 1 1 4 4 3 4 4 3 4 5 4 4 3 4 5 3 2 5 3 3 4 4 3 3 3 4 3 3 4 5 3 5 5 2 4 4 3 3 3 3 3 4 4 3 3 4 4 4 4 3 3 3 4 1 3 4 2 4 4 4 4 4 3 4 4 3 3 3 3 3 4 4 3 4 3 4 4 4 3 4 3 4 5 4 4 4 4 4 2 3 3 4 3 4 4 4 4 4 4 4 4 4 3 4 5 3 5 4 4 5 4 4 3 4 5 4 2 3 4 5 4 3 4 4 4 3 4 4 4 3 1 3 3 4 2 3 4 4 4 5 
33 31 29 35 27 19 13 15 14 16 14 17 21 11 4 4 4 4 3 4 4 4 5 4 3 5 4 2 4 4 4 2 4 3 3 4 4 3 4 4 1 4 4 2 None 1 4 4 3 4 3 3 3 3 3 4 4 3 4 3 3 3 5 1 2 3 3 3 4 3 4 4 3 3 4 4 3 4 3 4 2 4 4 4 5 4 4 4 3 4 2 3 4 4 5 4 5 4 4 4 2 3 2 4 3 3 3 4 5 4 5 3 3 4 4 3 3 4 4 3 4 4 3 4 4 2 3 4 3 5 3 4 4 4 4 3 2 4 2 6 5 3 4 4 4 3 4 4 4 4 3 3 3 4 3 4 2 3 3 3 1 3 3 3 4 3 3 3 3 3 4 4 4 3 4 4 4 2 2 4 4 3 4 4 4 3 4 2 3 3 2 2 4 4 4 3 4 3 2 3 3 4 2 4 4 3 3 4 3 4 3 5 5 4 4 4 4 4 3 4 2 3 3 3 3 4 4 4 4 3 4 3 4 3 4 5 3 3 4 4 4 4 4 5 4 4 4 3 3 4 2 3 4 4 3 3 4 3 2 3 3 3 3 4 3 4 2 3 4 3 2 5 3 3 5 3 3 4 3 4 3 4 4 3 4 4 4 5 4 4 2 3 4 3 3 5 4 4 4 3 3 4 3 2 4 4 4 3 4 3 4 4 4 4 5 3 4 4 4 2 4 3 4 4 3 4 4 4 3 3 3 5 4 5 4 4 4 3 4 3 2 3 3 3 4 4 4 4 4 3 4 2 3 1 4 3 4 4 4 1 3 3 3 4 4 3 3 3 4 4 4 3 3 4 4 4 2 4 3 2 4 4 3 4 3 3 4 3 4 4 4 4 4 2 4 3 4 3 4 3 4 4 3 3 4 4 3 4 4 2 3 4 3 3 3 4 4 5 5 4 4 4 3 4 4 3 3 3 4 4 4 4 1 2 4 4 4 4 4 4 3 5 3 4 3 4 3 2 2 4 3 4 3 4 4 5 3 4 3 4 3 3 3 3 4 5 6 4 4 3 3 4 4 4 5 5 4 4 3 3 2 3 4 4 3 4 4 2 3 3 3 3 2 4 2 3 4 4 4 3 
33 31 29 35 27 19 13 15 14 16 14 17 21 11 4 5 4 4 4 3 4 4 5 3 4 4 4 3 4 4 4 3 4 2 4 5 5 4 4 4 2 3 4 3 1 None 3 3 3 4 4 4 4 4 3 5 4 3 4 3 3 4 6 2 3 4 3 3 3 2 3 5 4 4 4 3 4 4 4 4 3 4 4 4 4 4 4 4 4 4 3 4 3 3 5 3 5 3 5 3 3 4 1 3 4 4 2 3 4 5 4 4 4 4 4 4 4 3 3 4 4 4 2 4 4 1 3 4 4 5 4 4 4 3 4 4 1 4 3 6 5 3 4 3 4 2 3 5 5 4 4 2 3 5 4 4 3 3 4 4 2 4 2 4 5 4 4 4 4 4 3 3 5 3 4 4 3 3 2 5 3 4 4 5 4 4 4 3 4 4 3 3 4 4 3 3 4 2 3 4 2 4 3 4 3 4 4 4 3 4 4 4 4 4 4 4 4 4 2 5 3 3 2 4 2 4 4 5 3 3 4 2 3 4 4 4 3 4 3 4 4 4 5 4 4 3 4 4 3 3 3 4 3 5 4 4 3 2 3 4 4 4 4 4 4 5 1 4 4 3 3 4 2 3 5 4 4 4 3 4 2 3 4 2 3 4 3 4 5 3 3 4 3 4 4 4 4 3 3 4 4 4 4 1 4 4 5 3 4 4 4 4 4 3 5 3 3 4 5 3 3 4 3 5 4 4 4 5 4 4 4 4 4 4 4 4 5 2 3 4 3 2 2 4 4 5 5 4 4 4 4 3 2 2 4 3 3 4 5 2 4 4 4 4 5 4 2 3 4 4 4 3 3 4 4 3 3 4 4 3 4 5 3 4 4 2 4 4 4 4 4 4 4 3 4 4 4 4 4 4 4 5 4 4 4 5 4 3 3 3 3 4 4 4 4 3 4 4 4 3 4 5 3 4 4 4 4 4 4 3 3 5 2 3 4 3 4 4 3 4 4 5 4 4 4 5 4 3 3 5 4 3 4 4 3 5 2 3 4 3 4 4 4 3 4 4 5 4 3 4 4 4 3 4 5 4 3 3 4 3 3 4 4 5 3 3 4 3 4 4 4 4 3 3 3 4 5 5 3 2 
34 32 30 36 28 20 14 16 15 17 15 18 22 12 5 5 5 5 5 5 5 4 5 5 5 4 4 4 4 5 6 4 3 5 6 4 5 4 5 4 4 6 4 3 4 3 None 5 4 5 4 5 5 5 5 6 5 5 5 5 5 4 6 4 5 5 5 5 4 5 5 4 5 4 4 4 6 5 4 5 3 5 4 5 7 5 3 5 5 4 4 3 5 5 5 5 5 5 5 5 5 5 4 5 5 4 5 5 5 5 5 5 5 4 5 5 4 5 4 5 2 5 5 5 3 4 3 4 6 5 4 4 5 3 6 4 4 1 3 6 4 4 4 4 5 4 4 5 6 6 4 4 4 5 4 4 5 4 4 5 5 5 4 6 5 5 4 5 4 4 4 2 5 5 6 4 5 4 4 4 5 5 4 6 5 5 5 5 5 4 5 4 5 4 4 3 5 5 5 5 5 4 4 4 4 4 6 4 5 5 6 4 3 4 5 1 4 5 4 6 4 3 4 5 4 4 4 4 5 5 3 5 4 5 5 5 4 5 5 4 5 4 4 3 4 4 4 6 5 5 5 5 5 6 5 2 3 4 5 5 5 4 5 5 6 4 4 3 4 5 4 4 4 5 5 5 5 4 3 6 4 4 5 5 3 5 5 5 5 5 5 4 3 5 4 6 4 5 5 5 4 3 4 4 6 4 5 4 4 5 4 4 5 4 5 4 4 5 4 3 5 4 4 3 4 3 5 5 5 5 5 3 4 4 4 5 5 5 3 4 5 4 4 5 4 4 5 5 5 5 4 5 5 5 4 4 4 3 3 5 4 4 4 4 5 5 4 5 4 5 5 5 3 4 5 5 3 4 5 5 5 5 6 5 5 3 4 5 4 5 5 4 4 5 4 5 5 5 4 5 5 5 5 4 3 5 3 4 4 5 4 5 4 2 4 4 5 5 6 5 5 5 5 4 5 3 5 5 4 4 5 5 4 4 5 5 4 5 4 4 5 4 6 5 4 6 3 5 4 5 5 3 5 3 5 6 5 5 4 5 4 5 5 5 4 2 6 5 5 5 4 4 4 6 6 4 3 5 5 4 5 5 4 4 5 3 5 4 5 4 4 5 5 4 5 5 5 4 4 4 
31 29 27 33 25 17 11 13 12 14 12 15 19 9 2 3 3 4 4 3 4 4 4 3 3 4 3 4 4 2 4 4 3 3 4 4 4 4 3 1 4 4 4 4 4 3 5 None 3 4 4 4 4 3 4 4 4 4 4 4 3 4 5 3 4 5 5 4 4 5 4 2 3 2 4 4 3 3 4 4 3 1 3 4 4 4 3 4 2 3 4 4 3 4 4 3 3 4 4 3 3 3 4 4 4 4 1 4 5 3 3 4 5 4 2 4 4 5 2 4 3 1 3 3 2 2 4 4 4 4 3 3 3 4 4 4 3 4 4 4 4 4 3 2 3 3 4 2 5 4 4 3 4 4 4 3 4 4 4 5 4 4 4 4 3 4 3 3 3 3 3 3 4 3 2 2 3 4 4 5 4 2 2 4 4 4 4 4 3 4 3 4 2 4 2 4 4 5 4 4 3 3 4 5 3 3 4 3 4 4 3 3 2 1 4 4 3 4 4 4 4 4 3 4 3 4 2 4 3 3 4 4 2 3 3 4 3 4 4 4 4 4 4 5 4 4 3 4 3 4 4 4 4 3 4 5 3 3 3 4 3 2 3 2 4 3 4 3 4 3 4 4 3 3 4 4 3 3 3 4 4 3 4 3 4 4 4 4 4 2 3 4 4 4 3 4 3 4 5 3 3 4 4 2 4 3 4 2 4 5 4 4 3 4 4 2 4 4 4 4 4 3 3 4 4 4 4 5 3 3 3 3 3 4 3 5 5 3 3 4 3 4 3 3 4 3 3 4 4 3 3 4 3 4 4 1 2 2 3 3 3 4 3 3 4 3 4 3 3 4 2 3 3 4 4 4 5 4 3 3 4 5 4 5 3 3 4 4 3 4 4 3 3 4 3 3 3 3 2 4 3 4 4 3 3 5 4 4 4 4 4 3 4 4 2 2 2 4 5 4 4 3 4 3 4 4 4 3 4 4 4 4 4 3 4 4 4 3 2 4 3 4 4 3 4 3 2 3 2 3 4 4 4 3 4 4 1 4 3 4 4 4 3 2 3 3 4 3 4 5 4 3 2 3 5 4 4 3 2 5 4 4 3 4 2 3 3 3 4 3 3 3 4 2 3 3 4 4 4 3 
33 31 29 35 27 19 13 15 14 16 14 17 21 11 4 4 4 5 4 3 3 4 5 5 5 4 4 3 3 4 4 4 3 2 4 4 3 3 5 4 4 4 4 4 3 3 4 3 None 4 4 3 4 4 3 5 4 4 3 4 3 3 5 4 3 4 2 3 3 3 3 3 4 4 3 3 4 3 4 4 4 4 4 4 4 4 5 3 4 4 4 4 4 3 4 4 4 3 5 3 4 4 3 2 3 4 4 4 3 4 4 2 4 4 4 3 4 4 3 4 4 3 2 3 4 3 4 4 3 5 5 4 4 1 4 3 3 3 3 5 5 3 3 4 4 4 4 5 4 4 4 1 4 2 5 4 4 3 2 3 2 3 4 4 4 2 4 4 3 4 5 3 2 4 5 4 3 3 4 5 5 4 4 3 4 4 3 3 4 2 4 3 5 3 3 4 3 3 4 4 4 2 3 3 4 4 4 4 3 5 4 3 4 4 5 5 4 4 4 4 4 3 4 4 3 3 4 4 4 3 4 4 3 2 5 5 3 4 4 4 4 5 4 3 4 5 5 2 3 3 4 4 4 3 3 4 3 2 3 2 4 3 4 4 5 4 3 4 4 4 3 2 4 4 5 4 2 4 4 4 2 4 5 4 5 3 3 4 5 4 5 4 4 4 4 4 3 3 5 4 4 4 4 3 3 2 3 3 2 4 3 4 4 2 5 3 4 3 4 3 4 4 3 4 3 4 4 5 4 4 4 5 4 4 3 4 4 4 4 4 3 4 2 4 4 4 3 2 3 4 3 4 4 2 5 4 4 4 4 4 4 4 4 4 5 4 5 4 4 3 3 2 4 4 4 4 4 4 4 3 4 4 4 4 5 3 3 4 3 1 4 4 3 3 2 3 4 3 4 4 3 4 4 3 3 5 2 1 3 1 4 4 4 4 4 3 4 4 4 3 4 4 4 5 5 3 4 4 2 4 4 5 4 3 4 5 4 4 3 4 4 3 4 4 3 5 3 3 5 4 3 2 4 4 3 2 2 3 3 4 3 3 4 3 4 4 6 3 4 3 3 4 3 4 4 3 4 4 3 4 3 4 4 4 3 2 3 3 5 4 4 4 3 3 3 4 4 4 4 3 
33 31 29 35 27 19 13 15 14 16 14 17 21 11 4 5 4 5 4 4 4 4 4 5 5 4 4 4 4 5 3 5 4 4 2 5 5 4 4 5 4 5 4 5 4 4 5 4 4 None 3 4 4 4 4 5 2 3 5 4 4 5 6 4 3 5 4 5 4 5 4 5 4 3 2 5 1 4 4 4 5 4 4 4 6 5 4 4 4 5 5 4 3 5 3 5 4 4 4 4 4 5 4 5 4 5 4 3 4 5 5 4 6 3 3 3 1 3 5 4 5 4 4 5 4 4 4 5 4 6 5 4 4 5 4 4 5 4 4 7 6 4 5 5 5 4 4 5 5 5 4 4 5 5 5 4 5 3 5 5 5 5 5 2 4 5 5 4 5 5 5 3 5 4 5 3 4 4 4 4 4 5 4 3 4 3 5 4 4 4 4 3 4 5 3 5 4 4 4 4 2 4 4 4 3 4 5 4 4 5 4 4 4 3 4 6 4 5 5 5 4 4 4 5 4 5 4 4 4 4 5 5 4 5 5 5 4 5 5 3 4 4 5 4 5 5 5 4 3 5 4 3 5 2 3 5 4 3 2 3 4 5 4 2 4 4 4 5 3 4 5 5 3 4 5 4 4 4 4 4 4 5 5 5 4 5 5 4 5 5 4 5 5 3 5 5 4 4 6 2 3 4 5 3 5 4 4 3 4 5 4 5 3 5 5 5 4 5 4 5 5 5 4 5 4 4 4 6 4 4 4 5 5 4 5 1 5 4 4 3 2 4 5 5 4 5 5 4 5 4 4 5 3 3 3 4 5 5 2 3 4 5 4 3 4 5 5 4 4 4 5 4 5 4 5 4 5 4 4 5 4 5 4 4 5 4 4 3 4 4 5 5 4 3 4 4 4 4 3 5 3 5 4 5 5 5 4 3 5 4 4 5 3 5 3 4 5 5 4 5 4 3 2 4 4 4 4 4 4 5 5 5 4 4 5 4 4 5 4 5 4 3 4 4 4 4 4 4 5 3 4 3 4 4 5 6 4 5 5 4 4 3 4 3 4 3 6 4 3 4 3 4 5 5 5 4 5 3 4 5 4 4 4 3 4 4 4 4 4 4 5 4 3 4 3 4 5 4 4 4 
33 31 29 35 27 19 13 15 14 16 14 17 21 11 4 4 4 4 3 5 4 4 4 3 3 4 2 3 3 4 5 4 3 4 5 4 2 3 4 3 4 3 2 3 3 4 4 4 4 3 None 4 4 4 4 5 4 4 4 5 3 4 4 4 5 4 3 3 4 4 4 4 3 2 4 3 4 3 4 3 3 4 4 3 5 4 4 2 4 4 3 4 3 5 5 4 4 4 5 4 5 3 3 5 4 2 4 3 4 4 4 4 4 4 5 2 4 4 4 4 4 3 4 5 4 3 4 4 4 5 5 2 4 4 5 3 5 3 3 6 5 4 4 4 5 4 4 5 3 4 2 3 2 5 2 2 4 4 3 3 4 4 2 4 3 5 3 4 4 4 5 2 3 5 4 4 4 3 4 4 5 4 4 4 5 4 5 3 4 3 4 3 3 4 4 4 4 4 4 4 4 3 4 4 3 4 4 4 1 4 4 4 3 4 4 5 4 4 4 4 2 3 3 4 4 4 3 4 3 3 4 4 4 4 4 3 4 4 4 4 4 3 4 4 3 5 5 4 2 4 3 4 2 5 4 3 1 2 3 4 4 2 4 3 4 4 5 4 3 4 3 4 4 4 4 4 3 4 3 4 5 5 5 3 4 2 5 4 4 5 4 4 4 4 4 4 3 3 5 4 3 3 4 5 4 3 5 4 4 3 4 4 5 4 5 4 4 4 5 3 5 3 4 3 4 4 5 4 3 4 4 4 4 4 4 4 4 4 3 4 4 4 4 3 4 4 4 4 4 4 4 3 2 4 4 4 4 4 3 3 4 3 3 4 4 4 4 5 4 4 4 4 3 4 5 5 4 3 4 3 5 4 4 3 4 3 3 3 2 4 4 4 4 4 4 4 4 4 4 3 4 4 3 4 5 6 2 3 4 4 4 3 4 4 3 4 4 4 5 4 4 4 3 4 4 4 3 4 4 3 5 4 2 1 3 1 4 4 3 3 5 5 4 4 5 4 4 3 4 3 4 4 5 2 5 5 4 5 2 4 4 5 3 3 4 4 5 4 3 4 2 4 4 5 5 5 3 3 3 4 4 4 3 4 3 3 4 3 3 4 3 3 4 4 3 4 5 3 5 4 
32 30 28 34 26 18 12 14 13 15 13 16 20 10 3 4 4 3 4 4 5 3 4 4 4 5 3 3 3 3 5 4 4 3 3 5 4 4 3 5 2 3 4 3 3 4 5 4 3 4 4 None 4 3 4 3 3 4 4 4 3 4 4 3 3 3 3 4 4 4 4 4 4 3 4 2 4 4 3 4 4 4 4 3 2 5 3 4 2 3 4 4 3 5 4 4 4 4 4 3 4 4 4 3 2 3 4 2 3 3 4 5 4 3 3 4 3 4 3 3 4 4 3 5 5 4 4 4 3 5 4 3 3 4 4 4 3 5 3 5 5 3 4 4 4 4 4 5 3 4 3 4 4 3 2 3 4 3 3 3 4 3 4 3 4 5 4 4 4 3 2 4 4 5 4 4 4 4 4 3 4 4 4 5 3 3 3 3 3 3 4 4 3 1 4 3 4 3 1 2 5 4 3 4 4 3 4 4 4 5 3 3 4 3 4 4 5 5 3 4 3 3 2 3 3 5 3 4 3 2 3 4 5 2 5 4 4 3 3 4 4 4 3 4 4 5 3 4 3 2 3 3 3 4 3 4 4 3 3 4 4 4 4 4 3 4 3 4 4 4 4 5 4 4 4 3 4 3 3 4 4 4 5 4 4 4 5 4 3 4 5 3 4 4 4 4 3 4 4 3 3 2 3 4 4 4 4 3 3 3 2 4 4 4 4 3 3 3 4 3 4 3 4 4 3 5 4 4 4 3 4 5 3 3 4 4 2 3 4 3 2 2 4 2 3 3 3 2 5 4 4 4 5 2 3 3 4 4 3 4 4 4 4 4 4 4 4 4 4 4 3 3 2 3 3 4 3 4 3 4 4 4 3 3 5 4 4 3 3 4 5 4 5 3 3 4 4 3 4 2 4 4 3 3 4 5 3 2 3 4 4 2 3 4 4 4 4 5 4 3 1 2 4 3 3 4 3 2 3 4 3 4 4 3 4 4 4 4 4 2 3 4 2 4 3 3 4 1 4 4 4 3 4 4 4 5 4 3 3 4 2 4 3 3 4 4 5 4 4 3 2 1 3 3 5 4 3 3 2 4 3 4 3 3 4 4 4 3 2 3 4 4 4 4 2 3 5 4 4 4 
33 31 29 35 27 19 13 15 14 16 14 17 21 11 4 4 4 5 4 2 1 4 4 5 4 5 3 4 3 4 5 4 5 3 3 5 5 4 4 5 4 4 5 3 3 4 5 4 4 4 4 4 None 5 4 2 3 4 5 4 3 2 5 4 4 4 4 4 4 5 5 3 4 4 3 3 3 2 4 5 3 5 4 4 5 5 5 3 4 3 3 2 4 4 4 5 4 4 4 4 4 4 5 4 3 4 4 2 3 3 5 3 3 4 4 4 4 4 3 4 5 3 3 2 4 4 2 4 5 5 3 4 4 4 5 5 4 4 4 4 5 4 4 3 3 5 4 4 4 4 3 3 5 4 4 5 4 4 4 5 4 5 4 3 4 5 4 4 5 3 3 5 4 4 5 2 3 4 4 4 4 4 3 5 5 4 4 2 3 4 4 1 4 4 4 4 5 4 4 4 4 3 3 4 4 4 2 5 4 4 5 3 4 4 3 5 3 5 3 5 3 4 3 5 4 4 4 3 4 4 4 4 4 4 5 5 5 5 5 4 3 3 4 3 3 3 3 2 4 2 4 4 4 4 3 4 4 4 3 2 1 4 3 4 3 4 3 4 4 4 3 4 3 3 5 4 4 4 4 4 5 5 5 4 5 4 3 4 4 5 4 4 5 4 5 2 3 4 4 3 2 3 3 4 4 5 4 4 4 4 4 3 4 2 4 5 4 4 5 3 4 4 3 4 5 4 5 3 4 5 4 4 3 4 5 4 5 4 4 4 3 4 5 3 4 4 4 4 4 2 5 2 3 2 3 5 3 4 3 4 4 4 4 4 5 4 4 4 5 5 5 4 5 4 4 5 4 5 4 5 4 5 4 4 4 5 4 4 3 3 4 5 5 4 4 3 4 5 4 4 4 4 4 3 4 5 4 4 4 4 4 4 3 4 4 4 4 5 5 4 3 4 2 5 4 4 5 4 4 3 2 4 2 3 4 4 4 4 4 3 3 4 5 4 3 5 4 3 3 2 3 4 3 5 4 3 4 5 4 5 4 4 2 3 4 4 5 5 4 3 3 3 5 5 5 5 4 4 4 5 4 3 4 4 4 4 3 3 3 4 3 4 4 4 4 4 5 3 4 3 
32 30 28 34 26 18 12 14 13 15 13 16 20 10 3 3 5 3 4 3 4 3 5 2 4 5 3 4 4 4 4 3 3 4 3 4 4 4 3 4 3 4 4 3 3 4 5 3 4 4 4 3 5 None 5 5 4 3 4 4 3 3 5 2 3 4 3 3 5 4 3 4 3 2 4 4 4 4 3 3 3 4 3 4 2 4 3 4 3 4 4 3 4 2 3 4 4 5 4 4 4 4 5 5 4 4 4 4 5 2 4 4 3 4 2 3 4 4 3 4 4 2 4 3 3 4 3 4 5 3 4 3 4 4 4 4 4 4 4 6 5 4 5 4 5 5 4 4 4 5 4 4 4 5 4 3 4 4 3 4 4 3 4 4 3 4 2 4 4 5 4 4 3 5 2 3 4 4 4 4 5 3 4 4 5 4 4 4 4 5 3 4 4 4 3 3 5 3 2 3 4 3 4 4 3 3 5 4 4 4 4 4 3 4 4 5 2 4 2 5 3 2 3 4 3 4 1 3 4 3 5 3 4 4 4 4 4 4 5 4 4 4 4 5 4 4 4 5 4 3 3 4 4 3 4 5 3 4 3 4 4 4 4 5 4 4 3 3 4 5 5 4 5 2 5 2 4 4 4 4 4 5 5 5 5 4 5 5 4 3 4 4 4 3 4 3 4 4 3 2 3 3 3 4 5 3 4 5 5 4 5 3 5 4 4 4 4 4 5 4 4 4 5 3 4 4 5 4 5 4 4 6 2 4 4 4 4 4 3 3 4 4 4 4 4 3 4 5 4 4 5 4 5 4 4 3 5 4 3 4 3 4 3 2 3 4 4 1 2 4 4 4 4 5 4 4 4 3 4 5 4 5 2 4 4 4 3 3 2 4 4 3 4 3 4 4 3 4 3 3 3 3 3 2 5 5 4 5 4 3 4 4 4 4 4 4 1 5 3 4 3 2 4 5 4 4 4 4 4 4 5 3 4 3 3 5 4 4 4 3 4 3 4 4 4 4 4 3 3 3 4 4 4 2 4 5 3 4 2 5 5 4 4 4 4 4 5 5 3 4 4 4 4 1 4 5 4 4 3 5 4 3 3 4 5 4 5 3 3 3 4 5 4 4 1 2 5 4 4 3 
32 30 28 34 26 18 12 14 13 15 13 16 20 10 3 4 3 4 4 2 3 4 4 3 4 3 4 3 2 3 3 3 4 4 2 4 3 4 4 4 3 4 4 4 3 3 5 4 3 4 4 4 4 5 None 3 4 3 3 4 4 4 5 4 4 3 3 4 3 4 4 4 2 3 3 4 4 3 5 3 4 3 4 3 5 3 4 4 4 3 5 3 1 4 4 4 5 4 5 3 4 4 4 3 4 4 3 4 5 5 5 3 4 2 3 3 3 2 4 4 4 4 1 4 3 4 4 5 4 5 4 3 4 4 4 3 3 5 4 5 4 2 3 3 3 3 4 3 2 4 3 4 4 5 4 4 4 4 3 4 3 4 5 4 3 1 4 3 2 4 4 4 4 3 3 4 4 3 3 4 4 4 4 4 4 3 3 4 5 3 4 4 4 4 4 4 3 3 4 3 3 4 4 4 4 3 3 4 3 5 2 4 4 4 5 5 3 4 3 3 3 4 4 4 3 5 4 4 4 4 4 5 4 5 4 4 3 3 3 3 3 3 4 4 3 3 4 3 4 3 2 4 4 3 3 5 4 4 4 4 4 5 4 5 5 3 4 5 4 4 4 4 3 3 4 5 3 4 4 4 3 4 4 5 5 3 4 2 4 4 3 4 4 2 3 6 4 4 4 3 4 3 4 2 4 4 4 2 3 4 4 4 5 4 4 4 3 3 4 4 4 4 2 3 2 4 4 5 3 4 4 4 5 4 4 3 5 3 4 4 3 2 4 2 1 5 4 3 3 5 4 4 5 4 4 4 4 3 4 2 5 4 3 5 4 3 4 4 4 2 3 2 3 3 4 3 4 2 3 3 4 5 4 4 4 3 4 4 4 4 3 4 3 3 3 3 4 3 4 5 4 4 4 4 3 2 3 2 5 2 4 3 4 5 3 2 4 3 3 2 4 3 4 4 4 4 4 3 3 4 4 5 4 4 4 5 4 3 4 4 4 4 4 3 4 3 4 3 4 4 3 3 4 4 2 5 3 2 4 2 4 3 4 4 5 4 5 4 4 3 4 3 4 5 3 2 4 4 4 5 4 4 4 5 4 4 5 4 3 4 4 2 1 4 4 5 3 4 3 4 
32 30 28 34 26 18 12 14 13 15 13 16 20 10 3 2 3 5 5 4 3 5 5 5 5 5 5 4 5 4 4 4 5 4 5 5 5 5 5 5 5 4 4 4 4 5 6 4 5 5 5 3 2 5 3 None 3 4 5 5 4 4 4 4 5 5 4 5 5 5 5 5 4 4 4 5 4 4 5 5 5 5 5 5 5 5 5 4 5 4 4 4 4 5 5 5 5 5 5 4 4 5 4 5 5 4 5 4 4 4 6 5 5 4 5 5 4 5 3 3 5 3 4 4 5 5 4 4 4 5 5 4 4 5 5 3 5 5 4 6 5 3 5 4 5 5 4 5 5 5 5 4 5 5 5 5 4 5 5 5 4 5 5 5 4 4 5 5 5 5 4 4 5 5 5 2 3 5 4 6 5 3 3 5 4 5 4 2 3 4 5 3 4 4 4 5 4 5 4 5 5 5 3 6 4 4 3 4 4 5 4 4 5 4 4 5 5 5 5 5 4 4 4 6 5 5 4 5 5 4 5 4 5 4 6 5 5 4 4 4 3 3 4 4 3 5 4 4 5 3 4 5 4 5 4 5 4 3 4 3 1 5 3 5 5 5 4 4 4 5 5 6 4 5 5 5 4 4 3 3 5 5 4 5 4 4 5 5 5 6 4 5 5 4 5 4 3 2 5 3 2 3 3 5 4 5 6 4 4 4 3 5 4 4 5 4 4 4 5 4 4 4 4 4 3 5 5 5 3 4 4 5 5 5 4 5 5 5 5 5 4 4 5 3 4 4 4 5 5 4 5 4 4 3 4 4 4 5 3 3 4 4 4 4 5 4 6 4 5 5 5 5 3 2 4 5 5 5 4 5 3 6 4 3 5 5 5 4 4 4 5 5 5 4 4 3 4 5 4 4 5 5 5 4 4 5 4 5 5 4 5 4 5 5 5 4 4 5 4 4 4 5 3 4 5 5 5 4 6 5 4 5 4 4 4 5 4 2 4 4 4 4 5 5 5 5 5 4 5 3 5 4 5 3 5 3 5 5 5 5 3 4 4 5 5 4 6 5 4 4 3 2 5 6 6 5 4 3 3 5 5 3 4 4 4 4 4 4 5 3 3 4 4 4 4 4 4 4 5 5 
33 31 29 35 27 19 13 15 14 16 14 17 21 11 4 4 3 4 3 3 3 5 3 4 3 4 4 3 4 3 4 4 3 4 3 4 4 3 5 3 4 5 2 3 4 4 5 4 4 2 4 3 3 4 4 3 None 1 3 3 4 4 5 3 4 4 4 3 3 5 4 4 4 4 1 4 2 3 3 4 4 3 5 3 4 4 2 2 4 4 4 3 3 4 2 5 3 4 4 4 4 3 3 4 5 4 4 3 4 3 5 4 5 2 4 4 3 2 3 4 3 4 3 4 4 3 3 4 4 4 4 3 5 4 5 4 4 4 5 6 5 3 4 4 4 4 3 5 5 5 4 4 4 4 4 3 3 4 4 4 5 3 5 3 3 4 4 3 3 4 3 4 3 3 4 3 4 4 2 5 4 4 4 4 4 3 3 3 4 4 4 2 2 4 3 4 2 3 4 4 4 3 3 5 4 5 4 3 4 4 4 2 3 4 3 4 3 4 4 5 4 3 2 4 4 4 3 4 4 4 4 5 2 3 4 4 3 4 4 3 4 3 4 4 3 4 4 4 4 3 3 4 3 3 3 5 3 4 4 3 3 4 4 3 4 3 4 4 4 4 4 4 2 4 4 5 3 4 3 3 3 4 4 4 3 3 5 4 5 5 4 4 4 4 3 4 4 3 5 4 4 3 4 4 4 3 4 3 4 4 3 4 1 3 4 4 3 4 3 4 4 3 2 3 2 2 3 5 4 3 4 4 4 4 5 2 4 2 3 4 4 4 4 3 4 3 3 4 3 3 3 4 2 4 2 3 4 3 3 3 4 4 4 2 3 4 4 3 4 4 4 4 3 2 4 3 4 4 4 4 3 5 4 2 4 4 2 4 3 4 5 4 4 3 2 3 2 4 4 4 3 4 3 3 3 5 4 3 5 5 3 4 4 4 5 4 4 4 4 3 4 4 1 3 4 4 4 3 4 4 4 3 3 4 3 3 3 4 4 4 4 1 4 3 4 5 4 3 4 2 4 2 5 4 4 5 3 4 4 3 3 2 5 4 4 4 5 4 4 4 3 2 4 3 5 3 3 1 2 3 4 4 4 1 4 4 4 4 4 4 4 4 4 4 4 3 4 3 3 3 
32 30 28 34 26 18 12 14 13 15 13 16 20 10 3 4 2 3 3 4 4 4 4 3 4 4 5 3 3 2 4 4 3 3 4 4 4 4 5 4 3 5 3 2 3 3 5 4 4 3 4 4 4 3 3 4 1 None 4 3 4 3 5 3 3 3 3 4 2 4 4 4 3 4 2 3 3 4 4 4 4 4 4 2 3 4 3 3 4 3 4 4 2 4 3 5 4 3 4 4 3 4 4 4 4 4 4 4 3 4 5 4 4 1 4 3 4 3 4 3 4 4 3 4 3 4 4 3 4 4 4 3 4 4 5 3 4 4 4 6 4 4 4 3 5 4 4 4 5 5 3 4 3 5 3 4 4 3 3 4 4 3 4 3 2 4 3 3 3 4 3 4 4 4 4 4 4 3 1 4 4 3 4 4 4 3 2 3 4 3 4 3 3 3 4 3 3 4 4 4 5 3 4 4 4 4 4 2 4 4 4 3 4 4 4 4 3 4 4 4 3 3 3 4 4 4 4 4 4 4 4 4 3 4 5 4 2 3 3 4 3 4 3 4 3 4 4 3 4 3 2 3 4 3 2 4 4 3 4 4 4 4 4 4 5 3 4 3 5 5 4 4 3 3 4 5 4 4 3 4 4 4 3 4 4 4 4 3 4 5 3 4 4 3 3 5 4 2 4 4 3 2 3 4 3 4 4 3 4 4 4 5 2 3 4 4 2 4 3 4 4 3 3 2 1 3 4 4 4 4 3 3 5 3 4 3 4 3 3 3 4 3 4 3 4 4 4 3 3 4 4 5 3 4 3 3 4 4 3 2 3 3 4 3 3 3 4 3 4 3 4 4 3 2 4 4 4 3 4 4 3 5 4 1 5 4 3 4 4 4 4 3 4 2 3 2 1 3 3 4 4 5 3 2 3 4 4 4 4 4 4 4 3 3 5 4 3 4 3 2 3 4 2 4 5 4 4 2 4 4 4 4 4 3 2 4 4 3 4 4 4 2 4 4 4 4 5 3 4 3 5 3 4 3 3 6 4 5 3 3 3 3 4 4 5 4 4 3 4 4 2 3 4 2 4 3 4 2 3 4 4 4 3 2 4 3 4 4 4 3 3 3 3 4 4 4 3 2 2 3 
33 31 29 35 27 19 13 15 14 16 14 17 21 11 4 4 4 5 3 4 5 4 4 4 5 5 3 4 4 4 4 4 4 3 4 4 3 2 4 4 4 4 4 4 4 4 5 4 3 5 4 4 5 4 3 5 3 4 None 3 4 4 4 3 4 4 5 5 4 4 4 4 1 2 3 3 4 4 4 3 3 3 3 2 3 4 4 3 4 5 4 4 3 5 4 4 4 4 5 3 4 4 4 4 5 5 4 4 5 4 5 3 5 3 4 5 4 3 3 3 3 3 3 4 3 3 3 4 4 5 3 4 5 4 4 4 4 4 5 6 5 4 4 4 5 3 3 4 5 4 3 4 3 4 3 4 4 4 5 5 4 2 5 3 4 4 5 4 4 5 5 4 4 3 2 4 4 3 4 4 5 3 3 4 4 3 4 3 3 4 4 4 4 5 2 3 5 4 4 3 4 4 5 4 4 4 4 4 4 3 5 5 4 4 4 4 3 4 4 4 4 4 3 3 4 3 4 3 4 4 5 5 3 5 4 5 3 2 5 4 4 2 3 4 4 4 3 4 4 4 3 4 3 3 4 4 3 4 3 4 4 5 4 5 4 3 5 4 4 3 4 4 4 3 5 4 4 2 3 4 4 4 5 5 4 5 5 4 3 3 5 4 4 3 4 5 4 5 5 3 4 4 3 4 3 4 5 2 3 4 3 3 4 5 4 4 4 4 4 4 3 4 4 4 3 3 5 5 4 5 4 4 4 3 5 4 3 4 3 4 3 4 5 3 2 5 4 3 5 5 3 4 4 4 4 3 4 4 4 5 4 5 2 3 4 3 4 3 2 4 4 3 4 4 4 4 3 4 3 5 5 4 4 5 4 3 4 3 4 4 2 5 3 2 1 2 3 4 3 4 2 1 4 4 2 4 3 2 4 4 5 4 4 5 4 4 4 4 3 4 4 5 4 5 4 4 3 3 3 4 4 5 4 4 4 5 2 3 4 4 5 2 4 5 3 4 5 5 4 4 3 2 5 3 3 5 4 3 4 4 3 4 3 4 4 4 4 5 3 5 4 4 4 4 5 3 4 4 4 4 4 4 3 4 4 4 5 4 4 4 5 4 4 4 3 2 5 4 3 2 
33 31 29 35 27 19 13 15 14 16 14 17 21 11 4 3 3 4 2 4 4 4 4 3 4 4 4 4 3 3 4 3 3 2 4 4 4 4 4 4 4 5 3 3 3 3 5 4 4 4 5 4 4 4 4 5 3 3 3 None 3 3 6 2 3 5 2 3 3 1 3 4 2 3 4 3 3 4 5 5 3 4 2 3 4 1 4 4 5 4 4 4 4 4 5 4 4 3 4 3 3 4 4 3 5 5 3 3 4 4 4 4 4 3 4 3 4 3 3 2 4 4 3 3 4 2 4 4 4 5 4 3 4 5 4 3 3 5 4 5 5 4 4 4 5 5 4 5 4 4 3 4 4 5 4 4 4 3 4 5 4 4 5 2 2 4 4 4 4 5 4 4 4 4 3 4 3 4 4 5 5 4 4 4 4 3 3 4 4 4 3 3 4 3 3 4 4 4 3 4 2 4 4 2 3 3 5 4 4 4 4 4 4 4 4 5 3 1 5 3 4 3 2 3 1 3 4 2 2 4 3 5 4 4 4 3 4 3 4 4 4 3 4 4 3 4 4 4 3 3 4 4 3 3 4 6 4 3 4 4 4 5 4 4 4 4 4 3 3 4 4 4 3 2 3 4 4 4 3 4 4 4 4 3 4 3 5 3 3 4 4 4 2 4 5 5 4 4 5 3 3 2 3 2 4 4 4 4 4 4 4 3 4 4 4 4 5 3 4 4 4 3 4 3 2 4 5 5 4 5 4 5 4 4 3 4 5 3 4 4 3 4 4 4 3 5 4 4 3 4 2 4 3 4 1 4 4 5 4 4 4 4 2 4 3 2 3 4 4 4 3 2 4 3 4 4 5 4 4 4 3 3 4 4 4 4 4 4 3 4 3 4 3 1 3 3 4 4 4 4 4 4 3 4 4 3 4 3 3 3 4 3 4 4 4 3 3 5 3 3 4 4 2 5 5 3 4 3 4 2 4 5 4 4 3 4 3 4 3 4 4 4 4 4 5 4 5 4 3 4 3 3 4 3 4 5 3 4 4 4 4 5 3 2 3 4 5 4 3 5 3 4 3 3 4 4 4 3 4 4 4 4 3 4 3 4 4 3 4 4 4 2 3 4 3 3 2 3 4 3 
32 30 28 34 26 18 12 14 13 15 13 16 20 10 3 4 3 5 1 3 4 5 4 3 3 5 3 3 3 4 4 1 4 3 4 3 4 3 3 3 3 4 2 3 3 3 5 3 3 4 3 3 3 3 4 4 4 4 4 3 None 4 5 2 3 4 2 1 4 3 4 3 3 3 4 4 4 1 3 3 2 3 4 4 5 4 4 2 3 3 4 4 4 4 4 3 4 4 4 4 2 4 2 4 4 3 4 4 5 4 4 4 4 3 4 3 3 4 4 3 4 4 3 3 4 4 2 4 2 3 4 3 4 3 4 4 4 4 2 4 4 2 4 3 4 4 4 5 4 3 2 2 3 5 4 3 2 5 4 4 3 3 5 3 4 4 4 3 3 2 3 3 4 3 4 3 3 3 4 4 4 3 2 4 4 3 4 4 3 4 3 3 4 2 4 3 4 3 4 3 4 2 4 4 4 3 4 4 2 3 4 4 3 2 4 4 4 4 4 3 3 4 3 2 3 4 2 4 3 2 4 4 3 3 5 4 4 3 4 4 5 3 4 4 3 5 3 3 3 4 3 4 3 3 2 4 2 1 2 3 4 4 3 3 3 4 4 3 4 4 3 5 3 3 4 4 3 4 3 3 3 4 4 3 4 3 4 5 2 4 4 4 4 4 3 3 4 2 5 4 4 3 4 3 5 4 4 4 4 4 5 3 4 3 4 3 4 3 4 4 4 3 2 4 3 4 4 5 3 4 4 4 1 3 4 5 4 4 3 5 4 3 3 4 4 4 4 3 3 4 3 4 4 3 3 4 3 3 4 4 3 3 3 4 4 3 4 3 4 4 5 4 2 3 3 5 4 4 3 3 4 4 4 3 3 3 4 3 3 4 4 4 4 2 4 4 4 3 4 4 4 4 3 3 3 4 4 4 4 3 4 4 3 3 1 2 4 4 5 4 3 3 4 3 4 3 3 4 4 4 4 4 3 4 4 3 4 2 2 4 4 4 4 3 3 4 4 4 3 4 4 4 4 3 4 4 3 4 3 4 3 5 4 3 2 4 5 3 3 4 3 4 3 4 5 5 3 3 4 4 3 3 4 5 2 3 3 2 3 1 2 4 4 4 3 4 4 4 4 5 
33 31 29 35 27 19 13 15 14 16 14 17 21 11 4 4 4 3 3 2 1 4 4 5 4 4 4 4 3 4 4 3 4 3 3 4 5 3 4 5 4 3 3 1 3 4 4 4 3 5 4 4 2 3 4 4 4 3 4 3 4 None 4 2 3 4 3 4 4 4 3 3 3 4 3 4 4 3 5 5 4 4 4 3 4 4 5 5 3 4 5 2 4 3 4 4 4 4 5 3 5 3 4 5 5 3 4 4 5 3 5 1 4 4 4 4 5 4 4 3 4 3 3 2 4 3 4 3 3 4 3 4 4 4 4 4 4 3 4 6 5 4 4 3 3 3 4 4 4 2 4 3 4 5 2 4 4 4 4 5 3 4 4 3 4 3 2 4 4 4 4 4 4 4 4 3 3 3 2 2 4 5 3 4 5 5 4 3 4 4 3 3 4 4 4 4 4 4 4 3 4 4 4 4 3 4 4 4 4 5 5 3 4 4 3 4 3 4 3 4 4 4 3 4 2 3 4 3 5 4 3 4 3 3 5 4 3 4 4 4 4 4 3 2 1 3 4 4 4 4 5 3 4 3 4 4 4 3 4 4 3 4 4 5 4 4 4 3 3 3 4 4 4 1 5 4 4 4 4 4 4 4 5 4 5 4 5 4 5 5 4 2 3 4 5 4 4 2 4 4 3 4 4 3 4 4 4 3 5 3 4 3 4 2 4 4 4 3 4 5 5 4 2 4 3 4 4 3 4 4 3 5 5 4 3 4 3 4 5 5 4 4 4 4 4 4 5 4 4 4 4 4 3 4 4 4 4 3 4 3 2 2 4 5 4 4 5 4 4 4 4 3 4 4 4 4 3 5 2 4 5 4 3 3 4 5 4 3 3 4 2 5 4 2 4 4 4 4 4 4 2 5 4 4 3 4 4 4 4 2 4 4 3 2 4 4 2 5 3 4 5 4 4 5 3 4 3 4 4 3 4 3 4 3 2 4 4 5 4 4 3 5 5 4 3 4 5 4 3 2 3 4 3 4 5 5 4 5 4 5 4 4 4 5 4 4 6 5 3 4 4 5 4 5 5 4 3 4 4 4 3 2 4 5 4 4 4 5 3 4 2 4 4 3 3 4 5 3 5 4 
34 32 30 36 28 20 14 16 15 17 15 18 22 12 5 5 5 4 4 3 4 6 6 6 5 6 4 5 5 6 5 5 5 5 5 5 5 5 5 5 5 4 4 3 5 6 6 5 5 6 4 4 5 5 5 4 5 5 4 6 5 4 None 4 5 5 4 5 6 5 5 5 5 4 5 4 6 4 6 5 4 4 6 5 5 6 6 6 5 5 5 5 5 5 4 6 6 5 7 5 6 4 5 5 4 4 5 4 5 5 6 5 6 4 6 5 6 6 5 4 5 5 4 5 4 5 6 3 5 4 5 6 4 5 5 5 6 5 5 6 6 4 5 4 6 5 5 6 6 6 5 5 4 5 4 2 4 6 5 6 4 2 6 5 5 6 4 4 5 5 6 4 5 5 5 5 5 3 4 4 5 5 5 6 5 6 5 5 5 6 5 6 3 5 4 5 6 5 5 4 4 5 4 5 3 5 6 6 5 6 4 5 4 5 5 6 5 5 4 6 5 5 4 3 6 5 5 4 5 5 5 6 4 5 6 6 5 6 4 5 6 6 6 6 5 6 6 6 6 5 5 5 5 6 5 5 3 4 5 5 5 4 5 6 5 3 5 4 6 4 5 6 5 5 6 6 5 5 4 6 6 5 5 6 5 6 7 6 6 4 6 4 5 4 6 6 4 5 5 5 5 5 5 5 5 4 3 4 5 4 5 5 5 5 6 5 5 5 5 5 5 5 5 6 5 5 5 6 5 5 5 6 5 5 5 6 3 5 5 6 5 5 6 6 5 6 5 5 6 6 6 5 6 5 6 5 5 6 6 5 4 2 5 5 6 4 6 4 3 6 4 5 5 5 5 6 5 6 4 5 5 6 5 5 6 5 6 5 4 6 4 5 6 5 3 4 5 6 5 5 5 4 5 5 4 6 5 4 4 5 5 3 4 4 6 5 4 5 5 5 3 4 5 4 5 6 5 4 5 6 5 5 5 5 4 5 5 5 5 5 5 4 5 5 5 6 6 5 5 5 4 5 5 4 4 7 5 5 5 6 4 5 5 6 5 5 6 6 4 5 5 5 5 5 6 6 5 5 6 5 4 4 5 6 5 5 4 5 5 6 3 5 5 5 5 4 5 4 3 4 
33 31 29 35 27 19 13 15 14 16 14 17 21 11 4 3 3 3 2 4 3 4 4 4 2 4 3 3 4 3 5 1 3 2 4 4 5 3 3 4 2 4 3 1 1 2 4 3 4 4 4 3 4 2 4 4 3 3 3 2 2 2 4 None 1 3 4 3 3 3 3 4 2 2 4 4 3 3 3 4 2 4 4 3 4 3 4 4 3 3 3 4 4 3 4 4 4 3 4 3 3 4 3 4 4 3 2 3 4 4 4 3 4 4 4 4 4 4 3 2 5 3 3 3 4 3 4 3 3 5 3 3 3 3 4 4 3 3 3 5 4 2 4 3 4 4 4 4 4 3 3 4 4 5 2 4 3 4 4 4 2 4 4 2 3 4 2 2 4 4 4 4 4 4 3 4 3 3 2 4 4 3 3 5 5 4 3 3 4 4 1 3 3 4 3 4 4 3 2 3 3 4 3 4 4 2 4 4 4 3 3 4 4 4 4 4 3 3 3 3 3 3 2 3 3 3 3 3 4 3 3 4 4 4 4 4 3 3 4 3 4 3 4 4 3 5 4 4 4 3 3 3 3 4 4 4 3 3 3 4 3 3 4 4 2 3 3 2 4 4 3 4 3 2 5 2 4 4 3 4 2 3 4 4 5 4 5 4 4 3 2 3 4 3 4 4 4 4 4 2 3 4 3 3 3 4 4 4 3 4 4 4 4 4 4 2 3 4 3 3 5 3 4 3 2 4 3 4 4 4 3 4 3 4 4 3 4 4 4 4 3 4 4 2 3 4 4 4 4 2 4 3 3 2 3 3 3 4 4 2 2 2 3 3 4 4 4 2 3 5 4 4 3 3 4 4 3 5 4 3 4 3 2 4 2 4 4 3 4 4 3 4 4 1 3 4 4 2 3 3 3 3 3 3 4 3 4 4 3 3 4 3 3 2 3 4 3 5 4 3 3 3 2 4 4 4 2 2 4 4 5 4 2 3 3 4 3 3 4 3 2 4 4 5 4 4 4 3 1 4 4 4 4 4 4 5 3 3 4 5 4 4 3 4 4 4 5 4 3 4 4 3 3 3 4 4 3 3 4 4 3 3 3 4 4 4 4 3 3 3 2 3 3 4 1 2 4 4 4 4 
32 30 28 34 26 18 12 14 13 15 13 16 20 10 3 4 3 4 3 5 4 5 5 4 3 5 4 4 4 2 5 2 4 3 3 4 4 4 4 5 3 4 4 2 2 3 5 4 3 3 5 3 4 3 4 5 4 3 4 3 3 3 5 1 None 2 5 4 4 4 4 5 3 3 3 3 4 4 2 5 3 3 4 2 4 4 4 5 4 4 4 3 4 3 4 4 4 3 3 3 4 3 4 4 3 4 3 3 4 3 4 4 4 3 4 4 4 4 4 3 5 4 4 4 4 4 4 4 3 5 4 4 4 2 4 3 2 4 4 6 5 3 4 4 5 5 4 5 4 4 3 4 3 4 3 3 4 4 4 5 3 4 4 3 3 5 3 3 4 4 3 5 4 5 4 5 4 4 3 3 5 4 4 4 4 4 3 3 3 3 2 4 2 4 4 4 5 4 3 3 4 3 3 5 4 3 4 3 4 4 4 4 4 4 3 5 4 4 4 4 3 4 3 4 4 3 4 4 3 2 4 5 4 4 5 5 4 3 4 4 4 4 4 5 4 4 3 4 4 3 2 4 4 3 4 4 4 3 3 4 4 4 4 5 3 3 4 3 4 4 3 4 4 3 5 3 4 4 4 3 1 4 4 5 4 3 4 5 5 4 3 4 5 4 3 4 4 4 5 3 4 3 2 4 3 3 3 4 2 4 4 5 3 5 4 3 3 5 4 3 4 4 5 3 2 4 4 3 4 5 2 4 4 4 4 2 5 4 4 4 4 3 3 2 3 4 5 4 4 3 5 4 4 3 4 3 4 4 4 3 3 3 4 3 4 4 4 3 4 4 4 4 4 3 4 5 4 5 4 4 4 4 3 4 3 4 5 3 3 3 4 4 5 2 4 3 3 1 3 4 4 4 2 4 4 4 4 3 4 4 4 3 2 3 4 4 4 5 4 3 2 3 3 4 4 4 3 1 4 4 4 4 3 4 3 5 4 4 4 4 3 4 4 5 4 4 5 4 2 4 4 4 5 5 4 5 4 2 4 5 4 4 2 3 4 3 5 4 4 3 4 3 3 4 5 4 4 4 4 5 4 4 4 5 4 5 5 3 4 3 3 3 3 4 2 3 4 4 4 3 
33 31 29 35 27 19 13 15 14 16 14 17 21 11 4 3 4 5 3 5 5 3 3 4 4 5 5 4 2 3 3 4 5 4 3 4 4 3 4 5 2 2 4 4 3 4 5 5 4 5 4 3 4 4 3 5 4 3 4 5 4 4 5 3 2 None 4 4 4 4 5 4 3 4 4 4 4 3 3 4 3 4 4 3 5 4 5 4 4 4 3 3 2 5 4 5 4 4 4 4 3 4 4 4 4 4 4 4 5 4 4 4 4 3 4 4 4 4 4 4 4 4 4 5 4 4 4 4 3 5 4 3 3 3 5 2 3 4 2 5 5 5 3 4 4 4 4 4 2 4 2 4 4 4 4 4 3 3 3 4 4 3 3 5 3 4 5 4 3 3 4 4 4 4 4 5 5 4 4 4 4 4 5 4 3 3 4 3 4 2 3 3 4 4 3 4 4 4 2 1 4 4 3 3 5 4 4 4 3 5 3 5 5 5 3 5 4 4 4 4 3 4 4 2 4 4 5 5 4 3 4 4 4 4 5 4 4 2 3 4 4 4 5 5 4 4 3 4 3 4 1 4 4 3 3 4 4 3 3 4 4 4 4 4 4 4 3 5 4 2 1 5 4 5 5 4 4 2 3 4 3 4 4 5 5 3 5 3 4 5 4 2 5 3 2 5 4 4 5 4 4 4 4 5 4 4 5 3 3 5 5 4 5 5 3 4 5 3 4 2 4 4 4 5 4 3 4 5 3 4 3 5 5 4 3 4 3 3 3 4 3 3 4 4 4 5 4 3 4 4 4 3 4 2 4 4 4 4 4 3 5 4 3 4 4 3 4 3 4 3 4 3 4 4 4 4 3 3 4 4 5 3 4 4 5 4 4 3 4 4 3 4 4 4 3 2 3 2 3 3 3 4 4 4 4 5 3 4 5 5 4 4 4 5 4 3 5 5 4 4 4 4 4 3 3 4 2 3 4 4 5 3 2 3 4 5 4 4 4 4 3 4 4 3 4 4 4 3 4 4 2 5 4 4 5 5 4 4 4 3 3 4 4 4 4 5 5 4 3 4 3 4 4 5 4 4 5 5 4 4 3 4 4 5 4 4 5 3 3 4 4 3 2 4 3 4 4 4 4 5 
33 31 29 35 27 19 13 15 14 16 14 17 21 11 4 3 4 4 3 5 4 3 5 5 4 5 5 3 3 5 5 3 5 2 4 5 4 3 4 4 4 5 4 3 3 3 5 5 2 4 3 3 4 3 3 4 4 3 5 2 2 3 4 4 5 4 None 1 3 1 4 4 4 4 4 4 4 3 3 4 4 5 4 4 4 3 4 2 3 4 4 4 3 3 4 5 5 3 4 3 4 4 4 4 5 4 4 5 4 4 4 2 5 4 4 3 3 5 4 4 4 4 4 3 3 4 4 4 3 3 5 4 4 3 4 4 3 4 4 6 5 4 3 4 5 5 4 4 4 2 4 3 4 4 4 4 2 3 4 4 2 4 3 4 4 2 4 3 3 4 4 5 4 5 4 3 3 3 4 4 4 4 3 4 3 4 4 2 3 2 5 4 4 4 3 3 4 5 4 4 4 4 4 4 4 4 3 4 4 5 4 4 5 4 4 5 4 3 4 4 4 5 4 4 3 4 4 3 4 4 4 5 4 4 5 5 5 4 3 4 5 3 3 4 4 5 4 4 3 3 4 3 3 3 3 4 4 3 4 3 3 3 3 4 5 4 4 4 4 4 3 4 4 4 4 3 3 5 5 4 4 4 5 3 4 5 5 4 4 5 5 4 4 4 4 5 4 3 5 4 4 4 3 3 4 4 5 4 4 4 4 4 4 4 4 5 3 1 2 3 4 3 4 4 4 3 5 6 4 5 5 4 3 4 3 5 5 5 5 5 4 3 4 4 4 5 4 4 5 4 4 4 5 3 3 4 4 5 2 4 4 2 4 3 4 4 4 3 4 3 5 4 4 4 4 4 4 4 4 3 3 5 4 2 5 4 5 4 3 3 5 6 5 3 4 3 4 5 4 4 3 4 4 4 4 5 3 3 3 1 4 4 4 4 3 4 4 5 4 4 4 4 4 5 3 3 4 4 4 4 5 4 3 2 4 4 5 4 4 2 4 4 4 4 3 4 5 2 4 4 4 4 2 4 5 4 4 5 3 4 2 4 4 3 2 3 5 5 3 3 1 3 5 4 4 4 5 5 4 4 3 3 4 4 4 4 4 4 5 3 3 4 4 5 3 3 4 3 5 5 
33 31 29 35 27 19 13 15 14 16 14 17 21 11 4 4 4 5 2 4 4 4 4 4 3 5 4 2 4 4 4 2 4 3 4 4 3 2 3 4 4 4 3 4 3 3 5 4 3 5 3 4 4 3 4 5 3 4 4 3 1 4 5 3 4 4 1 None 4 2 4 3 4 3 3 3 4 2 2 4 3 4 3 4 5 4 4 1 4 4 5 3 4 4 4 4 4 4 3 3 3 3 3 4 5 4 3 4 5 4 4 3 4 4 5 2 4 4 4 4 3 4 3 2 4 4 3 3 3 2 4 3 4 4 4 3 4 4 3 5 5 3 4 4 4 4 5 5 5 3 3 3 4 4 5 3 1 4 4 3 2 4 4 4 3 3 4 4 4 3 3 4 4 4 3 4 3 3 4 5 4 4 3 3 4 3 4 3 4 3 4 3 4 3 3 4 5 4 5 4 3 3 4 5 4 3 4 4 3 4 5 4 4 3 5 4 3 4 3 4 4 4 3 3 3 3 3 3 4 3 4 5 4 4 5 4 5 3 4 3 4 3 4 4 4 4 4 4 4 4 4 4 2 4 3 4 3 2 3 4 4 4 2 4 4 4 4 4 4 4 3 4 4 4 3 4 2 4 4 4 4 3 5 4 4 4 5 5 3 4 4 4 3 4 4 4 4 3 4 4 3 3 4 2 5 4 5 5 4 4 5 4 3 3 4 4 4 2 3 3 3 2 3 5 4 4 5 6 3 4 5 4 2 4 4 4 5 4 4 5 3 4 4 4 5 4 3 3 4 4 4 4 4 4 2 4 3 4 3 3 4 3 4 3 3 4 4 2 3 4 5 4 3 4 4 5 3 3 4 3 4 5 4 3 4 4 4 3 3 3 5 5 4 3 4 4 4 4 4 4 3 3 4 3 4 5 3 4 4 2 4 4 4 4 2 3 4 5 4 4 4 4 3 4 4 2 4 5 3 4 4 3 4 3 4 4 5 3 3 3 4 4 4 4 2 4 5 3 4 4 4 4 3 4 5 5 3 4 4 3 3 4 3 2 1 3 4 4 2 4 2 4 4 4 5 5 4 4 4 4 3 3 3 4 3 4 4 3 4 2 3 5 4 4 4 4 4 3 5 4 
32 30 28 34 26 18 12 14 13 15 13 16 20 10 3 4 3 5 3 4 4 4 4 4 5 5 4 2 3 4 4 4 3 1 3 4 4 2 4 3 3 4 4 4 4 3 4 4 3 4 4 4 4 5 3 5 3 2 4 3 4 4 6 3 4 4 3 4 None 2 4 5 3 3 3 4 4 4 3 4 3 4 4 3 3 3 4 3 3 3 4 3 2 5 4 4 4 2 2 2 2 4 3 3 4 4 4 4 4 4 3 4 5 3 4 3 3 2 2 3 4 3 4 4 4 3 4 4 4 5 4 4 4 4 3 4 2 3 4 6 5 3 4 4 4 4 4 4 5 3 4 2 3 4 4 4 4 3 4 3 4 4 4 3 4 4 5 4 4 5 4 2 4 3 4 3 2 4 3 4 4 3 4 4 3 1 3 4 3 4 4 4 5 4 2 3 5 3 4 3 4 4 4 4 4 4 4 2 4 5 4 3 3 4 5 4 4 3 3 4 4 4 3 4 4 3 4 3 5 4 4 5 4 5 4 4 4 3 4 3 3 4 4 3 4 2 3 4 4 2 4 3 4 4 3 4 3 3 4 4 4 2 3 5 4 4 4 4 4 4 4 4 2 3 3 4 3 2 3 4 3 4 4 4 5 5 5 1 4 5 4 3 4 4 4 4 3 4 4 3 4 4 5 4 2 4 4 3 5 3 4 4 4 3 4 4 4 4 5 3 4 4 4 4 3 4 4 5 4 4 3 4 5 3 2 4 4 4 3 3 2 3 4 3 4 4 5 4 4 4 4 5 4 3 4 3 3 4 4 3 4 4 3 3 4 3 4 4 4 3 4 5 3 4 3 4 3 3 3 4 4 4 4 3 5 2 4 3 4 4 4 4 4 2 3 4 3 4 4 4 3 3 5 3 4 4 3 4 2 4 3 4 3 4 4 3 4 4 4 4 5 4 3 4 4 4 3 4 3 5 5 4 4 3 3 5 4 4 3 3 3 4 2 4 4 2 3 4 4 4 4 4 4 3 4 4 4 4 4 3 4 4 4 3 4 4 5 4 4 4 4 3 4 4 4 4 4 4 4 4 4 4 4 4 3 1 4 4 4 3 3 4 4 4 4 4 2 4 4 4 
32 30 28 34 26 18 12 14 13 15 13 16 20 10 3 4 4 5 3 5 5 4 5 4 4 5 4 4 2 4 5 4 4 3 5 5 4 4 5 5 4 4 4 3 3 2 5 5 3 5 4 4 5 4 4 5 4 4 4 1 3 4 5 3 4 4 1 2 2 None 4 5 3 4 5 4 4 4 4 5 4 5 3 4 5 2 5 3 4 5 5 3 4 4 4 5 4 4 4 4 4 4 3 4 4 5 4 4 3 5 5 3 5 4 4 3 4 4 4 3 5 5 4 4 4 3 5 4 4 4 4 3 4 4 5 4 3 5 5 6 4 5 4 5 6 4 5 5 5 3 4 4 4 5 4 4 3 4 5 4 3 5 4 3 3 3 4 4 4 5 5 4 3 5 4 4 4 4 4 5 5 5 4 5 4 3 3 3 4 3 4 4 5 4 4 4 5 4 4 3 3 4 5 3 4 4 4 4 4 5 4 5 5 4 5 6 4 2 4 4 4 4 3 4 2 4 3 3 3 4 4 4 5 5 5 4 4 4 4 5 5 4 4 5 4 4 4 4 4 4 5 4 4 4 3 5 3 4 5 4 4 4 4 5 5 5 3 4 4 5 4 5 4 3 4 4 4 4 4 5 4 5 5 4 5 4 5 3 4 5 4 3 3 5 5 6 5 4 5 4 4 3 4 3 4 4 5 5 5 5 5 4 5 5 5 5 4 2 3 4 5 4 5 4 3 4 5 6 3 4 5 5 4 5 2 5 4 4 5 5 4 4 3 5 4 4 4 3 4 4 3 5 4 4 2 5 5 5 3 4 4 3 3 4 4 3 4 4 5 4 4 3 4 3 3 5 4 3 4 4 2 4 5 3 4 4 4 3 2 4 4 5 4 2 4 4 4 5 5 5 4 5 3 5 5 4 4 4 4 2 5 4 4 4 4 4 4 6 4 4 5 4 3 5 4 4 4 4 5 3 5 4 4 3 4 5 4 4 4 3 4 5 4 3 4 4 5 3 3 3 4 4 3 4 5 4 4 5 4 5 3 5 4 3 3 4 6 4 4 4 2 4 4 4 5 4 5 4 4 5 4 4 4 5 4 3 3 4 5 4 4 3 4 4 4 4 3 4 4 4 
33 31 29 35 27 19 13 15 14 16 14 17 21 11 4 4 5 2 5 4 4 4 4 4 5 5 4 4 4 5 5 4 2 5 5 3 4 2 4 4 4 5 4 2 4 3 5 4 3 4 4 4 5 3 4 5 4 4 4 3 4 3 5 3 4 5 4 4 4 4 None 4 4 4 4 4 4 4 5 2 3 4 4 4 5 4 3 3 4 5 4 4 4 3 4 5 4 4 4 4 4 4 2 2 4 4 5 3 4 3 5 4 4 3 5 4 3 4 4 4 4 3 3 4 4 4 5 4 4 4 3 3 3 2 5 4 4 4 3 6 5 4 4 4 5 4 4 4 5 4 4 4 5 4 3 4 5 3 4 5 4 4 5 4 3 4 1 5 3 4 4 3 4 5 5 4 4 4 3 5 4 5 3 5 5 3 4 4 5 3 4 4 5 3 4 5 3 4 4 5 5 3 4 4 4 4 5 4 4 5 4 4 4 3 4 5 4 4 5 6 4 3 4 5 4 3 4 5 4 4 4 4 3 4 4 4 3 3 4 3 4 5 5 4 4 4 5 4 3 4 4 1 5 4 3 4 4 3 4 4 5 3 4 4 2 5 4 4 4 5 4 3 4 3 4 5 4 4 3 5 3 5 5 3 4 5 4 5 5 5 5 4 5 4 5 4 4 4 5 4 3 2 3 4 3 3 4 3 3 5 4 5 4 3 5 4 2 3 4 5 5 4 4 4 4 5 5 5 4 3 5 4 5 3 5 5 5 4 4 3 2 5 1 3 4 4 4 3 4 5 3 3 4 3 2 4 4 4 4 4 2 3 5 5 4 5 3 5 4 4 4 3 4 4 5 2 3 5 4 4 4 4 5 3 5 3 4 3 4 3 4 4 5 4 3 4 5 4 3 4 3 3 5 4 4 4 3 2 4 4 5 3 4 3 4 4 2 3 4 4 4 5 3 4 5 4 4 5 1 4 4 4 4 4 4 5 5 5 4 4 4 4 4 5 4 4 5 4 4 5 4 3 4 5 3 5 3 4 3 5 4 4 4 3 4 5 4 5 5 5 4 4 4 5 5 4 4 4 4 4 5 5 3 4 4 4 5 4 4 4 3 5 4 2 4 4 5 4 4 4 
33 31 29 35 27 19 13 15 14 16 14 17 21 11 4 5 5 5 2 4 3 3 4 5 2 5 3 3 4 3 5 4 4 4 5 5 4 3 4 2 3 5 3 3 4 5 4 2 3 5 4 4 3 4 4 5 4 4 4 4 3 3 5 4 5 4 4 3 5 5 4 None 4 4 4 2 5 2 3 3 4 3 5 3 4 5 4 2 4 4 5 3 4 5 4 5 4 4 4 4 3 5 4 4 4 3 3 4 5 4 4 2 5 4 4 4 4 4 4 4 5 3 3 1 1 4 4 4 5 5 4 4 4 4 5 4 4 3 2 4 5 3 4 4 5 4 5 4 5 4 3 3 4 5 4 3 4 4 5 4 3 3 5 4 3 3 4 4 2 1 2 4 4 4 4 4 4 4 4 5 4 4 4 4 5 4 3 4 5 3 4 4 4 3 4 4 3 3 4 4 3 3 5 4 2 4 5 4 4 5 4 3 3 3 5 4 2 5 4 5 4 5 4 3 3 4 4 2 3 4 3 5 4 4 5 5 4 3 4 3 5 3 4 3 4 4 4 4 4 4 4 5 4 4 4 4 4 3 4 5 4 3 4 4 5 4 4 3 4 4 3 3 4 4 4 5 3 5 4 5 4 4 5 5 3 4 5 4 5 3 4 5 2 4 4 5 4 4 5 4 5 4 5 4 4 5 5 4 3 4 4 4 4 2 3 3 5 3 4 4 5 1 3 4 4 4 5 5 5 4 4 5 4 3 5 5 4 3 4 5 5 3 5 4 4 4 2 3 4 4 4 5 5 4 4 3 4 4 3 4 4 4 4 3 2 4 4 3 2 4 4 3 2 3 5 4 4 5 5 3 4 5 4 5 4 5 3 4 5 4 5 4 4 3 3 4 3 4 4 4 3 3 4 4 4 5 3 2 4 3 4 4 4 4 4 4 4 5 5 4 3 4 5 3 5 4 4 4 3 4 3 4 4 4 3 5 5 4 3 4 4 4 4 4 4 5 3 4 3 4 4 3 2 3 4 5 3 5 4 4 4 5 3 4 4 2 4 4 3 5 4 4 4 5 5 4 3 4 3 4 3 3 5 4 4 4 4 3 4 3 3 4 4 4 4 3 5 5 4 4 
33 31 29 35 27 19 13 15 14 16 14 17 21 11 4 3 3 4 2 4 4 4 4 3 4 4 2 4 4 3 3 3 3 2 4 4 4 2 3 4 3 4 3 3 3 4 5 3 4 4 3 4 4 3 2 4 4 3 1 2 3 3 5 2 3 3 4 4 3 3 4 4 None 1 4 2 3 3 4 4 3 4 2 1 3 3 4 3 5 4 4 3 2 4 5 4 4 3 5 3 3 3 4 3 4 4 4 3 4 4 5 4 4 2 4 4 3 4 2 2 4 2 3 3 4 4 2 4 4 4 2 4 4 4 4 3 3 4 4 5 4 3 4 3 5 4 4 3 4 4 2 4 2 4 2 3 5 3 4 5 3 3 5 2 3 3 4 3 3 4 4 3 4 2 1 3 3 3 4 4 5 3 3 4 5 3 3 4 4 3 3 3 3 4 3 4 4 3 3 4 3 4 4 3 3 3 4 3 3 3 4 4 4 4 3 5 4 3 3 3 3 3 2 3 3 3 3 4 3 4 4 4 4 5 3 4 4 1 4 4 3 1 2 3 4 3 3 4 4 3 2 4 2 3 3 4 2 3 2 3 4 4 4 4 3 3 4 4 3 2 3 4 3 2 5 3 4 3 3 4 3 4 4 4 4 4 4 3 2 4 4 4 4 2 3 5 4 4 4 3 4 3 4 4 2 3 4 3 4 3 4 2 5 4 4 4 3 4 4 4 3 3 4 3 2 4 4 4 3 4 4 3 3 3 4 4 4 4 4 4 4 3 4 2 1 5 4 4 5 4 4 5 4 3 3 4 4 4 4 4 4 4 1 3 4 4 4 2 3 3 4 3 4 3 4 4 3 3 4 4 4 4 3 4 3 3 5 3 3 3 1 4 2 1 2 3 4 3 3 4 3 2 3 3 3 3 3 3 3 4 4 3 3 4 3 4 3 3 2 3 3 4 3 4 4 3 4 2 3 3 4 5 4 4 3 4 3 2 4 3 4 3 3 5 4 4 5 4 3 4 4 3 4 2 2 5 4 2 4 3 4 4 3 3 3 4 3 4 4 4 4 3 4 4 4 4 3 3 4 4 4 4 2 5 4 3 4 4 3 3 4 4 3 4 2 3 4 4 3 3 
32 30 28 34 26 18 12 14 13 15 13 16 20 10 3 4 3 4 3 3 4 4 5 4 3 3 1 4 4 4 4 3 3 3 5 4 4 3 3 3 3 4 2 3 3 4 4 2 4 3 2 3 4 2 3 4 4 4 2 3 3 4 4 2 3 4 4 3 3 4 4 4 1 None 4 3 4 4 4 4 3 3 3 2 4 4 4 4 4 4 4 3 3 3 4 4 3 3 5 4 3 4 3 4 4 4 3 2 3 3 5 4 5 3 4 3 2 3 2 3 3 1 4 4 3 4 3 4 4 4 3 3 4 5 4 4 4 3 3 6 5 4 3 2 5 4 4 4 4 4 3 3 2 4 3 2 4 4 4 4 4 4 4 3 3 4 3 3 4 4 4 2 3 3 2 2 3 3 4 3 5 3 2 4 4 2 4 3 4 4 3 3 3 3 3 4 4 3 2 3 4 4 3 4 3 3 4 3 3 2 4 4 3 3 4 4 4 4 4 4 4 3 3 4 3 3 3 3 4 3 3 4 4 4 4 4 4 2 4 4 4 2 3 4 4 4 4 4 4 3 3 4 3 4 4 3 1 2 1 2 3 4 4 4 3 4 3 4 4 3 4 4 4 3 4 2 4 3 3 5 4 3 4 3 5 3 5 4 3 3 4 4 4 3 4 4 3 3 5 2 3 2 3 4 3 4 3 4 4 3 4 3 5 4 5 4 4 4 4 5 4 4 5 4 3 4 3 5 4 4 3 4 4 4 4 4 4 3 3 4 3 4 4 3 2 4 4 3 4 4 4 4 4 2 3 3 4 4 3 4 3 4 2 4 4 3 4 3 3 4 4 4 4 4 5 5 4 4 4 4 4 5 2 4 2 3 4 3 2 3 2 4 3 2 3 2 3 4 2 3 4 3 3 4 3 4 4 4 4 3 4 3 2 4 2 3 2 4 3 3 3 4 4 5 4 2 4 3 4 2 5 4 4 3 4 3 3 3 3 3 4 4 2 4 4 4 4 3 3 3 3 4 4 3 3 4 3 3 4 4 5 4 4 3 2 4 4 4 3 3 4 4 4 3 4 4 3 3 4 4 4 3 1 5 3 3 3 3 3 3 3 4 4 3 1 2 4 4 4 4 
33 31 29 35 27 19 13 15 14 16 14 17 21 11 4 4 4 4 4 3 2 5 2 4 4 3 4 4 3 4 4 4 4 4 2 5 4 3 5 4 5 4 3 4 4 4 4 4 3 2 4 4 3 4 3 4 1 2 3 4 4 3 5 4 3 4 4 3 3 4 4 4 4 4 None 3 3 4 4 3 4 4 4 4 5 3 3 3 3 5 4 4 4 5 1 4 4 4 5 4 3 4 4 4 5 4 4 4 5 4 5 4 5 3 4 3 3 1 4 3 4 3 3 4 4 3 4 4 4 5 3 4 4 3 5 4 5 3 5 5 5 4 3 4 3 4 3 4 5 5 4 4 4 5 5 4 4 4 5 4 4 3 4 4 4 3 4 4 4 5 4 4 3 3 4 2 3 4 3 4 3 3 3 5 4 2 3 4 5 4 5 3 3 4 4 4 3 2 4 3 4 4 2 4 5 4 5 3 5 3 4 3 4 4 2 5 4 3 4 5 4 4 3 4 4 3 3 3 4 4 4 4 3 4 4 5 4 4 4 2 4 4 4 4 4 4 4 4 4 4 4 4 4 4 4 4 3 4 4 3 3 4 4 4 4 3 3 4 3 3 4 5 3 4 5 4 4 3 3 4 4 4 5 5 4 4 5 4 4 4 5 4 5 4 4 4 3 3 5 4 3 4 3 4 5 2 3 4 3 3 2 5 2 3 5 4 3 4 4 5 3 4 3 4 3 3 2 4 4 3 3 4 4 3 5 1 4 3 3 4 3 4 4 4 4 3 4 3 4 4 2 5 3 3 3 3 4 4 3 4 4 4 4 3 3 3 4 4 3 5 4 3 3 3 4 4 4 3 3 3 4 4 3 3 3 5 3 3 2 4 4 5 3 4 3 4 3 4 4 4 3 3 3 4 4 5 3 2 4 4 3 4 4 4 5 4 3 4 5 4 4 3 2 2 3 4 4 4 3 5 4 4 4 3 4 4 2 4 4 3 3 2 3 2 4 4 4 4 4 1 4 1 4 4 3 5 4 5 3 4 4 1 4 4 4 4 5 4 4 4 4 3 4 4 4 2 4 2 3 4 4 4 4 2 3 4 4 4 5 4 4 4 3 3 3 2 4 2 3 2 
33 31 29 35 27 19 13 15 14 16 14 17 21 11 4 3 4 3 4 4 3 4 2 4 2 4 3 2 4 4 4 3 4 3 3 4 2 3 4 4 4 4 3 3 4 3 4 4 3 5 3 2 3 4 4 5 4 3 3 3 4 4 4 4 3 4 4 3 4 4 4 2 2 3 3 None 4 4 4 4 4 4 3 1 3 4 3 2 3 3 4 4 3 4 4 5 5 4 4 4 4 3 4 3 2 3 4 2 3 4 3 4 3 2 4 3 4 2 4 3 3 4 3 3 3 4 4 3 4 4 4 3 3 4 4 2 4 3 4 4 5 3 4 5 3 4 4 5 3 5 4 4 2 3 2 3 4 4 3 3 3 4 3 3 3 5 4 4 4 3 4 4 3 4 3 3 4 3 4 4 4 4 3 4 3 3 4 4 4 3 4 4 3 3 4 4 4 1 3 4 4 4 4 4 4 3 5 4 3 4 3 4 5 4 4 4 4 4 3 4 2 3 3 4 3 4 3 4 1 3 4 3 4 3 5 4 3 3 3 3 3 3 4 4 4 4 4 4 2 3 3 3 4 4 3 4 3 4 4 4 4 3 4 3 3 4 2 3 3 4 4 5 4 4 4 4 3 4 4 4 4 5 4 3 2 2 5 4 4 3 4 4 2 4 4 4 2 4 4 3 4 3 3 4 2 4 4 4 3 3 4 4 5 4 4 3 4 5 4 4 3 1 4 2 3 4 4 4 4 4 3 4 3 1 4 4 4 4 3 4 3 3 4 3 3 4 2 3 4 4 4 4 5 3 4 4 4 4 4 3 3 4 3 3 2 4 2 4 4 4 3 2 2 3 3 3 4 4 4 4 4 5 2 4 4 3 4 3 3 3 3 4 4 3 3 4 4 4 4 4 4 3 2 4 2 4 1 2 2 4 4 2 3 4 4 4 5 3 4 3 1 2 4 3 5 4 4 2 3 3 3 4 3 2 4 4 4 4 4 4 4 4 4 5 3 4 5 3 3 4 3 3 4 4 2 5 3 3 3 4 4 4 1 2 3 3 5 5 3 4 3 3 2 4 5 4 3 4 3 3 3 3 4 4 4 3 4 3 3 3 4 3 3 4 3 4 4 4 3 4 
32 30 28 34 26 18 12 14 13 15 13 16 20 10 3 4 3 5 3 3 4 5 3 4 5 3 3 3 3 4 4 4 4 3 3 5 4 3 4 4 4 4 4 4 3 4 6 3 4 1 4 4 3 4 4 4 2 3 4 3 4 4 6 3 4 4 4 4 4 4 4 5 3 4 3 4 None 3 5 5 4 4 3 4 5 4 4 4 3 4 4 3 4 4 4 5 5 4 5 3 3 4 5 5 4 4 4 2 3 4 5 3 5 3 2 4 2 4 4 3 4 4 4 4 5 3 3 4 4 5 4 4 3 4 4 4 4 5 5 6 5 3 4 4 4 5 5 5 4 4 4 5 4 5 5 5 4 4 5 4 4 5 4 1 3 4 4 4 4 4 5 4 5 3 4 4 3 5 3 4 5 4 3 2 4 4 4 3 4 3 4 2 4 4 4 4 4 4 4 3 3 4 3 4 4 4 4 3 4 4 4 4 3 2 5 5 3 4 4 4 3 4 3 4 4 4 5 5 3 4 4 4 3 4 4 5 4 4 5 4 5 3 4 3 4 4 4 3 2 4 4 4 4 1 2 5 4 4 3 3 3 4 4 1 3 4 3 5 2 5 4 4 2 3 4 5 3 4 4 3 5 4 4 5 5 4 4 5 5 5 3 4 5 4 5 5 3 5 5 3 4 3 4 4 4 5 5 4 5 5 5 4 3 4 5 4 5 4 5 4 5 5 4 4 3 4 4 6 3 4 4 4 4 4 4 2 5 4 5 4 3 4 4 4 3 5 5 4 4 3 5 4 2 2 2 3 4 4 3 2 4 5 4 4 4 4 4 5 5 4 4 4 4 4 4 5 5 5 4 5 4 4 5 4 5 5 4 3 4 4 4 4 3 2 4 4 4 5 4 5 2 5 3 5 4 4 3 4 4 3 3 4 4 5 3 4 4 5 4 4 3 4 1 5 5 4 3 4 5 4 5 5 3 3 4 3 4 4 4 5 3 3 5 4 3 4 5 3 4 4 3 4 4 5 4 5 4 4 4 4 3 4 4 4 5 4 6 4 4 4 4 4 4 5 5 5 5 3 4 4 3 4 4 3 5 5 4 3 3 3 4 4 3 4 4 5 4 5 4 4 
32 30 28 34 26 18 12 14 13 15 13 16 20 10 3 3 3 4 2 3 3 5 4 4 4 4 4 3 3 3 4 2 3 4 4 4 5 3 3 4 3 4 3 2 4 4 5 3 3 4 3 4 2 4 3 4 3 4 4 4 1 3 4 3 4 3 3 2 4 4 4 2 3 4 4 4 3 None 3 4 2 4 3 4 5 4 4 3 3 3 4 4 4 4 3 4 5 4 4 3 3 4 3 3 4 2 3 3 4 5 4 4 5 4 4 2 4 4 3 2 3 4 2 3 3 4 3 4 3 4 4 3 4 2 4 3 4 4 2 5 5 3 3 2 4 4 4 5 3 4 1 3 4 4 3 4 3 4 4 4 4 4 4 4 4 4 3 4 4 1 2 4 4 4 4 4 4 3 3 3 3 4 3 5 4 3 3 4 4 3 4 3 5 3 4 4 4 4 3 4 3 1 3 5 4 4 4 4 2 4 4 4 3 2 5 4 4 5 4 4 3 4 4 3 4 4 3 3 4 3 3 3 2 4 4 4 4 3 4 4 5 4 4 3 2 5 4 4 4 3 2 4 3 4 3 5 3 2 3 4 3 4 4 3 4 4 4 2 4 4 3 4 4 4 5 5 4 4 3 4 3 4 4 4 5 3 4 4 3 4 4 4 4 4 3 4 4 3 4 3 4 4 5 3 4 3 4 4 4 4 5 4 3 4 4 3 5 4 5 4 5 3 1 4 4 4 3 5 4 5 4 4 2 4 4 4 5 3 3 5 4 4 3 4 4 5 3 2 2 4 4 4 5 4 4 3 3 2 5 4 3 2 2 4 4 4 4 3 4 4 4 4 3 4 4 5 4 3 3 3 5 4 4 4 2 4 4 2 3 4 4 4 3 3 4 3 3 3 4 3 3 4 4 2 4 5 4 3 4 4 4 3 4 3 2 3 4 4 4 3 4 4 4 4 4 4 4 5 4 4 3 5 3 3 3 4 3 3 3 4 3 4 4 2 3 3 5 4 3 4 4 4 4 3 4 4 3 4 4 4 4 4 4 3 3 4 4 4 4 4 4 4 3 5 5 4 3 4 4 5 4 3 4 4 3 3 4 3 2 2 1 3 3 4 4 4 4 3 5 5 
33 31 29 35 27 19 13 15 14 16 14 17 21 11 4 4 4 4 4 4 5 3 5 4 4 5 5 4 4 2 4 4 4 3 4 5 5 4 5 5 4 5 4 4 3 4 4 4 4 4 4 3 4 3 5 5 3 4 4 5 3 5 6 3 2 3 3 2 3 4 5 3 5 4 4 4 5 3 None 4 3 4 3 4 5 4 4 3 5 4 3 4 4 5 5 2 5 4 1 3 4 5 4 4 3 5 4 5 6 4 2 5 4 4 4 4 3 4 4 5 3 4 5 4 4 3 4 5 4 4 5 5 4 4 4 4 4 3 3 6 5 5 3 4 4 3 4 5 4 4 4 4 5 4 5 5 3 4 2 5 4 4 2 5 3 5 4 4 4 2 1 4 5 5 3 3 4 4 4 5 4 4 4 5 3 4 4 4 3 3 4 3 4 4 2 2 5 5 4 4 5 4 5 4 5 4 5 3 4 4 5 5 4 5 4 4 3 5 3 4 4 3 4 5 4 3 4 5 4 4 2 5 5 3 4 5 3 4 3 3 5 5 4 5 5 5 5 4 4 4 3 4 4 4 3 4 5 4 4 4 4 4 4 5 4 5 4 4 4 3 2 4 4 5 4 4 4 5 4 3 3 3 5 4 4 3 5 4 5 4 5 5 4 4 4 3 4 5 4 3 4 4 4 4 5 4 5 4 4 4 4 4 4 5 5 5 5 3 3 1 5 3 4 5 4 3 4 5 4 4 4 4 4 5 4 3 5 2 4 4 3 3 5 4 5 5 4 4 4 4 4 3 4 4 4 3 3 4 2 4 4 5 4 1 2 4 5 2 3 4 4 4 4 5 4 5 4 5 5 4 5 5 5 4 5 3 4 4 4 5 4 4 4 4 3 4 3 3 5 4 4 4 4 3 4 4 4 4 4 4 3 4 4 3 4 4 4 6 5 5 4 5 4 5 4 2 5 3 5 3 2 4 2 3 5 5 4 5 5 3 4 2 5 4 4 5 4 4 4 4 3 5 4 4 5 5 4 4 4 3 2 5 4 4 3 3 5 5 4 4 3 3 3 4 5 4 4 4 4 4 4 5 3 4 3 3 4 3 5 4 4 3 4 5 4 4 3 4 5 4 
33 31 29 35 27 19 13 15 14 16 14 17 21 11 4 5 4 4 4 4 5 4 4 3 4 4 4 4 4 4 4 4 2 4 3 3 2 4 5 3 4 4 4 4 4 4 5 4 4 5 3 4 5 3 3 5 4 4 3 5 3 5 5 4 5 4 4 4 4 5 2 3 4 4 3 4 5 4 4 None 4 4 3 4 4 4 5 4 4 3 3 4 4 5 4 4 5 3 5 5 4 4 3 4 4 3 4 4 5 4 5 4 4 5 5 3 3 2 4 4 4 4 4 4 2 5 4 3 4 4 5 4 4 3 5 4 4 4 3 5 4 5 3 3 3 4 3 4 5 4 4 3 4 4 5 4 3 3 5 3 3 3 3 5 3 2 3 3 1 4 5 3 3 4 5 5 2 3 4 4 2 5 4 4 4 3 2 4 3 2 5 4 4 5 3 4 2 3 3 4 4 4 4 3 3 4 5 4 3 4 3 4 4 5 5 4 4 5 4 4 4 4 3 4 4 3 2 5 4 3 4 3 3 4 5 5 3 4 3 1 4 5 5 5 4 5 4 5 3 3 3 3 4 5 5 5 3 2 3 4 5 3 4 4 4 3 4 4 4 4 3 3 5 5 4 5 3 3 2 4 4 4 5 4 4 4 5 5 5 4 4 3 4 2 4 4 4 3 4 3 4 4 4 5 5 2 3 3 4 4 5 4 4 4 4 4 4 4 4 4 5 3 4 2 3 4 4 5 3 2 5 4 3 3 4 4 4 4 3 4 4 3 3 4 3 4 4 3 4 4 4 4 5 4 4 4 4 4 4 3 4 5 4 3 2 4 4 4 3 3 4 3 4 3 5 3 4 4 4 2 4 2 4 4 4 4 4 4 3 4 4 5 5 4 2 3 3 4 4 2 4 4 4 4 3 5 3 3 4 3 5 4 4 5 4 4 4 4 3 4 4 3 5 3 5 4 5 4 3 5 5 4 3 2 4 4 4 4 3 4 2 3 4 4 4 4 4 4 3 4 4 4 5 3 4 6 4 4 1 5 4 3 5 4 5 3 5 3 4 4 3 4 4 3 4 3 5 3 3 5 4 4 5 5 3 4 4 4 4 4 4 3 2 3 4 4 5 4 4 4 
33 31 29 35 27 19 13 15 14 16 14 17 21 11 4 4 4 5 3 4 4 4 5 4 3 5 4 3 4 4 4 1 3 4 4 4 4 1 3 4 3 4 4 3 2 3 3 3 4 5 3 4 3 3 4 5 4 4 3 3 2 4 4 2 3 3 4 3 3 4 3 4 3 3 4 4 4 2 3 4 None 4 3 3 4 4 4 2 3 3 2 3 4 4 4 5 4 3 4 3 3 4 4 5 4 4 4 3 4 4 5 3 3 4 4 3 4 3 3 4 3 2 3 4 4 3 3 4 3 5 4 3 4 4 3 3 4 4 3 6 4 2 4 4 5 4 4 5 3 4 1 4 2 5 4 4 4 4 3 4 2 2 3 4 4 4 4 3 4 3 4 4 4 4 3 3 3 1 4 3 4 4 4 4 4 2 4 4 4 3 3 2 4 4 4 3 5 3 3 4 4 3 4 4 4 3 5 3 2 3 4 5 4 4 4 2 3 4 3 4 3 4 4 3 2 2 4 4 4 3 4 3 3 4 4 4 4 2 4 3 5 4 4 4 3 4 4 5 3 4 2 4 3 3 4 3 3 3 4 3 4 3 4 4 3 3 4 4 4 3 2 4 3 3 4 4 3 3 3 4 4 4 4 4 5 3 5 4 3 4 4 3 3 2 3 5 4 4 4 3 4 4 5 3 4 3 4 3 4 2 3 4 4 5 4 4 5 4 4 2 5 3 3 4 3 4 5 4 3 4 4 4 3 5 4 5 3 4 4 4 3 4 4 4 3 4 4 4 4 3 5 2 4 3 4 4 4 4 4 3 3 4 2 3 4 4 4 2 3 4 4 3 3 4 4 5 2 4 2 3 5 4 4 4 4 5 4 2 3 4 4 5 3 3 3 3 4 3 3 4 2 2 4 3 4 5 3 3 4 3 4 4 4 4 3 4 3 5 4 4 4 4 3 3 3 3 3 4 2 3 4 4 1 2 4 4 4 3 4 4 4 4 3 4 3 3 3 4 3 4 3 4 5 3 4 6 4 4 3 4 3 4 4 3 4 5 6 4 3 3 3 4 4 4 5 5 4 5 4 3 4 3 4 5 4 4 4 4 2 3 3 4 3 4 3 3 4 4 3 4 
32 30 28 34 26 18 12 14 13 15 13 16 20 10 3 4 4 4 4 4 5 4 4 4 4 4 4 4 3 3 4 4 3 4 5 3 4 4 4 2 4 4 4 4 4 4 5 1 4 4 4 4 5 4 3 5 3 4 3 4 3 4 4 4 3 4 5 4 4 5 4 3 4 3 4 4 4 4 4 4 4 None 4 3 4 5 4 5 3 4 5 4 2 5 3 2 4 4 4 3 4 2 3 5 4 3 2 4 5 4 4 5 5 3 3 4 3 4 3 4 4 2 3 4 3 3 5 5 3 5 4 4 4 4 4 5 4 4 3 4 4 4 4 3 3 2 3 3 5 4 4 3 3 5 4 2 4 3 5 5 3 3 5 5 4 4 4 2 3 4 4 4 4 4 3 3 3 3 3 4 4 3 3 5 5 3 3 3 4 4 4 4 1 5 3 4 4 5 5 4 4 3 4 4 3 4 4 4 3 5 3 4 3 2 4 5 4 3 4 5 3 4 4 4 4 3 3 4 4 3 5 5 3 4 4 4 2 4 4 4 5 4 4 4 3 4 4 3 4 3 4 3 3 4 4 5 3 2 3 4 4 3 3 3 5 2 4 3 5 4 4 4 4 4 4 5 4 4 4 4 5 3 5 3 4 4 4 3 5 3 4 5 3 3 4 4 4 3 5 4 4 4 4 3 4 3 4 1 4 4 4 4 4 4 5 3 4 4 3 4 4 4 4 4 3 4 4 4 4 4 4 3 4 4 4 5 4 3 3 3 2 3 4 4 4 4 4 4 4 3 2 5 4 3 5 2 2 3 4 4 4 5 4 4 5 4 4 3 4 3 3 4 4 4 4 3 5 3 2 2 4 5 4 4 4 4 4 3 3 4 5 4 4 4 2 3 3 4 3 4 4 4 3 2 3 5 4 3 4 4 4 3 3 4 3 3 3 4 4 3 3 4 4 4 3 4 4 2 4 4 5 5 4 4 4 4 4 4 3 4 4 3 4 2 5 4 3 4 3 4 5 3 5 4 4 5 2 4 4 3 4 4 4 3 4 3 5 4 5 4 4 3 3 4 4 4 3 4 3 5 5 4 4 4 1 3 4 4 5 4 4 4 4 3 4 4 4 3 4 4 
32 30 28 34 26 18 12 14 13 15 13 16 20 10 3 4 3 4 4 4 4 2 4 1 4 2 4 4 3 3 3 4 4 4 4 4 5 3 3 4 4 5 5 4 4 4 4 3 4 4 4 4 4 3 4 5 5 4 3 2 4 4 6 4 4 4 4 3 4 3 4 5 2 3 4 3 3 3 3 3 3 4 None 3 5 1 3 4 4 4 3 4 3 4 5 3 4 4 4 4 4 4 5 3 4 4 4 4 5 4 3 4 5 3 5 3 3 3 2 4 2 3 4 4 4 3 3 4 4 4 4 2 4 3 4 4 5 4 4 5 4 3 3 4 5 3 4 4 4 4 2 4 4 5 4 4 4 1 5 4 3 5 4 4 4 4 4 3 3 4 4 4 4 4 3 3 4 4 3 4 4 3 4 5 4 3 4 4 4 2 4 4 4 4 4 2 4 4 4 4 3 4 4 2 3 4 3 3 3 4 4 4 3 4 4 3 4 3 3 3 3 4 3 5 3 2 2 4 3 4 3 4 3 4 3 3 4 3 5 3 4 3 3 2 3 4 2 5 2 3 3 3 4 4 4 5 4 4 4 4 4 4 4 3 5 4 4 4 1 4 3 5 4 4 3 4 4 3 4 4 4 2 4 4 5 4 5 3 2 4 4 3 4 4 4 5 4 4 4 4 4 3 4 4 4 3 4 3 5 5 5 3 4 3 3 3 4 4 4 4 5 4 4 3 4 3 3 4 4 4 3 3 3 4 4 5 4 4 3 3 2 4 4 3 3 4 4 4 3 4 4 4 4 3 3 4 4 3 3 4 3 5 1 4 4 4 4 4 4 3 5 4 4 5 3 3 4 2 4 4 4 3 4 4 4 4 3 3 3 4 3 4 2 3 4 4 4 4 4 3 4 4 4 4 3 5 4 4 4 3 3 4 3 4 4 3 4 4 4 4 4 3 4 5 3 1 3 4 4 3 4 4 4 3 4 5 3 4 4 3 2 4 4 4 5 4 5 4 3 3 3 5 3 2 4 6 2 4 2 3 3 4 2 1 2 4 4 4 3 4 3 4 3 4 4 4 4 4 3 4 4 4 2 4 4 3 3 2 3 4 4 2 3 3 4 4 2 4 4 4 
32 30 28 34 26 18 12 14 13 15 13 16 20 10 3 4 3 4 3 5 4 3 3 3 3 5 3 3 3 4 4 4 4 3 4 4 3 3 4 4 4 5 3 2 4 4 5 4 4 4 3 3 4 4 3 5 3 2 2 3 4 3 5 3 2 3 4 4 3 4 4 3 1 2 4 1 4 4 4 4 3 3 3 None 2 4 4 3 4 4 5 3 2 4 5 5 5 3 5 4 3 3 3 2 3 3 4 3 4 4 4 4 4 1 4 4 4 3 3 3 4 3 4 4 4 4 3 4 4 5 3 3 4 3 4 3 4 4 4 5 5 4 3 4 4 4 4 4 4 5 3 4 1 4 1 3 4 3 4 4 3 3 4 3 3 4 3 3 3 4 5 3 4 3 2 4 3 2 3 3 5 4 4 4 4 4 3 4 4 2 4 4 2 3 3 4 4 2 4 4 4 4 4 4 4 4 4 3 4 4 4 5 4 4 4 5 4 4 4 4 3 3 3 4 4 3 4 5 2 4 4 4 5 4 4 4 4 2 4 4 2 2 3 3 4 4 4 3 3 4 3 4 3 3 2 4 2 3 3 4 5 4 3 4 4 3 3 4 4 3 3 5 4 3 4 4 4 3 4 5 4 4 3 4 3 3 4 3 3 4 4 5 3 3 4 5 3 4 4 4 3 2 3 5 1 4 3 3 4 2 3 3 4 4 5 4 4 4 4 4 2 2 3 3 2 4 5 3 4 5 4 4 4 2 4 3 4 4 4 4 4 3 3 3 2 5 3 3 5 4 5 4 5 4 3 4 4 4 4 4 3 3 2 4 3 4 3 3 4 3 4 3 3 3 4 4 4 3 3 4 4 4 3 3 4 2 4 4 3 3 2 4 3 2 3 4 3 3 4 4 4 3 2 4 3 4 2 3 3 4 5 3 2 3 4 3 4 4 3 3 2 3 4 4 4 4 3 1 4 4 4 5 4 3 4 4 4 3 4 4 4 4 4 4 4 4 5 4 3 4 4 4 3 3 3 6 4 3 4 3 3 4 2 3 4 4 4 4 4 3 3 4 3 3 4 4 4 4 4 3 4 3 3 4 4 3 5 3 4 3 3 4 4 4 3 4 4 4 2 3 
33 31 29 35 27 19 13 15 14 16 14 17 21 11 4 4 5 3 4 4 5 3 5 4 5 6 5 4 5 5 4 5 5 2 4 6 5 3 5 5 4 5 5 4 5 4 7 4 4 6 5 2 5 2 5 5 4 3 3 4 5 4 5 4 4 5 4 5 3 5 5 4 3 4 5 3 5 5 5 4 4 4 5 2 None 5 5 4 3 4 6 5 4 4 5 5 4 3 5 3 5 5 5 4 4 5 5 4 5 4 4 4 5 3 4 5 5 5 5 3 6 4 5 3 4 4 5 5 3 5 5 5 3 5 4 4 3 6 5 5 6 5 4 5 5 4 5 4 5 4 4 5 3 5 3 3 5 4 5 5 4 4 6 4 5 6 4 4 5 5 4 5 5 5 4 4 3 3 4 4 4 4 5 5 5 4 4 5 4 4 5 5 4 3 3 5 5 4 3 4 5 5 5 5 4 4 6 5 5 5 3 4 5 4 4 6 4 4 4 5 4 4 4 4 4 4 3 4 4 3 5 4 4 4 5 5 4 4 3 4 4 4 4 4 3 5 5 5 4 3 5 5 5 5 4 5 4 4 5 5 5 5 4 5 5 5 5 5 5 5 5 5 5 4 6 4 4 4 5 4 4 5 5 5 5 5 6 4 5 4 6 5 5 4 5 5 4 4 3 4 5 4 5 5 3 5 5 3 5 4 4 5 5 4 5 4 4 3 4 5 4 4 4 5 4 5 5 5 4 5 5 5 4 4 5 5 4 5 5 5 4 4 5 4 4 5 4 4 5 5 5 5 5 4 5 4 4 5 5 5 5 5 4 4 5 4 5 3 3 4 3 4 4 5 4 5 4 5 2 4 6 5 4 4 6 4 5 3 4 5 4 5 5 3 4 4 4 4 3 4 4 2 4 4 5 5 4 4 3 5 4 2 4 5 5 4 3 6 3 4 3 4 5 5 3 5 4 3 4 5 5 5 5 5 4 6 4 5 4 4 4 5 4 6 5 4 6 3 5 5 4 5 2 4 5 6 3 5 4 5 4 4 4 4 5 5 6 5 4 5 4 3 4 1 5 5 5 5 4 4 3 4 5 5 5 4 5 4 4 5 5 5 4 4 3 3 5 5 4 5 
33 31 29 35 27 19 13 15 14 16 14 17 21 11 4 4 2 5 3 4 5 3 5 2 5 3 5 3 4 2 4 4 4 3 3 3 4 4 4 5 4 5 4 4 4 4 5 4 4 5 4 5 5 4 3 5 4 4 4 1 4 4 6 3 4 4 3 4 3 2 4 5 3 4 3 4 4 4 4 4 4 5 1 4 5 None 4 4 4 5 4 4 3 5 4 4 5 4 5 4 4 4 4 2 5 4 4 4 5 5 4 4 4 4 4 4 4 2 2 3 3 3 4 4 4 3 3 5 4 5 4 3 4 4 5 4 4 4 4 4 5 4 3 3 4 4 5 5 5 5 3 4 5 4 5 5 5 2 4 4 4 4 4 3 3 4 5 4 4 4 3 4 3 3 4 4 4 5 4 5 4 4 5 5 4 3 4 4 4 3 3 4 5 4 3 3 4 3 4 4 3 3 4 1 4 4 4 4 4 5 3 5 4 5 5 4 4 2 4 2 4 4 3 4 2 3 3 3 3 4 2 5 4 4 4 4 5 4 5 3 4 4 3 3 4 3 3 4 3 4 3 3 4 4 5 5 5 4 5 4 4 4 5 4 5 5 4 4 2 4 3 5 4 3 2 5 4 4 4 5 5 3 3 4 4 4 4 2 3 5 4 4 3 4 4 6 4 5 5 4 4 3 4 3 3 4 3 4 4 5 5 2 5 4 4 4 4 4 4 3 5 4 5 4 3 4 4 5 4 4 3 4 4 5 4 4 5 4 3 4 3 4 3 4 4 5 4 3 2 5 3 3 4 4 2 3 5 4 4 3 4 4 2 4 4 3 4 4 5 4 4 3 4 4 4 4 5 3 5 5 4 2 4 5 5 4 4 4 4 3 3 3 3 2 4 4 3 3 4 4 3 5 4 4 4 4 3 3 4 4 3 4 4 3 5 4 4 4 4 4 5 4 3 5 4 2 3 4 4 3 4 5 4 3 4 5 4 3 4 4 3 5 4 5 4 3 4 5 4 4 2 4 4 3 3 6 3 4 3 4 4 4 3 2 3 3 5 5 4 4 4 4 4 4 5 4 3 4 4 4 3 5 3 4 4 3 4 3 4 4 3 1 2 4 4 4 1 4 3 4 
33 31 29 35 27 19 13 15 14 16 14 17 21 11 4 5 4 2 5 4 5 4 4 4 4 5 4 3 4 4 5 4 3 4 4 4 4 4 4 2 3 5 4 4 4 4 3 3 5 4 4 3 5 3 4 5 2 3 4 4 4 5 6 4 4 5 4 4 4 5 3 4 4 4 3 3 4 4 4 5 4 4 3 4 5 4 None 4 4 4 4 4 4 4 4 3 5 4 5 3 5 4 3 4 5 4 4 4 5 4 4 4 4 4 4 4 4 3 4 4 1 4 4 4 3 5 4 3 4 2 5 3 4 5 4 4 4 3 4 6 5 4 3 4 5 2 3 5 4 4 3 4 4 4 5 4 5 3 4 4 5 4 4 3 4 5 3 4 4 3 4 2 3 5 3 4 4 4 4 3 5 4 3 5 4 4 5 4 4 4 5 4 4 2 4 4 4 2 4 4 5 4 5 4 4 4 5 5 4 4 4 4 3 4 5 2 3 5 3 5 3 4 4 4 5 3 4 5 2 3 4 4 4 3 4 4 3 5 4 4 5 5 5 4 4 5 4 4 3 3 4 2 4 4 5 4 3 4 4 5 5 3 4 4 5 4 3 4 4 5 5 4 4 5 5 4 5 3 3 5 5 3 4 4 4 3 3 4 5 4 5 4 5 4 3 5 4 3 4 3 4 3 4 5 5 4 5 3 5 4 4 4 3 5 4 4 1 4 3 5 5 4 3 4 4 2 4 6 5 5 4 4 4 3 4 4 5 4 2 3 3 4 4 2 3 4 5 5 3 5 4 5 4 4 4 3 4 2 4 4 3 5 4 3 4 4 3 2 3 5 4 5 3 4 4 3 4 4 3 5 5 5 3 2 5 3 2 2 3 4 5 4 4 4 3 4 4 4 5 5 3 4 3 3 2 4 4 4 4 4 3 3 4 4 5 4 4 4 5 4 4 5 3 4 4 2 4 4 4 4 5 3 5 4 4 4 3 5 3 4 4 3 5 5 4 3 3 3 5 4 4 3 5 5 3 5 4 4 4 5 4 4 4 4 5 4 3 4 4 5 3 3 3 4 5 4 3 3 4 3 4 4 3 1 4 3 4 3 4 4 5 4 4 4 4 4 4 3 4 4 
33 31 29 35 27 19 13 15 14 16 14 17 21 11 4 5 3 5 3 5 4 4 4 5 2 5 4 3 4 4 5 3 3 3 4 3 2 1 3 4 3 4 3 4 4 4 5 4 3 4 2 4 3 4 4 4 2 3 3 4 2 4 6 4 5 4 2 1 3 3 3 2 3 4 3 2 4 3 3 4 2 5 4 3 4 4 4 None 3 3 4 3 4 4 4 5 5 3 4 3 3 4 4 3 4 3 4 4 5 3 5 3 5 4 4 3 4 3 5 5 4 4 4 3 3 4 3 4 4 3 4 4 4 4 4 4 4 4 4 4 4 3 4 4 5 4 5 5 5 4 3 4 4 3 4 4 2 4 5 4 3 4 4 5 3 4 4 4 4 3 4 4 3 4 4 3 2 3 4 5 4 3 4 2 4 2 4 3 3 4 4 2 4 3 2 4 4 3 4 4 4 4 3 4 4 4 4 3 3 5 4 4 4 3 5 4 3 4 4 5 4 5 4 3 3 2 4 4 3 3 4 5 3 3 4 5 4 2 4 3 5 3 4 5 4 4 4 3 3 4 3 4 3 3 4 3 3 3 3 3 4 4 3 4 4 5 4 4 4 4 4 4 4 4 2 5 1 3 4 5 4 4 4 5 4 4 4 4 4 4 4 3 2 4 4 4 4 4 5 3 4 4 4 3 4 3 4 4 3 4 4 4 3 4 3 3 5 3 4 4 4 1 4 4 4 4 4 5 3 4 4 4 3 3 4 4 4 4 4 4 3 3 4 4 4 4 2 3 5 3 5 4 4 3 3 3 4 4 4 4 3 4 4 3 2 3 4 3 3 5 4 4 2 3 5 5 2 4 3 4 4 4 4 4 4 3 4 3 4 2 4 5 5 4 3 4 4 4 5 4 2 2 3 4 4 6 3 3 4 3 3 4 4 4 3 4 4 5 5 5 3 4 3 3 4 3 3 4 2 4 4 2 3 3 5 3 5 2 3 4 4 3 3 5 3 4 4 4 3 4 3 4 3 3 4 5 4 5 4 4 4 4 3 3 2 4 5 4 3 4 3 4 4 5 6 4 3 3 3 3 2 4 4 3 4 4 4 2 4 3 4 4 3 4 4 3 3 4 5 4 
31 29 27 33 25 17 11 13 12 14 12 15 19 9 2 3 4 3 4 4 3 3 5 3 3 5 5 3 3 3 5 4 4 3 2 5 4 4 4 3 4 3 4 4 3 4 5 2 4 4 4 2 4 3 4 5 4 4 4 5 3 3 5 3 4 4 3 4 3 4 4 4 5 4 3 3 3 3 5 4 3 3 4 4 3 4 4 3 None 4 4 3 3 4 4 4 4 4 5 4 3 4 4 4 3 4 3 3 4 4 4 4 4 4 1 4 4 4 4 3 4 3 4 4 4 4 3 3 2 4 3 2 1 4 4 4 3 4 5 5 5 4 2 3 5 3 4 4 5 4 3 5 3 4 4 3 5 4 4 4 3 3 4 4 3 5 4 3 4 4 4 3 4 4 4 3 2 2 4 3 4 4 2 3 3 4 4 3 4 3 4 4 4 3 3 4 5 4 3 4 4 4 3 4 4 2 4 4 3 5 3 3 2 1 3 5 3 5 4 5 3 4 4 4 4 4 2 4 4 3 3 4 4 3 4 3 3 4 3 3 4 4 3 3 2 3 3 4 3 4 3 4 3 2 3 5 4 4 3 4 4 4 4 2 5 3 3 3 4 4 4 5 5 4 4 4 3 4 3 3 4 3 4 4 5 4 5 2 5 4 3 4 3 3 4 5 4 3 5 3 3 3 4 4 4 3 4 2 5 3 4 4 4 4 4 4 4 4 4 4 3 4 3 4 4 4 4 5 2 3 4 5 3 4 3 3 4 4 4 4 3 2 3 3 4 4 4 4 4 3 4 4 5 2 4 2 4 3 3 4 3 5 4 4 4 4 5 4 4 4 3 4 3 4 3 4 5 4 1 3 3 4 4 3 3 4 3 2 3 4 4 3 5 4 3 4 4 4 3 4 3 5 4 4 3 5 3 4 4 4 4 2 4 4 2 3 4 4 5 4 2 1 4 4 2 4 3 3 5 4 4 5 4 3 3 4 4 3 3 3 3 4 4 4 4 1 4 1 2 2 4 4 4 3 5 4 3 3 3 4 4 3 4 3 4 4 5 4 3 4 2 3 4 3 5 3 4 4 3 4 4 3 4 3 4 4 4 3 4 2 4 4 3 2 4 5 3 3 4 4 
32 30 28 34 26 18 12 14 13 15 13 16 20 10 3 4 3 4 4 3 4 5 3 4 3 4 3 3 4 4 3 4 4 2 4 3 3 4 2 4 3 3 4 4 4 4 4 3 4 5 4 3 3 4 3 4 4 3 5 4 3 4 5 3 4 4 4 4 3 5 5 4 4 4 5 3 4 3 4 3 3 4 4 4 4 5 4 3 4 None 4 4 4 5 5 5 3 3 5 3 5 4 3 4 1 4 3 2 3 3 4 5 3 4 4 4 4 4 4 4 4 4 2 4 3 3 3 3 3 4 4 4 3 4 4 4 3 4 4 6 4 3 4 4 4 4 4 4 2 4 2 4 5 2 5 4 5 4 2 4 5 5 4 3 3 4 5 3 4 4 3 3 4 5 4 3 3 4 4 2 4 4 4 3 4 4 3 4 4 4 4 3 4 4 3 3 4 4 2 3 4 3 4 5 4 3 5 4 3 3 4 2 3 3 4 3 4 4 4 4 3 3 3 4 3 4 3 4 4 4 4 4 3 4 4 4 4 4 4 3 4 4 3 4 4 5 2 4 3 1 3 4 3 4 4 4 4 4 3 4 4 4 4 4 3 4 5 3 4 4 4 4 4 4 4 3 2 3 3 4 3 4 4 4 5 3 4 4 3 4 3 3 2 4 2 4 2 4 5 4 5 4 3 3 4 3 4 4 4 4 3 4 3 3 1 3 3 3 4 3 4 3 3 1 2 3 4 5 2 3 3 5 4 2 3 5 4 4 3 4 3 4 4 2 3 3 4 4 4 3 5 4 4 4 3 4 4 4 4 4 5 4 3 4 4 4 4 3 4 5 4 4 4 3 2 3 4 5 4 5 4 5 4 4 3 2 4 3 3 3 5 4 4 3 4 4 3 4 4 3 4 5 4 2 3 5 3 3 3 5 3 3 3 4 2 1 4 4 4 3 2 3 4 4 3 4 4 3 4 4 2 2 4 3 4 4 4 3 4 2 2 4 5 5 4 4 4 4 2 4 4 4 4 4 4 5 2 2 2 4 3 4 4 3 4 4 4 4 3 3 4 2 3 4 5 4 5 3 3 4 3 4 5 4 5 3 4 3 1 4 4 4 4 3 3 4 4 4 5 4 
33 31 29 35 27 19 13 15 14 16 14 17 21 11 4 4 3 5 3 3 4 5 5 4 3 5 4 4 4 4 3 3 3 4 5 4 5 3 5 3 3 4 4 4 2 3 4 4 4 5 3 4 3 4 5 4 4 4 4 4 4 5 5 3 4 3 4 5 4 5 4 5 4 4 4 4 4 4 3 3 2 5 3 5 6 4 4 4 4 4 None 3 5 5 5 4 4 4 4 4 4 4 4 4 4 4 3 3 4 5 5 5 3 4 5 3 4 3 3 4 4 4 4 5 4 4 3 2 4 3 4 4 3 3 5 4 4 3 3 6 5 4 3 2 4 3 2 3 5 4 3 4 4 3 4 4 4 4 3 4 3 4 3 4 4 5 5 4 4 4 4 2 4 5 4 4 3 3 4 4 3 3 4 5 4 3 3 4 5 3 3 2 5 4 4 1 4 4 4 3 4 4 4 3 5 3 4 2 4 5 5 4 3 4 4 4 4 4 2 4 4 3 2 4 4 4 4 5 4 4 4 4 4 5 4 5 3 4 3 2 5 4 3 4 4 4 3 5 3 3 4 3 3 4 4 3 3 3 4 3 4 3 5 4 4 4 3 4 4 3 2 4 4 4 5 3 4 2 1 3 4 4 2 5 4 4 6 5 5 4 4 4 4 4 4 5 3 4 3 5 4 4 5 4 4 3 4 4 5 4 5 4 5 5 3 4 4 3 4 2 4 4 5 4 3 3 5 4 3 3 3 5 4 5 4 5 5 4 3 4 4 4 3 4 5 4 5 4 5 3 4 2 4 3 4 4 4 5 4 3 4 4 4 4 3 3 4 3 4 4 5 4 3 2 4 4 4 4 4 4 3 2 5 4 5 3 4 4 3 4 4 4 5 3 3 4 3 4 3 4 4 4 4 3 4 5 3 4 4 4 5 4 3 4 5 4 5 5 4 4 4 4 3 4 3 4 3 4 4 4 5 4 1 2 3 4 4 4 2 2 3 4 4 4 4 5 3 4 4 4 3 4 4 5 5 5 3 4 3 4 3 4 4 3 4 4 5 2 4 3 3 4 4 5 5 4 4 3 4 4 4 5 5 5 4 3 3 4 4 4 3 4 4 2 4 4 4 4 4 3 
32 30 28 34 26 18 12 14 13 15 13 16 20 10 3 4 4 3 4 4 3 4 4 3 4 4 4 4 1 5 4 4 4 3 3 4 4 3 4 5 4 3 5 3 3 4 3 4 4 4 4 4 2 3 3 4 3 4 4 4 4 2 5 4 3 3 4 3 3 3 4 3 3 3 4 4 3 4 4 4 3 4 4 3 5 4 4 3 3 4 3 None 3 4 3 4 4 2 5 3 3 3 4 3 4 3 4 4 5 4 5 3 4 3 4 4 3 4 4 4 4 4 3 2 4 4 2 4 3 5 1 2 4 4 4 4 4 4 4 5 5 4 4 4 3 4 4 2 4 4 4 4 4 4 4 4 2 5 4 3 4 4 4 4 2 4 3 2 4 4 5 3 3 4 4 4 4 4 4 2 2 5 3 4 4 4 3 4 3 4 4 1 3 4 3 4 5 5 3 2 4 4 3 4 3 2 4 4 3 4 3 3 2 3 2 4 1 5 4 4 4 4 5 3 4 4 3 3 4 4 4 5 3 4 3 3 5 4 3 3 3 3 4 4 3 1 2 3 4 3 4 4 4 3 2 4 4 3 2 2 3 4 3 4 5 3 4 4 3 3 3 4 3 3 4 4 4 3 4 4 4 3 4 4 5 4 3 2 4 5 4 3 4 4 4 4 4 4 5 3 2 3 3 4 4 3 2 4 4 3 4 3 4 3 3 4 4 4 3 3 4 4 4 4 3 3 4 4 4 4 3 4 3 3 4 4 4 5 3 4 4 4 4 4 3 4 3 2 4 2 4 3 3 3 3 4 3 5 4 3 4 4 4 4 3 4 4 4 4 4 5 4 4 4 4 5 4 4 4 4 4 4 5 5 4 4 2 3 4 3 2 3 4 4 4 4 4 4 3 2 2 5 3 4 4 5 4 3 3 4 3 4 1 4 3 4 4 4 3 3 3 2 2 5 3 4 3 2 4 3 4 4 2 3 4 4 3 4 4 3 4 4 5 2 1 3 4 4 3 3 3 4 3 4 4 5 4 3 3 4 3 4 4 3 4 5 4 4 3 2 4 4 4 4 5 4 3 4 3 4 4 4 4 3 3 4 3 4 3 3 4 5 4 4 4 4 3 4 4 3 
32 30 28 34 26 18 12 14 13 15 13 16 20 10 3 4 3 4 4 3 4 3 4 2 4 4 4 3 3 4 2 4 3 3 3 4 2 4 5 4 3 4 5 4 4 3 5 3 4 3 3 3 4 4 1 4 3 2 3 4 4 5 5 4 4 2 3 4 2 4 4 4 2 3 4 3 4 4 4 4 4 2 3 2 4 3 4 4 3 4 5 3 None 5 4 3 4 3 4 4 3 4 4 4 4 3 4 5 5 4 4 4 4 1 4 2 2 3 4 4 4 4 2 4 4 3 4 4 3 4 3 3 4 3 5 3 2 4 4 5 5 3 3 4 4 2 3 2 3 3 3 4 3 5 3 4 3 3 4 4 4 3 4 4 4 2 5 4 3 4 3 3 3 2 3 3 3 3 3 4 3 3 4 4 4 3 4 3 4 2 4 4 3 3 3 4 4 4 4 3 4 3 4 4 5 4 2 4 2 4 3 4 3 4 4 4 4 5 4 4 3 3 4 4 4 4 3 3 4 4 4 5 4 4 3 4 2 3 2 3 4 3 4 5 3 2 4 3 3 4 3 3 3 3 2 4 4 3 3 4 4 4 4 4 5 4 4 4 4 3 3 4 3 4 3 4 3 4 4 3 3 3 3 5 4 3 4 1 4 5 4 4 3 3 4 5 4 4 5 4 3 2 3 3 3 3 4 1 4 4 5 4 4 5 5 3 4 2 3 3 4 3 3 4 3 4 5 5 4 4 4 4 4 4 4 3 4 2 3 3 2 1 4 3 2 4 4 4 4 5 4 5 4 3 3 4 4 4 3 3 4 5 3 4 4 4 4 4 4 1 3 3 2 3 4 3 4 1 2 4 4 5 4 3 5 3 4 3 3 4 3 4 2 3 2 3 3 4 3 4 4 4 4 4 3 3 4 3 4 3 4 3 4 4 4 3 5 4 2 3 4 4 4 3 3 4 4 3 4 4 4 5 4 3 3 4 3 4 4 3 4 3 4 4 4 2 3 2 5 4 4 4 3 4 3 5 4 3 4 1 3 4 4 3 4 3 5 3 4 4 3 4 5 4 2 3 3 4 4 4 4 4 3 4 3 3 5 4 4 3 4 3 2 4 4 4 2 3 2 3 
32 30 28 34 26 18 12 14 13 15 13 16 20 10 3 4 5 4 5 4 4 5 5 4 4 5 4 5 5 5 6 4 5 4 5 5 6 3 4 5 4 5 4 2 4 3 5 4 3 5 5 5 4 2 4 5 4 4 5 4 4 3 5 3 3 5 3 4 5 4 3 5 4 3 5 4 4 4 5 5 4 5 4 4 4 5 4 4 4 5 5 4 5 None 5 5 5 5 5 4 4 5 4 5 5 4 3 5 6 4 6 3 5 4 4 5 4 5 5 5 4 4 3 4 5 4 4 5 5 5 4 4 5 3 5 5 3 4 5 6 5 4 5 4 4 4 5 5 5 5 5 4 4 5 3 5 5 4 5 6 3 5 5 5 3 3 3 4 4 5 5 5 5 5 4 3 4 4 3 5 5 5 2 4 5 4 5 5 5 4 4 3 5 4 5 5 4 5 4 4 3 4 5 5 4 3 4 5 5 5 4 5 4 3 5 5 4 4 4 5 4 4 4 5 3 2 3 4 5 4 4 5 5 5 6 5 4 4 5 5 5 5 5 5 4 5 4 5 5 5 5 2 5 4 4 5 4 5 4 4 4 4 4 4 5 5 4 4 5 5 5 5 4 4 5 4 5 5 5 4 2 4 6 4 5 4 6 6 5 4 4 5 4 5 5 5 4 5 5 4 4 3 4 2 5 3 4 4 5 5 6 4 4 5 5 5 3 4 5 5 5 5 4 5 4 4 5 6 5 5 4 4 4 4 4 5 6 5 5 4 3 4 4 4 4 5 5 4 5 2 4 4 4 4 4 4 3 5 4 4 1 3 5 4 4 5 4 3 4 5 5 4 4 5 5 3 4 5 5 4 5 5 4 4 4 5 5 5 4 4 5 5 6 4 4 4 5 4 4 5 4 4 5 4 3 5 5 4 5 2 5 5 5 3 4 4 3 4 5 4 5 4 3 5 5 3 5 4 4 3 4 5 4 5 5 5 5 4 5 4 4 5 5 5 5 5 6 5 3 4 4 5 5 4 5 4 5 3 4 6 4 4 3 4 5 4 5 6 4 5 4 5 5 3 6 5 4 5 5 5 5 5 2 5 4 5 5 4 5 3 3 5 5 4 3 4 6 5 5 5 
33 31 29 35 27 19 13 15 14 16 14 17 21 11 4 4 5 4 4 4 3 5 3 4 4 4 5 3 2 5 5 4 4 4 3 5 5 3 5 5 5 4 4 4 5 5 5 4 4 3 5 4 4 3 4 5 2 3 4 5 4 4 4 4 4 4 4 4 4 4 4 4 5 4 1 4 4 3 5 4 4 3 5 5 6 4 4 4 4 5 5 3 4 5 None 3 5 5 6 3 4 4 4 4 6 3 4 5 5 3 6 3 5 4 4 4 4 2 4 4 5 3 4 4 4 4 5 5 4 4 4 3 5 4 4 5 4 4 4 5 5 3 4 5 4 4 3 5 6 4 4 4 4 5 5 4 4 4 6 4 4 2 5 5 4 4 3 4 4 4 5 5 4 4 5 3 4 3 4 5 4 4 4 4 5 3 4 3 4 4 4 4 4 3 4 4 4 3 4 3 5 4 3 4 4 4 4 3 4 4 5 4 4 4 3 4 3 4 5 6 4 5 4 3 4 4 4 4 5 4 5 4 3 4 4 4 5 5 4 3 5 5 5 5 4 4 5 4 4 5 5 4 5 3 3 5 4 3 4 4 4 5 4 5 5 3 4 4 4 4 4 4 4 3 6 5 5 4 4 5 5 4 5 4 3 5 5 4 5 4 4 4 4 4 5 4 4 3 5 4 4 4 4 5 5 3 4 4 4 4 3 4 3 4 5 3 3 5 5 5 4 3 4 5 4 4 3 5 5 4 4 4 5 4 4 2 3 4 4 5 4 3 5 4 5 4 4 3 5 4 3 4 4 4 4 4 3 5 4 4 5 5 5 4 4 4 5 4 3 5 5 4 2 3 5 5 5 4 4 3 4 3 4 2 4 5 4 3 3 5 4 5 4 4 3 4 4 5 4 4 2 4 4 5 4 6 4 3 4 4 4 5 4 4 5 5 2 5 4 5 5 4 3 3 4 4 3 5 4 4 5 4 5 4 4 5 3 4 4 4 4 3 4 1 3 4 5 4 3 2 3 2 5 5 4 6 4 5 4 5 4 2 5 4 5 4 5 5 4 5 3 4 5 5 5 3 3 3 4 5 4 4 3 3 2 4 5 5 5 3 4 5 4 4 4 3 5 3 3 3 
33 31 29 35 27 19 13 15 14 16 14 17 21 11 4 5 4 5 4 4 5 5 4 4 4 4 4 4 3 4 4 4 4 4 5 5 5 4 5 4 4 5 4 4 4 3 5 3 4 5 4 4 5 4 4 5 5 5 4 4 3 4 6 4 4 5 5 4 4 5 5 5 4 4 4 5 5 4 2 4 5 2 3 5 5 4 3 5 4 5 4 4 3 5 3 None 4 4 3 3 5 4 3 3 4 3 4 5 4 4 4 5 6 4 5 5 4 5 4 5 3 4 4 5 4 4 4 4 3 5 5 4 3 4 4 5 4 4 3 4 4 4 2 3 3 1 2 4 5 4 4 3 4 5 5 4 4 4 4 4 3 4 4 5 5 5 5 2 3 4 3 4 4 4 5 4 4 4 4 4 4 4 3 5 3 4 3 5 4 3 4 4 3 4 4 4 5 5 5 4 4 4 5 4 3 4 4 4 3 5 3 5 4 4 5 4 4 3 4 5 4 3 4 4 4 3 3 5 4 3 3 5 3 4 3 3 3 4 5 4 5 4 5 4 3 5 5 3 4 5 5 4 3 5 4 4 3 2 3 4 5 4 3 5 6 4 4 4 4 5 4 5 3 5 5 6 4 4 3 4 5 1 4 3 5 4 4 4 4 5 4 4 4 4 4 4 5 3 5 5 4 4 5 4 4 3 4 2 4 5 4 3 4 4 4 4 4 4 3 3 4 4 4 5 4 3 3 4 4 4 5 3 4 5 4 5 5 4 4 2 3 4 4 4 5 4 3 2 5 3 2 5 4 4 5 4 2 4 4 5 4 5 3 3 4 4 4 4 5 4 5 4 3 4 3 4 3 4 3 2 5 5 4 4 3 4 3 4 4 4 4 4 3 5 3 4 4 4 4 4 4 5 3 4 4 6 4 3 4 4 2 4 3 3 4 5 5 5 4 3 5 4 4 4 4 2 4 4 4 4 4 5 4 5 4 4 4 5 3 5 4 4 5 2 3 5 5 5 3 4 4 3 4 2 4 5 4 5 4 4 4 4 5 4 5 4 6 4 5 4 4 4 4 5 5 3 2 4 3 4 3 4 3 4 1 3 4 3 5 4 4 5 4 4 5 5 5 4 4 3 
33 31 29 35 27 19 13 15 14 16 14 17 21 11 4 4 5 5 4 4 3 4 5 3 4 5 4 5 3 4 4 5 4 3 4 4 5 5 4 3 4 5 3 4 5 5 5 3 4 4 4 4 4 4 5 5 3 4 4 4 4 4 6 4 4 4 5 4 4 4 4 4 4 3 4 5 5 5 5 5 4 4 4 5 4 5 5 5 4 3 4 4 4 5 5 4 None 4 6 4 5 5 4 4 4 4 4 4 5 4 5 4 5 4 5 4 5 5 3 5 4 2 5 3 4 4 4 4 4 5 3 2 3 4 5 3 4 4 3 6 5 5 4 4 5 3 4 3 5 5 4 3 5 5 5 5 4 5 5 4 5 4 5 5 4 5 4 4 4 4 5 3 4 5 5 3 3 4 5 5 5 5 3 4 5 5 4 3 4 4 4 4 4 4 4 4 3 5 4 4 4 4 5 4 5 2 4 4 3 5 3 1 2 3 4 5 3 4 4 4 4 4 3 5 3 4 4 4 5 4 4 5 3 4 2 1 4 4 4 4 5 5 4 3 4 5 5 5 5 2 3 5 4 5 4 5 4 3 4 4 4 4 5 4 5 3 5 4 4 4 3 4 4 4 4 4 4 4 3 5 4 4 4 5 5 4 5 5 5 5 4 4 4 3 4 5 3 4 5 4 4 3 4 4 5 3 4 3 4 4 3 5 2 2 4 4 4 4 5 4 5 5 5 4 4 4 4 5 4 3 4 6 5 4 5 5 5 4 3 5 4 5 3 3 4 4 4 4 5 4 4 5 5 4 4 4 5 5 4 5 4 5 4 5 5 3 4 4 4 5 5 4 4 3 5 4 5 4 4 5 4 4 5 4 4 4 3 5 4 5 4 3 4 4 3 2 3 3 1 3 4 5 5 3 4 5 4 4 3 5 3 4 5 3 4 4 3 4 5 5 4 3 4 4 4 5 3 5 5 4 5 5 4 5 5 4 4 5 2 3 3 4 4 4 5 4 4 5 3 4 4 4 4 5 4 5 3 3 4 5 4 4 4 3 3 5 5 3 3 4 4 3 4 3 5 5 4 2 3 3 4 4 4 4 4 4 3 4 4 4 5 5 4 2 4 5 5 3 5 5 
33 31 29 35 27 19 13 15 14 16 14 17 21 11 4 4 3 3 3 4 5 4 4 4 4 4 4 3 3 3 3 4 4 1 3 4 3 4 4 4 3 4 4 4 4 3 5 4 3 4 4 4 4 5 4 5 4 3 4 3 4 4 5 3 3 4 3 4 2 4 4 4 3 3 4 4 4 4 4 3 3 4 4 3 3 4 4 3 4 3 4 2 3 5 5 4 4 None 4 2 4 4 4 3 4 4 4 4 5 4 5 4 5 4 4 4 3 4 4 3 4 4 3 4 3 4 3 4 3 5 3 4 3 4 3 4 2 5 4 6 5 4 3 4 4 4 4 3 4 3 4 4 2 4 4 4 4 3 4 3 3 3 5 3 3 3 4 2 2 5 4 4 2 4 4 3 2 2 4 2 4 4 4 4 4 3 1 3 3 3 4 3 3 4 2 4 3 4 4 3 4 4 4 4 3 4 4 3 4 5 3 3 4 4 4 5 3 3 4 4 4 4 3 4 4 4 4 5 3 4 4 5 4 4 4 4 4 4 4 3 5 4 4 4 3 3 3 4 4 2 3 3 4 4 4 5 3 3 2 3 4 4 3 5 4 4 4 4 3 4 4 5 4 3 5 4 3 2 3 4 3 3 4 3 4 3 5 3 5 5 4 4 3 3 4 5 3 4 5 3 4 5 4 4 4 3 2 3 4 1 2 4 4 4 4 4 3 4 3 5 4 4 4 3 2 3 4 4 4 4 4 4 4 3 4 4 4 4 3 3 2 3 4 3 4 5 3 2 4 4 4 4 4 3 4 3 3 4 4 3 4 4 4 3 3 3 2 4 4 2 4 4 4 3 4 3 4 3 3 3 4 4 3 4 4 3 3 4 3 3 4 4 4 2 3 2 2 4 3 4 3 4 3 3 4 4 4 3 2 4 4 4 1 5 3 4 4 4 3 2 3 4 4 4 3 4 3 2 4 4 5 5 4 5 4 5 4 4 3 3 3 4 4 4 3 4 4 4 3 4 4 3 4 3 4 5 4 4 4 4 4 3 4 3 4 4 5 2 3 2 4 3 4 4 3 2 4 4 4 2 3 2 4 4 4 3 4 4 3 5 3 4 3 4 4 5 4 4 4 4 
33 31 29 35 27 19 13 15 14 16 14 17 21 11 4 3 5 5 5 5 5 2 4 5 5 5 6 4 5 3 5 5 5 3 5 5 6 4 4 4 5 5 5 5 4 5 5 4 5 4 5 4 4 4 5 5 4 4 5 4 4 5 7 4 3 4 4 3 2 4 4 4 5 5 5 4 5 4 1 5 4 4 4 5 5 5 5 4 5 5 4 5 4 5 6 3 6 4 None 4 4 4 5 5 4 4 4 6 5 3 1 5 5 5 5 5 3 4 4 4 4 5 5 4 5 4 4 5 3 5 6 4 4 5 5 4 4 4 4 6 6 5 4 5 5 4 5 6 5 5 5 4 4 5 6 6 4 3 3 5 4 5 3 5 4 5 5 4 4 3 2 4 6 5 4 4 4 5 5 6 5 5 5 5 4 3 5 4 4 4 4 4 5 5 3 3 5 5 5 4 5 5 4 4 6 5 5 4 4 5 5 5 5 5 5 5 4 5 4 5 5 4 5 5 3 4 5 4 3 3 3 5 4 4 5 5 4 5 4 4 5 5 5 5 5 4 4 5 4 4 4 3 5 5 4 5 5 4 4 4 5 4 5 5 5 5 4 3 5 4 3 5 4 4 5 5 5 4 5 2 4 4 6 5 5 4 6 3 5 3 5 4 4 4 4 2 5 5 5 4 5 5 4 4 4 5 6 3 5 5 5 5 5 5 5 4 4 4 4 2 5 4 5 6 5 4 4 6 5 5 3 5 5 5 4 4 5 3 5 3 2 4 5 5 5 4 5 5 5 5 5 4 5 3 5 4 4 5 3 5 4 5 5 2 3 5 4 3 4 5 5 4 5 5 4 4 5 4 4 3 4 5 6 5 5 4 5 4 5 5 5 5 5 4 4 4 4 4 5 5 5 5 4 4 5 5 5 5 4 5 4 5 5 4 5 4 4 5 4 5 5 6 4 5 5 3 4 4 5 4 3 4 3 4 4 6 5 6 5 4 5 3 4 5 5 4 3 4 4 5 4 6 3 5 6 6 3 5 5 4 3 5 4 3 4 4 5 6 5 5 4 4 2 5 6 5 5 5 4 5 4 5 4 5 4 3 5 4 5 5 4 4 5 4 5 5 4 5 6 5 
33 31 29 35 27 19 13 15 14 16 14 17 21 11 4 4 4 3 3 5 4 4 3 3 3 3 4 3 4 4 3 4 3 1 3 4 4 2 4 3 3 4 4 4 4 3 5 3 3 4 4 3 4 4 3 4 4 4 3 3 4 3 5 3 3 4 3 3 2 4 4 4 3 4 4 4 3 3 3 4 4 3 4 4 3 4 3 4 4 3 4 3 4 4 3 3 4 2 4 None 4 3 3 4 4 4 4 4 5 4 5 2 3 4 3 3 4 4 4 3 4 4 4 3 4 4 4 4 3 5 4 3 4 3 1 4 2 5 4 5 3 4 4 4 2 4 4 3 3 1 3 4 4 4 4 3 2 4 4 4 4 4 4 3 3 4 4 4 4 4 4 4 4 5 4 3 2 3 4 4 3 3 4 3 4 3 3 3 3 4 3 3 4 4 2 4 5 4 4 3 3 2 3 3 4 4 3 4 3 5 4 3 3 3 4 4 2 2 4 4 2 3 3 4 4 4 4 4 4 3 3 5 2 4 4 4 4 4 3 3 3 4 4 4 4 4 5 4 3 2 3 3 4 2 3 5 4 3 4 4 4 4 1 4 4 3 4 4 3 4 3 3 4 3 5 4 3 4 3 4 3 4 5 2 5 4 5 3 3 5 4 4 4 3 4 5 3 4 5 3 2 3 4 4 4 4 4 4 4 3 3 4 3 4 4 3 2 2 3 3 2 4 4 4 3 3 4 5 5 4 4 2 4 3 4 4 5 4 3 4 4 3 3 1 2 4 4 3 3 2 3 3 3 3 4 3 1 3 3 3 4 4 3 2 3 1 3 3 4 4 4 3 4 3 4 4 4 4 3 3 4 3 3 3 3 3 3 2 3 4 4 4 4 2 3 2 3 4 3 4 1 4 3 3 4 4 4 4 2 3 4 4 3 4 4 4 4 4 4 4 4 4 4 5 4 3 2 4 4 3 5 5 4 4 4 4 4 4 2 3 3 3 4 3 2 3 4 4 3 3 2 4 3 3 3 5 3 3 5 4 3 4 3 4 3 4 4 3 4 3 4 2 4 4 4 4 4 4 3 4 3 4 4 4 2 3 3 2 4 4 3 4 3 4 4 4 4 2 4 3 
32 30 28 34 26 18 12 14 13 15 13 16 20 10 3 4 3 5 3 3 4 4 5 4 4 5 4 3 2 4 5 3 4 3 5 3 4 2 4 4 3 4 4 4 2 3 5 3 4 4 5 4 4 4 4 4 4 3 4 3 2 5 6 3 4 3 4 3 2 4 4 3 3 3 3 4 3 3 4 4 3 4 4 3 5 4 5 3 3 5 4 3 3 4 4 5 5 4 4 4 None 2 4 4 4 3 4 5 5 5 5 4 5 2 3 4 3 2 4 5 4 4 4 4 4 3 4 4 4 5 4 3 4 4 5 5 4 5 4 4 5 3 4 4 5 4 4 5 5 4 4 4 4 4 4 4 4 3 4 4 3 4 4 4 5 5 5 4 5 4 5 4 3 1 2 3 4 4 4 5 4 3 2 3 3 1 4 3 4 4 4 4 3 3 4 3 4 3 4 3 4 4 4 4 4 3 4 2 4 5 4 5 4 3 5 4 4 2 4 5 3 4 4 4 4 3 3 5 5 4 4 4 4 4 4 4 4 3 4 3 5 3 4 4 5 4 3 2 5 4 4 3 3 2 1 4 4 3 4 4 4 4 5 4 5 4 4 5 5 4 4 4 2 5 4 5 4 2 3 4 3 4 4 5 5 5 3 3 4 5 4 4 4 5 5 5 4 4 5 5 4 3 4 4 4 4 3 3 4 4 4 4 5 5 4 3 4 3 4 3 5 3 4 5 4 4 4 6 3 4 3 5 3 4 4 4 5 4 3 3 2 3 3 4 4 4 4 3 5 5 3 4 4 3 4 4 5 5 4 3 3 5 4 4 4 3 4 3 4 4 5 5 2 3 5 3 3 4 4 4 4 5 4 4 4 4 4 4 4 3 4 4 5 4 4 4 3 4 4 4 3 3 5 4 3 5 4 4 4 4 3 5 4 4 3 4 5 4 5 5 5 4 3 3 5 4 4 4 3 4 5 5 3 4 4 5 4 2 4 4 4 5 2 3 4 4 5 4 4 4 4 4 4 4 4 4 4 4 4 4 2 4 4 3 4 5 4 5 4 3 4 3 4 5 5 5 3 4 4 3 4 4 4 5 4 3 5 4 5 1 4 4 4 4 4 4 3 4 3 4 
33 31 29 35 27 19 13 15 14 16 14 17 21 11 4 3 4 4 4 5 4 5 5 4 4 5 4 3 2 5 5 4 2 4 4 1 5 4 5 4 4 3 4 4 3 4 5 3 4 5 3 4 4 4 4 5 3 4 4 4 4 3 4 4 3 4 4 3 4 4 4 5 3 4 4 3 4 4 5 4 4 2 4 3 5 4 4 4 4 4 4 3 4 5 4 4 5 4 4 3 2 None 4 3 4 4 4 3 4 5 5 4 4 4 5 4 5 4 3 4 4 4 4 4 4 4 3 4 3 5 4 3 3 5 4 4 5 4 4 5 6 4 4 4 5 3 4 4 3 4 3 4 4 5 4 2 4 5 3 4 4 3 5 4 4 5 4 2 4 5 4 3 4 3 4 4 4 3 3 4 5 4 4 5 5 3 3 3 4 4 4 4 1 4 4 4 4 4 4 3 4 4 5 5 3 4 4 3 2 5 3 4 3 4 5 5 4 4 5 3 1 2 2 4 4 5 4 4 4 3 4 5 3 4 3 4 3 4 4 4 5 2 3 4 4 4 4 3 5 3 4 4 1 4 3 5 3 3 4 5 4 3 4 4 4 2 5 3 4 4 3 3 4 4 2 5 5 4 3 2 4 3 5 4 5 3 4 4 4 4 3 4 4 3 4 5 4 4 6 3 4 3 4 5 4 5 4 3 4 4 4 4 4 5 3 4 3 4 3 4 5 4 5 4 3 4 5 4 2 3 4 5 3 4 5 5 4 3 3 3 4 4 4 2 3 5 3 2 5 4 4 4 4 4 4 4 4 5 5 2 4 5 4 5 5 4 4 5 4 5 4 4 3 4 4 5 5 4 3 4 5 5 5 4 4 4 4 2 3 4 4 3 5 3 4 3 4 4 4 5 3 4 3 4 4 5 4 3 5 5 4 3 3 4 4 3 4 4 4 3 3 3 3 4 4 4 4 2 3 3 5 4 4 4 5 4 4 3 4 4 4 4 4 3 3 3 5 5 3 4 4 4 5 4 4 6 4 4 5 4 4 5 2 3 4 5 5 4 4 4 4 3 4 5 5 4 3 3 4 5 4 4 4 4 3 4 5 4 4 3 4 4 3 4 4 5 3 3 4 5 
32 30 28 34 26 18 12 14 13 15 13 16 20 10 3 4 5 3 3 4 4 5 4 4 4 4 3 4 4 4 4 3 3 3 5 4 5 4 4 3 3 4 3 4 2 1 4 4 3 4 3 4 5 5 4 4 3 4 4 4 2 4 5 3 4 4 4 3 3 3 2 4 4 3 4 4 5 3 4 3 4 3 5 3 5 4 3 4 4 3 4 4 4 4 4 3 4 4 5 3 4 4 None 2 4 4 3 4 5 4 4 5 5 4 4 4 3 4 3 5 4 4 3 4 4 2 4 4 4 4 4 3 3 2 4 4 2 3 2 5 4 4 4 4 3 3 4 5 4 3 3 2 3 4 4 3 4 4 4 4 3 4 3 5 4 4 3 4 3 3 4 2 4 4 5 4 3 4 3 4 2 4 4 4 5 4 4 4 3 3 4 4 4 4 2 4 3 3 4 4 3 3 4 4 4 4 4 5 2 5 4 3 3 4 4 5 4 3 3 4 3 4 3 3 3 4 4 5 3 2 3 3 4 4 5 4 4 4 3 3 4 4 5 4 3 4 4 3 4 4 3 3 3 4 3 4 2 1 2 3 5 3 3 5 4 4 2 4 5 4 3 4 3 4 5 5 4 3 3 5 3 4 5 1 2 3 2 4 4 4 4 4 4 4 3 3 5 2 4 3 4 4 4 2 3 3 4 4 4 4 5 3 4 3 4 4 2 4 4 4 4 5 4 4 4 3 5 6 3 3 4 3 3 4 3 5 5 3 3 4 4 3 1 3 4 4 4 3 4 3 3 4 3 3 4 3 2 4 4 3 4 4 4 3 4 3 2 4 5 4 4 4 4 3 4 3 4 4 4 3 4 5 4 3 4 1 4 3 3 3 4 4 5 4 3 4 5 3 3 3 4 5 4 4 4 5 5 4 3 4 4 4 3 4 3 2 4 4 5 4 5 5 4 4 5 4 4 4 3 2 4 5 3 4 4 3 4 4 2 4 4 4 5 3 4 4 4 4 4 4 4 4 5 5 3 5 3 4 4 4 4 4 4 4 4 3 4 3 4 4 3 4 3 4 5 5 4 2 3 3 4 4 3 4 2 2 3 3 4 3 3 4 4 2 4 5 4 4 4 3 
34 32 30 36 28 20 14 16 15 17 15 18 22 12 5 4 4 4 5 4 5 4 5 4 4 5 3 4 2 4 3 4 4 4 5 4 3 4 5 4 4 4 5 4 4 3 5 4 2 5 5 3 4 5 3 5 4 4 4 3 4 5 5 4 4 4 4 4 3 4 2 4 3 4 4 3 5 3 4 4 5 5 3 2 4 2 4 3 4 4 4 3 4 5 4 3 4 3 5 4 4 3 2 None 3 5 4 4 5 4 5 4 5 3 4 4 4 3 4 5 4 4 3 4 4 3 4 4 2 4 4 3 3 2 5 4 4 4 4 6 5 4 4 4 4 5 4 5 5 5 4 3 3 2 3 4 3 3 4 3 4 3 5 5 3 4 3 3 3 4 3 4 2 4 4 4 3 4 4 5 4 4 5 3 5 4 2 4 5 3 4 3 4 4 4 4 4 2 4 3 4 3 4 3 4 4 5 4 4 5 4 5 4 5 5 5 4 4 4 4 4 5 4 4 4 4 4 5 4 4 4 4 4 3 5 4 3 4 5 4 2 4 5 5 4 4 4 2 4 4 4 3 4 4 3 4 4 3 3 2 4 4 4 4 4 4 3 4 4 4 4 4 4 5 4 5 2 3 3 3 3 4 5 3 4 5 3 4 5 5 4 4 4 3 4 4 4 4 3 4 3 4 5 4 1 3 4 4 2 4 3 4 5 4 5 4 4 4 4 5 4 3 4 4 3 5 4 5 3 3 4 4 4 4 4 5 4 2 4 5 4 5 1 3 2 4 2 1 4 4 4 5 4 4 4 4 3 4 5 5 4 5 4 5 4 4 4 5 4 4 4 3 4 4 3 3 4 5 3 4 4 4 3 5 4 3 3 4 3 1 4 5 4 4 3 4 3 3 3 4 3 5 4 4 4 5 3 2 5 3 4 4 4 5 4 4 4 2 4 4 4 5 4 4 4 4 3 3 3 4 4 4 4 4 5 5 5 4 4 4 4 4 5 3 2 5 3 4 3 4 4 3 3 4 1 4 3 3 4 3 4 4 4 4 5 5 5 3 5 3 4 4 4 5 5 3 4 4 3 4 3 4 3 4 4 4 3 3 5 4 4 3 4 2 4 4 3 5 2 3 
32 30 28 34 26 18 12 14 13 15 13 16 20 10 3 4 4 3 4 4 4 4 4 4 4 5 3 4 5 3 4 3 4 3 3 4 4 4 3 4 2 4 3 4 3 4 5 4 3 4 4 2 3 4 4 5 5 4 5 5 4 5 4 4 3 4 5 5 4 4 4 4 4 4 5 2 4 4 3 4 4 4 4 3 4 5 5 4 3 1 4 4 4 5 6 4 4 4 4 4 4 4 4 3 None 3 4 2 3 3 5 5 4 4 4 5 3 4 4 3 4 4 3 5 4 4 4 4 2 5 4 4 3 4 5 4 3 4 3 5 5 4 4 4 5 3 4 5 3 5 3 4 4 1 4 3 5 3 1 4 4 5 3 3 4 5 4 3 4 3 2 4 3 5 5 4 4 4 5 3 4 3 4 4 3 3 4 4 5 4 4 4 3 3 4 4 3 3 3 4 4 4 4 4 4 3 5 4 3 4 3 3 4 4 5 4 4 5 5 3 3 2 3 4 4 3 3 5 3 4 3 5 3 3 5 5 4 4 3 4 5 5 4 5 4 5 3 3 4 2 3 3 4 5 4 4 4 4 4 3 4 4 5 4 3 4 4 4 5 4 3 5 5 5 5 4 3 3 3 3 4 4 3 4 4 2 4 5 4 4 4 3 3 5 3 4 3 4 6 5 4 3 4 3 4 4 4 3 3 5 4 3 4 4 2 4 4 4 4 2 4 3 4 2 3 4 4 4 3 4 4 5 3 3 2 4 4 3 4 3 2 4 4 3 4 2 4 4 4 4 4 4 5 3 4 4 4 3 4 4 4 5 3 4 4 5 3 4 5 5 3 4 4 3 1 2 3 5 3 4 4 4 4 5 4 3 4 4 4 2 4 3 4 4 4 4 3 4 4 4 4 4 3 3 4 4 3 4 4 4 4 2 3 4 3 2 4 3 4 3 1 2 5 5 4 4 3 2 5 3 1 3 3 4 5 5 4 4 4 3 3 5 4 6 5 4 3 3 3 5 4 4 4 4 4 4 3 3 3 4 3 4 3 3 4 5 5 5 4 4 4 3 4 5 5 3 4 4 3 4 3 4 4 5 5 3 4 4 2 4 4 4 4 4 4 4 5 5 4 3 
33 31 29 35 27 19 13 15 14 16 14 17 21 11 4 5 3 4 4 3 4 5 5 4 3 4 4 2 4 4 5 3 3 4 5 4 4 4 4 4 3 4 4 2 3 4 4 4 4 5 2 3 4 4 4 4 4 4 5 5 3 3 4 3 4 4 4 4 4 5 4 3 4 4 4 3 4 2 5 3 4 3 4 3 5 4 4 3 4 4 4 3 3 4 3 3 4 4 4 4 3 4 4 5 3 None 3 4 4 5 4 4 4 4 4 3 4 5 4 4 4 5 3 4 3 4 4 4 4 4 4 3 4 4 5 4 3 4 4 5 4 2 3 2 4 3 3 5 4 5 3 4 4 4 3 4 5 4 4 2 2 4 4 5 4 3 3 4 2 3 4 4 3 4 5 4 4 3 3 4 3 4 3 5 4 4 3 3 2 3 3 4 4 2 3 5 3 4 2 3 5 3 3 4 4 4 4 4 3 5 5 3 4 4 5 3 3 4 4 4 4 3 4 3 4 4 3 3 4 3 4 4 4 3 4 5 4 4 3 4 5 4 4 5 4 4 5 4 4 4 4 4 4 4 3 5 3 3 3 3 3 4 4 5 5 4 3 2 4 4 4 4 3 4 5 4 4 4 3 5 4 4 4 3 4 4 5 4 3 4 4 4 3 4 5 5 4 4 5 4 4 3 4 4 4 3 4 4 5 4 5 3 4 4 5 2 5 5 5 4 5 2 3 3 3 4 3 6 4 3 4 4 4 4 4 5 5 5 3 4 3 2 5 5 4 5 3 4 4 4 3 5 4 2 4 4 3 4 5 3 3 2 4 4 3 4 4 4 4 4 5 4 1 2 4 4 4 4 3 1 3 5 4 5 4 4 2 3 4 4 4 4 5 4 4 4 4 4 5 1 4 5 4 3 3 5 3 4 4 3 3 4 4 3 4 4 4 5 4 4 4 4 4 2 4 4 4 4 4 4 4 5 4 3 5 3 4 3 4 4 4 5 4 3 4 4 5 3 3 5 4 4 4 4 5 5 3 5 2 4 4 3 4 4 5 4 6 4 5 4 4 4 3 5 5 4 2 3 4 5 4 4 4 3 2 3 4 3 3 2 1 3 4 4 3 4 4 4 5 4 
32 30 28 34 26 18 12 14 13 15 13 16 20 10 3 3 2 4 4 2 3 4 5 4 2 4 4 4 4 2 3 3 4 3 4 5 5 4 4 2 4 5 3 3 3 2 5 1 4 4 4 4 4 4 3 5 4 4 4 3 4 4 5 2 3 4 4 3 4 4 5 3 4 3 4 4 4 3 4 4 4 2 4 4 5 4 4 4 3 3 3 4 4 3 4 4 4 4 4 4 4 4 3 4 4 3 None 4 5 3 3 5 4 5 2 4 5 4 3 4 3 2 2 4 3 3 4 3 3 3 3 3 3 4 4 4 3 4 4 4 5 3 2 1 4 4 3 3 5 3 4 4 5 4 4 4 3 4 5 4 4 3 4 4 4 4 4 2 4 4 3 3 5 4 3 3 4 4 4 4 4 3 3 4 3 4 3 4 3 3 3 3 3 4 2 4 4 4 4 4 2 4 4 5 3 2 5 4 4 4 3 4 3 2 3 4 4 4 3 4 4 4 3 4 2 5 3 3 3 3 3 4 3 3 4 4 4 4 4 3 4 4 3 4 4 5 4 4 4 3 4 5 4 3 4 5 4 4 4 4 4 3 4 3 4 4 3 2 5 2 3 5 4 3 4 4 4 3 2 3 4 3 3 4 5 4 5 4 5 1 2 3 3 4 4 4 4 5 4 3 4 4 4 1 3 4 4 3 4 5 4 4 4 4 4 3 5 4 3 4 5 3 3 4 3 4 3 5 4 3 3 4 4 5 4 5 4 4 4 5 4 4 4 4 4 3 3 4 4 2 4 3 4 4 4 1 3 2 4 3 4 3 4 3 4 3 4 3 2 4 2 3 4 3 4 5 4 5 4 4 4 5 4 5 2 3 4 4 4 5 3 4 4 3 3 4 3 3 3 4 4 3 4 3 4 5 4 3 4 5 4 3 3 4 3 3 3 4 4 3 4 3 4 4 3 4 4 4 4 3 3 4 4 4 4 5 4 3 3 4 2 4 5 4 4 4 3 4 1 4 4 4 5 4 5 5 2 3 4 4 4 4 4 3 4 4 5 4 3 4 4 3 2 4 5 3 4 3 2 5 4 4 3 5 3 4 4 4 4 4 2 3 4 3 3 3 3 4 4 4 
33 31 29 35 27 19 13 15 14 16 14 17 21 11 4 4 3 3 3 4 3 5 4 4 4 3 1 4 4 4 5 3 4 3 3 4 4 4 2 3 3 4 3 4 4 3 5 4 4 3 3 2 2 4 4 4 3 4 4 3 4 4 4 3 3 4 5 4 4 4 3 4 3 2 4 2 2 3 5 4 3 4 4 3 4 4 4 4 3 2 3 4 5 5 5 5 4 4 6 4 5 3 4 4 2 4 4 None 1 4 5 5 4 4 4 4 4 4 2 3 4 3 4 4 3 4 4 3 4 4 4 4 3 5 5 4 4 4 3 5 4 4 4 3 5 4 3 4 2 4 2 4 3 3 4 3 5 5 3 4 5 4 5 1 4 5 4 4 4 4 4 3 4 5 4 4 4 4 5 2 4 5 4 4 3 4 4 4 4 5 4 3 3 3 3 3 3 3 2 3 4 4 3 4 4 3 4 4 3 4 3 3 4 4 4 5 4 4 4 4 3 2 1 3 4 5 3 5 3 4 5 4 5 4 5 5 4 3 3 3 4 3 4 5 5 5 4 4 4 3 3 4 2 3 4 4 2 3 3 4 3 3 4 3 1 4 4 5 4 5 4 5 4 3 5 4 4 3 2 5 4 5 4 3 4 3 4 5 3 5 5 4 4 5 4 4 4 4 5 4 4 3 4 4 3 4 4 4 5 4 4 3 4 4 3 5 4 4 5 4 3 3 4 3 3 4 4 4 3 4 4 4 3 3 4 4 4 5 4 3 4 4 4 4 4 4 4 4 5 4 5 4 4 4 4 4 4 5 4 4 4 5 3 4 4 4 4 5 4 5 3 4 4 3 3 4 4 5 4 5 2 5 4 5 4 4 5 3 3 4 4 3 3 2 4 4 5 4 4 3 4 5 3 4 4 4 3 4 4 5 5 2 3 4 4 3 4 5 4 3 1 2 3 5 3 4 4 2 4 4 3 4 4 4 4 4 4 4 3 4 4 4 4 5 5 4 4 3 4 4 5 5 5 4 4 4 4 3 4 4 4 4 3 4 4 4 6 4 3 4 4 3 4 5 6 5 4 2 3 5 4 4 3 4 4 3 3 4 1 5 4 4 4 3 3 4 4 5 5 4 
34 32 30 36 28 20 14 16 15 17 15 18 22 12 5 5 4 4 4 5 4 5 5 5 5 4 2 4 5 5 5 4 4 4 4 5 5 5 3 4 4 5 4 5 5 4 5 5 3 4 4 3 3 5 5 4 4 3 5 4 5 5 5 4 4 5 4 5 4 3 4 5 4 3 5 3 3 4 6 5 4 5 5 4 5 5 5 5 4 3 4 5 5 6 5 4 5 5 5 5 5 4 5 5 3 4 5 1 None 4 6 5 5 4 3 5 4 5 3 4 4 4 5 5 4 5 5 3 5 4 5 4 4 4 5 5 5 5 4 6 3 4 5 4 5 5 4 5 3 5 3 4 4 4 5 4 6 4 4 5 5 5 6 2 4 5 5 5 5 5 5 4 5 6 5 5 4 5 4 3 4 6 5 5 4 4 4 5 5 5 5 4 4 4 4 4 4 4 3 4 5 5 4 5 5 4 5 5 4 4 4 4 5 5 5 5 5 5 5 5 4 3 2 4 5 5 4 6 4 5 5 5 5 4 6 5 3 4 4 4 5 4 5 6 5 4 5 5 5 4 4 4 3 4 5 5 3 4 4 3 4 4 5 4 2 5 5 5 5 6 5 5 5 4 6 5 5 4 3 6 5 5 5 4 4 4 5 5 4 6 5 5 5 6 5 5 4 5 6 5 5 4 5 5 4 5 5 4 5 5 5 4 5 5 4 4 5 5 6 5 4 4 5 4 3 5 5 5 4 5 5 4 4 4 5 5 5 4 4 2 3 4 5 5 5 5 5 5 6 5 6 5 5 4 5 4 5 4 5 5 5 6 4 5 5 4 5 6 5 5 4 5 3 2 4 5 5 6 5 5 1 6 5 4 5 5 5 4 4 4 5 4 4 3 5 5 4 5 5 4 5 6 4 5 4 5 4 4 5 4 6 3 4 5 5 4 5 6 4 4 2 3 4 4 4 4 5 3 5 5 4 5 5 5 4 5 3 5 3 5 5 5 5 6 6 5 5 4 4 5 5 5 6 5 5 4 5 4 5 5 5 5 4 4 5 5 6 4 4 4 5 4 5 5 6 5 4 3 4 6 5 5 4 5 5 4 2 5 2 4 5 5 5 4 4 5 5 5 5 5 
32 30 28 34 26 18 12 14 13 15 13 16 20 10 3 3 5 3 4 5 4 5 3 3 4 5 4 4 3 3 4 5 4 3 5 4 4 4 4 3 4 4 3 3 4 5 5 3 4 5 4 3 3 2 5 4 3 4 4 4 4 3 5 4 3 4 4 4 4 5 3 4 4 3 4 4 4 5 4 4 4 4 4 4 5 5 4 3 4 3 5 4 4 5 3 4 4 4 3 4 5 5 4 4 3 5 3 4 4 None 4 4 5 3 3 4 5 4 3 4 4 2 5 5 4 4 4 4 3 3 3 2 4 3 5 4 4 4 4 5 3 5 4 4 3 4 4 4 5 5 4 4 5 4 4 3 5 5 4 5 5 4 5 4 4 5 2 4 4 5 4 3 4 4 5 3 4 5 4 4 4 5 4 5 4 4 4 2 3 4 4 4 4 3 3 5 3 4 4 3 4 4 4 4 3 4 3 4 3 5 4 3 4 4 2 5 4 5 5 4 4 3 3 4 3 3 4 5 5 3 5 3 4 2 4 3 4 4 5 3 4 5 5 5 4 4 3 4 4 3 4 4 4 4 4 4 4 3 4 3 3 4 4 5 5 4 4 5 5 3 4 5 4 2 4 4 4 3 4 4 4 3 4 5 4 4 3 4 5 3 4 2 4 4 4 1 4 4 4 4 3 2 1 4 5 2 3 4 4 4 3 5 4 4 2 5 4 4 5 4 5 3 4 3 4 4 4 6 3 2 4 4 5 3 3 5 3 4 4 4 4 5 4 3 4 1 2 3 4 5 5 5 4 3 3 2 4 3 4 3 4 4 4 4 4 4 5 5 4 5 3 4 4 3 2 4 3 4 4 5 4 4 4 4 4 4 3 4 4 3 4 4 4 3 3 3 4 4 3 4 4 5 5 4 4 5 5 4 2 5 4 4 4 4 5 4 1 5 5 5 4 5 4 3 3 4 3 4 4 4 3 1 4 4 3 5 5 4 4 4 3 4 5 4 4 5 2 4 4 3 4 4 4 4 5 5 4 5 3 5 3 3 3 3 4 5 5 5 3 4 3 2 4 5 5 4 4 2 1 4 3 3 3 3 4 3 4 4 4 5 4 4 4 3 4 5 5 3 4 5 
32 30 28 34 26 18 12 14 13 15 13 16 20 10 3 4 5 5 5 5 4 1 5 4 4 4 5 4 4 4 5 5 4 4 5 5 5 5 3 3 4 4 5 4 5 4 5 3 4 5 4 4 5 4 5 6 5 5 5 4 4 5 6 4 4 4 4 4 3 5 5 4 5 5 5 3 5 4 2 5 5 4 3 4 4 4 4 5 4 4 5 5 4 6 6 4 5 5 1 5 5 5 4 5 5 4 3 5 6 4 None 4 4 5 5 5 4 5 5 5 4 4 4 3 4 3 3 4 4 5 5 4 4 4 6 5 5 4 4 6 5 5 4 4 6 5 5 5 4 4 4 4 3 5 5 5 5 2 4 5 5 4 4 6 5 5 5 4 4 4 3 5 5 5 4 5 5 4 4 5 5 4 4 4 5 4 5 4 3 3 3 4 5 5 4 4 5 4 4 3 5 4 3 3 5 4 5 3 3 6 4 5 5 4 4 5 4 5 4 5 4 5 5 4 4 5 5 3 2 2 4 6 3 4 4 5 4 5 5 4 5 4 5 5 4 5 3 5 3 4 4 4 4 5 5 5 4 3 4 5 5 4 5 4 5 5 5 2 4 5 4 5 4 4 5 5 4 4 4 3 5 5 6 4 4 3 5 4 4 2 4 3 5 4 4 3 5 4 5 4 4 5 5 4 4 4 5 4 4 4 5 4 4 4 4 3 5 3 4 3 5 4 5 5 5 5 3 6 4 4 2 4 4 4 4 5 4 4 4 4 3 4 4 5 5 3 5 5 5 4 5 5 4 4 5 4 5 5 4 5 5 4 4 3 4 4 3 3 3 4 5 5 4 5 4 4 4 5 4 4 5 4 5 5 4 4 5 3 4 4 5 5 5 5 4 3 4 3 4 4 4 4 3 3 5 6 4 5 5 5 4 4 5 5 4 3 5 5 5 4 4 5 5 4 4 4 4 4 5 4 4 4 4 4 3 5 5 5 4 4 4 4 5 5 5 4 2 3 3 5 4 5 2 5 5 6 2 5 5 5 4 4 4 3 4 5 5 5 4 5 4 5 1 4 5 5 5 5 4 4 3 5 4 5 4 4 5 3 4 5 3 5 5 3 5 4 5 5 5 4 
33 31 29 35 27 19 13 15 14 16 14 17 21 11 4 5 4 4 4 3 2 3 5 4 4 5 5 3 4 5 5 4 3 3 3 4 5 2 5 4 4 4 4 2 3 4 5 4 2 4 4 5 3 4 3 5 4 4 3 4 4 1 5 3 4 4 2 3 4 3 4 2 4 4 4 4 3 4 5 4 4 5 4 4 4 4 4 4 4 5 5 3 4 3 3 5 4 4 5 2 4 4 5 4 5 4 5 5 5 4 4 None 4 4 3 4 5 5 5 4 4 4 4 1 3 4 4 4 3 5 4 3 4 3 3 5 4 4 4 6 5 5 5 4 4 4 5 5 5 3 3 3 4 4 3 5 3 4 4 4 2 4 4 4 3 2 3 4 3 3 4 4 4 5 5 4 4 3 3 3 5 4 4 3 4 4 4 4 4 4 3 4 5 5 4 5 4 5 4 3 5 3 5 3 4 5 5 4 4 5 4 3 3 4 4 5 2 4 4 4 3 4 4 4 3 2 4 2 4 3 4 5 2 4 5 4 4 4 5 5 5 3 4 3 2 4 5 4 3 4 4 4 4 2 3 5 4 4 5 4 4 4 3 4 5 4 5 3 4 4 3 3 4 2 5 4 4 4 5 4 4 4 5 4 5 5 5 4 5 5 5 3 4 4 5 5 4 3 5 3 4 4 5 4 4 3 4 4 4 4 5 4 3 2 4 3 4 3 4 4 4 3 3 5 4 4 5 4 5 5 4 4 4 4 4 4 4 5 4 5 5 4 4 3 4 5 4 3 4 4 5 3 3 4 4 4 3 4 4 4 3 3 4 4 4 3 5 5 4 5 4 3 4 5 4 5 4 5 3 3 5 3 4 4 5 5 3 2 3 3 3 4 5 3 4 4 4 4 5 5 1 4 4 4 4 5 4 3 4 1 4 5 4 3 4 4 3 5 4 4 5 4 4 5 4 3 2 5 4 4 4 4 4 3 3 4 4 4 4 4 4 5 4 4 2 3 5 4 4 3 2 4 2 5 5 4 3 4 4 5 3 4 4 4 4 4 6 5 4 4 3 4 4 5 6 5 4 4 4 4 3 3 4 4 4 4 5 4 4 4 3 5 4 4 3 3 5 4 5 5 
34 32 30 36 28 20 14 16 15 17 15 18 22 12 5 4 4 4 5 4 4 4 4 4 4 5 5 4 4 5 3 3 4 4 4 5 5 4 5 5 4 4 5 5 3 4 5 5 4 6 4 4 3 3 4 5 5 4 5 4 4 4 6 4 4 4 5 4 5 5 4 5 4 5 5 3 5 5 4 4 3 5 5 4 5 4 4 5 4 3 3 4 4 5 5 6 5 5 5 3 5 4 5 5 4 4 4 4 5 5 4 4 None 4 3 4 5 5 5 5 5 5 3 5 4 4 4 5 4 6 4 5 5 5 4 5 5 5 4 6 4 2 5 5 5 5 5 5 3 4 4 3 4 5 5 5 5 4 4 5 4 4 4 5 4 5 5 4 5 5 4 5 5 4 3 4 5 3 5 5 6 4 5 5 5 5 4 5 5 4 4 3 5 4 4 4 5 4 4 3 4 4 5 3 5 4 5 5 4 4 4 4 5 4 5 4 4 4 3 5 3 4 5 4 4 5 4 4 2 4 4 5 4 4 5 6 5 5 5 5 4 4 5 4 3 5 4 5 3 3 4 4 5 4 5 4 5 4 5 4 4 4 4 4 5 5 4 4 4 4 3 5 3 5 6 5 4 4 4 3 5 5 5 4 4 3 5 5 5 4 5 4 5 4 5 5 4 4 4 5 5 5 4 3 5 4 5 5 5 4 4 4 5 4 3 4 3 5 5 3 5 4 4 2 3 5 5 3 4 5 4 5 4 3 4 5 5 5 4 5 5 4 4 2 3 5 5 5 5 4 5 1 5 4 4 4 4 5 4 4 5 4 4 3 4 4 3 2 3 3 4 3 3 4 5 4 5 5 4 5 5 4 5 4 6 5 5 4 4 5 3 5 5 4 5 5 4 5 5 4 3 4 3 3 4 6 4 4 4 5 4 4 5 5 5 4 4 5 2 3 3 4 4 4 4 5 4 4 3 4 5 4 2 3 4 5 4 3 5 4 4 4 6 5 4 5 4 5 5 5 2 5 4 5 4 6 4 4 3 4 4 5 4 4 5 5 5 4 4 4 4 3 3 4 4 5 4 5 4 4 3 4 4 5 5 4 5 4 4 4 5 5 4 5 4 3 5 5 5 5 
31 29 27 33 25 17 11 13 12 14 12 15 19 9 2 3 3 4 4 4 5 4 4 2 4 5 4 4 2 3 3 4 4 4 3 4 3 4 5 5 4 4 4 3 4 4 4 4 4 3 4 3 4 4 2 4 2 1 3 3 3 4 4 4 3 3 4 4 3 4 3 4 2 3 3 2 3 4 4 5 4 3 3 1 3 4 4 4 4 4 4 3 1 4 4 4 4 4 5 4 2 4 4 3 4 4 5 4 4 3 5 4 4 None 3 3 3 4 4 4 4 4 3 5 4 3 4 4 4 5 4 2 4 4 5 4 3 4 5 5 5 4 4 4 5 3 3 3 4 4 4 5 2 4 2 4 4 4 3 4 4 2 4 4 3 3 4 4 4 5 4 4 4 3 3 4 4 3 2 4 4 4 3 3 3 3 3 3 4 3 4 4 3 2 4 4 4 3 4 3 4 4 3 4 4 4 3 3 3 5 3 4 4 3 3 5 4 4 4 5 3 2 3 3 4 4 3 4 3 3 5 5 4 3 4 3 3 3 3 4 3 3 4 4 4 3 3 2 4 4 3 4 4 2 1 3 3 4 4 4 4 5 3 4 5 3 4 4 4 4 4 5 4 4 3 5 4 4 4 4 4 4 2 5 4 4 3 2 4 4 4 4 4 4 4 4 4 3 4 3 2 1 2 4 2 4 4 2 4 3 4 4 3 4 4 4 3 3 4 3 3 3 4 3 2 4 5 4 4 4 4 4 4 3 3 2 3 3 4 3 3 2 3 4 3 4 4 3 4 5 4 5 4 4 2 4 4 5 4 3 4 4 3 4 4 4 4 4 3 2 4 4 3 3 4 4 4 2 3 5 4 4 4 2 5 3 3 4 4 3 3 3 3 3 3 3 2 4 4 3 3 4 3 3 4 4 3 4 4 4 4 4 3 4 4 4 4 3 3 3 3 4 3 4 4 3 3 2 4 3 4 4 4 4 3 5 4 3 4 4 5 3 4 3 4 3 4 3 4 4 4 3 4 3 2 5 4 4 4 2 2 4 3 3 4 4 5 4 4 4 3 3 4 3 3 4 4 3 3 3 4 4 2 3 4 4 4 4 5 2 4 4 3 4 4 3 3 3 1 2 
32 30 28 34 26 18 12 14 13 15 13 16 20 10 3 4 4 4 5 4 3 4 5 4 4 5 5 4 3 2 4 5 4 3 3 5 4 3 4 3 3 4 4 5 4 4 5 2 4 3 5 3 4 2 3 5 4 4 4 4 4 4 6 4 4 4 4 5 4 4 5 4 4 4 4 4 2 4 4 5 4 3 5 4 4 4 4 4 1 4 5 4 4 4 4 5 5 4 5 3 3 5 4 4 4 4 2 4 3 3 5 3 3 3 None 4 4 5 4 4 3 3 4 4 4 4 4 4 3 5 4 3 2 5 4 5 4 5 4 4 4 5 3 3 4 4 5 4 4 4 3 5 4 4 5 4 4 5 5 4 4 4 5 3 4 4 4 4 5 4 3 4 5 4 4 4 3 3 4 4 5 4 3 2 4 4 4 4 3 4 3 4 4 4 2 4 4 5 2 3 4 4 4 4 5 3 5 3 4 4 4 4 3 2 4 4 3 5 4 4 4 4 4 4 4 5 3 4 5 4 4 5 3 3 5 4 4 4 4 4 5 4 4 4 3 4 4 3 4 4 4 5 4 1 2 5 5 5 4 4 5 4 4 3 4 4 4 4 4 4 4 4 4 4 5 4 3 4 4 4 5 4 5 5 5 5 4 3 4 3 4 4 4 4 4 4 3 4 5 3 4 4 3 3 5 4 5 3 4 4 4 5 4 4 5 4 5 4 5 4 4 4 3 5 4 4 5 5 3 3 4 5 4 5 4 4 5 4 4 5 4 3 4 4 3 3 3 3 4 4 5 4 4 3 4 1 4 2 4 3 4 5 4 3 4 4 4 3 4 4 2 3 4 3 4 5 4 5 2 4 2 4 4 4 4 3 4 3 4 4 5 4 5 4 3 4 3 3 4 3 2 5 5 4 4 5 4 4 4 3 4 3 5 5 3 4 3 4 5 4 3 2 3 4 3 4 3 4 4 5 4 4 5 4 4 5 5 4 4 4 4 4 5 4 3 2 4 2 3 3 3 4 5 4 4 5 3 4 4 4 3 4 5 4 5 5 6 3 4 5 3 3 4 3 5 3 5 3 2 4 4 4 5 4 4 4 3 4 3 3 4 3 4 3 3 4 4 4 4 5 
33 31 29 35 27 19 13 15 14 16 14 17 21 11 4 4 3 4 4 4 3 5 2 2 4 4 3 1 4 4 4 4 3 3 3 4 3 4 4 3 4 5 3 4 3 4 5 4 3 3 2 4 4 3 3 5 4 3 5 3 3 4 5 4 4 4 3 2 3 3 4 4 4 3 3 3 4 2 4 3 3 4 3 4 5 4 4 3 4 4 3 4 2 5 4 5 4 4 5 3 4 4 4 4 5 3 4 4 5 4 5 4 4 3 4 None 4 4 4 4 3 4 4 4 4 4 4 4 4 4 4 3 5 2 4 3 4 4 4 6 5 3 4 4 3 4 3 4 5 4 3 4 3 4 4 3 3 4 4 2 4 3 2 5 3 4 4 4 4 3 4 3 2 4 4 3 4 4 3 4 4 4 4 5 5 4 4 3 4 3 4 3 3 3 4 3 5 4 4 4 3 1 5 5 4 4 4 4 3 4 4 4 3 4 3 4 4 3 3 4 3 4 5 4 4 4 2 3 3 3 5 4 2 4 5 4 4 5 4 4 5 4 3 4 3 4 5 4 2 3 4 4 4 4 4 4 2 3 4 4 4 2 4 3 4 2 4 3 3 4 3 4 4 4 4 3 4 4 4 3 3 5 3 4 5 4 4 3 3 5 3 4 4 3 3 4 3 3 4 3 4 3 3 4 5 3 3 3 4 4 5 4 3 4 4 3 3 3 3 3 4 3 3 3 4 2 5 5 4 4 4 4 3 3 4 2 3 4 3 5 4 3 3 4 4 5 4 4 2 4 4 3 4 4 2 3 4 2 3 2 5 4 4 4 4 2 4 3 4 3 4 4 2 3 5 4 5 1 3 4 4 5 4 2 4 4 3 2 1 3 5 4 4 4 4 3 3 4 3 3 3 5 2 2 4 5 2 3 4 4 4 4 4 4 4 3 4 4 4 4 4 3 3 3 3 4 4 3 4 4 5 5 2 1 3 3 4 4 3 2 4 3 5 4 4 3 4 3 4 2 4 4 4 3 5 5 3 4 2 3 4 4 4 4 3 4 5 4 4 3 2 4 4 4 3 5 3 4 4 3 4 4 4 4 4 3 4 3 4 3 3 3 3 4 4 4 3 1 4 4 
33 31 29 35 27 19 13 15 14 16 14 17 21 11 4 4 5 4 4 5 4 3 5 4 5 5 3 5 4 5 2 4 3 4 3 4 4 3 5 4 4 4 4 4 3 4 4 4 4 1 4 3 4 4 3 4 3 4 4 4 3 5 6 4 4 4 3 4 3 4 3 4 3 2 3 4 2 4 3 3 4 3 3 4 5 4 4 4 4 4 4 3 2 4 4 4 5 3 3 4 3 5 3 4 3 4 5 4 4 5 4 5 5 3 4 4 None 3 4 5 4 3 4 4 3 4 4 4 4 5 4 3 5 4 5 5 4 3 3 6 5 4 4 4 4 3 4 4 5 4 4 3 4 4 5 4 4 2 4 5 4 4 4 3 4 4 4 3 4 4 4 2 4 4 4 2 3 4 4 3 3 4 3 4 4 2 4 3 4 3 5 3 4 4 3 4 4 4 4 4 3 5 3 3 4 4 4 3 3 4 3 4 3 3 3 5 3 5 4 5 4 3 4 5 4 4 5 3 4 3 5 4 4 4 5 4 3 4 4 2 5 4 5 5 4 4 4 4 4 4 5 2 4 3 4 4 3 2 1 2 3 4 5 3 5 4 3 4 4 3 4 4 4 5 4 4 4 3 3 5 4 4 5 4 3 4 5 3 5 5 3 4 4 4 4 4 3 3 5 3 4 4 4 4 5 4 3 2 4 4 5 4 4 4 5 4 3 4 3 4 4 4 5 5 4 4 5 5 4 3 3 5 4 4 4 2 5 4 3 2 1 3 4 4 4 5 5 5 5 4 4 5 4 2 4 4 4 5 1 4 3 4 4 2 3 4 4 3 4 3 5 5 4 4 4 3 4 3 3 4 3 4 4 3 4 3 4 4 4 3 4 4 4 4 3 4 4 4 4 5 4 4 4 4 4 5 4 4 4 4 5 4 2 4 2 3 4 4 3 4 4 4 3 4 4 3 4 3 4 4 4 4 4 3 4 4 4 5 3 4 3 3 3 4 4 4 5 3 4 3 4 4 4 5 4 5 3 5 4 3 4 4 3 2 3 2 5 3 4 3 2 4 4 5 4 5 4 4 4 5 5 4 3 4 3 3 3 3 4 4 5 4 4 4 3 4 4 4 4 5 
33 31 29 35 27 19 13 15 14 16 14 17 21 11 4 4 4 5 3 3 3 4 3 4 3 4 4 4 4 4 4 3 4 3 3 5 4 2 4 4 4 4 2 4 4 3 5 5 4 3 4 4 4 4 2 5 2 3 3 3 4 4 6 4 4 4 5 4 2 4 4 4 4 3 1 2 4 4 4 2 3 4 3 3 5 2 3 3 4 4 3 4 3 5 2 5 5 4 4 4 2 4 4 3 4 5 4 4 5 4 5 4 5 4 5 4 3 None 3 4 4 4 3 5 4 4 4 3 4 4 4 4 4 4 4 3 4 4 5 5 6 4 4 3 3 4 3 4 4 5 4 4 4 4 4 4 3 3 4 4 4 4 5 5 3 3 5 4 3 5 5 3 4 2 3 3 2 3 4 4 2 3 4 4 3 1 4 4 4 4 5 4 4 4 4 3 4 1 4 3 4 5 3 3 4 4 5 2 5 4 4 4 4 5 3 5 4 4 3 4 4 4 3 4 4 3 4 4 3 3 4 3 4 3 5 5 4 3 3 1 4 5 5 5 4 4 3 4 4 3 4 3 4 4 3 4 3 4 4 4 4 4 4 4 5 4 2 4 4 4 5 5 3 5 4 4 3 2 2 4 5 5 5 5 4 4 5 3 5 5 4 3 4 4 5 5 4 4 4 4 4 3 4 4 4 3 4 3 4 4 3 4 3 4 4 4 4 5 4 5 4 3 4 4 4 4 3 5 3 2 3 5 5 3 4 2 4 4 3 3 2 3 4 4 3 4 4 4 4 4 3 5 4 3 4 4 4 5 4 4 4 5 4 3 2 4 4 4 4 4 5 4 4 3 5 4 3 4 3 4 4 4 2 4 4 4 4 4 3 3 4 4 4 4 4 4 3 4 4 4 3 3 4 4 4 4 3 3 4 4 4 4 5 5 5 4 4 3 5 4 3 4 3 3 4 4 4 4 3 5 5 4 4 4 4 5 3 4 3 4 2 3 2 3 4 4 5 4 3 2 4 2 5 4 2 6 4 4 3 4 4 2 3 3 4 5 5 4 4 4 5 4 4 5 5 3 5 3 3 5 4 3 4 3 4 3 4 4 5 3 4 3 3 3 3 3 3 3 3 3 
32 30 28 34 26 18 12 14 13 15 13 16 20 10 3 4 4 4 3 4 4 4 4 3 4 4 3 4 5 4 3 4 3 3 5 4 4 4 3 3 4 4 3 4 4 3 4 2 3 5 4 3 3 3 4 3 3 4 3 3 4 4 5 3 4 4 4 4 2 4 4 4 2 2 4 4 4 3 4 4 3 3 2 3 5 2 4 5 4 4 3 4 4 5 4 4 3 4 4 4 4 3 3 4 4 4 3 2 3 3 5 5 5 4 4 4 4 3 None 3 4 1 4 4 4 4 4 3 4 4 3 4 4 3 5 4 4 3 4 5 6 5 4 3 5 4 3 4 4 5 2 2 3 4 4 3 5 3 3 5 3 4 4 3 4 5 3 5 4 4 4 2 5 4 3 2 3 4 5 4 4 4 3 5 5 3 4 2 3 4 4 4 4 4 3 4 3 4 4 4 4 4 4 3 3 3 3 4 3 4 4 3 3 3 4 4 4 4 3 3 3 2 1 3 4 4 3 5 5 4 4 4 4 4 3 4 4 3 4 3 4 3 4 4 4 4 4 4 4 4 3 4 2 4 5 4 3 3 3 4 2 2 4 4 3 4 4 4 3 4 4 4 4 3 4 4 4 3 2 5 4 4 5 4 3 4 5 3 2 4 5 3 4 4 4 4 3 4 4 4 3 3 3 4 4 4 5 4 5 4 4 4 4 3 4 4 4 4 5 3 5 5 4 4 3 4 5 4 3 4 5 5 4 3 2 5 4 3 4 3 3 4 4 3 3 4 4 5 4 5 4 5 5 3 4 3 4 4 3 4 4 4 1 4 4 4 5 4 5 5 4 5 4 3 3 4 4 4 4 4 4 4 4 4 4 2 5 3 4 4 3 3 2 2 4 3 4 4 2 4 4 4 5 4 4 4 4 4 2 4 4 3 4 4 4 3 2 4 4 4 3 4 4 5 5 3 5 4 4 4 5 4 4 3 4 5 3 4 3 5 4 4 4 4 5 4 4 4 4 3 4 5 5 2 4 4 3 4 4 3 4 5 4 3 4 4 5 4 4 5 3 3 4 4 4 5 4 2 3 5 4 3 3 4 3 1 4 4 3 4 3 3 4 3 3 4 3 4 4 4 
31 29 27 33 25 17 11 13 12 14 12 15 19 9 2 1 3 2 2 3 4 4 5 5 4 5 4 4 5 3 4 3 3 2 4 4 5 4 4 4 4 4 3 3 3 4 5 4 4 4 4 3 4 4 4 3 4 3 3 2 3 3 4 2 3 4 4 4 3 3 4 4 2 3 3 3 3 2 5 4 4 4 4 3 3 3 4 5 3 4 4 4 4 5 4 5 5 3 4 3 5 4 5 5 3 4 4 3 4 4 5 4 5 4 4 4 5 4 3 None 3 3 4 5 4 4 4 3 3 4 4 4 2 3 4 2 3 4 4 4 5 4 3 4 4 4 4 5 5 4 3 5 4 4 4 2 4 3 4 5 4 4 5 2 3 4 3 3 3 3 4 3 4 4 3 3 3 4 4 3 3 5 3 5 4 4 3 4 4 2 3 4 3 4 3 4 2 4 4 4 4 3 5 4 3 3 4 5 4 2 2 4 4 3 4 4 4 3 4 3 4 3 2 3 3 4 4 4 4 3 4 5 4 4 5 5 4 3 2 4 5 3 4 5 4 3 3 5 3 3 3 4 3 4 5 5 3 4 4 3 4 5 4 4 4 4 5 4 4 4 3 4 5 2 5 4 4 3 3 2 4 4 4 4 5 5 5 4 4 5 4 4 4 4 4 5 2 5 5 4 4 4 5 4 4 4 5 4 4 4 3 4 5 5 4 4 3 4 4 4 4 4 3 3 2 4 5 5 3 4 4 5 4 4 3 4 5 4 2 4 4 3 4 4 3 3 3 4 4 4 3 4 4 4 3 3 4 4 4 4 4 4 3 4 4 4 3 4 4 3 2 3 4 3 2 3 5 4 4 4 3 5 4 4 4 4 3 4 4 4 3 4 2 1 3 4 4 4 4 5 4 4 4 3 4 3 3 3 3 5 4 1 4 4 4 4 3 4 4 3 2 3 4 5 4 4 4 3 4 4 4 5 4 4 3 4 1 4 3 4 4 4 5 4 5 4 4 4 3 4 3 2 5 4 4 5 3 4 4 3 5 4 3 4 4 4 5 4 3 4 3 4 4 4 4 3 5 3 4 4 4 4 4 4 4 4 2 4 4 4 3 4 3 3 3 4 4 5 4 3 
32 30 28 34 26 18 12 14 13 15 13 16 20 10 3 4 3 3 4 4 4 3 3 3 5 4 4 4 4 3 4 4 3 4 4 4 4 3 4 3 4 4 5 4 5 4 2 3 4 5 4 4 5 4 4 5 3 4 3 4 4 4 5 5 5 4 4 3 4 5 4 5 4 3 4 3 4 3 3 4 3 4 2 4 6 3 1 4 4 4 4 4 4 4 5 3 4 4 4 4 4 4 4 4 4 4 3 4 4 4 4 4 5 4 3 3 4 4 4 3 None 4 3 4 4 4 4 4 4 3 4 3 3 4 4 4 5 3 4 5 4 4 2 3 4 3 2 5 4 4 4 4 4 3 4 4 4 2 4 4 4 3 5 4 4 4 4 3 4 4 4 3 3 5 4 3 3 4 3 2 4 3 2 4 3 3 4 4 4 3 4 5 3 3 3 4 4 3 4 3 4 3 4 3 4 3 4 4 4 3 4 4 4 3 4 1 3 4 4 4 4 3 4 3 4 2 3 4 3 4 3 5 4 4 4 4 2 4 5 3 5 5 4 3 3 4 3 4 4 3 3 3 5 4 4 4 4 3 3 4 4 4 3 4 5 3 4 3 3 5 4 4 4 4 4 5 4 2 3 4 4 2 4 3 5 4 4 3 4 4 4 4 4 4 2 5 4 4 5 4 4 3 4 4 4 3 4 3 4 3 4 4 4 4 4 4 2 3 2 4 4 4 2 3 4 1 4 6 4 4 4 3 4 2 4 5 4 3 1 2 3 4 5 3 3 4 4 4 4 4 5 5 4 4 4 2 4 1 3 4 3 5 3 3 4 3 2 3 4 4 3 4 3 4 5 3 4 4 4 5 4 4 4 3 4 3 2 3 4 3 5 3 3 4 2 3 3 4 4 5 4 4 4 2 1 3 4 3 3 3 3 4 3 4 4 3 5 4 4 3 4 4 4 4 3 1 4 4 4 3 4 4 4 4 4 3 2 4 2 4 4 2 4 5 4 4 4 4 4 3 4 4 4 4 4 4 4 3 4 4 4 4 4 3 4 4 4 3 4 4 4 4 4 5 4 3 4 4 3 2 3 4 2 2 4 4 3 2 3 3 4 4 3 4 4 4 3 2 4 3 
32 30 28 34 26 18 12 14 13 15 13 16 20 10 3 3 4 3 4 4 3 4 5 4 4 4 2 4 5 3 4 3 4 3 4 4 4 3 4 2 4 5 3 3 4 4 5 1 3 4 3 4 3 2 4 3 4 4 3 4 4 3 5 3 4 4 4 4 3 5 3 3 2 1 3 4 4 4 4 4 2 2 3 3 4 3 4 4 3 4 4 4 4 4 3 4 2 4 5 4 4 4 4 4 4 5 2 3 4 2 4 4 5 4 3 4 3 4 1 3 4 None 4 4 3 3 4 3 4 3 3 4 3 4 5 4 4 4 4 5 5 4 4 3 4 4 4 3 5 5 3 2 3 5 4 3 5 4 4 5 4 4 5 4 4 5 2 4 4 4 3 3 4 4 3 1 2 3 4 4 4 3 2 4 5 3 4 3 4 4 4 4 3 4 3 5 4 4 3 4 4 4 4 4 3 2 4 4 4 3 3 3 3 2 3 4 4 4 4 4 4 3 2 4 3 4 3 4 4 4 4 3 3 4 4 3 3 3 3 3 5 3 4 4 4 5 4 5 4 3 3 4 3 3 4 4 2 3 2 3 2 3 4 3 4 4 4 4 3 4 4 5 4 2 5 3 3 4 3 4 4 4 5 4 4 4 5 4 3 3 4 4 4 3 4 3 2 4 4 3 4 3 3 3 4 3 4 3 4 4 3 4 4 3 4 3 4 5 5 4 5 4 4 5 4 4 4 5 4 3 4 4 4 4 3 4 5 2 4 4 4 4 3 4 3 3 4 4 5 4 4 4 4 3 3 2 3 3 2 4 3 4 2 3 4 3 5 3 4 5 3 4 4 4 4 5 4 5 3 4 5 5 3 4 3 3 4 4 3 4 3 4 2 3 3 2 3 3 1 4 4 4 4 4 3 5 3 4 3 4 3 2 3 3 3 3 1 4 4 4 3 3 4 4 4 3 5 4 4 3 4 3 3 4 3 4 3 4 3 4 4 4 3 4 5 4 3 4 3 2 4 4 4 3 4 4 2 3 4 3 5 4 4 3 3 3 5 4 3 4 3 4 3 3 5 5 4 3 3 5 4 4 2 5 3 2 4 4 4 3 4 4 4 2 2 3 4 3 5 4 
33 31 29 35 27 19 13 15 14 16 14 17 21 11 4 3 3 4 3 1 2 4 5 4 4 2 4 3 3 4 3 2 3 4 3 4 4 3 4 4 4 3 3 4 3 2 5 3 2 4 4 3 3 4 1 4 3 3 3 3 3 3 4 3 4 4 4 3 4 4 3 3 3 4 3 3 4 2 5 4 3 3 4 4 5 4 4 4 4 2 4 3 2 3 4 4 5 3 5 4 4 4 3 3 3 3 2 4 5 5 4 4 3 3 4 4 4 3 4 4 3 4 None 3 4 3 4 4 3 4 4 4 3 3 4 3 3 4 4 5 3 1 3 2 4 4 3 4 3 5 3 3 5 4 3 4 4 4 4 4 4 3 4 4 3 2 3 2 3 3 4 3 4 3 4 4 4 4 4 4 5 3 4 5 4 4 3 4 4 4 4 4 3 3 3 3 4 4 4 4 2 3 3 3 3 4 4 4 4 4 3 4 3 3 4 4 2 4 2 4 4 4 4 4 2 4 5 3 4 4 4 4 3 4 4 4 4 4 4 4 4 3 4 3 2 4 4 2 3 3 3 4 3 4 3 4 4 4 3 4 4 4 4 4 4 4 3 4 3 4 4 4 2 3 5 5 4 4 3 4 4 3 4 4 5 4 3 3 5 3 4 4 3 3 2 5 3 3 3 4 4 4 4 1 4 4 3 3 2 4 3 4 4 3 3 3 4 4 3 4 4 3 1 3 2 3 3 4 2 3 4 3 4 4 4 4 4 4 4 4 4 3 4 3 2 5 3 2 4 4 3 3 4 4 3 3 4 2 5 3 4 3 4 4 4 4 4 3 3 3 3 2 2 3 4 4 4 3 3 4 4 4 4 4 3 2 3 4 4 3 3 3 4 3 2 3 4 3 4 4 3 4 4 4 3 3 2 1 4 3 3 3 3 4 2 1 4 4 2 1 3 4 3 3 4 4 3 3 2 3 3 4 4 3 3 4 3 2 4 4 3 3 5 4 3 4 5 4 3 3 3 2 3 4 3 4 2 3 4 3 4 4 3 3 4 5 6 3 3 4 4 4 3 4 4 3 3 4 4 4 4 3 4 4 4 3 5 4 3 3 3 3 2 3 4 4 4 4 4 3 
33 31 29 35 27 19 13 15 14 16 14 17 21 11 4 5 4 4 3 3 2 2 5 4 3 4 4 4 3 4 5 4 3 4 4 5 4 3 5 3 3 5 4 2 4 4 5 3 3 5 5 5 2 3 4 4 4 4 4 3 3 2 5 3 4 5 3 2 4 4 4 1 3 4 4 3 4 3 4 4 5 4 4 4 3 4 4 3 4 4 5 2 4 4 4 5 3 4 4 3 4 4 4 4 5 4 4 4 5 5 3 1 5 5 4 4 4 5 4 5 4 4 3 None 2 5 3 3 4 4 3 3 5 4 4 5 4 4 3 5 6 4 5 4 4 5 5 4 5 3 4 2 4 5 3 4 3 3 4 4 3 4 4 5 2 3 3 4 3 2 3 3 3 5 4 4 4 4 3 4 4 3 4 4 4 5 4 4 4 4 4 3 4 4 5 4 3 4 4 4 4 4 4 4 3 4 4 4 4 5 4 2 2 3 4 4 1 4 4 5 4 4 4 3 4 3 4 1 4 4 4 6 3 3 4 4 4 4 4 4 4 2 3 2 3 3 4 4 4 3 4 4 3 3 4 5 4 3 4 4 3 4 4 4 5 3 5 2 3 5 4 2 4 3 5 4 3 4 4 4 5 4 4 5 4 5 5 3 5 4 4 4 3 4 5 4 4 4 5 4 4 4 5 4 3 4 4 4 4 4 5 4 3 1 4 4 5 2 3 3 5 2 4 4 3 4 4 4 4 5 3 5 4 4 4 4 5 4 3 5 4 3 5 4 4 4 3 4 5 4 5 4 4 4 3 4 4 5 4 4 3 3 4 4 3 4 4 4 3 5 5 4 3 4 5 4 4 5 4 4 5 4 4 5 4 4 2 3 4 4 4 3 4 4 4 4 3 4 4 4 2 3 5 3 5 4 4 3 4 2 3 5 3 3 3 4 4 4 4 3 4 4 4 4 4 4 3 4 4 5 4 5 4 4 2 4 4 3 4 3 4 5 5 4 3 4 4 4 3 3 3 4 1 4 4 5 4 4 5 5 3 5 4 4 3 3 5 4 4 4 4 4 3 4 6 4 4 3 4 3 2 4 5 3 4 3 4 4 4 4 3 5 5 5 3 2 4 4 4 5 
33 31 29 35 27 19 13 15 14 16 14 17 21 11 4 4 4 4 3 4 4 4 5 4 3 4 2 4 4 3 4 5 4 4 4 4 4 3 3 1 4 4 4 4 4 4 3 2 4 4 4 5 4 3 3 5 4 3 3 4 4 4 4 4 4 4 3 4 4 4 4 1 4 3 4 3 5 3 4 2 4 3 4 4 4 4 3 3 4 3 4 4 4 5 4 4 4 3 5 4 4 4 4 4 4 3 3 3 4 4 4 3 4 4 4 4 3 4 4 4 4 3 4 2 None 4 4 4 4 5 4 5 3 3 4 3 4 2 3 5 5 4 3 4 4 4 4 4 5 3 4 4 4 5 5 2 4 3 4 5 3 2 4 4 4 2 4 3 1 2 3 3 5 4 3 3 3 3 4 5 4 3 4 4 4 4 2 3 4 2 4 5 3 4 4 4 2 4 4 4 2 4 4 3 1 3 4 3 4 5 3 4 4 3 5 4 3 4 3 4 5 4 4 3 4 4 3 3 4 3 4 5 4 5 5 5 4 4 4 3 5 4 4 4 3 5 3 4 3 4 4 4 4 5 4 3 3 3 4 4 4 2 5 4 4 3 4 4 4 4 3 4 4 4 5 4 3 4 3 5 3 3 5 4 2 4 5 4 4 2 5 4 3 4 5 5 4 4 4 4 5 5 4 3 4 4 5 3 4 3 4 4 5 3 2 4 4 2 3 4 5 2 4 4 3 4 5 4 4 4 4 5 4 4 4 5 3 4 3 5 4 4 4 4 3 3 3 3 5 5 4 5 5 3 5 3 4 4 2 5 5 5 3 3 3 3 4 2 1 3 4 4 3 4 4 3 4 5 4 2 4 4 3 4 5 4 4 4 4 4 4 4 3 4 3 3 2 4 4 4 4 2 3 3 4 5 4 3 4 3 4 3 4 3 4 4 3 4 4 4 4 4 5 3 4 3 5 4 4 5 4 3 4 3 4 4 4 4 2 3 4 4 3 4 3 5 2 4 4 4 4 4 3 2 4 5 3 4 3 4 3 4 4 4 3 1 3 3 2 4 3 4 3 4 4 3 4 3 4 4 4 2 4 4 3 3 3 2 4 4 4 4 4 4 3 2 4 4 3 4 
33 31 29 35 27 19 13 15 14 16 14 17 21 11 4 4 4 4 4 4 3 4 4 4 4 4 5 4 4 3 3 3 3 3 4 4 5 4 4 3 3 4 5 4 2 1 4 2 3 4 3 4 4 4 4 5 3 4 3 2 4 3 5 3 4 4 4 4 3 3 4 4 4 4 3 4 3 4 3 5 3 3 3 4 4 3 5 4 4 3 4 4 3 4 4 4 4 4 4 4 3 4 2 3 4 4 3 4 5 4 3 4 4 3 4 4 4 4 4 4 4 3 3 5 4 None 2 4 4 5 5 3 3 4 5 3 2 4 4 5 4 2 4 4 5 3 2 4 4 5 4 3 4 4 5 4 4 4 4 5 3 3 3 4 4 5 4 3 5 3 2 4 4 2 3 4 4 4 3 5 4 4 4 4 5 4 4 4 4 4 3 3 3 4 3 4 5 3 3 4 3 3 4 4 4 4 5 4 3 3 4 4 4 3 4 5 4 3 3 5 4 4 3 4 1 3 4 4 3 3 3 3 2 4 3 3 2 5 4 4 5 3 4 5 4 4 3 3 4 4 4 4 4 4 4 4 4 3 4 4 4 4 3 4 5 4 2 3 4 4 3 3 1 2 4 5 4 4 3 4 3 3 5 3 3 3 4 4 4 3 4 3 2 4 3 5 5 4 4 3 4 4 5 2 4 3 4 3 4 4 3 3 3 4 4 2 4 5 4 4 2 3 4 4 4 3 3 5 3 3 3 5 3 4 4 3 4 1 4 4 3 3 3 5 4 5 4 4 4 4 3 4 1 3 3 3 4 4 5 3 4 4 4 4 4 4 3 4 4 4 3 2 3 4 5 4 4 4 4 4 4 4 4 5 4 3 3 4 5 4 4 4 3 3 4 4 4 4 3 4 3 4 4 4 3 5 4 3 4 4 2 3 4 4 3 2 3 4 4 4 4 4 2 4 5 4 3 4 4 2 3 4 3 4 3 2 4 3 4 5 4 4 5 5 4 5 4 4 4 4 3 2 4 3 3 5 1 4 4 2 4 3 3 2 3 4 5 4 4 4 5 4 2 3 5 3 4 4 4 4 3 3 3 4 4 4 5 4 4 4 4 4 3 2 4 4 4 4 2 1 
31 29 27 33 25 17 11 13 12 14 12 15 19 9 2 3 3 4 3 4 3 4 4 3 3 5 4 4 3 4 4 3 4 4 4 3 5 4 3 4 4 4 4 4 3 3 3 4 4 4 4 4 2 3 4 4 3 4 3 4 2 4 6 4 4 4 4 3 4 5 5 4 2 3 4 4 3 3 4 4 3 5 3 3 5 3 4 3 3 3 3 2 4 4 5 4 4 3 4 4 4 3 4 4 4 4 4 4 5 4 3 4 4 4 4 4 4 4 4 4 4 4 4 3 4 2 None 3 4 4 3 4 2 4 5 4 4 2 4 5 5 3 3 4 4 3 4 3 4 5 4 4 4 4 4 4 4 3 4 5 4 4 4 4 4 5 5 3 5 4 4 3 4 4 3 4 5 4 5 3 3 3 3 5 4 3 4 4 4 4 4 1 4 4 5 4 5 5 4 3 3 4 3 2 4 2 4 3 3 5 3 4 4 3 4 4 3 5 4 3 4 4 3 4 3 5 2 4 3 3 3 5 4 5 4 5 4 3 4 4 4 1 2 3 4 3 1 4 4 3 4 5 2 4 4 3 4 3 3 2 3 4 4 4 5 5 4 4 4 3 3 5 3 4 4 4 4 2 3 4 4 4 4 3 4 3 5 4 2 4 4 4 4 4 5 4 4 4 5 5 4 4 5 4 4 4 3 4 4 4 5 1 4 4 2 4 5 4 4 3 4 4 4 4 4 4 5 5 3 4 2 4 1 3 3 3 5 3 3 5 4 4 4 4 3 5 5 4 4 2 5 3 3 4 3 5 3 5 4 4 4 5 3 4 5 5 4 3 3 4 4 4 3 4 4 4 4 4 4 5 4 3 5 4 4 4 4 4 3 3 2 5 4 3 4 4 4 3 3 4 4 4 4 4 4 5 4 4 4 4 4 3 2 3 3 4 4 3 3 4 3 3 2 4 4 4 4 3 5 2 3 3 2 3 3 4 4 2 4 3 4 4 4 4 3 4 4 3 3 4 3 4 4 3 4 5 3 3 3 4 4 4 4 3 4 3 3 5 3 3 4 4 3 4 5 4 2 4 5 5 4 4 3 3 4 4 3 4 4 3 4 4 4 3 4 4 3 4 4 3 
33 31 29 35 27 19 13 15 14 16 14 17 21 11 4 4 3 4 4 3 4 5 4 4 4 5 4 3 4 4 4 4 3 3 5 4 5 4 4 3 4 4 4 4 4 4 4 4 4 5 4 4 4 4 5 4 4 3 4 4 4 3 3 3 4 4 4 3 4 4 4 4 4 4 4 3 4 4 5 3 4 5 4 4 5 5 3 4 3 3 2 4 4 5 5 4 4 4 5 4 4 4 4 4 4 4 3 3 3 4 4 4 5 4 4 4 4 3 3 3 4 3 4 3 4 4 3 None 4 1 4 3 2 4 5 3 4 3 3 6 4 4 3 2 3 3 2 3 5 5 5 4 4 3 5 4 4 4 4 4 5 4 4 4 4 5 4 5 4 4 4 2 4 5 4 2 3 4 4 5 3 4 3 4 4 3 4 4 4 3 2 3 4 4 4 3 4 4 4 3 4 4 3 5 5 4 4 3 4 5 4 3 3 4 4 5 4 4 4 4 4 3 2 4 3 4 5 4 4 3 4 5 4 3 4 4 4 4 3 2 5 4 4 5 2 4 3 4 4 2 4 5 3 3 4 4 3 3 3 2 3 4 5 5 4 3 4 4 4 5 4 4 5 2 5 4 4 2 1 4 5 4 4 4 4 5 5 3 3 4 5 4 2 4 4 4 1 4 5 5 4 4 5 4 4 3 4 4 4 4 4 4 4 4 3 3 4 4 4 4 4 3 5 4 3 3 5 5 3 3 2 4 4 4 4 5 5 5 3 4 4 4 3 3 4 5 4 4 5 4 5 4 5 4 5 4 4 4 3 4 4 4 4 4 3 3 4 4 5 4 4 4 3 2 4 5 4 4 4 5 2 4 5 4 5 3 4 4 4 3 5 4 3 3 4 4 4 3 3 5 4 4 4 3 4 5 2 3 4 5 5 3 4 4 4 4 3 5 4 4 4 4 4 4 4 3 3 4 4 4 5 4 3 3 1 4 4 4 2 3 3 4 4 5 5 4 4 4 4 3 5 4 4 5 4 5 3 4 4 4 4 4 4 4 4 4 3 3 4 3 4 3 3 5 5 4 4 3 4 4 4 5 4 4 4 3 1 4 4 4 3 4 5 2 4 5 4 4 4 3 
32 30 28 34 26 18 12 14 13 15 13 16 20 10 3 2 4 4 3 4 4 4 4 3 3 3 5 3 3 4 4 3 4 3 4 4 4 3 4 4 2 3 3 4 3 4 6 4 3 4 4 3 5 5 4 4 4 4 4 4 2 3 5 3 3 3 3 3 4 4 4 5 4 4 4 4 4 3 4 4 3 3 4 4 3 4 4 4 2 3 4 3 3 5 4 3 4 3 3 3 4 3 4 2 2 4 3 4 5 3 4 3 4 4 3 4 4 4 4 3 4 4 3 4 4 4 4 4 None 4 4 2 3 4 4 3 3 5 3 5 6 4 3 4 4 3 4 5 5 4 3 4 3 3 3 3 4 4 3 4 3 3 4 5 4 4 4 1 3 4 4 4 4 4 5 3 2 2 4 3 4 5 4 4 4 4 2 3 4 3 2 4 2 2 4 4 4 3 3 2 2 4 4 3 3 3 4 4 3 5 2 4 4 3 3 5 3 5 4 3 2 3 4 3 4 4 4 4 4 3 4 5 3 1 4 3 3 3 4 3 4 4 3 3 2 4 4 3 3 4 3 4 4 3 4 4 4 3 3 4 4 4 4 4 5 3 4 3 4 4 4 4 3 4 4 4 3 3 4 1 3 2 3 4 5 4 4 4 4 4 3 3 4 3 4 4 4 3 5 3 4 3 4 3 3 4 3 2 4 3 4 4 4 4 4 3 4 3 2 4 5 4 3 4 3 3 2 5 4 3 4 5 3 5 2 5 4 4 4 4 3 4 3 3 4 2 3 3 4 3 5 3 3 4 4 3 4 4 3 3 5 5 4 3 4 4 4 4 4 4 4 4 3 3 1 4 3 3 1 3 4 2 4 3 3 4 3 2 3 3 4 4 5 4 3 4 3 4 4 4 2 4 4 4 4 4 4 4 4 4 3 3 2 5 3 4 4 4 3 2 3 3 3 4 2 3 1 3 4 5 3 4 4 3 3 4 4 4 3 3 3 3 4 4 3 3 3 3 2 4 3 4 3 4 3 4 4 4 4 4 4 3 3 3 4 4 6 3 3 3 2 3 4 4 5 3 4 3 2 3 2 3 4 4 4 3 3 4 4 3 4 3 3 4 4 5 5 4 4 5 
33 31 29 35 27 19 13 15 14 16 14 17 21 11 4 4 3 4 4 3 4 6 5 5 5 5 5 4 4 5 4 4 4 4 5 5 5 4 5 4 5 5 5 4 5 5 5 4 5 6 5 5 5 3 5 5 4 4 5 5 3 4 4 4 5 5 3 2 5 4 4 5 4 4 5 4 5 4 4 4 5 5 4 5 6 5 2 3 4 4 3 5 4 6 4 5 5 5 5 5 5 5 4 4 5 4 3 4 4 3 5 5 6 5 5 4 5 4 4 4 3 3 4 4 5 5 4 1 4 None 5 4 3 5 6 4 5 4 4 6 5 5 3 2 4 4 3 4 6 5 4 5 4 4 5 4 3 5 5 5 4 5 5 4 5 5 3 4 5 5 5 3 5 5 4 3 4 5 5 5 4 5 4 5 4 4 4 4 5 4 3 4 5 4 5 4 5 4 5 4 5 5 4 5 4 5 5 4 5 4 5 4 4 5 5 4 5 5 4 5 5 4 3 5 4 4 5 5 4 4 4 4 5 4 5 5 5 5 4 3 6 5 4 5 3 5 4 5 5 3 4 4 4 4 5 5 4 4 4 3 4 5 4 6 5 4 5 4 5 5 5 5 6 3 5 5 4 3 2 5 6 4 4 3 5 5 5 4 4 4 5 5 3 5 3 4 2 5 5 5 5 5 4 4 5 4 5 5 5 4 5 5 5 5 4 4 3 4 3 5 5 4 4 5 4 2 5 6 4 4 3 4 4 5 5 6 6 4 4 5 5 5 4 4 4 4 4 3 5 5 6 5 6 5 4 4 4 3 4 5 5 4 3 4 4 4 4 4 5 5 4 3 4 3 5 5 5 5 5 5 3 5 5 4 5 4 4 4 5 4 5 5 2 4 4 5 5 4 4 5 5 5 5 4 4 6 3 4 5 4 5 4 4 5 4 4 2 4 4 3 5 5 5 5 5 4 4 5 5 4 6 4 4 4 2 5 3 4 3 4 4 3 5 5 4 5 5 4 4 4 4 5 5 4 3 6 4 5 5 3 5 5 5 4 3 4 2 4 4 4 3 4 4 6 5 4 5 4 4 3 4 5 5 3 5 4 2 5 5 4 3 4 4 3 5 6 4 3 4 4 
32 30 28 34 26 18 12 14 13 15 13 16 20 10 3 4 5 3 4 4 3 5 5 4 3 5 4 3 2 5 3 4 5 4 3 5 5 4 3 4 4 4 4 3 3 4 4 3 5 5 5 4 3 4 4 5 4 4 3 4 4 3 5 3 4 4 5 4 4 4 3 4 2 3 3 4 4 4 5 5 4 4 4 3 5 4 5 4 3 4 4 1 3 4 4 5 3 3 6 4 4 4 4 4 4 4 3 4 6 3 5 4 4 4 4 4 4 4 3 4 4 3 4 3 4 5 3 4 4 5 None 3 4 4 5 3 4 5 4 5 5 5 5 4 4 4 4 1 4 3 4 5 4 5 4 5 3 4 5 4 4 3 5 4 3 5 2 3 5 5 5 4 4 4 3 3 4 4 3 3 3 4 2 4 5 4 4 3 4 4 4 2 4 4 4 4 4 5 4 3 3 5 4 3 4 1 4 3 4 5 4 4 3 3 1 5 2 4 5 5 3 4 4 4 4 4 3 4 4 3 4 5 4 5 2 3 4 3 4 4 4 3 4 3 2 2 3 3 4 4 4 4 4 4 3 5 4 4 3 3 4 4 4 4 5 4 4 3 4 2 3 5 4 3 5 4 5 4 3 4 3 4 5 4 6 4 2 3 4 4 3 4 4 4 5 4 4 3 5 4 3 3 2 4 4 3 3 4 5 4 4 2 5 4 4 5 4 4 4 4 4 4 3 4 4 4 4 5 5 4 4 5 4 4 4 4 4 5 4 5 4 4 4 4 3 4 4 3 4 3 5 4 4 4 4 4 4 4 4 2 3 4 3 5 4 4 3 4 3 3 5 4 4 4 5 4 5 4 3 5 5 4 4 4 3 5 3 4 3 4 1 4 4 3 4 3 4 4 2 3 3 4 4 4 3 5 4 4 4 5 3 4 2 4 4 5 3 5 2 3 3 2 3 4 2 4 4 3 4 3 4 4 3 4 3 5 4 4 4 3 3 5 4 3 2 4 5 4 2 2 3 4 4 4 4 4 4 2 4 4 4 4 4 4 3 5 5 4 2 3 4 5 4 4 4 5 3 5 4 4 4 3 4 4 4 4 4 4 4 3 4 4 3 3 4 4 4 3 4 4 
33 31 29 35 27 19 13 15 14 16 14 17 21 11 4 4 4 5 4 5 5 4 4 1 4 3 4 4 1 3 4 4 4 3 4 4 3 3 4 4 3 3 3 4 4 4 4 3 4 4 2 3 4 3 3 4 3 3 4 3 3 4 6 3 4 3 4 3 4 3 3 4 4 3 4 3 4 3 5 4 3 4 2 3 5 3 3 4 2 4 4 2 3 4 3 4 2 4 4 3 3 3 3 3 4 3 3 4 4 2 4 3 5 2 3 3 3 4 4 4 3 4 4 3 5 3 4 3 2 4 3 None 3 5 4 4 4 4 3 5 5 3 4 4 3 3 4 3 3 4 2 3 4 4 3 4 4 3 3 3 5 4 4 5 3 4 4 3 4 4 4 4 2 4 5 5 4 4 4 4 4 5 4 4 4 3 3 3 2 4 2 3 4 2 3 4 3 3 3 2 3 4 3 2 4 4 4 4 1 4 4 3 3 3 3 4 2 4 4 4 2 2 3 3 3 4 2 4 3 3 3 4 3 2 2 1 4 4 5 3 3 3 4 4 4 3 4 3 4 3 3 3 2 3 2 5 3 2 3 3 4 4 3 4 5 4 4 4 3 4 4 4 3 4 3 5 3 3 4 3 4 3 3 4 4 2 4 3 4 4 4 3 4 4 4 3 4 3 5 3 2 1 2 4 4 4 4 3 4 4 3 3 4 4 4 3 4 4 4 4 4 3 4 4 4 4 3 5 3 2 4 4 3 4 4 4 4 4 2 3 2 4 4 3 4 2 2 2 4 4 4 4 4 3 2 2 4 3 4 3 4 5 3 4 4 4 3 4 4 4 3 4 3 3 3 3 4 2 3 4 3 2 4 4 4 4 1 3 3 3 4 3 4 4 4 3 4 4 3 3 2 4 4 3 4 5 4 3 3 4 2 4 3 4 4 3 3 4 4 3 4 3 3 3 4 3 1 4 4 3 5 3 4 3 4 3 3 4 3 4 4 4 4 2 3 3 3 3 4 4 3 4 3 3 4 6 2 5 3 4 3 4 2 1 2 4 6 4 3 4 4 2 3 4 4 4 4 2 1 3 2 4 2 2 3 4 2 4 3 3 4 4 4 3 4 4 4 4 3 4 
32 30 28 34 26 18 12 14 13 15 13 16 20 10 3 3 3 2 4 3 4 4 5 4 4 5 4 4 4 4 4 4 3 4 3 4 5 4 5 4 3 2 4 4 4 4 5 3 4 4 4 3 4 4 4 4 5 4 5 4 4 4 4 3 4 3 4 4 4 4 3 4 4 4 4 3 3 4 4 4 4 4 4 4 3 4 4 4 1 3 3 4 4 5 5 3 3 3 4 4 4 3 3 3 3 4 3 3 4 4 4 4 5 4 2 5 5 4 4 2 3 3 3 5 3 3 2 2 3 3 4 3 None 3 5 3 4 4 4 4 5 3 1 2 4 3 3 4 5 4 3 4 3 4 5 2 4 3 4 3 4 4 4 4 4 4 3 3 3 4 3 3 4 5 5 4 3 3 4 4 3 3 3 3 2 4 3 4 4 2 4 3 3 4 4 4 4 4 4 3 4 4 4 4 3 3 5 4 3 4 2 4 3 2 4 4 4 5 4 5 4 4 3 4 4 3 3 5 4 4 2 5 3 4 4 4 4 3 2 3 4 3 4 4 3 4 3 4 3 4 2 4 2 2 3 5 3 3 4 4 5 4 4 3 4 4 4 4 4 4 3 4 4 4 5 5 4 3 2 2 4 2 4 4 5 4 5 3 4 4 4 4 3 4 3 5 3 4 5 4 3 4 4 4 4 2 3 3 4 2 3 3 4 5 4 3 3 4 4 4 4 4 4 4 4 4 4 5 1 2 4 5 3 4 4 4 5 4 4 5 4 3 2 4 4 4 3 3 5 4 4 4 4 3 4 3 5 4 4 4 4 4 4 5 4 4 4 4 4 3 2 3 4 3 4 5 4 4 2 4 4 4 4 4 4 3 4 3 4 4 4 4 4 3 4 3 4 3 2 4 3 5 4 5 4 5 4 4 5 4 3 1 4 3 3 2 4 5 4 4 2 2 4 3 3 3 4 3 4 3 4 5 3 4 3 5 3 2 3 4 4 4 3 4 4 2 5 2 3 3 4 3 5 4 4 5 2 3 3 5 3 3 4 3 4 4 4 4 4 5 3 4 3 4 4 2 4 4 3 3 4 3 4 4 4 4 3 4 4 3 3 4 3 1 4 4 4 4 5 4 
33 31 29 35 27 19 13 15 14 16 14 17 21 11 4 4 4 4 4 4 4 3 4 4 5 4 5 3 4 4 4 4 3 3 5 4 4 3 4 4 3 4 5 4 4 3 3 4 1 5 4 4 4 4 4 5 4 4 4 5 3 4 5 3 2 3 3 4 4 4 2 4 4 5 3 4 4 2 4 3 4 4 3 3 5 4 5 4 4 4 3 4 3 3 4 4 4 4 5 3 4 5 2 2 4 4 4 5 4 3 4 3 5 4 5 2 4 4 3 3 4 4 3 4 3 4 4 4 4 5 4 5 3 None 4 4 2 2 3 6 5 4 2 3 5 3 4 5 5 4 3 2 4 3 4 5 4 2 3 4 3 4 4 5 4 3 3 4 2 3 4 3 3 5 4 4 4 4 4 4 4 4 4 4 3 4 3 3 4 1 4 4 4 4 4 4 3 4 4 3 3 1 3 3 4 3 4 3 4 5 5 4 4 4 4 4 4 4 4 4 4 4 4 4 4 2 3 4 3 4 3 4 2 3 5 5 4 4 4 4 4 5 5 4 4 4 5 3 2 3 4 3 5 4 3 3 4 3 4 3 4 4 4 3 4 4 4 3 3 3 2 3 4 4 5 5 3 4 3 3 1 3 5 3 4 4 4 4 5 5 4 4 4 4 4 4 4 4 5 3 4 4 3 4 3 1 2 3 3 4 4 4 3 3 5 4 4 4 5 3 5 5 3 3 3 4 3 5 4 3 4 4 4 4 3 4 5 4 3 4 3 3 1 3 3 4 4 3 2 5 4 4 5 3 4 5 4 4 3 4 3 4 4 4 5 4 4 3 4 2 4 3 4 4 4 4 4 3 4 3 5 3 4 3 4 3 4 4 3 2 3 5 4 4 3 3 3 3 3 3 3 4 4 2 4 5 3 2 4 2 4 4 3 3 4 4 4 4 3 4 4 4 5 4 4 3 4 3 3 4 4 4 3 3 3 5 4 4 4 4 4 4 4 4 4 5 4 3 4 4 3 3 4 4 3 3 3 2 2 4 4 2 4 4 5 3 5 4 4 4 2 4 4 5 3 3 4 4 4 5 4 4 4 4 4 3 4 3 4 3 3 3 4 2 4 5 4 3 4 4 
34 32 30 36 28 20 14 16 15 17 15 18 22 12 5 5 5 4 4 5 5 5 4 4 4 4 5 4 5 5 4 4 4 2 4 5 5 3 4 4 4 5 5 5 4 4 6 4 4 4 5 4 5 4 4 5 5 5 4 4 4 4 5 4 4 5 4 4 3 5 5 5 4 4 5 4 4 4 4 5 3 4 4 4 4 5 4 5 4 4 5 4 5 5 4 4 5 3 5 1 5 4 4 5 5 5 4 5 5 5 6 3 4 5 4 4 5 4 5 4 4 5 4 4 4 5 5 5 4 6 5 4 5 4 None 4 3 6 5 6 4 5 5 5 3 5 4 4 4 2 4 5 3 5 5 4 3 5 5 5 3 3 5 4 4 5 5 5 5 5 5 5 4 6 5 4 3 2 5 5 4 4 5 4 4 4 4 4 4 5 4 4 5 5 3 5 6 3 4 4 2 3 4 4 3 4 4 5 4 6 4 4 4 4 5 5 3 3 5 5 3 4 4 4 4 4 5 5 4 4 4 5 3 5 5 5 5 5 4 4 4 4 5 5 4 5 6 4 4 3 4 4 5 3 4 6 4 4 5 5 5 5 2 5 5 4 4 5 4 5 4 4 5 4 6 4 4 5 4 5 4 4 6 3 6 5 5 4 4 5 5 5 5 3 5 6 4 5 6 4 3 4 5 3 5 5 5 4 5 3 4 5 4 5 5 4 3 3 4 4 3 5 5 5 4 4 5 6 6 5 5 3 5 4 5 5 4 5 4 5 5 4 4 2 3 5 5 4 4 3 4 4 4 4 5 4 2 4 4 4 5 5 4 3 4 2 4 4 4 5 5 4 5 4 5 5 5 5 3 4 5 4 2 4 4 4 4 3 4 5 5 5 5 3 4 3 4 5 4 5 2 5 4 4 5 5 5 5 3 4 4 5 4 5 5 5 5 5 5 5 5 5 5 4 4 3 3 5 5 4 5 5 4 5 5 5 5 5 3 4 4 4 5 4 3 4 5 5 4 4 3 5 4 4 4 6 4 4 6 5 4 5 4 4 4 5 5 4 3 4 5 3 5 5 5 5 5 5 4 4 4 3 4 5 3 4 4 3 5 5 4 4 3 5 3 4 5 3 4 4 
31 29 27 33 25 17 11 13 12 14 12 15 19 9 2 1 4 3 4 4 5 4 4 5 4 5 5 2 4 3 3 4 4 4 3 4 4 3 2 4 2 4 5 4 3 4 4 4 3 4 3 4 5 4 3 3 4 3 4 3 4 4 5 4 3 2 4 3 4 4 4 4 3 4 4 2 4 3 4 4 3 5 4 3 4 4 4 4 4 4 4 4 3 5 5 5 3 4 4 4 5 4 4 4 4 4 4 4 5 4 5 5 5 4 5 3 5 3 4 2 4 4 3 5 3 3 4 3 3 4 3 4 3 4 4 None 3 3 3 5 6 4 4 4 3 5 4 4 4 4 2 4 3 5 4 3 4 5 4 3 3 3 3 4 3 4 4 4 4 4 3 4 4 5 4 3 4 2 3 4 2 4 3 5 4 4 4 3 4 4 4 4 4 4 4 5 4 2 3 3 2 3 4 4 3 2 4 4 3 4 3 4 4 3 3 5 4 3 4 4 4 5 4 4 2 4 4 4 3 3 4 4 4 4 5 4 4 2 1 3 4 4 5 4 3 5 3 4 3 3 1 5 4 4 5 4 4 4 5 5 4 3 3 4 4 4 3 4 4 2 3 5 4 3 5 5 4 4 3 2 4 5 5 4 4 4 4 4 3 3 4 4 3 3 2 4 2 4 4 4 4 4 4 3 4 4 5 4 3 3 4 4 5 5 4 4 4 3 4 3 4 3 3 4 4 3 4 4 3 4 3 5 5 3 3 4 4 3 4 4 4 2 5 4 4 3 4 3 2 4 4 4 4 4 4 4 4 4 4 3 4 4 3 4 4 3 4 3 2 4 3 3 3 4 4 4 3 4 3 4 5 5 3 4 4 4 4 3 4 4 3 5 3 3 3 2 3 2 3 4 4 3 4 4 4 5 1 2 4 4 4 2 5 4 4 3 3 4 4 4 3 3 4 3 4 5 4 4 3 3 4 5 3 2 4 4 3 4 4 4 4 3 5 5 3 4 4 3 3 4 4 3 4 4 3 5 4 3 3 2 4 5 3 3 2 4 5 4 1 4 3 4 4 5 5 3 4 5 4 4 3 2 4 4 5 4 4 4 3 4 4 3 2 4 4 3 4 4 4 4 
34 32 30 36 28 20 14 16 15 17 15 18 22 12 5 4 4 4 3 4 5 4 4 4 4 5 4 3 4 4 4 4 4 1 3 5 4 3 4 4 1 4 4 4 2 1 4 3 3 5 5 3 4 4 3 5 4 4 4 3 4 4 6 3 2 3 3 4 2 3 4 4 3 4 5 4 4 4 4 4 4 4 5 4 3 4 4 4 3 3 4 4 2 3 4 4 4 2 4 2 4 5 2 4 3 3 3 4 5 4 5 4 5 3 4 4 4 4 4 3 5 4 3 4 4 2 4 4 3 5 4 4 4 2 3 3 None 4 2 6 5 3 4 4 4 3 4 4 4 3 3 3 4 4 5 4 4 4 4 4 3 4 3 3 4 4 5 4 4 3 4 4 4 4 4 3 2 4 3 4 3 3 4 4 5 3 3 4 3 3 3 4 4 3 2 4 5 3 2 3 3 3 4 4 4 3 4 4 4 5 4 3 4 4 5 4 4 3 3 4 4 4 3 3 3 3 4 5 4 4 4 3 4 3 4 4 4 3 2 3 5 4 4 5 4 4 4 5 4 2 2 4 4 4 4 3 4 3 4 4 4 3 3 4 4 5 2 4 5 4 3 4 3 3 5 4 3 4 4 3 1 4 5 3 4 4 4 3 4 4 4 3 4 4 3 5 3 4 4 3 4 4 4 2 4 3 4 3 4 3 4 4 3 4 4 3 4 4 5 3 4 3 4 4 3 4 4 5 4 3 3 4 5 3 4 4 4 3 4 5 4 1 3 3 3 5 4 4 4 4 4 4 3 3 4 3 3 4 4 3 4 5 4 3 4 3 3 4 5 3 4 4 2 3 4 4 2 3 3 4 4 4 2 4 5 3 4 4 4 4 4 5 4 2 3 3 4 3 4 3 3 4 4 3 4 4 4 4 2 4 3 3 3 4 5 4 4 5 4 4 4 4 4 3 4 4 3 3 4 4 4 4 3 4 4 4 4 4 3 3 3 4 4 5 4 4 5 2 4 4 3 4 3 3 4 5 3 2 4 3 4 4 4 4 5 3 6 4 4 4 3 3 4 4 4 4 3 4 4 3 2 3 5 4 4 3 4 4 3 3 4 4 3 4 3 4 4 4 4 3 
33 31 29 35 27 19 13 15 14 16 14 17 21 11 4 4 4 4 4 4 4 3 5 4 4 4 3 3 5 4 5 4 2 4 5 3 5 3 5 3 3 5 3 2 4 4 1 4 3 4 3 5 4 4 5 5 4 4 4 5 4 3 5 3 4 4 4 4 3 5 4 3 4 3 3 3 5 4 3 4 4 4 4 4 6 4 3 4 4 4 3 4 4 4 4 4 4 5 4 5 5 4 3 4 4 4 4 4 5 4 4 4 5 4 5 4 3 4 3 4 3 4 4 4 2 4 2 3 5 4 5 4 4 2 6 3 4 None 2 5 4 4 3 3 5 3 3 4 5 5 4 3 3 4 3 3 5 4 3 4 5 4 3 5 4 4 3 4 3 3 3 1 4 5 5 3 4 4 3 5 4 5 3 5 4 4 4 4 4 3 4 3 4 4 3 4 4 4 4 4 4 3 5 3 3 4 5 5 4 4 5 3 2 3 5 2 3 4 4 5 3 2 3 4 4 3 3 3 4 4 2 5 3 5 4 5 3 4 4 3 5 3 4 4 4 5 3 5 4 4 4 4 4 5 4 1 2 3 4 4 4 3 5 4 5 3 5 2 5 4 3 3 4 4 4 4 4 3 2 5 3 4 4 4 2 4 5 4 4 4 4 3 4 4 4 5 3 4 5 4 4 3 4 5 5 3 4 3 3 4 3 3 4 4 4 4 4 4 4 2 4 4 5 4 4 4 4 4 4 4 4 3 3 4 3 4 4 4 4 3 4 4 3 4 5 3 5 4 4 4 3 4 5 5 4 4 4 4 2 4 3 3 3 3 4 4 5 4 3 4 5 4 3 3 4 5 2 3 4 4 4 4 5 4 4 2 4 4 3 4 4 3 3 4 4 4 4 4 3 4 4 4 4 3 4 4 2 3 3 4 3 4 4 1 3 3 4 4 5 5 4 4 4 4 4 4 5 5 3 3 4 4 3 3 4 4 3 4 3 3 4 4 5 5 4 5 2 4 3 4 4 2 4 2 4 5 4 4 3 4 3 4 4 4 3 1 5 4 4 4 3 4 3 5 5 3 2 4 4 5 4 4 4 4 4 2 4 4 5 4 3 4 5 3 4 4 4 4 3 3 
32 30 28 34 26 18 12 14 13 15 13 16 20 10 3 4 5 5 3 5 4 4 5 4 4 5 3 4 4 3 3 3 4 3 4 5 4 3 4 3 1 4 3 4 2 3 3 4 3 4 3 3 4 4 4 4 5 4 5 4 2 4 5 3 4 2 4 3 4 5 3 2 4 3 5 4 5 2 3 3 3 3 4 4 5 5 4 4 5 4 3 4 4 5 4 3 3 4 4 4 4 4 2 4 3 4 4 3 4 4 4 4 4 5 4 4 3 5 4 4 4 4 4 3 3 4 4 3 3 4 4 3 4 3 5 3 2 2 None 5 5 4 3 4 4 3 4 5 3 3 3 2 3 4 5 3 3 3 3 4 3 4 3 4 4 4 4 3 3 1 2 3 4 5 5 4 3 4 4 4 4 4 4 4 4 4 4 4 3 2 4 3 4 4 3 4 4 5 2 3 5 3 4 3 4 4 4 4 2 5 4 4 4 4 3 4 4 4 5 4 3 4 4 3 3 4 4 4 3 2 3 4 4 3 4 3 4 3 4 4 5 4 4 4 3 5 4 4 3 4 2 4 3 4 4 3 2 1 2 3 5 4 4 4 4 5 4 4 4 2 1 5 4 4 5 4 3 4 3 4 3 2 5 3 4 2 4 5 4 4 4 3 4 4 3 3 4 2 5 4 4 4 4 4 5 4 4 4 3 4 5 4 5 3 5 5 4 3 4 2 5 3 3 5 5 4 4 5 4 3 3 4 3 5 4 5 4 3 3 5 4 3 3 4 5 5 4 4 4 4 3 3 5 3 5 4 3 4 4 3 5 4 4 4 4 3 4 4 4 3 4 3 4 4 4 5 2 5 4 3 4 5 4 3 4 3 4 3 3 4 3 5 5 4 4 3 4 3 4 3 3 4 4 4 5 5 4 4 4 4 3 4 3 3 3 4 5 6 4 4 4 5 4 4 3 3 4 4 4 3 3 4 2 3 4 4 4 4 2 4 4 5 5 3 4 4 4 4 4 4 2 4 3 4 5 5 4 4 4 4 3 5 4 4 4 3 4 3 4 4 3 4 3 4 4 4 4 4 4 3 2 4 4 5 2 3 3 3 3 3 3 4 3 4 3 4 4 4 5 5 
34 32 30 36 28 20 14 16 15 17 15 18 22 12 5 5 4 4 5 5 5 7 5 6 4 4 6 5 5 4 6 5 6 5 5 6 6 5 4 5 5 6 5 6 6 6 6 4 5 7 6 5 4 6 5 6 6 6 6 5 4 6 6 5 6 5 6 5 6 6 6 4 5 6 5 4 6 5 6 5 6 4 5 5 5 4 6 4 5 6 6 5 5 6 5 4 6 6 6 5 4 5 5 6 5 5 4 5 6 5 6 6 6 5 4 6 6 5 5 4 5 5 5 5 5 5 5 6 5 6 5 5 4 6 6 5 6 5 5 None 6 5 5 5 4 5 6 6 6 6 5 5 6 6 6 4 6 6 5 6 5 6 6 5 5 6 5 5 5 5 5 6 6 5 6 5 5 6 6 5 3 5 4 6 6 5 6 6 5 5 5 5 5 5 4 6 6 5 5 6 6 5 5 5 5 4 5 5 5 6 4 6 6 5 6 6 6 5 6 2 4 5 4 6 4 6 5 6 5 5 5 6 6 5 5 6 6 5 4 4 5 5 5 5 6 6 5 5 6 6 4 6 5 5 4 6 5 4 5 6 5 6 5 6 6 6 6 6 6 6 5 7 5 5 6 7 5 6 5 4 5 5 5 5 6 6 6 6 3 5 6 6 4 5 5 6 6 5 7 5 6 6 6 5 6 5 6 5 5 6 6 6 6 6 6 5 5 6 6 5 6 3 5 6 5 6 3 7 5 5 6 5 5 5 5 6 7 6 5 5 6 5 6 5 4 5 4 5 4 5 4 5 6 6 6 3 4 4 6 5 5 6 4 5 4 5 4 6 6 4 2 3 4 5 4 5 6 6 6 4 6 6 6 6 4 5 5 5 6 6 6 6 5 4 5 5 5 5 5 6 5 6 5 6 5 6 5 4 5 5 4 3 5 6 5 6 6 6 5 6 4 5 6 5 6 6 6 5 5 5 6 6 6 5 6 6 5 4 4 6 5 6 5 4 6 6 6 6 5 6 4 5 6 5 5 6 5 5 6 6 5 4 5 6 6 6 7 5 5 6 6 5 5 6 5 6 5 5 4 5 5 6 6 6 3 5 5 6 5 3 5 3 4 5 6 6 5 5 6 6 
34 32 30 36 28 20 14 16 15 17 15 18 22 12 5 6 4 5 5 4 5 6 4 5 5 2 4 4 5 5 5 3 5 4 6 5 3 5 6 5 5 5 5 5 5 5 4 4 5 6 5 5 5 5 4 5 5 4 5 5 4 5 6 4 5 5 5 5 5 4 5 5 4 5 5 5 5 5 5 4 4 4 4 5 6 5 5 4 5 4 5 5 5 5 5 4 5 5 6 3 5 6 4 5 5 4 5 4 3 3 5 5 4 5 4 5 5 6 6 5 4 5 3 6 5 4 5 4 5 5 5 5 5 5 4 6 5 4 5 6 None 2 6 5 3 5 4 4 6 4 5 5 6 6 6 5 4 5 5 5 5 5 5 5 5 5 5 5 5 5 5 5 4 4 5 5 5 5 5 6 4 4 5 5 6 5 5 5 5 5 5 4 5 4 5 5 5 5 5 4 5 5 4 6 4 5 4 4 5 5 6 5 5 5 5 3 5 5 5 6 5 6 5 5 5 5 4 6 5 5 5 5 5 5 3 4 4 5 5 5 5 4 5 4 5 5 4 5 4 5 5 5 5 5 5 5 5 4 5 4 6 5 3 5 5 5 6 5 3 6 5 5 3 5 5 6 4 5 4 6 6 5 5 3 5 5 5 6 5 5 5 3 5 6 4 4 5 4 6 5 4 5 4 4 6 4 5 5 5 5 6 5 5 5 3 4 4 5 4 4 4 4 4 4 4 3 3 7 4 5 3 1 5 5 4 5 4 5 5 5 4 4 4 4 5 4 5 5 6 3 4 5 5 5 5 5 2 5 5 5 6 4 5 5 5 4 4 6 6 6 6 5 3 3 5 5 4 6 6 4 2 6 6 3 4 5 5 5 5 5 5 5 6 5 5 5 5 4 6 4 4 6 5 6 5 6 5 4 5 6 4 6 5 5 5 4 4 5 5 4 5 5 4 4 6 5 5 5 5 4 4 2 5 4 4 5 6 3 4 5 4 4 5 4 5 6 5 5 4 5 5 5 6 5 4 6 5 6 3 6 5 4 4 4 5 5 6 4 6 5 4 5 4 6 6 6 4 4 4 4 5 5 5 4 3 5 3 5 5 4 4 5 5 5 5 5 5 4 5 5 
33 31 29 35 27 19 13 15 14 16 14 17 21 11 4 4 2 5 3 2 3 5 4 4 3 3 5 2 4 4 3 1 4 4 4 5 5 3 5 4 4 3 4 3 3 3 4 4 3 4 4 3 4 4 2 3 3 4 4 4 2 4 4 2 3 5 4 3 3 5 4 3 3 4 4 3 3 3 5 5 2 4 3 4 5 4 4 3 4 3 4 4 3 4 3 4 5 4 5 4 3 4 4 4 4 2 3 4 4 5 5 5 2 4 5 3 4 4 5 4 4 4 1 4 4 2 3 4 4 5 5 3 3 4 5 4 3 4 4 5 2 None 4 3 4 3 4 4 4 5 3 4 4 5 4 5 4 4 5 3 4 4 5 4 4 3 4 3 4 3 4 4 4 2 3 4 4 3 4 5 4 2 3 4 5 4 3 4 3 5 3 3 4 2 4 4 4 3 4 4 3 4 4 4 4 4 5 3 4 3 4 4 4 4 5 3 3 5 3 4 3 4 4 4 3 3 4 4 4 4 3 5 4 3 3 4 4 4 3 4 5 2 3 4 3 5 4 3 4 4 4 4 3 4 3 5 4 3 4 4 4 4 4 4 3 4 4 4 4 4 4 3 1 4 4 4 4 4 3 4 4 3 3 4 4 5 3 4 4 4 4 5 3 4 3 5 4 4 4 4 4 3 4 2 5 4 4 4 3 4 4 3 4 4 4 2 5 5 4 4 4 2 2 4 3 4 3 5 2 3 4 3 3 4 5 3 5 3 4 4 3 2 5 4 3 5 3 3 4 4 4 3 3 4 3 4 3 3 5 3 4 2 4 4 3 4 4 4 4 4 4 3 1 2 4 5 4 4 4 3 3 4 4 5 4 3 3 3 4 4 4 4 5 3 3 4 4 4 4 3 4 4 4 5 3 4 3 2 4 4 2 4 4 3 3 2 5 4 3 2 4 5 2 2 4 4 3 4 3 4 4 4 3 4 4 4 4 1 3 4 4 4 5 4 4 4 5 3 3 4 4 3 4 4 4 5 3 4 4 4 4 3 2 2 3 5 5 2 4 4 4 4 4 5 5 4 2 3 4 4 3 3 4 4 4 4 4 3 4 2 3 3 3 4 3 3 3 4 4 3 
33 31 29 35 27 19 13 15 14 16 14 17 21 11 4 4 2 3 4 2 3 3 4 4 4 4 4 3 4 3 4 4 4 4 4 4 4 4 4 4 4 3 5 3 4 4 4 3 3 5 4 4 4 5 3 5 4 4 4 4 4 4 5 4 4 3 3 4 4 4 4 4 4 3 3 4 4 3 3 3 4 4 3 3 4 3 3 4 2 4 3 4 3 5 4 2 4 3 4 4 4 4 4 4 4 3 2 4 5 4 4 5 5 4 3 4 4 4 4 3 2 4 3 5 3 4 3 3 3 3 5 4 1 2 5 4 4 3 3 5 6 4 None 1 3 2 3 4 4 3 4 4 4 4 4 3 4 2 4 2 4 5 4 4 4 3 4 2 2 3 2 3 3 4 5 4 4 4 4 4 4 4 4 4 1 3 2 3 4 1 5 4 3 4 4 4 3 5 4 3 3 3 5 3 3 4 4 4 4 3 3 5 4 3 4 3 4 4 3 4 4 4 3 4 3 3 4 4 3 3 1 5 4 4 3 4 4 4 3 3 5 4 3 3 4 4 4 4 2 4 3 4 3 3 3 4 4 4 4 5 4 4 5 3 5 4 4 3 3 3 2 5 3 4 4 4 4 3 2 3 3 1 3 3 4 3 5 4 5 3 4 4 2 4 4 5 4 4 4 5 4 4 4 3 4 3 4 3 4 3 2 3 5 4 4 4 4 3 3 3 4 3 4 4 3 3 3 5 2 3 4 5 4 4 4 4 5 3 3 4 3 4 3 3 4 4 3 3 4 4 3 4 4 4 5 3 4 3 3 4 4 3 4 4 4 4 4 4 4 2 3 4 4 3 3 4 4 4 3 3 4 4 4 3 4 4 3 4 4 4 4 5 5 4 4 4 3 4 3 3 4 4 4 4 3 5 4 3 4 4 2 2 3 2 4 3 5 5 3 3 3 3 4 4 4 2 4 4 4 2 3 5 3 3 3 5 4 3 3 4 4 4 4 3 4 3 5 3 3 4 3 2 4 4 5 5 3 4 4 4 2 4 5 4 5 4 5 3 4 4 2 3 4 5 3 1 3 4 3 4 3 4 3 4 3 4 4 3 5 4 2 3 4 2 4 5 3 4 4 3 
33 31 29 35 27 19 13 15 14 16 14 17 21 11 4 4 1 4 3 1 2 4 5 5 3 4 3 3 4 3 4 4 3 4 4 4 5 4 5 3 5 4 4 2 4 3 4 2 4 5 4 4 3 4 3 4 4 3 4 4 3 3 4 3 4 4 4 4 4 5 4 4 3 2 4 5 4 2 4 3 4 3 4 4 5 3 4 4 3 4 2 4 4 4 5 3 4 4 5 4 4 4 4 4 4 2 1 3 4 4 4 4 5 4 3 4 4 3 3 4 3 3 2 4 4 4 4 2 4 2 4 4 2 3 5 4 4 3 4 5 5 3 1 None 4 3 2 3 5 4 3 4 4 3 3 4 4 3 4 3 4 4 4 3 3 4 3 3 3 3 3 2 4 3 4 4 3 4 3 4 3 3 4 5 2 3 3 4 4 2 4 4 4 4 3 3 4 4 4 3 3 3 4 4 4 3 4 4 4 4 4 4 3 3 4 4 4 4 2 3 4 3 2 4 3 4 4 3 4 4 2 4 4 4 4 5 4 4 3 2 5 3 2 3 4 4 3 4 3 4 4 4 3 4 4 4 3 3 3 4 3 4 4 4 4 4 3 2 4 3 3 4 4 4 3 3 4 2 1 4 4 2 2 4 4 4 5 3 4 2 3 4 3 5 4 5 3 4 3 4 4 4 5 2 4 3 4 4 4 4 3 4 5 3 3 3 4 4 4 4 4 4 3 3 2 3 3 4 3 3 4 4 4 4 4 5 5 4 3 4 4 4 3 4 4 4 4 4 3 3 4 4 4 4 4 2 3 3 4 4 3 2 4 4 3 3 4 3 3 3 3 4 3 2 4 5 4 4 4 3 3 4 4 4 3 3 4 4 4 4 4 4 4 3 4 4 4 4 3 3 4 4 4 3 4 5 4 3 4 5 3 3 3 3 4 3 4 5 4 3 4 4 3 4 4 3 4 3 4 3 4 4 3 4 3 4 3 2 2 3 3 4 4 4 5 4 4 4 2 3 4 3 5 5 5 5 3 4 4 5 3 4 4 4 4 4 4 3 4 4 3 4 3 5 4 2 3 3 3 4 4 5 3 5 4 3 3 4 4 3 1 2 3 2 3 4 2 4 4 3 
33 31 29 35 27 19 13 15 14 16 14 17 21 11 4 4 4 4 5 3 2 5 1 4 4 3 4 4 4 4 5 5 5 3 3 5 4 4 5 4 4 4 4 4 4 4 5 3 4 5 5 4 3 5 3 5 4 5 5 5 4 3 6 4 5 4 5 4 4 6 5 5 5 5 3 3 4 4 4 3 5 3 5 4 5 4 5 5 5 4 4 3 4 4 4 3 5 4 5 2 5 5 3 4 5 4 4 5 5 3 6 4 5 5 4 3 4 3 5 4 4 4 4 4 4 5 4 3 4 4 4 3 4 5 3 3 4 5 4 4 3 4 3 4 None 4 4 5 5 3 4 4 5 5 5 4 3 4 4 5 4 5 4 5 4 4 5 4 4 5 4 4 4 5 5 4 3 4 4 3 1 5 4 5 4 4 4 4 5 4 5 3 4 4 4 5 4 4 4 3 4 4 4 5 3 4 3 5 4 5 3 4 5 4 4 4 4 4 4 4 4 4 4 4 4 5 5 5 4 4 4 6 4 3 5 4 4 4 2 2 4 5 5 4 4 4 3 4 4 4 3 4 5 4 5 5 4 3 4 4 4 5 2 5 5 5 5 4 4 5 4 5 4 4 6 5 4 4 3 5 5 4 5 2 5 4 5 4 4 5 4 4 5 5 4 3 4 4 5 4 3 4 4 5 5 5 5 4 4 5 4 4 5 3 4 5 4 4 5 3 3 4 5 3 4 4 4 4 4 3 4 2 4 2 5 4 5 5 4 3 4 3 4 3 4 3 3 4 4 2 3 4 4 4 4 3 1 4 4 3 5 4 5 4 3 3 3 5 5 5 4 3 4 4 4 4 5 4 4 3 5 5 5 4 4 4 4 4 4 5 5 5 6 4 4 4 5 4 5 4 3 6 4 5 3 5 4 3 3 5 5 3 4 5 5 4 4 4 6 5 4 4 3 4 4 5 4 5 4 3 5 4 4 4 4 4 5 5 4 4 3 5 5 3 4 5 4 4 3 3 4 4 5 4 3 6 4 5 4 5 4 4 4 4 5 5 5 5 4 5 4 3 5 6 6 4 5 3 2 4 4 4 4 5 2 4 4 4 4 5 3 3 2 4 5 5 5 4 4 4 
32 30 28 34 26 18 12 14 13 15 13 16 20 10 3 4 4 4 5 4 4 4 5 4 4 4 4 3 3 4 4 4 3 4 5 4 4 4 4 4 4 4 4 3 3 2 4 3 4 4 4 4 5 5 3 5 4 4 3 5 4 3 5 4 5 4 5 4 4 4 4 4 4 4 4 4 5 4 3 4 4 2 3 4 4 4 2 4 3 4 3 4 2 4 4 1 3 4 4 4 4 3 3 4 3 3 4 4 5 4 5 4 5 3 4 4 3 4 4 4 3 4 4 5 4 3 3 3 3 4 4 3 3 3 5 5 3 3 3 5 5 3 2 3 4 None 1 4 5 5 4 4 4 4 4 4 4 3 4 4 4 3 4 5 5 4 4 2 4 4 4 3 4 4 5 3 3 3 3 4 4 4 2 4 3 3 3 4 4 3 3 4 3 3 3 4 4 4 5 4 3 3 4 3 3 3 4 4 3 5 3 4 3 3 4 4 4 4 3 4 4 4 3 4 4 3 4 5 4 4 3 4 2 4 3 2 2 4 4 3 5 3 4 3 2 4 4 4 4 5 4 3 2 4 4 4 3 3 4 5 4 4 4 4 5 4 3 4 4 4 4 4 3 4 5 5 4 3 2 4 4 1 4 4 4 4 5 3 3 5 4 4 3 4 3 5 4 3 4 4 5 4 4 3 5 2 3 1 4 4 4 2 3 4 4 3 3 4 3 4 3 3 3 4 4 2 3 5 3 3 4 4 4 4 3 5 4 3 4 3 2 3 4 4 4 3 4 3 4 4 3 5 4 3 5 4 3 4 4 4 3 4 4 4 4 4 4 4 4 3 4 3 2 3 2 3 4 3 2 3 4 4 4 4 4 4 3 3 4 5 3 4 4 4 2 3 4 5 3 4 3 4 4 4 3 5 4 3 4 4 2 4 3 2 4 4 5 4 4 3 4 4 4 3 3 2 4 4 4 3 4 5 4 4 3 5 5 4 3 4 4 3 4 3 3 4 4 4 3 4 4 3 4 3 4 4 3 4 3 3 4 3 4 3 4 3 5 4 4 4 4 4 4 5 4 3 1 3 3 3 3 3 3 3 2 4 4 3 5 3 3 5 4 3 5 5 4 3 3 2 
33 31 29 35 27 19 13 15 14 16 14 17 21 11 4 4 3 5 4 3 4 4 4 5 5 4 4 4 4 4 4 5 3 4 4 4 5 4 4 3 4 4 4 4 4 3 4 4 4 4 4 4 4 4 4 4 3 4 3 4 4 4 5 4 4 4 4 5 4 5 4 5 4 4 3 4 5 4 4 3 4 3 4 4 5 5 3 5 4 4 2 4 3 5 3 2 4 4 5 4 4 4 4 4 4 3 3 3 4 4 5 5 5 3 5 3 4 3 3 4 2 4 3 5 4 2 4 2 4 3 4 4 3 4 4 4 4 3 4 6 4 4 3 2 4 1 None 3 4 4 4 4 4 3 5 4 4 4 4 5 5 3 4 4 4 5 5 3 4 5 4 2 5 4 4 4 3 4 4 4 3 5 3 5 4 3 4 3 4 4 4 3 4 4 4 3 4 4 4 3 2 3 5 4 3 4 4 4 4 5 4 4 3 4 4 3 4 4 4 4 4 3 2 4 3 3 4 5 4 4 4 5 3 4 4 3 3 4 3 2 5 4 4 4 3 5 3 3 5 4 3 4 3 5 4 4 3 3 4 4 4 4 3 5 4 3 4 4 4 5 4 4 3 4 4 5 4 2 1 4 4 2 4 4 4 5 4 4 4 4 5 4 4 3 2 5 3 4 5 4 4 4 4 3 4 3 4 2 4 3 3 3 4 5 3 4 4 3 2 4 2 4 4 4 3 1 4 6 3 2 4 3 5 3 4 4 4 3 3 4 3 4 3 5 4 4 4 4 4 4 3 4 3 4 5 4 4 3 4 4 4 4 4 3 3 3 3 4 4 4 5 4 3 2 3 4 5 4 3 4 3 4 5 3 5 3 4 4 4 4 4 4 5 3 3 2 3 4 3 4 4 4 5 4 2 4 4 3 4 5 3 4 3 3 4 3 5 4 3 2 4 4 4 3 4 3 4 4 4 4 3 4 3 4 3 4 4 4 2 4 3 2 4 4 4 5 4 5 4 3 4 2 4 4 3 5 3 4 4 4 4 4 5 4 4 4 4 3 3 4 4 4 4 5 4 3 2 3 3 2 3 4 4 4 3 3 3 4 4 4 3 4 3 2 5 4 4 2 2 1 
32 30 28 34 26 18 12 14 13 15 13 16 20 10 3 4 4 4 5 4 4 4 6 4 4 4 5 4 3 4 4 5 4 4 4 5 4 5 4 3 4 5 5 4 4 5 5 2 5 5 5 5 4 4 3 5 5 4 4 5 5 4 6 4 5 4 4 5 4 5 4 4 3 4 4 5 5 5 5 4 5 3 4 4 4 5 5 5 4 4 3 2 2 5 5 4 3 3 6 3 5 4 5 5 5 5 3 4 5 4 5 5 5 3 4 4 4 4 4 5 5 3 4 4 4 4 3 3 5 4 1 3 4 5 4 4 4 4 5 6 4 4 4 3 5 4 3 None 3 2 4 5 5 4 5 4 4 5 5 5 5 4 5 5 4 4 3 4 5 5 4 3 4 4 4 4 4 5 4 4 4 4 3 5 5 4 4 3 4 4 5 3 4 5 4 4 5 5 5 4 4 5 4 4 3 2 4 3 4 5 4 4 3 3 2 6 3 5 5 5 4 4 3 4 4 5 4 5 5 4 3 6 4 4 1 2 4 4 4 3 5 4 5 4 3 2 2 3 5 5 5 5 4 5 4 5 4 4 4 4 4 4 4 4 5 4 5 4 5 3 4 5 3 4 5 5 4 3 2 5 4 3 5 5 5 4 3 3 4 4 4 5 3 5 5 5 4 4 5 5 4 4 3 4 5 4 4 3 5 4 5 3 5 5 3 4 5 3 4 5 5 4 4 4 4 4 3 6 5 4 3 5 4 5 4 5 5 4 4 5 4 3 4 4 4 5 5 4 5 4 5 5 5 4 5 3 4 4 5 3 4 5 3 5 4 4 4 5 4 3 4 5 4 3 5 5 5 3 4 5 4 5 4 5 4 4 3 5 4 4 2 4 4 4 4 4 4 4 3 4 4 5 5 5 4 5 5 5 4 5 2 5 3 4 4 4 4 5 3 4 4 3 4 5 3 4 4 4 5 4 5 4 4 5 4 5 4 5 3 4 4 5 5 4 3 4 4 4 3 3 4 5 4 4 5 5 3 3 5 3 4 4 5 4 4 5 4 4 3 4 4 5 4 3 4 5 4 4 4 4 3 4 5 4 4 4 4 5 4 4 4 5 4 3 4 4 4 4 4 4 
33 31 29 35 27 19 13 15 14 16 14 17 21 11 4 5 5 5 5 4 5 5 5 4 5 5 3 4 4 4 4 4 3 4 4 2 5 4 2 4 3 4 4 5 4 5 6 5 4 5 3 3 4 4 2 5 4 5 5 4 4 4 6 4 4 2 4 5 5 5 5 5 4 4 5 3 4 3 4 5 3 5 4 4 5 5 4 5 5 2 5 4 3 5 6 5 5 4 5 3 5 3 4 5 3 4 5 2 3 5 4 5 3 4 4 5 5 4 4 5 4 5 3 5 5 4 4 5 5 6 4 3 5 5 4 4 4 5 3 6 6 4 4 5 5 5 4 3 None 2 2 4 5 4 5 5 4 5 2 4 5 5 4 3 5 3 5 4 4 4 3 4 5 5 5 5 5 4 5 2 4 5 4 5 5 5 5 4 4 4 5 4 4 4 5 5 4 4 2 3 4 4 5 4 4 4 5 5 2 5 4 4 5 5 4 5 4 5 5 4 3 3 3 4 3 5 5 5 2 4 3 4 4 4 4 4 4 4 5 5 5 4 5 5 4 4 4 5 3 3 3 5 3 5 5 5 4 3 4 5 5 5 3 4 3 5 5 4 4 4 3 4 5 4 3 4 4 4 4 5 5 5 6 3 3 1 4 4 3 4 5 4 4 4 4 5 4 3 5 4 4 4 5 4 5 5 4 4 5 5 5 3 5 5 3 5 5 3 4 3 2 4 4 3 4 5 5 5 4 5 4 5 4 4 5 5 5 4 4 4 5 4 5 4 3 5 5 5 4 3 5 4 5 4 5 5 4 5 4 4 5 5 3 5 5 4 3 5 4 4 5 4 5 4 4 4 4 4 4 5 4 5 4 4 5 4 4 3 4 5 4 4 4 4 5 4 4 4 5 3 4 5 3 4 5 4 4 4 5 4 4 4 3 4 4 3 5 5 5 4 3 4 5 5 3 4 4 3 4 2 4 4 4 4 5 4 4 5 4 4 4 5 5 5 5 4 5 4 4 5 4 4 4 4 4 6 4 4 4 3 4 5 4 4 4 4 6 5 3 4 5 4 3 5 5 4 4 3 4 4 4 4 3 5 4 5 5 4 1 5 4 4 3 5 3 4 4 5 4 3 
33 31 29 35 27 19 13 15 14 16 14 17 21 11 4 5 4 4 4 4 3 3 4 4 3 4 4 4 4 5 4 4 4 2 4 4 5 3 4 4 4 5 4 3 4 4 6 4 4 5 4 4 4 5 4 5 5 5 4 4 3 2 6 3 4 4 2 3 3 3 4 4 4 4 5 5 4 4 4 4 5 4 4 5 4 5 4 4 4 4 4 4 3 5 4 4 5 3 5 1 4 4 3 5 5 5 3 4 5 5 4 3 4 4 4 4 4 5 5 4 4 5 5 3 3 5 5 5 4 5 3 4 4 4 2 4 3 5 3 6 4 5 3 4 3 5 4 2 2 None 4 3 4 5 4 4 3 4 4 5 4 5 4 4 4 4 4 3 4 4 5 4 4 5 5 4 3 4 4 4 4 4 4 4 3 4 4 4 4 4 4 4 4 5 3 3 4 5 4 4 4 3 4 4 4 3 4 4 3 5 4 4 4 4 4 5 3 3 4 5 3 4 4 4 4 5 4 3 4 3 4 5 3 4 3 4 5 5 3 4 4 4 3 4 3 4 4 4 4 3 4 3 4 3 3 4 3 2 3 3 5 5 2 5 5 4 5 3 4 4 3 4 5 3 4 3 4 5 4 5 4 4 5 3 5 3 5 4 4 4 3 4 5 4 4 4 4 3 5 4 3 4 4 4 4 5 5 4 5 4 4 5 4 4 4 4 3 1 2 3 3 4 4 5 4 3 4 5 5 5 5 3 4 4 5 5 5 5 4 5 4 4 4 2 3 5 5 4 4 3 4 4 4 4 5 4 2 4 4 4 4 4 4 3 4 2 3 4 4 4 4 3 5 4 5 4 4 4 4 4 5 4 4 4 3 4 4 3 3 4 4 5 5 3 4 3 4 4 4 5 2 3 4 4 5 5 5 4 3 3 4 4 4 4 4 5 4 5 5 4 5 4 5 5 3 4 3 5 5 4 6 5 4 4 4 5 5 5 3 2 3 4 5 4 3 4 5 4 2 4 3 5 2 4 4 5 4 4 5 4 2 5 4 3 2 4 5 4 3 3 3 3 4 5 5 4 5 5 4 4 3 4 5 5 3 4 4 3 3 4 4 5 4 5 4 3 5 3 5 4 
32 30 28 34 26 18 12 14 13 15 13 16 20 10 3 3 4 4 3 4 4 4 5 3 4 4 3 2 3 3 3 2 4 4 3 4 4 2 2 4 2 3 4 3 3 4 4 4 4 4 2 3 3 4 3 5 4 3 3 3 2 4 5 3 3 2 4 3 4 4 4 3 2 3 4 4 4 1 4 4 1 4 2 3 4 3 3 3 3 2 3 4 3 5 4 4 4 4 5 3 4 3 3 4 3 3 4 2 3 4 4 3 4 4 3 3 4 4 2 3 4 3 3 4 4 4 4 5 3 4 4 2 3 3 4 2 3 4 3 5 5 3 4 3 4 4 4 4 2 4 None 3 3 4 4 4 4 3 3 3 3 3 4 3 3 4 3 4 4 2 3 4 3 4 3 4 3 2 4 2 4 4 4 4 5 3 4 3 3 4 4 3 4 4 3 4 5 4 2 3 4 2 4 4 3 4 4 4 1 4 3 4 4 3 4 3 3 4 4 3 2 3 3 4 3 3 3 4 3 2 4 2 3 4 3 3 4 2 3 4 4 3 4 4 3 4 4 4 4 3 1 4 2 3 4 4 3 2 3 4 4 4 4 4 3 4 3 3 3 4 3 4 4 4 4 4 4 4 4 4 4 4 5 4 4 2 4 3 2 4 4 4 4 3 2 4 4 3 3 2 3 3 4 4 4 4 4 3 3 3 4 4 4 4 3 4 4 4 4 3 4 4 2 3 4 3 4 4 3 4 3 5 3 4 4 4 4 4 4 4 3 4 4 3 3 4 4 3 3 4 4 3 4 4 4 4 4 3 4 3 4 3 1 4 4 3 4 3 4 4 4 3 3 4 4 4 3 4 2 4 4 4 4 4 3 4 3 1 2 4 3 4 2 3 3 2 3 2 3 3 2 3 3 3 4 5 3 4 4 4 4 4 3 4 3 3 4 5 3 4 3 4 4 3 3 3 3 4 3 3 4 4 2 3 4 3 3 4 3 3 4 4 4 3 3 2 4 4 4 3 3 5 4 2 4 5 3 4 4 3 4 4 3 2 3 4 5 4 3 4 4 4 3 4 5 5 4 4 3 4 3 4 4 4 3 3 4 3 1 3 2 3 2 4 3 4 4 4 4 5 
32 30 28 34 26 18 12 14 13 15 13 16 20 10 3 4 4 5 3 3 2 4 4 4 4 4 3 4 4 4 3 3 3 3 4 4 4 4 5 3 3 4 3 4 3 2 4 3 1 4 3 4 3 4 4 4 4 4 4 4 2 3 5 4 4 4 3 3 2 4 4 3 4 3 4 4 5 3 4 3 4 3 4 4 5 4 4 4 5 4 4 4 4 4 4 3 3 4 4 4 4 4 2 3 4 4 4 4 4 4 4 3 3 5 5 4 3 4 2 5 4 2 3 2 4 3 4 4 4 5 5 3 4 2 5 4 3 3 2 5 5 4 4 4 4 4 4 5 4 3 3 None 3 3 5 3 4 4 3 4 3 4 4 5 4 3 4 4 3 3 4 2 3 5 4 3 3 4 3 4 4 4 4 4 5 3 3 4 3 3 5 4 4 4 3 4 4 4 4 4 4 3 4 4 4 4 4 4 2 5 4 2 3 4 4 4 3 4 3 4 3 4 3 4 3 4 4 3 4 2 4 4 4 3 5 4 2 5 5 4 5 4 3 2 3 4 4 3 4 3 4 4 3 4 4 4 2 1 2 3 4 2 4 5 4 4 3 3 3 4 3 3 4 4 5 5 3 4 3 5 3 4 5 3 4 3 4 3 4 4 4 3 4 5 4 3 4 2 4 4 4 4 5 3 4 3 4 3 3 4 4 5 3 1 5 4 4 4 5 3 5 4 4 4 4 4 5 4 4 5 4 4 3 3 2 5 4 3 3 4 3 4 3 4 5 4 4 3 4 4 3 4 4 3 5 4 3 5 4 4 5 4 3 4 5 3 4 3 4 4 4 3 4 4 3 5 4 4 4 3 4 5 4 3 5 2 4 3 3 2 5 4 4 4 3 4 3 3 3 4 4 5 4 2 3 4 3 2 2 2 5 4 3 4 3 3 3 4 4 4 5 4 5 4 5 4 4 4 3 4 5 4 4 3 4 4 4 4 2 4 4 4 4 3 4 4 4 4 4 3 4 3 3 4 4 3 3 4 4 4 4 4 4 4 4 3 6 2 4 4 4 4 3 4 5 4 4 3 4 5 4 4 4 4 2 1 3 3 4 3 3 5 4 4 4 4 4 4 4 4 
33 31 29 35 27 19 13 15 14 16 14 17 21 11 4 4 4 4 3 5 4 2 4 4 3 4 2 4 4 4 4 3 3 3 5 4 4 3 4 3 4 4 2 3 3 3 4 4 4 5 2 4 5 4 4 5 4 3 3 4 3 4 4 4 3 4 4 4 3 4 5 4 2 2 4 2 4 4 5 4 2 3 4 1 3 5 4 4 3 5 4 4 3 4 4 4 5 2 4 4 4 4 3 3 4 4 5 3 4 5 3 4 4 2 4 3 4 4 3 4 4 3 5 4 4 4 4 4 3 4 4 4 3 4 3 3 4 3 3 6 6 4 4 4 5 4 4 5 5 4 3 3 None 5 2 2 4 3 4 4 2 2 4 3 3 4 4 4 4 4 5 2 3 4 3 3 2 1 4 4 4 4 4 4 5 4 3 3 4 3 4 4 3 4 4 4 4 3 4 4 4 4 4 4 3 4 4 4 3 4 4 4 3 4 4 4 4 4 4 5 3 4 4 3 4 2 3 5 3 3 5 4 4 4 5 5 4 3 4 3 3 3 3 2 3 5 5 4 4 4 4 4 4 4 3 3 1 2 3 4 4 3 4 5 4 3 4 5 3 4 4 4 4 4 5 4 3 4 3 4 4 4 4 4 4 4 5 4 4 4 5 4 3 2 4 4 4 3 3 3 3 3 4 4 2 3 4 3 5 1 2 4 5 3 5 5 4 4 4 4 3 3 4 4 3 3 4 4 4 4 5 5 4 3 3 4 3 4 4 5 4 4 4 4 3 5 4 4 5 5 4 3 4 4 4 5 4 5 4 4 3 4 3 4 3 4 3 4 3 4 4 4 4 4 4 4 3 4 2 3 5 5 3 4 4 3 3 3 2 4 3 4 2 3 3 3 4 4 4 4 4 4 3 5 4 5 3 4 3 3 4 3 3 4 4 4 4 5 4 4 3 4 5 3 3 3 4 2 4 4 4 5 3 3 4 3 3 4 3 3 4 4 4 4 5 4 4 4 4 3 4 3 3 4 4 5 5 4 4 3 4 3 3 4 4 4 5 4 3 4 4 3 4 4 5 4 3 3 4 2 3 2 3 4 3 2 4 4 4 4 4 5 5 4 3 4 5 4 3 4 
33 31 29 35 27 19 13 15 14 16 14 17 21 11 4 5 4 4 5 4 5 5 5 5 5 6 4 4 4 4 5 4 3 4 4 4 3 4 4 4 3 4 4 5 4 5 5 4 2 5 5 3 4 5 5 5 4 5 4 5 5 5 5 5 4 4 4 4 4 5 4 5 4 4 5 3 5 4 4 4 5 5 5 4 5 4 4 3 4 2 3 4 5 5 5 5 5 4 5 4 4 5 4 2 1 4 4 3 4 4 5 4 5 4 4 4 4 4 4 4 3 5 4 5 5 4 4 3 3 4 5 4 4 3 5 5 4 4 4 6 6 5 4 3 5 4 3 4 4 5 4 3 5 None 4 4 5 4 2 3 4 5 4 4 5 4 5 4 5 4 3 3 2 4 5 4 3 5 5 4 4 4 5 3 4 3 4 4 5 4 5 3 4 4 4 4 4 3 4 3 4 3 4 5 5 4 5 3 4 5 4 4 4 5 5 4 4 5 5 4 4 3 3 4 4 4 4 6 4 4 4 5 2 4 5 5 4 5 4 3 4 5 5 5 4 5 3 2 4 3 4 4 4 4 3 4 4 4 3 2 4 5 4 5 4 5 4 5 5 5 4 4 5 5 5 5 2 2 2 4 4 5 4 5 5 3 3 5 5 5 5 4 4 5 4 4 4 5 5 5 5 4 4 4 3 4 4 4 2 5 5 4 3 4 3 4 5 4 5 3 5 4 3 3 4 4 5 5 4 4 4 5 4 4 3 5 5 4 3 4 3 5 3 4 4 3 4 3 3 4 5 5 5 4 5 3 5 2 5 5 5 5 4 5 4 4 4 5 5 5 4 4 4 3 2 3 4 5 4 5 4 5 4 6 5 4 3 4 3 1 5 4 5 4 4 5 4 3 4 4 3 4 4 4 4 5 4 3 5 3 4 3 3 5 4 3 5 4 5 4 2 3 4 5 5 4 4 3 4 4 2 4 4 5 4 5 4 5 3 4 4 5 4 5 4 5 3 4 4 4 4 4 4 4 3 4 3 4 4 5 4 5 4 4 5 5 5 4 5 3 5 4 4 5 6 4 5 4 4 4 3 5 5 4 4 4 3 3 3 4 4 4 4 3 5 5 4 5 4 4 
33 31 29 35 27 19 13 15 14 16 14 17 21 11 4 4 4 3 4 4 3 4 4 4 4 5 4 4 4 4 5 3 4 4 5 5 4 4 5 5 4 4 3 1 3 4 4 4 5 5 2 2 4 4 4 5 4 3 3 4 4 2 4 2 3 4 4 5 4 4 3 4 2 3 5 2 5 3 5 5 4 4 4 1 3 5 5 4 4 5 4 4 3 3 5 5 5 4 6 4 4 4 4 3 4 3 4 4 5 4 5 3 5 2 5 4 5 4 4 4 4 4 3 3 5 5 4 5 3 5 4 3 5 4 5 4 5 3 5 6 6 4 4 3 5 4 5 5 5 4 4 5 2 4 None 4 5 4 4 4 4 4 4 4 4 5 2 4 4 4 4 4 5 3 2 4 4 3 2 4 4 3 3 5 5 3 4 5 5 3 3 5 3 3 4 3 5 3 3 3 5 4 4 4 5 4 4 2 3 5 5 5 5 4 5 5 4 5 4 5 4 4 4 4 4 3 5 4 3 4 3 5 4 4 5 4 3 3 4 5 3 3 4 4 3 5 4 4 4 4 4 3 4 4 3 4 3 4 4 5 4 4 4 5 4 4 4 3 5 4 4 5 4 3 5 4 5 4 4 4 4 5 4 5 4 4 5 4 4 5 4 4 4 4 5 5 4 4 5 4 4 3 4 4 2 4 4 4 5 3 4 4 5 4 5 4 4 5 5 5 3 3 2 4 3 5 4 4 5 5 3 5 5 3 5 4 4 4 5 5 4 4 4 4 3 5 4 4 4 4 5 5 4 4 4 4 4 3 5 3 2 2 3 4 4 5 4 3 4 4 5 4 4 4 4 4 3 4 4 4 5 3 4 4 4 3 4 4 4 4 3 5 4 3 4 4 3 4 4 4 3 4 3 4 4 5 3 4 4 4 4 4 3 2 4 4 3 5 4 4 3 4 4 5 5 4 2 2 4 4 5 5 4 3 4 3 5 4 4 4 4 5 4 4 4 5 5 3 3 4 4 5 4 4 4 5 5 4 4 4 4 5 3 4 5 4 4 5 5 4 4 3 4 4 5 5 3 4 4 4 5 4 4 5 5 4 5 4 4 4 2 4 4 5 3 4 4 5 3 4 
32 30 28 34 26 18 12 14 13 15 13 16 20 10 3 3 4 2 3 3 4 4 5 4 3 4 2 4 4 4 5 4 3 4 4 3 4 5 3 3 4 2 2 4 4 4 4 3 4 4 2 3 5 3 4 5 3 4 4 4 3 4 2 4 3 4 4 3 4 4 4 3 3 2 4 3 5 4 5 4 4 2 4 3 3 5 4 4 3 4 4 4 4 5 4 4 5 4 6 3 4 2 3 4 3 4 4 3 4 3 5 5 5 4 4 3 4 4 3 2 4 3 4 4 2 4 4 4 3 4 5 4 2 5 4 3 4 3 3 4 5 5 3 4 4 4 4 4 5 4 4 3 2 4 4 None 2 4 4 4 4 3 4 4 3 4 3 2 3 4 4 2 3 5 4 4 4 3 4 4 3 4 4 5 4 4 3 3 4 4 4 5 1 4 4 4 4 4 4 3 2 4 4 4 1 4 4 5 3 4 2 4 3 4 4 5 4 3 4 5 3 3 2 4 4 4 3 5 4 3 4 4 3 4 5 5 4 4 2 4 4 4 4 4 3 5 4 4 4 4 4 4 3 4 5 3 1 2 3 4 4 4 3 5 4 2 4 4 5 5 4 4 4 3 4 4 4 4 3 4 5 3 5 4 4 4 5 5 4 4 4 4 4 3 5 4 4 3 5 4 3 4 4 3 3 4 4 3 5 3 4 4 4 4 4 4 3 4 3 5 4 4 4 4 3 4 5 4 3 4 5 5 4 4 4 5 4 3 3 4 4 3 4 4 4 4 3 4 5 4 4 5 4 4 4 3 4 4 4 4 5 4 3 5 4 2 4 4 3 4 2 3 4 4 4 5 4 4 4 4 5 5 3 4 4 3 4 3 2 4 4 4 4 3 4 3 4 4 4 4 4 4 3 4 5 5 4 4 4 5 4 1 3 4 4 4 2 5 4 3 2 3 4 4 4 4 4 2 4 4 4 3 4 3 4 3 3 4 3 3 4 4 3 4 3 4 4 4 3 3 4 4 5 2 5 5 3 4 4 4 5 5 4 4 4 3 5 4 3 4 4 4 4 4 5 4 3 3 4 4 4 2 3 4 3 3 4 3 4 4 5 4 3 3 3 4 4 3 4 5 
33 31 29 35 27 19 13 15 14 16 14 17 21 11 4 5 5 4 3 5 5 5 4 5 3 4 4 3 3 5 3 3 4 3 4 5 4 3 4 5 3 4 4 4 2 3 5 4 4 5 4 4 4 4 4 4 3 4 4 4 2 4 4 3 4 3 2 1 4 3 5 4 5 4 4 4 4 3 3 3 4 4 4 4 5 5 5 2 5 5 4 2 3 5 4 4 4 4 4 2 4 4 4 3 5 5 3 5 6 5 5 3 5 4 4 3 4 3 5 4 4 5 4 3 4 4 4 4 4 3 3 4 4 4 3 4 4 5 3 6 4 4 4 4 3 4 4 4 4 3 4 4 4 5 5 2 None 4 4 4 3 5 4 5 4 4 5 4 4 4 4 4 5 5 4 4 3 4 4 4 3 5 3 4 5 4 3 4 5 3 4 3 3 4 4 5 5 4 4 4 4 4 3 4 3 4 4 5 4 5 4 3 4 4 4 5 3 4 4 4 4 4 4 4 4 4 4 4 4 4 5 5 3 5 5 5 4 4 3 2 3 4 5 5 5 3 4 5 4 4 4 5 3 3 4 5 3 3 4 4 5 5 1 5 5 4 4 5 5 3 2 4 5 5 4 5 3 4 3 5 4 4 6 3 5 5 5 4 3 4 4 4 4 4 5 5 5 4 5 3 2 3 4 3 4 5 4 4 4 5 5 4 2 4 5 4 4 3 4 3 2 3 4 4 4 5 5 6 4 3 4 3 3 3 5 5 5 3 4 5 4 4 4 3 4 5 3 2 5 3 4 4 4 3 3 4 2 3 4 3 4 4 4 4 3 3 3 3 4 4 4 4 4 4 5 4 4 4 4 4 5 4 5 4 5 5 4 3 4 4 4 5 3 4 4 4 4 5 5 4 2 4 5 4 4 6 4 3 4 3 5 3 3 4 3 4 4 5 4 5 4 4 4 4 4 3 3 4 4 4 5 4 3 4 5 5 4 4 4 4 3 4 5 4 1 4 5 4 4 5 3 4 4 4 4 5 4 5 4 2 4 4 4 3 2 4 5 4 3 4 3 4 5 5 5 4 3 4 4 4 4 4 4 4 3 5 5 4 5 3 4 4 4 4 4 5 5 4 4 3 
33 31 29 35 27 19 13 15 14 16 14 17 21 11 4 4 4 3 5 4 4 1 5 2 5 3 5 4 4 4 4 5 4 4 5 5 5 3 4 4 4 4 5 3 3 3 4 4 3 3 4 3 4 4 4 5 4 3 4 3 5 4 6 4 4 3 3 4 3 4 3 4 3 4 4 4 4 4 4 3 4 3 1 3 4 2 3 4 4 4 4 5 3 4 4 4 5 3 3 4 3 5 4 3 3 4 4 5 4 5 2 4 4 4 5 4 2 3 3 3 2 4 4 3 3 4 3 4 4 5 4 3 3 2 5 5 4 4 3 6 5 4 2 3 4 3 4 5 5 4 3 4 3 4 4 4 4 None 4 4 4 4 4 5 4 3 4 4 2 4 4 4 5 4 4 4 3 4 2 4 3 4 4 5 3 2 3 3 3 1 4 4 4 4 4 3 3 4 4 3 4 3 3 1 4 4 4 3 4 4 4 5 4 4 4 3 4 4 4 4 4 3 4 4 4 3 3 4 3 4 3 4 4 4 4 4 3 4 4 2 4 4 4 3 4 5 3 4 2 4 4 2 5 4 3 5 4 4 3 4 4 4 5 3 5 5 3 4 2 3 2 5 5 4 4 5 4 3 3 5 3 3 5 4 4 4 5 4 3 4 4 4 4 4 4 5 5 4 5 5 4 4 4 4 4 3 4 2 4 4 4 2 5 4 4 4 3 3 4 3 4 4 4 4 4 3 4 4 4 3 4 4 4 4 4 4 5 4 3 2 1 4 3 4 4 5 5 4 4 5 3 3 5 2 4 4 5 3 3 3 3 4 2 4 3 4 4 3 4 2 4 3 4 4 4 3 4 3 3 3 3 2 5 3 5 4 4 4 4 4 3 4 3 4 3 3 4 5 4 4 3 4 4 4 3 5 4 3 4 4 4 4 4 4 4 4 5 4 3 4 4 4 5 4 4 2 3 4 4 3 4 5 3 3 3 5 4 5 4 4 3 4 3 5 4 5 4 3 4 4 2 4 2 3 4 5 3 4 3 4 2 4 3 2 3 3 5 4 4 4 2 3 3 5 3 3 3 4 4 4 3 4 3 4 4 3 4 3 4 4 4 3 4 4 5 5 3 4 5 5 
31 29 27 33 25 17 11 13 12 14 12 15 19 9 2 3 4 4 3 5 5 5 5 4 3 5 4 4 4 3 4 4 5 4 4 4 5 4 4 5 3 4 2 3 3 4 4 4 2 5 3 3 4 3 3 5 4 3 5 4 4 4 5 4 4 3 4 4 4 5 4 5 4 4 5 3 5 4 2 5 3 5 5 4 5 4 4 5 4 2 3 4 4 5 6 4 5 4 3 4 4 3 4 4 1 4 5 3 4 4 4 4 4 3 5 4 4 4 3 4 4 4 4 4 4 4 4 4 3 5 5 3 4 3 5 4 4 3 3 5 5 5 4 4 4 4 4 5 2 4 3 3 4 2 4 4 4 4 None 4 4 5 2 4 4 4 4 4 4 4 3 4 4 4 4 4 3 4 4 4 4 4 3 5 3 4 3 4 4 3 4 3 4 3 4 4 4 4 4 4 5 4 4 4 5 4 5 3 2 5 3 4 3 3 4 5 3 5 5 4 2 1 2 4 3 4 4 5 2 3 3 5 4 4 5 4 4 4 4 4 4 4 5 5 4 5 3 4 3 3 3 4 3 4 3 4 3 3 4 4 4 4 4 4 4 4 5 4 4 3 2 4 5 4 4 5 4 4 3 4 4 5 4 3 3 1 4 5 5 4 4 4 4 4 4 5 4 3 6 4 3 2 3 4 5 4 5 4 4 5 4 3 5 4 3 4 4 3 3 1 4 4 5 3 4 4 4 5 4 5 4 4 4 4 3 5 4 4 4 2 3 3 4 3 4 3 5 4 4 4 5 3 5 4 3 4 3 4 4 3 4 4 4 3 4 4 3 4 5 4 4 4 4 4 2 3 4 5 4 4 5 5 5 4 5 4 4 3 4 3 4 2 5 3 4 3 2 4 4 4 4 5 3 3 3 5 4 3 4 3 4 3 4 4 4 3 4 4 5 4 2 3 4 5 4 4 4 3 4 2 2 4 2 3 5 4 4 5 4 4 4 4 5 5 5 4 4 4 4 5 3 4 4 4 5 4 3 4 4 4 2 5 3 4 5 4 5 4 4 4 4 3 3 4 5 4 4 3 4 4 4 5 3 5 4 3 4 4 3 4 4 3 4 4 4 5 4 4 4 4 
33 31 29 35 27 19 13 15 14 16 14 17 21 11 4 4 3 5 4 4 4 5 4 4 4 5 4 1 4 4 5 4 4 3 4 5 2 4 4 5 3 4 4 4 3 4 5 5 3 5 3 3 5 4 4 5 4 4 5 5 4 5 6 4 5 4 4 3 3 4 5 4 5 4 4 3 4 4 5 3 4 5 4 4 5 4 4 4 4 4 4 3 4 6 4 4 4 3 5 4 4 4 4 3 4 2 4 4 5 5 5 4 5 4 4 2 5 4 5 5 4 5 4 4 5 5 5 4 4 5 4 3 3 4 5 3 4 4 4 6 5 3 2 3 5 4 5 5 4 5 3 4 4 3 4 4 4 4 4 None 4 4 4 5 4 5 4 4 4 5 4 4 1 3 4 4 4 4 3 4 5 3 4 4 3 3 4 3 2 3 4 4 4 3 3 3 5 4 2 3 5 3 4 5 4 5 4 2 4 5 4 3 4 5 4 4 3 5 4 5 3 4 5 3 4 4 3 5 4 3 3 4 4 4 4 4 4 4 4 4 5 5 4 5 4 4 4 3 4 4 4 5 4 4 4 5 3 4 4 3 4 4 5 5 5 3 5 4 5 5 4 5 4 5 4 4 3 4 4 5 5 3 4 3 5 3 4 4 4 5 3 4 4 4 4 5 3 5 5 3 4 3 4 5 4 3 4 4 3 4 4 4 4 4 4 3 4 4 4 5 6 3 5 3 4 4 4 5 4 4 3 4 4 4 5 4 4 5 3 5 4 3 4 4 5 5 4 4 4 5 5 5 4 4 4 4 4 4 5 2 5 4 4 4 4 4 4 5 5 4 5 4 2 3 5 5 4 3 3 3 4 5 3 4 5 4 2 2 2 2 4 5 5 4 4 4 3 4 5 1 3 5 3 4 4 6 2 3 4 4 3 4 4 4 4 3 5 5 5 5 4 4 3 3 4 4 4 4 4 4 5 5 4 3 4 3 4 4 4 3 5 5 4 4 4 3 4 4 4 3 4 4 5 3 4 5 4 6 2 5 4 4 4 4 4 4 6 5 4 4 4 4 4 5 5 3 3 4 4 5 4 4 4 3 4 4 4 4 3 3 3 4 3 4 3 4 3 3 5 5 
34 32 30 36 28 20 14 16 15 17 15 18 22 12 5 4 4 3 4 5 4 4 5 4 3 5 4 3 4 4 4 3 4 4 4 5 5 2 4 4 2 5 4 3 1 2 5 4 2 5 4 4 4 4 3 4 5 4 4 4 3 3 4 2 3 4 2 2 4 3 4 3 3 4 4 3 4 4 4 3 2 3 3 3 4 4 5 3 3 5 3 4 4 3 4 3 5 3 4 4 3 4 3 4 4 2 4 5 5 5 5 2 4 4 4 4 4 4 3 4 4 4 4 3 3 3 4 5 3 4 4 5 4 3 3 3 3 5 3 5 5 4 4 4 4 4 5 5 5 4 3 3 2 4 4 4 3 4 4 4 None 2 4 4 4 2 4 4 2 4 5 4 4 4 4 4 3 1 3 4 4 4 5 4 4 3 3 3 4 3 3 3 4 4 4 4 3 4 3 4 4 4 3 5 4 4 4 4 4 5 4 5 4 4 4 4 4 4 4 4 3 4 4 3 4 3 4 4 4 4 4 4 4 4 4 5 4 3 4 3 3 4 4 4 3 5 5 4 4 5 3 4 4 3 4 4 3 3 3 4 4 4 4 5 4 3 3 4 4 4 3 4 4 4 5 4 4 4 4 4 4 4 5 4 5 5 5 5 3 4 3 4 3 2 4 5 5 4 5 3 4 5 4 3 4 4 5 3 4 2 3 4 5 4 5 3 4 3 4 3 5 2 4 4 3 4 4 5 4 4 4 4 4 4 5 5 3 4 5 4 3 4 4 4 3 5 3 4 5 4 3 3 4 2 4 4 3 5 4 2 4 4 2 4 3 4 4 4 3 4 5 4 3 4 4 4 3 5 2 1 5 5 4 4 4 4 4 3 4 3 4 5 3 3 3 3 4 4 4 3 3 3 4 4 4 5 4 3 4 1 4 4 4 4 4 5 5 5 5 4 4 4 4 3 3 3 4 4 3 5 5 5 2 3 4 5 4 5 4 4 4 4 2 3 4 4 4 3 3 5 4 4 4 3 4 4 4 4 4 4 3 3 4 4 3 4 6 4 4 4 3 4 5 5 5 4 4 4 4 3 3 3 4 5 2 4 5 3 4 4 3 4 3 5 3 4 5 4 3 4 
33 31 29 35 27 19 13 15 14 16 14 17 21 11 4 4 4 5 2 4 4 4 4 4 4 5 4 3 3 4 4 3 4 3 4 4 3 3 3 3 3 3 3 5 3 4 5 4 3 5 4 3 5 3 4 5 3 3 2 4 3 4 2 4 4 3 4 4 4 5 4 3 3 4 3 4 5 4 4 3 2 3 5 3 4 4 4 4 3 5 4 4 3 5 2 4 4 3 5 4 4 3 4 3 5 4 3 4 5 4 4 4 4 2 4 3 4 4 4 4 3 4 3 4 2 3 4 4 3 5 3 4 4 4 3 3 4 4 4 6 5 4 5 4 5 3 3 4 5 5 3 4 2 5 4 3 5 4 5 4 2 None 5 4 4 4 5 3 3 4 5 3 3 4 3 4 3 1 4 4 4 3 3 4 4 4 4 3 3 4 3 4 2 4 2 3 4 3 3 2 3 4 5 4 3 3 4 4 4 5 4 3 2 3 4 4 3 4 3 5 3 4 3 1 4 4 4 3 4 4 4 5 5 3 4 4 3 4 4 3 5 4 4 4 3 4 4 4 4 4 3 4 4 4 3 3 3 4 5 4 4 4 4 4 4 1 4 4 5 3 4 5 4 4 5 4 3 3 4 4 4 4 3 5 4 5 5 4 4 2 5 2 4 2 4 5 3 4 4 3 4 3 3 4 4 4 4 2 3 2 3 3 4 4 4 4 4 4 4 4 3 4 4 4 3 3 4 5 4 4 4 5 4 3 3 4 1 4 4 4 3 4 4 4 3 4 4 3 4 5 4 3 4 4 4 3 4 4 4 4 4 4 4 3 4 3 4 2 1 4 4 3 4 4 4 4 3 4 2 3 5 4 4 3 5 3 4 3 3 4 2 3 4 3 1 2 3 4 3 3 4 2 4 3 2 4 3 2 2 3 3 4 4 5 4 4 4 3 3 4 4 4 4 3 3 4 3 3 3 4 4 3 3 4 4 5 4 4 4 4 3 2 4 3 4 4 4 4 4 3 3 3 3 4 2 5 4 4 4 4 3 4 4 4 3 3 5 5 2 5 4 4 3 3 4 4 4 4 4 3 2 3 4 4 4 3 5 3 4 4 5 4 4 4 3 2 5 2 1 2 
33 31 29 35 27 19 13 15 14 16 14 17 21 11 4 4 4 4 5 5 4 5 4 4 4 4 4 3 4 4 4 4 3 4 5 4 4 4 5 3 4 5 4 5 3 2 4 4 4 5 2 4 4 4 5 5 5 4 5 5 5 4 6 4 4 3 3 4 4 4 5 5 5 4 4 3 4 4 2 3 3 5 4 4 6 4 4 4 4 4 3 4 4 5 5 4 5 5 3 4 4 5 3 5 3 4 4 5 6 5 4 4 4 4 5 2 4 5 4 5 5 5 4 4 4 3 4 4 4 5 5 4 4 4 5 3 3 3 3 6 5 5 4 4 4 4 4 5 4 4 4 4 4 4 4 4 4 4 2 4 4 5 None 5 4 5 4 4 4 4 3 2 4 5 5 4 5 4 4 5 5 4 5 5 3 5 5 3 4 3 4 3 5 4 4 4 5 4 4 4 4 3 5 4 5 4 4 5 3 5 5 4 3 4 4 5 3 4 4 4 4 3 4 5 4 4 3 5 3 4 4 4 4 5 5 5 4 4 4 4 6 5 5 4 3 5 5 4 2 4 3 4 4 4 3 4 3 4 5 4 4 2 4 3 4 4 3 5 3 3 2 4 4 4 5 5 4 4 3 5 4 5 5 4 4 3 5 5 5 5 5 5 5 5 4 5 3 4 5 5 5 4 4 3 5 3 4 5 4 5 4 5 5 5 5 5 3 3 3 1 5 4 4 3 4 4 5 5 4 5 4 4 4 4 4 4 5 4 5 4 5 3 4 4 5 5 5 4 4 4 5 3 4 4 4 4 3 4 3 4 5 5 5 3 4 4 4 4 5 4 5 4 4 4 4 5 4 3 4 5 5 5 4 3 5 3 4 4 3 5 4 4 5 5 4 4 4 4 5 3 4 5 4 4 5 6 2 3 4 4 5 5 5 4 5 4 5 4 5 5 4 4 4 5 4 4 5 5 4 4 4 6 2 1 3 3 4 5 4 4 4 4 6 5 5 5 4 3 5 3 3 4 4 4 5 5 4 5 2 4 2 4 4 5 5 4 3 5 4 4 2 3 4 5 5 5 5 5 4 5 4 4 5 5 4 3 5 3 5 4 5 3 4 4 5 5 5 3 5 4 
33 31 29 35 27 19 13 15 14 16 14 17 21 11 4 3 2 4 2 4 4 5 4 5 4 4 2 4 4 3 4 3 3 2 4 4 5 4 3 4 4 4 3 3 3 4 6 4 4 2 4 3 3 4 4 5 3 3 3 2 3 3 5 2 3 5 4 4 3 3 4 4 2 3 4 3 1 4 5 5 4 5 4 3 4 3 3 5 4 3 4 4 4 5 5 5 5 3 5 3 4 4 5 5 3 5 4 1 2 4 6 4 5 4 3 5 3 5 3 2 4 4 4 5 4 4 4 4 5 4 4 5 4 5 4 4 3 5 4 5 5 4 4 3 5 5 4 5 3 4 3 5 3 4 4 4 5 5 4 5 4 4 5 None 3 5 4 4 4 5 4 4 5 4 3 4 3 4 4 3 5 4 4 3 4 4 3 4 4 4 3 3 4 4 3 4 4 4 3 4 4 5 4 4 5 3 5 4 4 4 4 4 4 3 4 5 4 3 5 3 4 3 2 3 3 5 4 4 4 5 5 5 4 5 5 5 4 3 4 4 5 3 3 4 4 5 5 4 3 3 4 5 3 2 3 5 3 4 4 4 4 4 4 2 2 5 4 4 3 4 5 4 3 2 4 4 4 4 3 4 4 5 3 4 5 4 5 4 4 5 4 5 4 4 5 5 4 5 6 4 5 4 5 4 4 5 5 4 5 4 5 4 3 5 4 4 4 5 5 5 4 4 5 3 2 5 4 5 4 5 4 5 4 4 5 3 5 4 4 4 4 4 5 4 3 5 5 4 4 4 4 5 3 3 3 4 4 5 4 3 4 4 3 4 4 4 5 4 4 5 4 4 4 3 4 5 4 5 4 5 3 5 4 4 4 4 5 4 4 5 3 4 2 1 3 4 4 4 4 4 3 4 4 4 4 3 4 4 3 4 4 3 4 4 4 4 3 5 4 3 2 3 2 5 4 5 4 3 4 4 4 5 4 4 3 4 3 3 4 4 4 4 5 5 4 5 5 4 3 5 4 4 5 4 4 5 5 4 4 3 4 5 4 4 5 4 5 4 4 5 5 4 5 5 6 4 5 3 4 5 4 5 4 4 5 4 4 4 2 4 4 3 4 4 3 4 3 5 5 5 
32 30 28 34 26 18 12 14 13 15 13 16 20 10 3 4 2 5 3 4 4 4 4 4 3 5 3 4 3 4 4 4 3 3 4 4 4 3 4 4 3 5 3 4 4 5 5 3 4 4 3 4 4 3 3 4 3 2 4 2 4 4 5 3 3 3 4 3 4 3 3 3 3 3 4 3 3 4 3 3 4 4 4 3 5 3 4 3 3 3 4 2 4 3 4 5 4 3 4 3 5 4 4 3 4 4 4 4 4 4 5 3 4 3 4 3 4 3 4 3 4 4 3 2 4 4 4 4 4 5 3 3 4 4 4 3 4 4 4 5 5 4 4 3 4 5 4 4 5 4 3 4 3 5 4 3 4 4 4 4 4 4 4 3 None 4 4 3 3 4 4 3 3 4 4 4 3 3 3 4 3 4 3 2 5 4 2 4 4 4 4 3 3 3 3 5 4 3 4 4 4 4 4 4 4 4 5 4 4 4 4 3 2 2 4 4 1 3 4 4 4 3 3 4 3 4 4 3 4 4 4 5 3 4 4 3 4 3 4 2 4 4 3 4 5 3 4 5 4 4 2 4 4 3 4 4 2 3 4 4 4 5 4 3 5 3 4 4 5 5 4 2 3 3 4 4 3 4 3 4 5 4 3 5 4 4 5 4 5 5 5 4 3 4 3 5 5 4 4 3 3 2 3 4 4 4 4 4 4 3 4 5 4 3 4 4 4 4 4 3 5 2 4 2 1 4 4 4 4 3 4 5 5 3 4 4 5 4 3 3 4 4 4 4 3 5 3 3 4 4 4 4 3 5 1 4 4 4 3 4 4 5 4 2 1 4 4 3 4 4 5 4 3 2 4 4 4 4 4 4 3 4 4 3 5 4 2 3 3 4 4 3 5 2 4 3 3 3 4 4 2 4 3 4 4 4 4 3 4 4 3 4 3 5 3 3 4 3 3 2 3 4 2 4 5 4 3 2 2 4 5 5 4 4 4 4 4 3 4 4 3 3 5 4 3 4 5 4 4 4 3 4 3 5 2 5 4 4 3 5 4 5 4 4 4 4 6 3 4 4 4 5 5 4 5 3 4 3 4 4 4 4 3 3 4 4 4 4 4 4 4 3 3 4 4 4 3 4 3 4 
33 31 29 35 27 19 13 15 14 16 14 17 21 11 4 5 4 5 5 3 4 4 5 4 5 4 4 4 3 4 4 4 4 4 3 5 4 4 5 3 4 5 4 4 3 4 5 4 2 5 5 5 5 4 1 4 4 4 4 4 4 3 6 4 5 4 2 3 4 3 4 3 3 4 3 5 4 4 5 2 4 4 4 4 6 4 5 4 5 4 5 4 2 3 4 4 5 3 5 4 5 5 4 4 5 3 4 5 5 5 5 2 5 3 4 4 4 3 5 4 4 5 2 3 2 5 5 5 4 5 5 4 4 3 5 4 4 4 4 6 5 3 3 4 4 4 5 4 3 4 4 3 4 4 5 4 4 3 4 5 2 4 5 5 4 None 5 3 1 4 5 5 4 4 4 5 4 3 4 4 4 5 5 4 4 4 2 4 5 2 5 4 4 5 5 4 2 4 4 4 4 4 3 4 3 4 4 4 4 6 3 4 5 5 5 5 4 5 4 4 4 5 4 5 4 4 4 4 4 4 4 5 4 4 5 5 4 4 4 3 4 4 4 5 4 4 5 4 3 4 3 4 5 3 4 5 4 3 4 3 5 4 5 4 5 4 5 5 4 4 3 4 4 4 5 4 4 5 4 5 4 4 5 5 4 4 5 3 5 4 4 5 5 3 4 5 5 4 5 4 4 4 5 3 5 3 4 3 4 4 5 4 5 4 4 4 4 3 4 4 5 4 3 4 3 5 3 6 4 4 4 5 5 5 5 4 5 4 5 5 4 3 4 3 2 4 4 3 4 5 4 5 5 4 5 5 4 4 4 3 4 4 4 5 4 4 4 4 3 3 4 3 4 4 5 3 5 3 4 2 5 4 4 4 4 4 5 4 4 3 4 5 4 4 4 4 3 4 5 4 3 4 5 4 4 3 4 3 5 1 4 4 3 5 4 3 5 4 4 3 5 4 5 5 4 3 4 4 4 5 5 5 4 4 4 6 5 4 4 3 4 5 4 4 4 4 4 4 4 4 4 4 4 4 3 4 4 3 3 3 3 2 5 5 4 3 5 3 4 2 3 4 5 5 4 3 5 3 4 5 5 4 4 5 3 4 4 4 4 5 4 3 2 4 3 4 4 5 4 5 
32 30 28 34 26 18 12 14 13 15 13 16 20 10 3 3 4 1 4 4 3 5 5 5 4 4 4 3 4 4 5 3 3 4 5 4 4 3 5 3 4 5 3 1 3 4 4 3 4 5 3 4 4 2 4 5 4 3 5 4 4 2 4 2 3 5 4 4 5 4 1 4 4 3 4 4 4 3 4 3 4 4 4 3 4 5 3 4 4 5 5 3 5 3 3 5 4 4 5 4 5 4 3 3 4 3 4 4 5 2 5 3 5 4 5 4 4 5 3 3 4 2 3 3 4 4 5 4 4 3 2 4 3 3 5 4 5 3 4 5 5 4 4 3 5 4 5 3 5 4 3 4 4 5 2 3 5 4 4 4 4 5 4 4 4 5 None 4 4 4 3 4 4 5 4 3 4 4 2 4 4 4 3 5 5 4 4 4 4 3 3 4 4 4 4 5 4 5 4 4 4 4 4 5 3 3 5 4 4 5 3 5 5 4 3 5 4 5 5 5 3 4 4 5 3 3 4 4 3 3 3 3 4 4 4 5 3 4 3 4 4 5 5 4 3 4 4 5 2 4 4 2 5 4 4 4 4 4 4 5 4 4 5 3 3 5 4 3 3 4 4 4 5 2 5 4 4 3 4 4 4 5 5 4 5 4 4 4 5 5 4 4 4 4 5 3 4 4 4 3 4 3 3 4 4 4 4 4 4 5 5 4 5 4 4 4 2 4 5 5 5 5 4 5 4 5 4 5 4 4 4 5 5 4 4 5 5 4 4 4 3 4 2 3 4 3 4 4 4 4 4 4 5 4 3 4 4 3 4 3 2 2 4 5 4 4 4 4 5 4 3 4 4 5 4 3 3 5 3 4 5 5 4 3 4 4 4 2 3 4 3 5 4 3 4 4 4 4 3 4 3 4 4 4 4 5 4 3 4 4 4 2 3 2 4 4 1 4 4 4 3 4 4 5 4 4 4 4 2 4 3 3 4 3 3 4 4 5 4 4 4 5 5 4 4 3 4 5 3 4 4 4 4 4 4 5 4 4 4 5 5 5 4 4 5 4 4 5 4 4 4 4 4 5 5 5 3 4 3 5 5 4 3 4 5 4 5 3 4 4 2 4 4 3 3 4 5 4 5 5 
31 29 27 33 25 17 11 13 12 14 12 15 19 9 2 3 3 3 4 3 4 4 5 4 2 4 4 4 3 3 3 2 4 3 3 3 5 3 4 4 3 4 3 3 3 4 5 3 4 4 4 4 4 4 3 5 3 3 4 4 3 4 4 2 3 4 3 4 4 4 5 4 3 3 4 4 4 4 4 3 3 2 3 3 4 4 4 4 3 3 4 2 4 4 4 2 4 2 4 4 4 2 4 3 3 4 2 4 5 4 4 4 4 4 4 4 3 4 5 3 3 4 2 4 3 3 3 5 1 4 3 3 3 4 5 4 4 4 3 5 5 3 2 3 4 2 3 4 4 3 4 4 4 4 4 2 4 4 4 4 4 3 4 4 3 3 4 None 2 4 4 4 4 4 4 4 3 3 4 2 4 4 3 5 3 4 1 3 4 3 3 3 1 3 4 4 3 4 4 3 3 4 4 4 3 2 4 3 4 4 1 3 3 3 4 4 3 5 4 4 3 4 4 4 4 3 4 3 4 3 3 5 4 2 3 4 4 2 3 3 4 3 4 4 3 3 3 4 4 3 3 4 3 4 4 5 3 3 2 3 4 5 4 4 4 2 4 2 3 4 4 5 3 4 3 4 4 4 4 2 4 1 4 4 4 4 5 4 5 3 2 3 4 3 3 5 4 4 5 4 4 4 4 3 3 3 2 3 4 3 4 4 4 4 4 4 4 2 1 3 5 3 3 3 2 2 3 4 4 4 4 4 4 4 3 4 3 3 3 4 4 4 4 4 4 3 3 2 4 2 4 4 2 3 4 3 3 3 4 3 4 4 4 4 4 4 4 4 4 3 3 3 4 3 2 4 4 4 2 3 4 3 4 4 2 4 3 3 4 4 3 4 4 3 4 3 2 4 3 4 3 4 3 3 4 5 4 3 4 4 2 2 1 4 3 3 4 5 2 1 3 3 3 5 3 2 2 2 4 4 4 4 4 4 4 3 4 4 3 3 2 3 5 4 3 4 4 4 1 4 3 3 3 4 4 5 4 3 4 3 3 4 4 4 4 4 5 2 3 2 3 4 3 4 4 2 3 4 3 3 3 4 3 4 3 4 4 3 3 4 3 3 2 4 3 4 4 3 4 4 
33 31 29 35 27 19 13 15 14 16 14 17 21 11 4 4 3 4 4 4 5 3 5 4 4 4 3 4 3 3 3 4 3 3 4 4 3 4 4 2 4 5 3 4 3 4 4 3 3 5 4 4 5 4 2 5 3 3 4 4 3 4 5 4 4 3 3 4 4 4 3 2 3 4 4 4 4 4 4 1 4 3 3 3 5 4 4 4 4 4 4 4 3 4 4 3 4 2 4 4 5 4 3 3 4 2 4 4 5 4 4 3 5 4 5 4 4 3 4 3 4 4 3 3 1 5 5 4 3 5 5 4 3 2 5 4 4 3 3 5 5 4 2 3 4 4 4 5 4 4 4 3 4 5 4 3 4 2 4 4 2 3 4 4 3 1 4 2 None 3 4 4 4 5 4 4 3 3 4 4 3 4 5 5 3 4 1 3 4 1 4 4 3 4 4 4 1 4 4 4 3 3 4 3 2 4 4 3 3 5 3 3 4 4 4 5 4 4 4 5 4 4 3 4 4 4 3 4 3 3 3 4 4 4 5 5 4 4 4 2 5 4 4 4 4 4 4 4 2 4 4 3 4 4 4 4 3 2 3 4 4 3 4 3 5 4 5 4 3 3 2 4 5 4 5 5 4 4 3 4 3 3 4 4 3 4 4 4 5 3 4 4 4 3 5 4 5 3 5 4 5 4 4 4 4 3 4 4 4 3 4 4 4 4 3 3 4 3 3 3 5 3 4 3 2 4 4 5 4 3 4 4 4 4 5 5 4 4 4 4 3 4 3 3 2 4 3 2 4 4 3 4 4 4 4 4 3 5 3 4 4 4 4 4 3 4 3 3 2 2 4 4 3 3 4 2 5 4 3 1 4 3 4 3 4 4 4 4 4 4 4 4 4 3 3 3 2 4 4 3 4 3 4 3 4 4 4 3 4 2 4 4 3 4 4 4 4 3 3 3 4 4 4 4 4 4 4 3 4 4 5 4 3 3 3 5 4 4 3 4 3 4 4 3 3 5 3 3 3 5 3 3 4 3 3 5 4 3 2 4 4 3 5 4 4 2 4 2 3 3 2 4 4 4 3 2 4 2 3 4 4 3 4 4 2 4 4 3 5 4 3 4 3 4 4 3 4 4 4 4 
33 31 29 35 27 19 13 15 14 16 14 17 21 11 4 4 4 5 3 4 4 4 5 5 3 5 4 4 4 2 4 3 4 4 5 5 5 4 4 3 2 5 4 3 3 4 4 3 4 5 4 3 3 5 4 5 4 4 5 5 2 4 5 4 4 3 4 3 5 5 4 1 4 4 5 3 4 1 2 4 3 4 4 4 5 4 3 3 4 4 4 4 4 5 4 4 4 5 3 4 4 5 3 4 3 3 4 4 5 5 4 3 5 5 4 3 4 5 4 3 4 4 3 2 2 3 4 4 4 5 5 4 4 3 5 4 3 3 1 5 5 3 3 3 5 4 5 5 4 4 2 3 4 4 4 4 4 4 4 5 4 4 4 5 4 4 4 4 3 None 1 4 5 5 5 3 4 4 4 4 4 4 4 5 4 4 4 5 4 3 5 4 4 4 4 4 4 4 3 4 4 2 4 4 3 5 5 4 3 4 5 4 4 3 4 5 3 5 5 4 4 5 5 4 4 4 4 3 4 3 2 4 3 4 4 4 3 4 3 4 6 4 5 4 3 5 5 5 4 4 3 5 4 5 4 4 3 2 3 4 4 4 5 4 5 5 5 3 5 3 2 4 4 5 5 5 4 5 4 5 4 3 5 4 4 3 5 5 4 4 5 4 3 4 4 4 4 3 5 4 5 5 5 4 5 4 5 4 4 5 5 4 4 3 4 4 4 4 5 3 5 2 2 5 5 5 4 6 5 4 4 5 3 4 5 5 5 2 4 6 5 4 4 4 5 5 3 3 3 5 4 4 4 4 5 3 4 3 4 4 4 3 3 3 3 4 5 4 3 4 4 4 3 4 4 5 3 4 4 4 5 5 5 4 3 4 4 3 4 5 4 5 4 4 4 4 3 3 5 4 4 4 5 3 4 4 4 3 5 4 3 4 4 3 3 4 5 5 5 4 4 5 5 4 4 4 5 5 4 3 2 4 3 4 4 5 4 4 3 5 4 4 5 3 4 4 4 4 4 4 3 4 3 4 5 5 4 5 5 3 4 5 4 4 4 3 3 4 4 5 4 4 4 5 5 4 4 5 4 4 3 4 4 4 3 4 4 4 3 3 2 3 4 5 4 4 4 4 5 4 
32 30 28 34 26 18 12 14 13 15 13 16 20 10 3 4 3 4 3 4 4 4 5 5 4 4 5 5 5 1 3 4 3 4 4 4 5 4 5 4 3 5 4 3 4 3 4 3 5 5 5 2 3 4 4 4 3 3 5 4 3 4 6 4 3 4 4 3 4 5 4 2 4 4 4 4 5 2 1 5 4 4 4 5 4 3 4 4 4 3 4 5 3 5 5 3 5 4 2 4 5 4 4 3 2 4 3 4 5 4 3 4 4 4 3 4 4 5 4 4 4 3 4 3 3 2 4 4 4 5 5 4 3 4 5 3 4 3 2 5 5 4 2 3 4 4 4 4 3 5 3 4 5 3 4 4 4 4 3 4 5 5 3 4 4 5 3 4 4 1 None 4 4 4 4 2 3 4 3 5 3 3 3 5 3 4 3 4 4 3 4 4 3 3 3 3 5 5 3 4 4 3 4 4 4 4 5 3 4 3 4 5 5 4 4 5 4 5 4 3 4 4 4 4 3 3 5 4 4 3 1 5 4 4 3 4 2 4 2 4 5 5 4 5 4 5 4 5 4 4 3 5 5 4 4 4 4 3 4 5 3 5 4 5 5 4 4 4 4 4 3 4 3 4 4 5 4 5 4 4 4 3 4 3 5 3 5 4 4 4 5 4 4 3 4 4 3 4 5 4 5 4 5 3 4 4 5 3 3 5 4 3 4 4 4 4 4 4 4 2 4 3 3 4 4 4 3 6 4 4 3 5 4 4 4 4 4 1 4 5 4 3 4 3 4 4 4 4 3 5 5 4 3 4 5 2 4 3 3 4 4 4 4 2 3 4 4 3 4 4 3 4 4 5 3 4 4 4 4 5 4 5 4 4 4 4 3 4 4 4 4 4 3 3 4 3 2 2 4 4 4 5 5 3 3 3 4 4 5 5 2 3 5 2 4 4 4 5 4 4 3 4 4 5 5 3 5 4 4 2 1 3 3 4 4 4 4 4 4 4 5 3 4 4 5 5 5 3 4 3 4 4 3 4 4 5 3 5 5 2 3 4 4 4 3 4 4 4 4 5 4 3 4 5 5 3 3 4 3 4 3 4 3 4 4 4 5 4 4 4 3 2 3 4 4 4 3 4 4 3 
32 30 28 34 26 18 12 14 13 15 13 16 20 10 3 4 3 4 3 3 4 4 4 3 3 4 2 4 4 4 4 4 1 3 5 2 4 3 5 3 3 4 2 3 4 3 2 3 3 3 2 4 5 4 4 4 4 4 4 4 3 4 4 4 5 4 5 4 2 4 3 4 3 2 4 4 4 4 4 3 4 4 4 3 5 4 2 4 3 3 2 3 3 5 5 4 3 4 4 4 4 3 2 4 4 4 3 3 4 3 5 4 5 4 4 3 2 3 2 3 3 3 3 3 3 4 3 2 4 3 4 4 3 3 5 4 4 1 3 6 5 4 3 2 4 3 2 3 4 4 4 2 2 3 4 2 4 4 4 4 4 3 2 4 3 5 4 4 4 4 4 None 3 5 4 3 3 3 3 4 3 4 3 5 4 3 4 3 3 4 4 4 3 4 2 3 4 4 4 3 4 3 4 4 3 4 4 4 3 3 4 2 1 2 4 3 2 4 3 4 4 3 2 3 4 4 3 4 4 3 3 4 2 5 3 4 2 4 3 2 4 4 4 4 4 4 3 5 4 3 4 4 3 4 5 2 1 2 3 4 4 2 4 3 4 2 4 3 5 4 4 2 4 4 3 3 4 2 1 4 4 4 3 3 3 4 4 3 4 4 5 3 4 3 3 4 3 3 4 3 3 4 4 4 4 3 4 3 4 3 4 4 3 3 3 4 3 4 4 3 4 4 4 3 3 3 5 5 3 3 4 4 4 3 2 4 4 3 3 4 3 3 3 4 4 4 5 4 4 5 4 4 4 4 4 3 4 4 3 4 4 4 3 3 3 3 4 4 4 4 4 4 3 2 3 4 3 2 4 4 3 4 4 4 4 1 3 3 2 4 4 2 3 3 3 4 4 4 3 3 3 4 3 4 3 5 3 3 2 4 4 3 4 2 3 2 4 3 4 4 4 4 5 4 4 4 4 4 2 4 5 4 3 3 3 3 2 4 2 3 3 4 4 4 4 4 3 4 4 3 4 3 4 3 4 4 3 4 2 4 4 4 5 4 4 2 5 3 4 4 4 4 4 5 5 4 3 3 4 4 4 4 3 3 3 1 3 4 4 4 3 4 5 2 3 3 4 3 4 3 
33 31 29 35 27 19 13 15 14 16 14 17 21 11 4 5 3 5 3 4 3 5 4 3 4 4 3 2 3 4 5 5 3 3 4 4 1 4 5 4 4 4 3 4 4 5 5 4 2 5 3 4 4 3 4 5 3 4 4 4 4 4 5 4 4 4 4 4 4 3 4 4 4 3 3 3 5 4 5 3 4 4 4 4 5 3 3 3 4 4 4 3 3 5 4 4 4 2 6 4 3 4 4 2 3 3 5 4 5 4 5 4 5 4 5 2 4 4 5 4 3 4 4 3 5 4 4 4 4 5 4 2 4 3 4 4 4 4 4 6 4 4 3 4 4 4 5 4 5 4 3 3 3 2 5 3 5 5 4 1 4 3 4 5 3 4 4 4 4 5 4 3 None 2 3 3 3 4 4 4 5 4 4 3 4 4 3 4 3 4 4 3 4 4 4 3 5 3 3 3 4 3 4 4 4 4 5 3 3 4 5 4 3 4 3 4 2 4 3 5 3 4 4 2 5 5 2 4 3 3 3 5 4 4 3 3 4 5 5 4 4 4 3 4 4 4 4 2 4 3 4 5 4 4 3 4 2 3 3 2 4 4 5 5 5 4 4 4 4 4 5 4 3 5 3 3 2 3 4 5 4 3 3 4 5 4 3 3 5 5 4 4 5 4 5 4 4 4 4 3 4 3 4 5 3 4 4 4 2 3 4 4 4 3 3 4 4 3 3 4 5 4 5 4 4 4 3 5 5 4 4 3 3 4 5 4 3 4 2 5 4 4 3 4 4 4 4 3 4 4 5 5 5 4 4 4 4 4 4 3 5 5 4 5 4 4 3 4 4 4 5 4 3 4 4 4 4 3 3 4 4 4 2 4 4 4 1 2 1 1 5 4 4 4 4 3 4 3 4 2 3 5 2 3 4 6 3 3 3 3 2 4 3 4 4 4 4 4 5 4 4 3 4 4 3 4 3 3 4 4 4 4 4 3 5 4 3 4 3 2 4 4 5 4 4 3 3 4 5 2 4 4 4 3 3 4 4 5 3 4 4 4 4 3 4 5 5 4 4 3 4 4 4 4 5 4 4 4 3 4 3 3 4 2 4 4 3 3 4 4 4 4 4 4 3 4 2 3 4 4 
33 31 29 35 27 19 13 15 14 16 14 17 21 11 4 5 3 5 4 2 3 4 4 4 5 4 4 4 3 4 4 3 4 4 4 4 3 3 5 4 4 5 4 4 3 3 5 3 4 4 5 5 4 3 3 5 3 4 3 4 3 4 5 4 5 4 5 4 3 5 5 4 2 3 3 4 3 4 4 4 4 4 4 3 5 3 4 4 4 5 5 4 2 5 4 4 5 4 5 5 1 3 4 4 5 4 4 5 6 4 5 5 4 3 4 4 4 2 4 4 5 4 3 5 4 2 4 5 4 5 4 4 5 5 6 5 4 5 5 5 4 2 4 3 5 4 4 4 5 5 4 5 4 4 3 5 5 4 4 3 4 4 5 4 4 4 5 4 5 5 4 5 2 None 1 4 4 5 4 4 4 4 3 2 4 2 5 4 5 4 4 3 4 4 4 4 5 3 5 4 5 4 4 4 4 4 4 3 4 5 5 5 4 4 5 5 4 3 3 5 4 4 4 4 3 3 4 5 5 5 3 5 4 4 3 4 4 3 4 3 5 3 4 3 4 4 4 3 5 4 4 4 4 3 2 5 4 4 4 3 4 5 5 4 5 5 4 4 4 4 5 3 1 4 3 4 3 3 4 4 4 3 4 5 5 5 4 3 4 4 5 3 4 4 5 5 5 5 4 5 5 4 5 4 4 4 4 3 4 4 5 4 4 4 4 4 5 4 5 4 4 4 4 5 4 5 3 5 4 4 4 5 4 5 4 3 4 3 4 4 3 3 4 4 3 3 5 4 4 4 4 5 3 4 3 4 5 5 4 4 4 4 3 3 4 4 5 2 3 3 5 4 3 4 4 4 4 3 4 5 5 4 4 5 4 5 3 4 3 3 3 4 4 3 4 5 4 5 4 4 4 4 4 3 4 5 5 4 5 4 2 4 3 4 4 4 4 5 4 4 5 5 2 4 4 4 3 4 4 4 5 4 4 5 5 4 4 3 5 3 4 4 3 4 5 4 4 4 5 4 4 4 4 4 4 5 3 4 5 3 3 3 4 4 5 5 3 4 4 2 4 4 4 4 4 5 4 4 4 4 3 3 3 4 5 4 4 4 5 2 4 4 4 4 4 4 2 5 4 3 
33 31 29 35 27 19 13 15 14 16 14 17 21 11 4 4 4 5 3 3 4 3 5 4 5 5 3 5 4 4 4 4 4 3 3 5 4 3 4 3 4 5 4 3 4 4 6 2 5 5 4 4 5 2 3 5 4 4 2 3 4 4 5 3 4 4 4 3 4 4 5 4 1 2 4 3 4 4 3 5 3 3 3 2 4 4 3 4 4 4 4 4 3 4 5 5 5 4 4 4 2 4 5 4 5 5 3 4 5 4 4 5 3 3 4 4 4 3 3 3 4 3 4 4 3 3 3 4 5 4 3 5 5 4 5 4 4 5 5 6 5 3 5 4 5 5 4 4 5 5 3 4 3 5 2 4 4 4 4 4 4 3 5 3 4 4 4 4 4 5 4 4 3 1 None 3 4 4 3 5 5 4 4 3 5 3 4 5 4 4 4 4 4 4 3 3 5 4 4 5 4 3 5 4 4 4 5 4 4 4 5 4 4 3 4 5 4 4 2 4 4 3 3 4 4 4 3 4 4 4 4 4 4 4 4 5 4 2 5 4 4 2 3 4 5 4 4 4 5 3 3 5 3 4 3 5 3 4 3 4 4 4 5 4 4 4 3 3 4 3 4 4 2 3 4 4 4 4 3 5 4 4 5 5 5 5 5 4 3 3 4 4 5 3 4 5 4 4 3 4 5 4 5 4 3 4 5 4 5 4 5 3 5 5 5 4 4 5 5 4 4 4 4 4 3 4 4 5 4 5 5 4 4 4 5 4 4 4 3 4 4 4 5 3 2 4 5 5 4 5 5 4 4 4 4 3 4 4 3 4 4 4 2 2 3 5 4 1 2 4 4 4 4 4 4 5 4 4 5 5 5 5 4 5 4 4 4 4 4 4 2 4 3 2 3 4 3 4 4 5 4 3 4 2 4 4 4 4 4 5 3 4 4 4 4 4 3 4 3 4 4 4 3 5 5 4 4 3 4 4 5 5 4 5 4 5 4 3 4 4 4 3 4 5 5 5 4 3 4 4 5 4 4 3 3 5 3 3 4 4 4 4 4 4 4 4 2 5 3 3 4 4 4 3 5 5 4 4 4 5 4 4 3 4 4 4 5 5 4 3 4 5 4 4 3 3 3 5 4 4 
31 29 27 33 25 17 11 13 12 14 12 15 19 9 2 3 4 4 4 3 2 4 4 4 4 3 3 3 4 3 4 4 4 2 4 3 3 4 3 3 4 5 4 3 4 4 4 2 4 3 4 4 2 3 4 2 3 4 4 4 3 3 5 4 5 5 3 4 3 4 4 4 3 2 2 3 4 4 3 3 3 3 3 4 4 4 4 3 3 3 4 4 3 3 3 4 3 3 4 3 3 4 4 4 4 4 3 4 5 3 5 4 4 4 4 3 2 3 2 3 3 1 4 4 3 4 4 2 3 3 3 5 4 4 4 3 3 3 4 5 5 4 4 4 4 3 4 4 5 4 4 3 3 4 4 4 4 4 4 4 4 4 4 4 4 5 3 4 4 3 2 3 3 4 3 None 1 3 4 4 3 4 1 3 5 4 4 2 3 3 4 3 4 4 3 4 5 4 4 5 3 4 4 4 4 2 3 5 4 4 3 3 3 2 2 4 4 4 3 4 4 4 3 4 4 3 3 5 4 3 3 4 4 4 4 4 3 4 4 2 4 4 4 3 3 4 3 4 3 2 4 3 4 3 3 4 3 3 3 3 1 4 4 3 3 3 4 4 2 3 4 5 4 3 4 4 2 4 3 4 4 4 5 4 3 5 5 3 4 4 4 4 4 4 4 4 1 4 4 4 4 4 3 4 3 4 4 2 4 4 4 4 4 3 4 4 4 4 4 4 5 4 4 4 4 3 4 4 4 3 4 4 4 3 3 3 4 3 3 4 3 4 4 3 4 4 5 4 5 4 4 3 4 3 4 3 4 4 1 4 2 4 3 2 3 3 4 2 3 4 4 4 3 4 4 4 5 4 2 4 4 5 4 3 3 4 4 3 2 3 3 4 3 3 3 3 4 4 2 4 4 4 3 3 2 4 2 3 3 4 3 3 4 4 3 4 2 5 4 5 4 3 3 4 3 3 4 4 4 4 3 4 4 3 3 4 4 3 2 3 3 3 4 4 5 4 4 3 3 1 4 3 4 4 5 3 3 3 4 4 4 3 4 4 4 2 5 3 3 4 2 3 4 4 4 4 4 4 4 4 3 3 3 4 4 3 3 3 4 2 3 4 4 3 3 4 4 2 5 4 
32 30 28 34 26 18 12 14 13 15 13 16 20 10 3 4 4 5 3 4 3 4 4 5 4 4 4 3 5 4 3 4 4 1 3 4 2 3 4 2 3 4 4 4 4 3 5 3 3 4 4 4 3 4 4 3 4 4 4 3 3 3 5 3 4 5 3 3 2 4 4 4 3 3 3 4 3 4 4 2 3 3 4 3 3 4 4 2 2 3 3 4 3 4 4 4 3 2 4 2 4 4 3 3 4 4 4 4 4 4 5 4 5 4 3 4 3 2 3 3 3 2 4 4 3 4 5 3 2 4 4 4 3 4 3 4 2 4 3 5 5 4 4 3 3 3 3 4 5 3 3 3 2 3 4 4 3 3 3 4 3 3 5 3 3 4 4 3 3 4 3 3 3 4 4 1 None 2 4 3 2 3 2 2 4 3 3 3 3 4 3 4 4 4 2 4 4 3 4 4 2 4 3 4 3 3 3 4 3 4 4 3 4 3 3 4 4 3 4 3 3 4 3 3 4 3 4 5 4 3 4 5 4 3 4 4 3 4 3 1 3 4 3 3 2 4 4 3 3 2 4 4 4 3 4 5 3 2 3 3 2 3 3 4 4 4 4 4 3 4 4 5 4 3 4 4 1 3 2 3 3 4 5 4 4 4 4 3 4 4 4 3 4 3 5 4 2 3 5 3 4 4 4 3 2 4 4 2 3 3 4 5 4 4 4 4 4 4 4 4 4 3 3 4 3 4 4 5 3 2 4 4 4 3 3 4 4 4 2 4 3 3 4 3 4 4 4 4 4 4 4 4 4 3 4 3 3 4 2 4 3 5 4 3 2 2 3 3 4 4 4 4 4 3 3 4 4 4 1 3 3 4 4 4 4 3 3 2 3 2 4 5 4 2 3 3 4 4 3 4 3 4 3 3 3 4 3 4 2 4 3 4 3 3 4 4 3 5 4 4 4 3 3 3 2 3 3 4 4 5 4 4 4 4 3 3 3 4 1 3 2 4 4 4 4 3 3 3 3 2 3 4 3 3 4 4 4 4 3 4 4 3 4 4 4 3 6 2 3 4 3 3 4 4 5 4 4 4 3 3 2 3 4 4 3 2 2 2 4 3 4 3 3 3 4 4 4 3 4 4 
33 31 29 35 27 19 13 15 14 16 14 17 21 11 4 3 3 4 3 5 4 3 5 5 4 5 3 3 4 3 5 2 4 3 4 4 4 2 4 4 3 4 3 4 2 3 4 4 3 4 3 4 4 4 3 5 4 3 3 4 3 3 3 3 4 4 3 3 4 4 4 4 3 3 4 3 5 3 4 3 1 3 4 2 3 5 4 3 2 4 3 4 3 4 3 4 4 2 5 3 4 3 4 4 4 3 4 4 5 5 4 3 3 3 3 4 4 3 4 4 4 3 4 4 3 4 4 4 2 5 4 4 3 4 2 2 4 4 4 6 5 3 4 4 4 3 4 5 4 4 2 4 1 5 3 3 4 4 4 4 1 1 4 4 3 3 4 3 3 4 4 3 4 5 4 3 2 None 4 3 3 4 4 4 5 3 3 3 4 4 4 3 3 4 3 4 4 4 4 3 4 4 4 4 3 4 4 4 3 4 4 4 3 3 3 3 4 4 4 4 2 3 4 2 3 3 4 4 4 3 5 4 4 3 5 5 3 3 3 2 4 4 3 3 2 4 5 5 3 4 3 4 4 4 4 4 2 3 4 4 4 4 4 4 4 2 4 4 4 4 3 5 4 4 5 4 3 4 3 3 4 4 4 4 5 4 6 4 4 3 4 3 3 1 4 5 4 3 4 2 3 4 4 4 3 4 4 2 4 1 2 4 5 4 5 4 4 4 4 3 4 3 3 3 2 3 4 4 4 3 4 5 4 4 4 5 2 4 4 4 3 4 5 3 2 4 4 3 4 4 4 2 5 3 4 4 4 4 4 3 4 5 3 4 3 3 3 3 2 4 5 4 3 3 3 4 3 4 1 2 4 4 3 4 5 4 4 2 3 4 3 4 3 3 2 2 3 4 3 4 3 3 4 4 3 5 3 3 3 2 4 4 3 5 4 5 4 4 4 3 4 3 4 2 2 4 3 3 3 4 5 4 2 3 3 4 4 4 3 3 3 3 3 4 4 3 4 3 4 4 3 3 4 4 3 5 5 3 4 4 4 3 3 4 4 4 6 4 3 4 4 3 4 4 5 4 4 4 4 2 3 2 4 5 3 3 4 4 3 4 4 4 4 4 3 3 4 3 2 3 
33 31 29 35 27 19 13 15 14 16 14 17 21 11 4 4 3 3 4 4 3 3 4 4 4 5 4 2 4 3 4 3 2 4 3 3 5 4 5 5 3 5 3 1 2 2 4 4 4 4 4 4 4 4 3 4 2 1 4 4 4 2 4 2 3 4 4 4 3 4 3 4 4 4 3 4 3 3 4 4 4 3 3 3 4 4 4 4 4 4 4 4 3 3 4 4 5 4 5 4 4 3 3 4 5 3 4 5 4 4 4 3 5 2 4 3 4 4 5 4 3 4 4 3 4 3 5 4 4 5 3 4 4 4 5 3 3 3 4 6 5 4 4 3 4 3 4 4 5 4 4 3 4 5 2 4 4 2 4 3 3 4 4 4 3 4 2 4 4 4 3 3 4 4 3 4 4 4 None 4 3 4 3 5 5 4 3 4 5 3 3 4 4 4 4 4 4 4 4 5 4 3 3 3 5 4 5 3 3 4 3 4 4 4 4 3 4 5 4 4 2 3 4 4 4 3 5 4 5 4 3 4 3 5 5 4 1 4 2 4 2 5 4 4 3 5 5 4 4 4 3 3 4 4 3 4 4 4 4 5 4 5 4 4 4 4 3 3 4 4 4 3 4 3 4 4 4 5 4 5 4 4 4 4 5 4 4 4 5 5 2 4 4 4 4 5 4 3 5 4 3 3 3 3 3 4 4 2 4 4 5 4 3 4 5 4 3 4 4 4 5 4 4 3 2 4 4 5 4 4 4 4 5 3 5 4 5 2 4 4 3 3 4 3 4 5 4 4 2 4 5 4 4 3 4 3 4 4 4 1 2 2 4 4 4 4 4 4 5 4 4 3 3 3 5 4 3 4 3 4 3 4 4 2 4 4 4 3 4 5 4 4 4 3 3 3 2 4 4 4 4 5 4 3 2 4 3 4 4 4 4 3 3 2 4 4 3 5 4 3 4 4 3 4 4 4 4 3 3 4 4 5 3 4 3 5 5 4 4 5 4 3 5 5 5 4 5 4 3 4 4 4 4 4 4 5 4 4 4 3 4 4 3 4 5 4 5 4 4 4 3 4 4 3 5 4 3 3 4 5 4 4 4 3 4 4 4 4 5 4 2 3 2 4 3 4 4 3 3 4 
33 31 29 35 27 19 13 15 14 16 14 17 21 11 4 4 4 3 5 4 3 5 4 4 4 4 3 4 3 5 4 4 5 3 5 4 5 4 2 4 3 4 5 3 4 5 4 5 5 4 4 3 4 4 4 6 5 4 4 5 4 2 4 4 3 4 4 5 4 5 5 5 4 3 4 4 4 3 5 4 3 4 4 3 4 5 3 5 3 2 4 2 4 5 5 4 5 2 6 4 5 4 4 5 3 4 4 2 3 4 5 3 5 4 4 4 3 4 4 3 2 4 4 4 5 5 3 5 3 5 3 4 4 4 5 4 4 5 4 5 6 5 4 4 3 4 4 4 2 4 2 4 4 4 4 4 4 4 4 4 4 4 5 3 4 4 4 2 4 4 5 4 4 4 5 4 3 3 4 None 2 5 4 5 5 5 3 4 4 4 5 3 3 4 4 3 5 5 2 3 4 4 4 4 4 4 5 4 3 3 3 4 4 4 2 3 3 5 4 4 4 4 3 4 4 4 4 5 4 4 5 4 5 4 5 5 4 4 3 3 5 4 3 4 3 3 4 3 4 3 3 5 4 5 4 4 4 3 2 3 5 5 5 5 3 4 4 4 3 3 3 5 5 3 5 3 4 4 4 4 5 3 5 5 5 3 4 4 3 3 4 4 4 4 4 5 4 4 5 4 4 4 3 4 4 3 2 3 5 3 4 4 5 4 3 5 4 3 3 4 4 5 4 3 3 3 5 4 4 4 4 5 4 4 5 4 5 5 3 4 4 4 5 4 5 5 5 4 4 4 5 4 4 3 5 4 4 3 4 3 4 4 3 5 4 5 4 5 4 4 5 4 4 4 4 5 4 5 2 4 4 5 4 5 4 4 4 3 3 4 4 5 3 4 4 4 4 4 5 3 4 5 3 4 3 5 4 5 4 4 4 4 1 4 3 3 4 6 4 3 3 4 4 3 1 3 4 2 5 4 4 4 4 5 4 5 2 5 4 2 4 4 5 4 3 4 5 4 3 3 3 5 4 4 5 6 4 4 4 4 4 4 5 4 4 5 6 4 3 2 4 4 4 5 5 4 5 4 5 4 4 4 4 4 4 5 4 4 1 5 4 5 4 4 3 4 4 4 5 5 
32 30 28 34 26 18 12 14 13 15 13 16 20 10 3 3 4 3 5 4 3 4 2 5 4 4 5 4 3 4 5 5 4 3 4 5 4 4 4 4 4 4 4 3 4 3 5 4 5 4 5 4 4 5 4 5 4 4 5 5 4 4 5 4 5 4 4 4 4 5 4 4 5 5 3 4 5 3 4 2 4 4 4 5 4 4 5 4 4 4 3 2 3 5 4 4 5 4 5 3 4 5 2 4 4 3 4 4 4 4 5 5 6 4 5 4 3 2 4 3 4 4 5 4 4 4 3 3 4 4 3 4 3 4 4 2 3 4 4 3 4 4 4 3 1 4 3 4 4 4 4 4 4 4 4 3 3 3 4 5 4 4 5 5 3 4 4 4 3 4 3 3 5 4 5 3 2 3 3 2 None 4 4 4 5 3 4 5 5 4 5 3 4 4 4 4 4 3 4 4 4 4 4 4 4 4 4 4 4 5 3 4 4 4 4 5 3 5 4 4 4 3 3 5 4 4 4 4 4 4 4 5 5 4 5 4 4 4 1 1 4 4 5 5 4 3 2 5 3 3 3 4 4 5 4 5 4 3 4 3 4 4 3 4 5 5 4 3 4 4 5 5 5 5 6 5 3 3 2 4 4 5 5 3 4 5 4 4 5 5 4 3 4 4 4 4 4 4 5 4 4 4 5 4 4 4 4 4 5 4 5 4 5 4 3 4 4 3 4 4 4 3 4 4 4 4 4 5 3 2 3 3 4 3 4 4 4 4 3 2 3 2 3 4 5 4 4 4 4 3 4 5 5 4 4 4 2 5 4 4 4 3 5 3 2 4 4 4 4 4 3 4 3 3 5 5 4 4 3 4 4 4 4 5 4 3 4 4 5 4 4 4 5 4 4 4 5 4 4 4 4 5 5 4 4 6 3 4 2 5 5 2 3 4 5 4 5 5 5 5 3 4 4 3 3 5 5 4 5 4 4 4 4 4 4 5 4 4 3 4 2 4 4 4 3 5 5 3 3 4 5 4 4 5 4 5 4 5 3 4 4 4 5 4 4 5 4 4 3 4 4 4 4 5 5 5 4 4 3 5 4 4 5 5 3 3 4 4 3 4 2 3 3 3 5 5 5 5 5 4 
32 30 28 34 26 18 12 14 13 15 13 16 20 10 3 4 2 5 4 4 5 5 5 4 4 4 4 4 4 3 5 3 4 4 5 5 3 3 4 3 4 3 5 4 3 4 5 2 4 5 4 4 4 3 4 3 4 3 3 4 3 5 5 3 4 4 4 4 3 5 5 4 3 3 3 4 4 4 4 5 4 3 3 4 4 4 4 3 4 4 3 5 3 5 4 4 5 4 5 3 3 4 4 4 3 4 3 5 6 5 4 4 4 4 4 4 4 3 4 5 3 3 3 3 3 4 3 4 5 5 4 5 3 4 4 4 3 5 4 5 4 2 4 3 5 4 5 4 5 4 4 4 4 4 3 4 5 4 4 3 4 3 4 4 4 5 4 4 4 4 3 4 4 4 4 4 3 4 4 5 4 None 3 3 4 2 3 3 3 3 4 4 4 4 4 2 5 3 3 4 4 4 3 5 4 4 4 1 4 5 4 5 4 3 4 4 4 3 3 4 4 5 4 3 5 3 4 2 3 2 4 4 4 4 4 5 5 4 3 4 5 2 3 4 4 5 3 4 2 4 4 4 3 3 3 5 4 3 3 4 4 2 4 3 4 4 3 3 3 4 4 5 3 4 4 3 2 3 4 5 4 3 3 5 5 4 5 4 5 3 4 5 4 4 4 5 5 4 4 3 4 4 4 4 5 3 4 4 4 3 2 4 5 4 4 3 5 3 4 4 5 3 4 4 3 4 4 5 2 3 2 4 4 5 4 4 4 4 4 4 3 2 5 4 4 5 4 4 4 4 4 5 4 2 5 3 4 4 4 4 4 4 4 4 4 2 4 3 2 4 4 5 3 4 4 5 4 4 4 5 5 5 3 4 4 4 5 3 3 3 3 4 5 4 4 3 2 3 4 4 4 2 2 3 4 6 4 4 4 4 4 4 4 5 4 3 4 4 4 4 4 5 4 4 4 2 5 3 4 4 2 4 4 3 3 5 5 1 3 3 4 5 3 3 5 4 4 3 3 4 4 3 4 4 4 5 3 5 4 4 4 4 4 4 4 4 5 4 3 4 4 3 3 4 5 4 4 5 4 4 3 4 3 5 4 3 4 1 4 2 4 3 4 4 2 1 3 3 3 4 
30 28 26 32 24 16 10 12 11 13 11 14 18 8 1 2 3 4 3 4 3 4 3 4 3 4 3 3 3 4 5 3 3 3 3 4 4 3 2 3 3 4 4 2 4 4 4 2 4 4 4 4 3 4 4 3 4 4 3 4 2 3 5 3 4 5 3 3 4 4 3 4 3 2 3 3 3 3 4 4 4 3 4 4 5 5 3 4 2 4 4 3 4 2 4 3 3 4 5 4 2 4 4 5 4 3 3 4 5 4 4 4 5 3 3 4 3 4 3 3 2 2 4 4 4 4 3 3 4 4 2 4 3 4 5 3 4 3 4 4 5 3 4 4 4 2 3 3 4 4 4 4 4 5 3 4 3 4 3 4 5 3 5 4 3 5 3 3 5 4 3 3 4 3 4 1 2 4 3 4 4 3 None 2 4 3 4 3 3 4 4 4 4 3 3 4 4 4 4 4 3 4 4 4 4 1 3 4 4 4 2 3 2 1 3 3 3 4 4 4 4 4 4 3 5 2 3 4 4 2 4 4 4 4 4 4 2 4 4 3 4 3 4 4 3 4 2 3 3 3 4 2 4 3 2 4 3 3 3 4 2 4 4 2 4 3 5 3 3 4 4 4 4 4 5 4 3 3 4 3 3 3 4 3 4 4 4 4 3 4 3 3 4 4 4 5 2 4 5 4 3 4 4 4 4 3 4 3 4 4 4 4 4 4 3 3 3 4 4 4 4 3 4 3 4 3 3 5 3 4 3 5 3 2 2 4 4 3 3 4 3 3 4 3 3 4 4 4 4 3 3 4 5 4 4 3 4 3 2 4 1 3 4 3 4 4 4 3 3 5 4 4 2 3 3 3 4 5 3 4 4 5 4 4 2 4 4 3 3 4 3 3 4 3 2 3 4 3 2 4 4 4 4 4 1 3 3 3 3 4 4 3 4 3 2 3 3 4 4 4 3 2 4 3 4 3 5 4 4 4 3 4 3 4 4 4 4 2 3 4 3 3 4 4 4 3 4 3 2 2 4 4 5 4 4 2 3 2 4 4 3 4 3 4 3 3 4 4 2 5 3 4 3 4 5 5 3 4 4 4 4 3 3 4 4 3 4 3 3 1 3 4 3 3 3 4 4 3 4 4 
32 30 28 34 26 18 12 14 13 15 13 16 20 10 3 4 4 5 4 4 5 4 5 5 4 5 5 4 3 4 5 5 4 3 4 5 2 3 4 4 3 4 5 4 4 5 6 4 3 3 4 5 5 4 4 5 4 4 4 4 4 4 6 5 4 4 4 3 4 5 5 4 4 4 5 4 2 5 5 4 4 5 4 4 5 5 5 2 3 3 5 4 4 4 4 5 4 4 5 3 3 5 4 3 4 5 4 4 5 5 4 3 5 3 2 5 4 4 5 5 4 4 5 4 4 4 5 4 4 5 4 4 3 4 4 5 4 5 4 6 5 4 4 5 5 4 5 5 5 4 4 4 4 3 5 5 4 5 5 4 4 4 5 3 2 4 5 5 5 5 5 5 3 2 3 3 2 4 5 5 4 3 2 None 4 4 4 3 4 4 4 4 5 4 4 4 6 4 4 3 4 4 3 4 4 3 4 3 5 6 4 4 4 3 5 5 3 4 5 5 4 5 5 3 5 4 4 5 4 3 4 5 3 3 4 3 4 4 5 3 5 5 4 5 4 5 4 3 3 3 4 4 5 1 2 5 4 4 4 3 4 5 4 3 5 5 4 4 4 5 4 4 3 5 4 5 1 3 4 5 5 4 5 5 6 5 4 5 5 4 4 4 4 4 5 5 3 5 6 4 4 4 4 5 4 5 6 4 3 4 5 5 4 5 4 4 5 4 5 4 5 3 5 4 3 4 4 5 4 4 4 4 5 4 4 4 5 5 4 5 4 5 4 4 3 5 4 4 4 5 5 4 4 3 3 3 4 4 4 4 3 5 4 4 3 3 4 4 5 5 4 4 4 4 5 5 4 5 3 5 4 4 5 5 4 5 4 3 4 2 5 5 5 4 4 4 4 4 4 5 2 4 3 4 3 5 4 4 4 3 3 4 5 5 4 4 4 5 5 4 5 4 3 5 4 3 3 4 4 5 5 4 5 4 5 5 5 4 3 4 4 5 5 4 3 4 4 4 4 4 3 5 3 3 4 4 4 4 5 5 3 4 4 5 4 5 5 4 4 4 4 4 3 5 6 5 5 5 4 3 2 4 4 5 5 4 4 2 4 3 5 4 3 4 4 4 4 4 4 5 
34 32 30 36 28 20 14 16 15 17 15 18 22 12 5 5 3 4 4 3 4 4 4 5 5 5 4 4 3 4 4 5 5 4 4 5 5 3 4 5 4 3 5 4 4 4 5 4 4 4 5 3 5 5 4 4 4 4 4 4 4 5 5 5 4 3 3 4 3 4 5 5 5 4 4 3 4 4 3 4 4 5 4 4 5 4 4 4 3 4 4 4 4 5 5 3 5 4 4 4 3 5 5 5 3 4 3 3 4 4 5 4 5 3 4 5 4 3 5 4 3 5 4 4 4 5 4 4 4 4 5 4 2 3 4 4 5 4 4 6 6 5 1 2 4 3 4 5 5 3 5 5 5 4 5 4 5 3 3 3 4 4 3 4 5 4 5 3 3 4 3 4 4 4 5 5 4 5 5 5 5 4 4 4 None 2 3 4 5 2 4 4 4 4 4 4 4 4 3 2 2 4 5 4 3 4 5 3 5 4 4 4 5 4 4 4 4 5 4 5 4 4 4 3 4 4 4 4 4 4 2 6 5 4 4 5 5 4 4 4 6 4 4 4 5 5 4 3 3 3 4 4 4 3 2 4 5 5 5 4 4 5 5 4 4 5 5 4 4 3 3 5 4 5 5 4 5 3 3 4 4 2 4 4 3 4 4 4 5 4 5 3 3 5 5 5 4 5 5 5 5 4 3 3 5 4 5 4 3 4 3 4 5 5 5 5 4 2 3 2 5 4 5 5 4 4 4 5 3 4 4 5 4 4 4 5 4 4 4 4 3 4 4 3 4 4 4 4 5 5 4 4 5 4 5 4 4 4 4 5 5 4 5 4 5 5 5 5 4 3 4 5 4 4 4 5 3 5 4 4 5 4 5 4 5 5 4 5 4 4 4 5 4 5 3 4 4 4 4 4 4 4 4 4 4 6 4 4 5 3 3 3 4 3 5 4 5 6 4 4 2 3 5 5 4 3 3 3 4 3 4 4 3 4 4 6 5 4 4 3 4 4 3 4 5 4 5 4 4 5 4 3 3 4 5 4 4 4 5 3 1 5 4 4 4 4 6 4 3 4 3 2 5 6 4 2 4 4 3 4 4 4 4 5 4 4 5 4 4 3 3 4 5 3 4 4 4 5 4 4 
32 30 28 34 26 18 12 14 13 15 13 16 20 10 3 4 3 4 4 4 4 3 4 4 4 4 3 3 3 3 4 3 3 2 4 4 4 1 3 4 3 3 3 4 3 4 5 4 4 3 4 3 4 4 3 5 3 3 3 3 3 4 6 4 4 3 4 3 1 3 3 4 3 2 2 3 4 3 4 3 2 3 3 4 4 3 4 2 4 4 3 4 3 4 3 4 5 3 3 3 1 3 4 4 3 4 4 4 4 4 4 3 5 3 4 4 2 1 3 4 3 3 4 4 4 4 3 3 4 4 4 3 4 4 4 4 3 4 4 5 5 4 3 3 4 3 3 4 5 4 3 3 4 3 3 4 4 2 4 3 3 4 5 4 4 4 4 4 4 4 4 3 4 2 3 4 3 3 4 5 3 2 3 4 2 None 3 3 4 3 4 4 4 4 3 2 4 2 3 2 4 4 3 3 3 4 4 1 4 4 4 4 4 4 4 4 3 3 3 4 4 3 3 3 4 2 4 4 4 4 4 4 3 4 5 4 3 2 3 2 4 4 4 4 4 3 2 3 4 3 3 2 3 3 2 3 3 4 3 3 4 3 4 5 4 5 3 4 4 4 4 4 3 4 3 4 3 1 2 5 4 4 4 4 5 5 4 2 4 4 5 3 4 4 4 5 4 5 4 4 4 4 4 5 3 3 4 2 4 4 4 4 4 4 3 3 3 4 4 4 4 3 4 5 4 4 3 6 4 3 2 4 4 4 3 3 4 4 2 2 1 2 4 4 4 5 4 4 5 4 3 4 4 2 4 4 4 4 3 4 3 4 4 4 3 4 3 3 3 4 5 4 3 3 4 3 2 4 3 4 3 4 3 4 4 3 3 3 4 4 3 3 4 3 3 3 2 3 4 4 2 2 4 3 4 5 4 3 3 4 4 4 4 4 4 4 4 4 4 5 4 5 4 4 4 3 3 5 2 4 4 4 3 4 3 4 3 3 3 3 3 4 1 3 3 3 4 3 4 3 3 3 4 4 3 5 3 5 4 4 3 3 3 2 3 4 4 4 4 4 4 4 3 5 5 4 4 4 4 4 4 4 3 4 4 2 4 3 4 2 4 4 4 3 3 3 2 4 4 4 
32 30 28 34 26 18 12 14 13 15 13 16 20 10 3 4 2 4 3 4 4 4 4 4 3 5 4 4 2 2 2 3 4 2 3 4 4 4 5 3 4 4 4 3 4 4 5 4 3 5 5 3 4 4 3 4 3 2 4 3 4 4 5 3 3 4 4 4 3 3 4 3 3 4 3 4 4 3 4 2 4 3 4 3 4 4 5 4 4 3 3 3 4 5 4 3 4 1 5 3 4 3 4 2 4 3 3 4 4 4 5 4 4 3 4 4 4 4 4 3 4 4 3 4 2 4 4 4 2 4 4 3 3 3 4 4 3 4 4 6 5 3 2 3 4 3 4 4 5 4 4 3 3 4 4 3 3 3 3 4 3 4 5 3 2 2 4 1 1 4 3 4 3 5 4 4 3 3 3 3 4 3 4 4 3 3 None 2 3 2 4 4 2 4 3 3 2 4 4 3 4 3 4 4 3 3 3 2 4 4 2 4 4 4 4 4 3 4 4 4 4 4 3 4 4 4 4 4 4 4 3 5 3 3 4 4 4 3 4 3 4 4 3 3 4 4 4 4 3 3 3 4 4 4 3 5 4 3 3 4 3 4 4 4 5 3 4 3 4 3 3 4 4 3 4 5 4 3 3 3 4 2 3 4 3 4 5 4 5 4 3 4 4 3 4 5 4 4 5 4 5 4 3 4 3 4 3 4 3 2 3 4 4 3 4 4 4 3 2 4 4 3 4 2 1 3 4 4 3 4 3 5 4 3 4 4 4 4 3 3 3 4 3 4 3 4 2 1 4 3 3 5 3 3 3 3 4 4 4 3 4 3 4 4 3 3 3 3 3 3 4 3 3 2 3 3 5 4 3 2 3 4 4 3 3 4 4 4 4 3 4 3 4 2 3 2 1 3 3 4 3 4 3 2 4 4 3 2 3 3 3 3 2 4 4 4 4 4 3 2 3 4 4 4 4 3 3 2 3 4 4 4 4 4 4 4 4 3 2 4 3 4 4 3 2 5 4 4 2 4 4 2 4 3 3 5 4 4 3 3 4 4 5 4 5 3 5 1 4 3 3 4 4 4 3 1 3 3 3 3 4 3 3 4 3 4 3 4 4 4 2 3 2 4 4 4 3 4 4 3 
32 30 28 34 26 18 12 14 13 15 13 16 20 10 3 3 4 4 4 4 3 3 5 4 4 5 3 4 4 3 4 4 4 3 4 3 3 4 3 4 3 4 3 4 2 3 5 4 3 4 3 3 2 4 4 2 3 3 3 4 4 3 5 3 3 3 2 3 4 3 4 4 4 3 4 4 3 4 4 4 4 3 4 4 5 4 4 3 3 4 4 4 3 5 3 5 3 3 4 3 3 3 4 4 4 3 4 4 5 2 4 4 5 3 4 3 3 4 2 4 4 3 4 4 3 4 4 4 3 4 3 3 4 3 4 3 4 4 4 6 5 4 3 4 4 4 3 3 4 4 3 4 3 4 5 3 4 3 4 3 3 3 3 4 4 4 4 3 3 5 4 3 4 4 5 2 3 3 4 4 5 3 3 3 4 3 2 None 1 2 4 3 2 3 2 4 4 3 3 4 3 4 2 4 2 3 1 3 4 3 4 4 4 4 2 5 4 3 3 4 4 3 3 4 5 4 4 5 4 2 4 3 5 4 4 4 4 3 4 4 4 4 4 3 2 4 4 3 3 4 2 3 4 4 4 3 2 3 2 3 1 3 4 4 4 3 2 4 4 3 3 5 3 4 4 4 2 4 4 4 3 4 5 3 4 5 3 4 3 4 4 4 4 2 3 3 3 3 4 3 3 2 1 4 5 3 4 3 4 2 3 5 4 4 4 5 3 3 4 4 5 4 3 3 3 4 4 5 4 4 3 4 5 4 4 5 4 4 4 3 2 3 4 4 3 3 4 3 3 4 3 4 4 1 3 3 3 4 2 3 4 4 3 3 4 2 4 4 3 3 4 4 4 4 4 4 4 4 3 4 4 5 2 2 5 3 3 3 3 3 4 4 4 4 2 1 2 3 2 2 4 4 3 3 3 5 3 3 4 3 4 4 3 4 3 4 3 5 4 4 4 4 3 4 3 3 4 3 4 4 4 3 3 2 3 4 4 3 3 4 5 3 4 4 4 4 4 2 4 3 4 4 4 3 4 3 4 4 3 4 3 3 3 3 3 3 5 3 2 3 1 4 3 4 4 3 4 4 3 3 3 1 3 4 4 3 4 2 4 4 3 4 3 3 3 4 5 3 4 4 
31 29 27 33 25 17 11 13 12 14 12 15 19 9 2 3 3 4 4 5 4 4 5 3 5 5 4 3 3 3 5 4 4 2 4 4 4 4 4 4 3 4 4 4 3 4 5 3 4 4 4 3 3 4 5 3 4 4 3 4 3 4 5 4 3 4 3 4 3 4 5 5 4 4 5 4 4 4 3 3 4 4 4 4 4 4 4 3 4 4 5 3 4 5 4 4 4 3 4 3 4 4 3 5 5 2 3 4 5 3 3 4 5 4 3 4 4 4 3 4 4 4 4 4 4 4 4 4 4 5 4 2 4 4 4 4 3 4 3 5 5 3 4 4 5 4 4 4 4 4 3 3 4 5 5 4 5 3 4 2 4 3 4 4 4 5 4 4 4 4 4 3 3 5 4 3 3 4 5 4 5 3 3 4 5 4 3 1 None 3 4 4 3 4 1 4 5 4 2 3 4 4 3 4 3 4 2 4 3 4 3 3 4 3 3 5 4 4 4 4 3 4 3 3 4 4 3 4 3 1 3 4 4 4 4 3 4 3 4 4 4 3 4 4 3 4 3 4 3 3 3 4 4 4 4 4 3 2 3 4 2 4 4 4 3 4 3 3 4 4 3 5 4 4 5 4 3 4 4 4 4 4 4 3 5 4 4 4 4 3 5 4 5 3 4 4 4 3 5 2 3 3 2 4 5 3 4 3 3 3 4 5 4 4 4 4 4 4 5 4 5 4 4 3 4 4 4 6 3 4 3 5 4 4 3 5 4 3 4 4 3 4 4 4 4 4 4 4 4 5 4 5 5 2 4 2 4 3 3 4 4 4 4 2 3 3 4 3 4 4 3 4 3 4 4 5 4 4 3 3 5 4 3 3 5 2 3 2 3 4 5 5 5 3 2 2 3 2 3 1 3 4 3 3 3 5 4 3 3 4 4 3 4 4 4 3 4 5 5 5 4 4 4 3 4 3 3 4 4 4 4 4 4 3 3 5 5 2 3 3 4 3 5 4 4 3 4 3 4 4 4 4 5 4 5 4 3 5 2 4 4 4 4 3 4 4 5 4 3 4 2 4 2 3 5 4 4 4 3 4 4 2 4 4 3 3 4 2 3 3 3 3 4 4 3 4 4 4 4 5 
33 31 29 35 27 19 13 15 14 16 14 17 21 11 4 3 3 4 4 3 4 2 5 3 4 3 4 4 4 4 3 4 4 4 5 5 4 4 3 3 3 4 4 4 3 4 4 4 2 4 3 3 4 5 3 4 4 3 4 4 4 4 6 4 3 2 2 3 4 3 3 3 3 4 4 3 3 3 3 2 3 4 2 2 4 3 4 4 3 4 3 4 2 4 4 3 4 3 4 4 4 4 3 3 4 3 3 5 5 4 3 4 4 3 4 3 3 4 4 2 3 4 4 4 2 4 4 3 3 4 4 4 2 1 5 4 3 3 2 5 5 5 1 2 4 3 4 4 4 4 4 3 3 4 3 4 3 1 3 3 3 4 3 4 4 2 3 3 1 3 3 4 4 4 4 3 4 4 3 4 4 3 4 4 2 3 2 2 3 None 4 3 4 3 3 4 2 4 4 3 4 2 4 2 3 4 3 4 4 4 4 4 4 3 3 4 4 4 4 5 3 4 4 4 4 3 4 5 2 3 2 5 3 4 4 5 4 4 4 3 4 4 4 3 3 4 4 4 1 4 3 3 4 4 4 4 4 3 4 4 3 3 4 2 5 4 4 4 2 2 1 4 4 3 4 5 3 4 3 4 2 2 4 3 4 3 5 3 4 4 5 4 3 4 4 5 4 3 5 4 5 4 3 4 3 2 3 3 4 4 3 3 4 4 4 4 3 3 4 2 4 4 4 4 3 4 4 5 3 4 3 4 4 4 4 5 4 3 4 3 2 3 2 4 3 5 4 3 3 4 4 3 5 3 4 4 4 4 2 4 4 4 3 3 4 3 3 4 3 1 3 3 4 4 4 3 4 3 3 2 4 3 4 2 5 4 4 4 4 3 3 5 4 3 4 3 3 4 4 4 3 4 3 3 4 5 3 3 5 3 3 3 4 3 4 3 4 4 2 3 4 4 4 5 3 3 4 3 4 3 4 5 2 2 2 4 3 4 4 4 4 4 4 4 4 4 4 2 4 4 2 3 3 4 4 4 4 3 3 3 3 3 4 3 4 3 5 3 4 3 1 4 3 4 2 2 4 3 4 4 3 3 4 4 3 4 4 2 4 4 3 4 4 3 4 4 4 3 4 4 
33 31 29 35 27 19 13 15 14 16 14 17 21 11 4 4 3 4 3 5 4 4 4 3 3 4 4 3 3 3 5 2 4 3 4 5 5 3 4 4 3 3 3 2 2 3 5 3 4 4 4 4 4 3 4 5 4 4 4 3 3 3 5 1 2 3 5 4 4 4 4 4 3 3 5 4 4 4 4 4 3 4 4 4 5 3 5 4 4 4 3 4 4 4 4 4 4 4 4 3 4 4 4 4 4 3 3 4 5 4 3 3 4 4 3 4 5 5 4 3 4 4 4 4 4 3 4 2 2 3 4 2 4 4 4 4 3 4 4 5 5 3 5 4 5 3 4 5 5 4 4 5 4 5 3 4 4 4 4 4 3 3 4 3 4 5 3 3 4 5 4 4 4 4 4 4 3 4 3 5 5 4 4 4 4 4 4 4 4 4 None 3 3 3 3 4 5 4 3 2 2 4 4 3 3 3 5 3 3 4 4 4 3 4 5 4 3 4 4 3 4 4 3 3 4 2 4 4 3 3 4 5 3 3 4 3 4 4 4 4 5 4 4 3 4 5 4 4 4 4 4 4 4 3 4 4 4 4 4 4 4 4 4 5 3 2 4 3 3 4 3 4 3 3 5 3 4 3 3 3 3 4 4 4 5 4 5 5 4 3 3 3 4 3 4 5 3 5 5 3 4 3 4 3 4 3 4 4 4 5 5 3 4 4 5 1 4 5 4 3 5 3 4 4 3 4 4 5 4 4 3 5 4 5 4 4 4 4 4 5 4 3 4 3 4 4 4 4 3 3 5 3 4 3 4 2 4 3 5 3 3 3 4 4 4 4 3 3 4 5 3 4 2 3 3 4 4 4 3 3 4 2 3 4 3 4 3 3 4 5 4 4 5 2 4 4 4 3 4 4 2 4 4 4 4 4 4 5 4 4 4 4 4 3 4 3 4 5 4 3 4 4 3 3 4 3 1 3 4 4 4 4 2 3 3 5 4 4 4 4 3 5 5 4 3 4 4 4 2 4 3 5 5 4 5 6 2 4 4 4 4 4 4 3 4 5 5 5 3 4 4 4 2 4 5 4 2 4 3 4 4 4 4 4 4 5 3 4 4 3 3 2 3 3 2 3 4 3 4 4 
32 30 28 34 26 18 12 14 13 15 13 16 20 10 3 4 4 4 4 3 2 5 3 4 3 4 4 3 2 5 4 3 5 3 4 4 4 3 4 4 3 3 4 4 2 3 4 4 3 3 3 4 1 4 4 3 2 3 4 3 3 3 6 3 4 3 4 3 4 4 4 4 3 3 3 4 2 3 3 4 2 4 4 4 5 4 4 2 4 3 2 1 4 3 4 4 4 3 4 3 4 4 4 3 4 4 3 3 4 4 4 4 3 4 4 3 3 4 4 4 5 4 4 3 5 3 1 3 4 4 2 3 3 4 4 4 4 3 3 5 4 3 4 4 3 4 3 3 4 4 3 4 4 3 5 5 3 4 3 4 3 4 3 3 3 4 4 3 4 4 4 4 3 3 4 3 4 3 4 3 3 4 4 4 4 4 4 3 4 3 3 None 4 4 4 3 4 4 4 3 4 4 4 3 4 3 3 4 4 4 4 3 3 4 3 4 2 5 3 4 4 4 4 4 3 4 3 4 4 4 3 5 4 4 4 4 5 4 4 4 4 2 3 4 4 2 2 3 3 2 4 5 3 3 3 3 4 3 2 1 2 3 3 3 4 4 4 3 4 3 2 4 2 4 4 4 3 3 3 3 5 4 4 3 5 3 4 3 3 4 3 4 4 4 5 3 3 4 4 4 3 3 4 4 4 4 3 5 3 4 4 2 3 3 3 4 4 3 4 2 3 3 4 4 4 4 4 4 3 4 3 3 2 4 4 4 5 4 4 5 4 4 4 3 4 4 4 3 4 1 4 2 2 3 2 4 2 5 4 3 4 4 4 4 4 4 3 4 4 4 5 4 4 4 5 4 3 4 4 4 3 4 5 4 3 5 3 4 4 2 3 4 5 4 4 4 4 4 4 3 3 4 3 3 5 6 3 4 4 4 3 4 2 4 3 4 5 4 4 4 4 3 1 5 4 4 4 3 4 2 3 4 1 2 4 3 4 3 3 3 3 3 5 3 2 4 3 4 2 3 3 3 4 4 3 4 4 4 3 5 3 4 3 4 4 4 4 4 4 2 3 3 4 5 5 4 3 3 4 4 4 4 3 3 3 4 2 4 4 4 4 4 4 4 4 5 4 4 3 2 
32 30 28 34 26 18 12 14 13 15 13 16 20 10 3 4 3 3 4 4 4 5 5 4 3 5 3 3 3 4 4 3 3 4 4 2 5 4 4 3 4 3 3 4 4 4 5 2 5 4 3 3 4 4 4 4 2 3 4 4 4 4 3 3 2 4 4 4 5 5 5 4 3 3 3 3 4 5 4 4 4 1 4 2 4 5 4 4 4 4 5 3 3 5 4 3 4 3 5 4 3 1 4 4 3 4 3 3 4 4 5 5 5 3 4 3 4 4 4 3 3 3 3 4 3 3 4 4 2 5 4 4 3 5 5 4 5 4 4 5 5 4 3 4 4 3 4 4 4 4 4 4 3 4 3 1 3 4 4 4 4 2 5 4 3 4 4 1 3 4 3 3 4 4 4 4 4 3 4 3 4 4 4 5 4 4 2 2 3 4 3 4 None 4 4 5 4 4 4 4 3 4 4 4 2 3 3 4 3 4 2 3 2 3 4 4 3 4 4 4 2 3 3 3 4 4 4 4 3 4 4 5 4 3 4 5 3 3 3 4 4 3 4 5 4 4 4 4 4 4 4 4 2 5 4 4 2 3 3 4 3 4 4 4 4 1 4 3 4 5 4 4 4 4 3 4 4 3 4 3 5 2 4 4 5 3 5 4 4 4 3 4 3 2 4 5 3 4 5 3 4 4 3 4 3 4 3 2 4 4 5 3 3 4 4 4 4 3 2 4 4 4 4 3 2 3 4 3 3 4 4 4 4 4 4 4 3 2 2 4 3 4 5 3 3 4 4 3 5 3 3 5 3 3 4 3 3 4 4 3 5 5 4 4 4 3 3 4 3 4 3 4 3 3 3 4 5 4 3 3 4 4 4 3 3 4 3 3 3 5 4 3 4 3 3 3 3 3 4 4 4 4 2 3 4 5 4 4 4 5 3 2 2 3 4 4 3 4 3 2 2 3 3 4 4 3 3 1 4 4 4 4 5 4 5 3 3 4 3 4 3 3 4 3 4 4 4 4 2 3 4 4 4 3 4 5 3 4 4 3 4 4 3 4 5 4 4 3 4 3 3 4 4 5 4 3 2 3 4 4 4 3 3 3 2 4 4 3 4 4 4 4 3 4 4 4 4 2 3 4 
33 31 29 35 27 19 13 15 14 16 14 17 21 11 4 4 4 4 3 3 4 4 4 3 3 4 4 2 3 4 5 3 5 3 4 4 4 4 4 4 3 4 4 4 4 4 4 4 3 5 4 1 4 4 4 4 4 3 5 3 2 4 5 4 4 4 4 3 4 4 3 3 4 3 4 3 4 3 4 5 4 5 4 3 3 4 2 3 3 4 4 4 3 4 3 4 4 4 5 4 3 4 4 4 3 2 4 3 4 3 5 5 4 2 4 3 4 4 4 4 3 4 3 4 4 4 4 4 2 4 4 2 4 4 5 4 3 4 4 5 4 2 4 4 4 3 4 5 4 5 4 4 4 4 3 4 4 4 3 3 4 4 4 4 3 5 4 3 4 4 3 4 4 4 4 4 4 4 4 4 4 4 3 4 4 4 4 3 4 3 3 4 4 None 4 3 4 3 2 3 4 4 3 4 5 4 4 4 3 5 4 4 4 4 3 3 4 4 2 5 3 2 3 3 4 4 4 5 3 3 4 4 4 1 4 3 4 4 3 4 3 4 4 4 4 4 4 3 2 3 4 4 4 4 3 5 4 3 4 4 4 4 3 3 4 4 3 4 3 4 4 5 3 5 3 4 3 4 3 3 4 4 4 5 4 4 4 4 4 4 4 4 3 4 5 4 4 4 3 3 2 1 2 4 4 4 5 4 4 4 3 3 5 4 5 2 3 4 4 4 4 2 4 4 3 4 4 5 4 3 4 5 3 3 4 4 3 4 4 3 3 2 4 3 4 3 3 3 4 5 4 4 4 3 2 3 4 4 4 3 4 4 5 3 3 4 4 3 4 4 4 4 1 2 3 5 4 4 3 3 3 4 4 4 5 4 3 3 4 4 4 3 5 4 4 4 4 4 5 3 4 5 4 4 3 5 3 3 2 4 3 3 4 3 3 4 4 5 4 4 2 3 3 2 4 3 3 3 4 3 4 4 4 3 5 3 5 3 4 3 4 4 3 4 4 4 4 2 4 4 3 4 3 4 4 5 3 4 4 4 3 4 4 3 4 5 5 4 5 3 3 2 4 4 5 4 2 3 2 3 2 4 2 3 4 3 3 3 3 2 3 5 4 4 3 4 4 4 3 4 
32 30 28 34 26 18 12 14 13 15 13 16 20 10 3 4 3 4 3 4 5 4 4 4 4 5 4 3 4 2 4 4 3 1 3 4 4 3 4 3 3 4 4 4 4 3 4 2 3 3 4 4 4 3 4 4 3 4 2 3 4 4 4 3 4 3 3 3 2 4 4 4 3 3 4 4 4 4 2 3 4 3 4 3 3 3 4 2 3 3 4 3 3 5 4 4 4 2 3 2 4 4 2 4 4 3 2 3 4 3 4 4 4 4 2 4 3 4 3 3 3 3 3 5 4 3 5 4 4 5 4 3 4 4 3 4 2 3 3 4 5 4 4 3 4 3 4 4 5 3 3 3 4 4 4 4 4 4 4 3 4 2 4 3 3 5 4 4 4 4 3 2 4 4 3 3 2 3 4 4 4 4 3 4 4 3 3 2 1 3 3 4 4 4 None 3 4 4 3 4 4 4 3 4 4 4 3 4 4 4 4 3 3 3 4 4 4 3 3 3 3 4 3 3 3 4 4 4 4 2 4 5 4 3 5 4 3 4 4 3 3 4 4 5 4 4 4 5 4 2 3 4 4 3 4 4 3 3 4 5 3 3 3 4 2 3 4 4 5 3 2 4 4 3 4 3 3 3 3 4 3 4 4 3 4 5 4 3 4 3 4 4 4 2 3 4 3 4 4 1 2 3 3 3 4 4 4 2 3 3 4 4 4 4 4 4 4 4 4 3 4 3 3 4 3 3 4 5 3 3 3 4 5 3 3 4 3 2 4 4 3 3 3 3 3 3 3 3 3 4 4 4 4 3 4 1 3 2 2 3 4 5 4 1 2 3 4 2 3 4 2 3 4 4 4 4 4 4 3 4 4 4 3 4 4 1 4 2 3 4 4 4 4 2 1 2 3 3 3 2 3 3 4 3 2 4 3 2 2 4 4 3 3 4 3 2 4 4 5 4 4 4 4 4 4 4 3 4 3 4 4 4 3 4 4 5 4 3 3 3 3 2 4 5 4 3 3 4 3 4 3 3 5 3 4 5 3 4 3 3 3 3 4 4 4 3 5 4 4 4 3 3 3 4 5 4 4 3 2 4 4 3 4 3 4 2 4 3 4 4 4 2 3 4 2 3 4 4 3 4 
33 31 29 35 27 19 13 15 14 16 14 17 21 11 4 5 3 5 2 2 3 4 5 3 4 4 4 4 4 3 4 4 4 3 4 5 4 3 4 4 4 4 3 4 3 3 3 4 4 5 4 3 4 3 4 5 4 3 3 4 3 4 5 4 4 4 3 4 3 4 5 4 4 4 4 4 4 4 2 4 3 4 2 4 5 3 4 4 4 3 1 4 4 5 4 4 4 4 3 4 3 4 4 4 4 5 4 3 4 5 4 5 4 4 4 3 4 3 4 4 4 5 3 4 4 4 4 3 4 4 4 4 4 4 5 5 4 4 4 6 5 4 4 3 5 4 3 4 5 3 4 4 4 4 3 4 5 3 4 3 4 3 4 4 5 4 5 4 4 4 3 3 3 4 3 4 4 4 4 3 4 2 4 4 4 2 3 4 4 4 4 3 5 3 3 None 5 3 4 4 5 4 3 4 5 4 5 1 4 5 5 3 4 5 3 4 5 5 1 4 4 4 3 3 3 4 3 4 4 4 4 3 5 4 5 5 4 4 4 3 5 3 2 3 4 5 3 5 4 2 4 4 3 3 4 3 3 4 4 3 5 4 4 5 4 4 2 4 3 4 3 4 5 4 5 2 4 3 2 4 5 4 3 5 5 5 6 4 4 4 5 4 4 4 5 5 3 3 2 4 4 4 4 4 5 3 4 3 4 5 4 4 4 4 3 3 4 2 3 3 5 5 4 4 4 4 5 5 4 4 2 4 4 4 4 5 4 4 4 4 3 4 4 3 4 5 4 3 4 3 5 3 5 3 5 4 4 5 4 4 5 5 3 3 4 4 5 2 3 5 5 4 4 3 5 5 4 4 3 5 4 3 4 4 5 4 4 3 2 4 3 4 4 3 2 3 2 3 4 4 4 4 3 3 3 5 4 3 4 4 5 4 3 4 4 4 4 5 4 4 4 4 4 4 2 3 4 4 4 4 4 4 2 3 3 5 4 3 3 1 3 3 3 3 4 4 4 4 4 3 4 4 3 4 4 4 4 5 4 5 3 4 4 3 4 5 5 3 4 2 4 3 3 4 6 4 3 4 4 5 4 5 4 5 4 3 4 3 4 4 4 4 5 3 3 3 4 4 4 4 
33 31 29 35 27 19 13 15 14 16 14 17 21 11 4 3 4 4 3 5 4 4 4 3 3 5 4 4 4 4 3 5 4 4 4 5 4 5 5 3 5 5 2 4 4 4 5 4 3 4 4 4 5 5 3 4 2 3 5 4 4 4 6 4 5 4 4 5 5 5 3 3 4 4 3 4 4 4 5 2 5 4 4 4 5 4 4 4 5 4 4 5 4 4 4 4 3 3 5 5 4 4 3 4 3 3 4 3 4 3 5 4 5 4 4 5 4 4 3 2 4 4 4 3 2 5 5 4 4 5 4 3 4 3 6 4 5 4 4 6 5 4 3 4 4 4 4 5 5 4 5 4 4 4 5 4 5 3 4 5 3 4 5 4 4 2 4 3 1 4 5 4 5 5 5 5 4 4 4 5 4 5 4 6 4 4 2 4 5 2 5 4 4 4 4 5 None 3 5 5 4 4 5 4 3 5 5 4 4 4 4 2 3 4 3 5 4 4 5 5 4 3 2 4 5 4 4 4 3 4 4 5 4 3 5 4 4 4 4 3 5 4 5 4 3 5 5 4 3 3 4 2 3 5 5 5 3 3 4 5 5 4 5 4 4 4 4 5 4 2 3 5 4 4 5 5 5 4 3 4 4 4 5 3 4 3 3 5 5 4 3 5 5 4 5 4 4 4 5 5 5 4 4 5 5 4 5 3 5 4 4 4 3 3 4 4 3 3 4 4 6 4 4 4 3 4 5 6 4 3 5 5 5 4 5 4 5 4 3 4 3 4 3 4 3 3 3 3 5 4 3 5 4 4 4 3 4 4 4 4 3 4 4 4 4 4 2 4 3 3 4 4 3 2 4 1 6 4 4 2 3 4 4 4 5 4 4 5 4 4 3 4 4 3 4 4 3 5 4 4 5 4 4 4 5 5 5 4 5 3 5 3 4 4 5 5 4 2 4 4 4 5 3 4 4 4 4 4 4 4 4 4 4 4 4 5 3 5 4 4 4 3 5 4 4 6 4 4 4 4 4 4 4 4 3 5 5 4 3 4 4 4 5 4 5 3 5 3 4 4 3 3 4 5 4 3 3 1 2 3 4 4 5 3 3 4 4 4 4 4 4 4 3 4 5 4 5 5 4 5 
32 30 28 34 26 18 12 14 13 15 13 16 20 10 3 3 5 4 4 3 4 5 3 4 3 5 4 3 4 5 3 2 4 4 4 5 3 3 4 4 4 3 3 4 3 2 5 5 3 4 4 3 4 3 3 5 3 4 4 4 3 4 5 3 4 4 5 4 3 4 4 3 3 3 2 1 4 4 5 3 3 5 4 2 4 3 2 3 4 4 4 5 4 5 3 5 5 4 5 4 3 4 3 2 3 4 4 3 4 4 4 5 4 3 5 4 4 1 4 4 3 4 4 4 4 3 5 4 3 4 5 3 4 4 3 2 3 4 5 5 5 3 5 4 4 4 4 5 4 5 4 4 3 3 3 4 4 4 4 4 4 3 4 4 3 4 5 4 4 4 5 4 3 3 4 4 3 4 4 5 3 3 4 4 4 2 4 3 4 4 4 4 4 3 4 3 3 None 3 4 4 4 3 4 3 4 4 3 4 4 4 5 4 4 4 4 4 5 2 5 3 3 4 4 4 4 4 4 2 4 4 2 5 2 4 4 4 4 3 2 4 4 5 4 3 4 4 3 3 4 3 4 5 4 4 4 4 4 3 3 4 4 4 4 4 4 1 4 4 3 4 5 4 5 4 3 3 3 3 4 4 4 5 4 3 3 4 4 5 4 5 4 3 3 4 5 3 4 3 3 3 2 3 3 3 4 5 4 3 3 4 5 4 5 5 4 3 4 3 5 4 2 4 3 4 4 4 5 4 3 4 4 4 2 4 3 4 4 4 4 3 4 3 3 2 4 3 3 4 4 4 5 4 2 3 4 3 4 5 4 4 5 4 4 3 4 3 3 4 5 4 3 3 4 4 3 4 5 4 5 5 4 1 4 5 4 4 4 4 2 4 4 5 4 4 4 4 4 4 4 4 4 3 3 3 5 2 3 3 4 3 3 4 5 4 5 4 2 4 4 2 3 4 4 5 4 4 3 4 4 4 5 4 3 4 5 4 4 4 4 3 4 3 4 4 5 4 3 4 3 4 3 4 3 1 5 4 3 4 4 5 3 2 3 4 4 5 4 3 4 4 4 3 4 5 4 4 4 3 4 3 2 3 3 4 4 4 3 4 4 5 4 4 4 2 3 4 4 2 3 
33 31 29 35 27 19 13 15 14 16 14 17 21 11 4 4 5 4 3 5 5 3 3 4 4 5 3 3 2 4 5 3 3 3 4 4 4 3 2 4 1 2 4 3 2 3 5 4 4 4 4 1 4 2 4 4 4 4 4 3 4 4 5 2 3 2 4 5 4 4 4 4 3 2 4 3 4 3 4 3 3 5 4 4 3 4 4 4 3 2 4 3 4 4 4 5 4 4 5 4 4 4 4 4 3 2 4 2 3 4 4 4 4 4 2 4 4 4 4 4 4 3 4 4 4 3 4 4 3 5 4 3 4 4 4 3 2 4 2 5 5 4 4 4 4 5 4 5 2 4 2 4 4 4 3 4 4 4 4 2 3 3 4 3 4 4 4 4 4 3 3 4 3 5 4 4 4 4 4 2 4 3 4 4 3 3 4 3 2 4 3 4 4 2 3 4 5 3 None 1 4 4 4 4 4 4 4 4 3 4 4 3 4 4 4 5 4 4 4 3 4 4 3 2 2 4 3 3 4 3 4 4 4 3 4 4 4 2 4 4 4 4 4 5 4 4 3 4 4 3 2 3 4 3 3 3 3 3 3 4 4 4 4 4 3 4 4 4 5 4 3 4 4 3 5 2 3 2 3 4 3 4 4 3 5 3 4 4 2 4 4 2 3 3 3 5 3 4 5 2 3 3 4 3 4 3 4 4 4 4 3 4 4 4 3 4 4 4 5 4 4 4 4 3 4 4 4 5 3 3 3 5 4 4 3 5 3 4 3 4 3 3 5 3 4 4 4 3 5 4 5 3 4 3 4 3 4 4 4 3 4 4 3 4 4 4 4 3 3 5 4 3 3 4 4 4 2 5 4 3 4 3 2 4 4 4 4 3 4 4 4 5 4 3 4 3 4 3 4 1 3 3 4 4 4 5 2 3 4 3 3 3 3 4 4 3 3 5 5 4 2 3 4 4 3 4 2 3 4 3 4 3 3 3 4 5 4 4 4 3 3 5 3 3 4 4 4 2 3 5 3 4 3 4 4 5 4 4 2 5 3 4 4 4 4 5 5 4 3 4 3 2 4 3 4 5 4 4 3 3 2 3 3 4 4 4 4 3 1 3 3 4 3 4 1 2 5 4 4 4 
32 30 28 34 26 18 12 14 13 15 13 16 20 10 3 4 4 5 2 4 4 2 2 3 4 4 4 4 1 4 4 4 4 3 4 4 4 3 3 4 2 1 3 4 3 4 5 4 4 4 4 2 4 3 3 5 4 4 3 4 3 3 4 3 3 1 4 4 3 3 5 4 4 3 3 4 3 4 4 4 4 4 4 4 4 4 4 4 4 3 3 2 3 4 3 4 4 3 4 3 3 3 4 3 4 3 4 3 4 3 3 3 3 3 3 4 4 3 4 4 3 4 4 4 4 4 3 3 2 4 3 2 3 3 4 3 3 4 3 6 4 4 3 3 3 4 3 4 3 4 3 4 4 3 3 3 4 3 4 3 4 2 4 4 4 4 4 3 4 4 4 3 3 4 5 5 4 3 5 3 4 4 4 3 2 2 3 4 3 3 2 3 4 3 4 4 5 4 1 None 3 4 4 3 4 4 5 3 3 4 4 4 4 4 4 4 3 5 4 4 4 4 3 1 3 4 4 4 4 4 4 4 3 3 4 3 4 3 4 3 4 4 4 4 3 3 2 3 4 3 2 4 3 2 2 3 4 4 4 3 5 4 4 4 4 3 3 4 5 3 2 4 3 4 5 3 3 1 2 3 2 4 3 4 5 4 4 3 3 4 4 1 4 4 3 4 4 4 5 3 4 3 4 4 3 4 4 4 4 4 4 4 4 5 3 3 5 4 4 3 5 4 4 4 4 4 4 4 2 3 3 5 4 3 2 4 2 4 2 4 3 4 4 4 4 4 3 2 5 4 4 2 3 3 4 4 4 4 5 4 5 5 4 5 4 4 3 4 3 4 5 4 4 3 3 4 2 4 3 4 4 2 3 5 4 3 3 3 4 4 4 5 4 3 3 3 4 3 4 2 2 3 4 3 3 5 3 3 4 4 3 4 3 5 4 3 4 5 4 3 3 4 4 4 4 4 1 4 4 4 4 2 3 4 4 4 3 3 3 4 2 4 3 2 3 4 5 3 3 4 3 4 3 5 4 4 4 3 3 4 3 4 4 3 4 4 4 4 4 4 4 3 3 4 5 4 4 4 3 3 2 4 4 4 3 3 4 3 2 3 4 4 3 3 2 3 4 4 3 4 
33 31 29 35 27 19 13 15 14 16 14 17 21 11 4 3 4 4 4 3 4 5 5 4 4 4 4 4 4 4 5 4 4 3 4 5 4 4 2 3 4 4 4 4 3 2 5 3 4 2 4 5 4 4 3 5 4 5 4 2 4 4 4 3 4 4 4 3 4 3 5 3 3 4 4 4 3 3 5 4 4 4 3 4 5 3 5 4 4 4 4 4 4 3 5 4 4 4 5 3 4 4 3 4 4 5 2 4 5 4 5 5 4 4 4 3 3 4 4 4 4 4 2 4 2 3 3 4 2 5 3 3 4 3 2 2 3 4 5 6 5 3 3 3 4 3 2 4 4 4 4 4 4 4 5 2 4 4 5 5 4 3 4 4 4 4 4 3 3 4 4 4 4 5 4 3 2 4 4 4 4 4 3 4 2 4 4 3 4 4 2 4 3 4 4 5 4 4 4 3 None 2 5 4 1 2 4 5 3 6 4 5 5 4 4 5 4 3 4 4 4 5 4 4 2 4 3 4 4 5 4 4 3 3 5 4 5 4 3 3 5 2 3 4 3 5 4 2 5 4 3 4 3 4 3 5 3 4 4 4 4 3 4 4 5 4 3 4 4 4 5 5 4 3 4 5 3 4 3 3 4 3 5 4 4 4 3 5 3 3 4 4 3 5 4 4 4 4 4 4 5 4 4 1 4 4 5 4 4 3 4 4 4 5 4 3 5 4 4 4 4 4 3 5 4 3 4 4 4 4 5 5 4 5 4 3 3 4 4 4 3 4 4 4 4 3 4 4 3 4 4 3 4 4 3 3 4 4 4 4 4 5 3 4 4 4 4 3 2 5 4 3 4 4 3 5 5 4 3 4 5 4 3 5 4 4 4 4 4 3 4 5 4 3 4 4 4 4 3 5 4 3 5 3 4 5 3 3 4 5 4 3 4 5 4 3 3 4 4 3 4 3 4 4 4 4 3 4 4 3 3 3 4 4 4 5 5 3 3 4 3 4 3 5 3 5 4 5 3 4 4 4 5 2 5 5 3 3 4 4 3 5 3 2 2 3 5 4 1 5 4 4 4 5 5 4 4 5 4 4 4 2 4 5 4 4 4 4 3 4 4 4 4 4 4 3 4 4 4 3 
33 31 29 35 27 19 13 15 14 16 14 17 21 11 4 4 3 5 3 4 4 4 3 3 4 5 4 2 4 3 5 3 2 3 4 3 4 3 4 4 4 5 4 3 4 4 4 3 2 4 3 4 3 3 4 5 3 3 4 4 2 4 5 4 3 4 4 3 4 4 3 3 4 4 4 4 4 1 4 4 3 3 4 4 5 3 4 4 4 3 4 4 3 4 4 4 4 4 5 2 4 4 3 3 4 3 4 4 5 4 4 3 4 4 4 1 5 5 4 3 3 4 3 4 4 3 4 4 4 5 5 4 4 1 3 3 3 3 3 5 5 4 3 3 4 3 3 5 4 3 2 3 4 3 4 4 4 3 4 3 4 4 3 5 4 4 4 4 3 2 3 3 3 4 3 4 4 4 3 4 4 4 4 4 4 4 3 4 4 2 4 4 4 4 4 4 4 4 4 4 2 None 4 4 3 4 5 3 3 4 4 3 4 3 4 4 3 4 3 3 4 5 5 4 4 3 3 3 4 3 4 4 1 4 5 5 3 4 4 4 5 4 4 4 3 5 4 4 3 2 3 4 4 3 4 4 3 3 4 4 4 3 3 4 5 3 4 2 4 4 3 3 4 5 4 4 4 3 4 4 2 4 4 4 5 4 3 4 4 4 3 4 5 4 4 4 3 4 4 4 4 4 4 3 4 2 3 4 4 5 4 4 2 4 4 3 4 4 4 4 4 4 2 4 4 3 4 5 4 4 4 4 3 4 4 3 4 4 2 5 4 4 2 3 4 5 4 3 1 4 5 4 4 4 3 4 3 3 4 3 4 3 3 3 4 3 3 2 3 3 5 4 3 4 5 4 5 2 4 4 5 4 3 3 3 4 3 3 2 3 4 4 4 4 4 3 2 4 4 4 2 4 3 1 4 6 3 3 3 3 4 4 4 4 3 3 4 3 4 4 5 4 4 4 4 4 3 4 3 3 4 5 3 2 4 4 3 4 3 3 3 4 5 3 3 4 5 4 3 3 3 4 5 4 4 4 2 3 3 4 4 3 4 3 4 4 5 4 3 3 3 3 3 4 4 4 4 4 4 4 4 4 4 3 4 4 4 4 3 3 2 2 3 3 4 4 4 2 5 4 
32 30 28 34 26 18 12 14 13 15 13 16 20 10 3 4 4 5 5 4 4 4 4 4 4 3 4 4 4 3 5 4 5 4 4 5 3 4 4 5 3 4 4 3 2 3 4 4 3 4 4 3 3 4 4 3 3 4 5 4 4 4 4 3 3 3 4 4 4 5 4 5 4 3 2 4 3 3 5 4 4 4 4 4 5 4 5 3 3 4 4 3 4 5 3 5 5 4 4 3 4 5 4 4 4 3 4 3 4 4 3 5 5 3 4 5 3 3 4 5 4 4 3 4 4 4 3 3 4 4 4 3 4 3 4 4 4 5 4 5 4 4 5 4 4 4 5 4 5 4 4 4 4 4 4 4 3 3 4 4 3 5 5 4 4 3 4 4 4 4 4 4 4 4 5 4 3 4 3 4 4 3 4 3 5 3 4 2 3 4 4 4 4 3 3 3 5 3 4 4 5 4 None 4 4 5 3 2 4 5 4 5 4 3 4 5 4 4 3 5 4 3 4 4 4 3 4 4 3 3 4 3 4 4 4 4 4 4 4 4 2 4 5 4 3 2 2 3 3 4 3 3 4 4 4 5 3 3 2 3 3 4 2 4 2 4 2 3 4 4 4 5 3 3 4 4 2 3 4 5 4 4 5 4 5 4 4 3 4 3 4 4 5 3 4 5 4 4 4 2 1 2 3 4 3 2 3 3 3 3 4 4 4 5 3 4 4 5 5 4 3 4 2 4 5 4 2 6 5 4 1 3 4 4 4 3 5 5 4 3 2 3 4 4 4 3 4 5 5 3 4 4 5 1 3 4 3 3 4 3 4 2 5 4 4 3 4 4 4 5 5 5 4 5 4 4 4 5 3 3 4 4 4 4 3 4 4 3 4 3 4 4 4 4 4 3 3 2 4 4 4 5 3 4 5 3 5 4 4 4 3 4 3 4 3 4 4 5 4 4 4 4 4 4 4 3 4 4 5 4 5 4 3 4 2 5 4 4 4 4 4 4 4 4 4 3 4 2 4 3 4 3 4 4 4 5 3 5 3 5 5 1 4 3 4 5 4 5 4 4 3 4 2 4 6 4 5 4 3 3 3 3 3 4 4 4 4 2 4 5 3 4 4 3 3 4 4 4 4 4 
33 31 29 35 27 19 13 15 14 16 14 17 21 11 4 5 3 4 4 4 5 2 5 3 5 4 5 4 3 3 4 5 4 4 4 4 4 3 5 4 3 4 4 4 4 4 4 5 3 4 4 4 4 4 4 6 5 4 4 2 4 4 5 4 5 3 4 5 4 3 4 4 3 4 4 4 4 5 4 3 4 4 2 4 5 1 4 4 4 5 3 4 4 5 4 4 4 4 4 3 4 5 4 3 4 4 5 4 5 4 3 3 3 4 4 5 3 3 3 4 3 4 3 4 3 4 2 5 3 5 3 2 4 3 4 4 4 3 3 5 6 4 3 4 5 3 4 4 4 4 4 4 4 5 4 4 4 1 4 5 5 4 4 4 4 4 5 4 3 4 4 4 4 4 4 4 4 4 3 4 4 5 4 4 4 3 4 4 4 2 3 3 4 4 4 4 4 4 4 3 4 4 4 None 3 4 5 4 3 4 3 5 4 5 4 4 3 3 4 3 4 4 4 3 3 4 4 4 4 4 3 5 3 3 4 3 4 4 5 3 5 3 4 4 5 4 3 5 3 4 4 3 4 3 4 4 4 4 4 4 5 5 4 4 5 5 4 5 3 3 2 4 4 4 3 5 3 4 4 4 4 4 4 3 3 3 5 3 4 5 5 4 4 5 5 5 4 5 5 4 4 3 4 4 4 3 4 3 3 4 4 1 4 5 4 4 4 4 5 3 5 4 4 5 4 4 4 4 5 4 4 5 3 4 5 5 5 4 4 3 2 4 4 3 4 4 4 3 3 4 4 2 4 3 3 4 4 4 3 4 4 3 3 4 4 4 4 3 4 3 3 2 3 4 4 4 4 4 4 4 4 1 4 4 5 3 3 3 4 4 2 4 4 3 3 4 4 4 5 4 2 5 5 4 4 5 3 2 5 4 3 4 4 3 5 4 5 5 3 4 5 5 4 4 3 3 2 5 3 2 3 5 3 4 4 5 3 4 5 4 4 4 4 4 3 4 5 4 5 5 1 3 3 3 4 5 4 3 4 4 3 4 4 3 4 2 5 5 5 5 3 4 4 5 4 4 2 4 3 3 2 4 3 4 5 4 4 4 5 3 4 2 3 4 5 5 2 5 4 4 
33 31 29 35 27 19 13 15 14 16 14 17 21 11 4 4 4 3 4 4 4 5 4 3 4 5 3 3 4 4 4 5 4 3 4 4 4 4 2 2 5 3 3 4 4 3 4 3 4 3 3 4 4 3 4 4 4 4 4 3 4 3 3 4 4 5 4 4 4 4 4 2 3 3 5 4 4 4 5 3 4 3 3 4 4 4 4 4 4 4 5 3 5 4 4 3 5 3 6 4 4 3 4 4 4 4 3 4 5 3 5 4 5 4 5 4 4 4 3 3 4 3 3 3 1 4 4 4 3 4 4 4 3 4 3 3 4 3 4 5 4 4 3 4 3 3 3 3 4 4 3 4 3 5 5 1 3 4 5 4 4 3 5 5 4 3 3 3 2 3 4 3 4 4 4 4 3 3 5 4 4 4 4 4 3 3 3 2 3 3 3 4 2 5 4 5 3 3 4 4 1 3 4 3 None 3 3 4 4 5 3 5 4 4 4 5 4 4 4 4 4 4 3 4 3 4 2 4 5 4 4 4 4 4 4 5 5 4 3 4 5 3 4 3 2 4 4 3 4 4 4 5 4 4 4 4 2 3 4 5 3 3 4 5 5 3 4 5 4 5 4 5 3 3 4 4 3 4 4 4 4 2 5 5 3 5 4 4 3 3 5 3 4 4 5 4 5 3 5 4 4 4 3 2 4 4 5 4 5 2 3 3 5 4 3 4 4 3 4 5 5 3 3 4 4 4 4 3 4 4 4 5 3 4 4 4 4 4 4 5 4 4 5 4 4 4 4 3 4 5 5 4 5 3 4 4 4 4 3 4 5 5 2 4 4 3 4 3 2 4 3 4 4 5 4 4 4 4 3 3 5 4 2 4 5 4 4 4 3 4 4 5 3 4 4 3 3 5 4 4 3 3 4 4 5 6 4 4 4 4 3 2 4 4 3 4 2 5 5 4 3 3 4 3 4 3 4 3 5 4 4 2 5 4 3 4 4 4 3 4 4 4 2 5 2 5 3 4 4 4 4 4 4 1 4 5 4 4 3 4 4 4 4 3 3 2 4 4 2 5 3 4 4 4 5 4 4 4 4 3 4 1 4 4 4 4 4 3 3 4 5 4 3 4 3 3 3 4 4 4 
31 29 27 33 25 17 11 13 12 14 12 15 19 9 2 3 4 4 3 4 4 4 4 3 2 4 4 4 3 4 4 3 4 3 2 4 5 4 2 4 4 5 3 3 3 4 4 3 4 4 4 3 4 3 3 4 5 4 4 3 3 4 5 2 3 4 4 3 4 4 4 4 3 3 4 3 4 4 4 4 3 4 4 4 4 4 4 4 2 3 3 2 4 3 4 4 2 4 5 4 3 4 4 4 3 4 2 3 4 4 4 5 4 4 3 4 4 4 3 3 3 2 4 4 3 4 2 4 3 5 1 4 3 3 4 2 3 4 4 4 5 4 4 3 4 3 4 2 4 3 4 4 4 4 4 4 4 4 4 5 4 3 4 3 4 4 3 2 4 5 4 4 4 4 4 2 3 4 4 4 4 4 1 3 4 4 3 3 4 4 3 3 3 4 4 4 5 4 4 4 2 4 5 4 3 None 4 4 3 4 3 3 3 2 2 4 3 3 4 4 4 4 3 4 4 3 2 3 4 3 4 5 4 4 3 3 3 4 3 3 4 3 4 4 3 3 3 4 4 3 3 3 3 4 3 4 4 4 4 4 3 3 4 3 4 4 5 2 4 3 3 5 4 3 5 4 4 4 3 4 2 3 5 4 5 4 3 4 3 3 2 3 3 3 4 4 3 4 4 4 4 4 3 3 3 3 3 3 4 3 3 3 4 4 4 4 4 4 3 3 3 3 4 4 3 4 3 5 4 3 4 4 3 3 3 3 4 4 4 4 3 4 3 3 2 3 4 4 4 2 4 3 4 4 4 3 3 4 3 3 2 4 4 4 4 3 4 3 2 4 4 4 3 4 4 4 4 4 3 5 5 5 3 4 2 5 4 4 3 5 2 4 4 2 3 2 3 3 1 4 4 3 4 3 2 4 3 4 4 5 3 3 3 3 3 4 3 4 3 3 2 1 4 4 3 4 4 3 5 4 4 4 2 3 4 5 4 3 4 4 2 4 5 4 3 3 4 3 1 3 3 4 5 3 3 3 3 1 3 4 4 4 4 3 2 4 5 4 1 4 4 4 3 3 4 4 4 4 4 4 4 2 4 5 4 4 5 4 3 2 3 4 3 2 3 3 5 3 4 4 
33 31 29 35 27 19 13 15 14 16 14 17 21 11 4 4 5 5 5 4 3 4 4 4 5 4 4 5 5 4 4 4 5 4 5 4 4 5 3 3 4 5 4 5 3 4 6 4 4 5 4 4 2 5 3 3 4 4 4 5 4 4 6 4 4 4 3 4 4 4 5 5 4 4 5 5 4 4 5 5 5 4 3 4 6 4 5 4 4 5 4 4 2 4 4 4 4 4 5 3 4 4 4 5 5 4 5 4 5 3 5 5 5 3 5 4 4 5 3 4 4 4 4 4 4 5 4 4 4 5 4 4 5 4 4 4 4 5 4 5 4 5 4 4 3 4 4 4 5 4 4 4 4 5 4 4 4 4 5 4 4 4 4 5 5 4 5 4 4 5 5 4 5 4 5 3 3 4 5 5 4 4 3 4 5 4 3 1 2 3 5 3 3 4 3 5 5 4 4 5 4 5 3 5 3 4 None 4 4 2 5 5 4 4 3 5 5 4 4 3 5 4 4 5 5 5 5 5 5 3 5 4 5 5 5 5 4 4 4 4 5 5 5 4 3 4 5 4 4 4 3 4 5 5 4 4 3 3 3 4 2 4 3 5 5 4 3 5 4 4 4 6 4 5 5 5 3 4 3 5 4 5 5 3 5 5 4 3 2 5 4 5 5 3 4 4 4 4 5 4 4 3 2 5 5 4 5 3 5 3 4 5 5 4 5 5 4 4 5 4 4 5 4 4 4 5 5 5 5 5 4 3 5 5 5 5 5 4 3 4 3 3 5 4 4 4 5 4 4 3 4 4 4 2 4 4 2 5 3 4 4 5 3 4 5 3 4 5 4 3 5 5 4 4 5 5 5 3 4 4 4 6 3 3 5 4 4 4 4 4 5 5 4 5 3 2 3 4 3 3 4 5 4 4 4 5 4 4 5 4 5 5 4 4 4 5 4 5 4 5 5 5 4 5 4 4 5 4 5 4 4 4 4 3 4 4 3 4 2 5 5 4 5 4 5 4 4 3 4 4 5 5 5 4 4 4 5 5 4 3 4 4 4 4 4 4 6 3 3 4 2 5 4 5 4 4 5 5 4 4 4 2 4 5 3 4 3 3 4 4 4 4 4 4 4 5 4 4 4 5 
32 30 28 34 26 18 12 14 13 15 13 16 20 10 3 4 3 5 3 3 4 4 5 4 5 4 4 3 3 2 4 4 4 3 5 4 4 2 4 4 3 4 4 3 4 4 4 3 4 4 4 4 5 4 4 4 3 2 4 4 4 4 6 4 3 4 4 4 2 4 4 4 3 3 3 4 3 4 3 4 3 4 3 3 5 4 5 3 4 4 2 4 4 5 3 4 4 3 4 4 2 3 5 4 4 4 4 4 5 4 3 4 5 3 3 4 3 2 4 5 4 4 4 4 3 4 3 3 4 4 3 4 4 3 5 4 4 5 4 5 4 3 4 4 5 4 4 3 5 4 4 4 4 3 2 5 5 3 3 2 4 4 5 4 4 4 4 3 3 4 3 4 3 3 4 5 4 4 3 4 4 1 4 3 3 1 2 3 4 4 3 4 4 4 4 1 4 3 4 3 5 3 2 4 4 4 4 None 3 5 4 4 4 4 4 5 4 4 2 3 4 4 3 4 4 3 4 3 3 3 4 4 4 4 4 5 4 3 4 3 4 3 3 4 3 4 2 4 3 3 3 3 2 2 3 4 4 4 3 4 4 3 4 4 4 4 3 3 4 3 4 5 4 3 4 3 3 2 3 5 4 4 4 5 5 4 5 3 4 3 4 4 5 3 4 5 4 4 3 4 3 4 4 5 4 2 3 3 3 4 3 3 4 3 3 2 4 3 3 4 5 4 4 4 3 4 4 5 3 4 1 3 4 5 4 4 5 4 3 3 2 3 4 4 4 4 4 3 4 3 4 4 5 3 5 3 4 4 4 4 4 4 4 4 4 3 4 3 3 4 4 5 3 4 5 4 3 5 4 4 4 4 4 3 5 4 4 4 3 4 2 3 4 4 3 2 1 2 3 3 3 3 3 2 4 5 4 4 4 4 4 5 4 4 4 4 4 5 3 4 5 4 4 4 3 3 4 4 3 4 3 4 3 4 2 5 4 2 4 2 4 4 2 2 4 4 5 4 4 4 4 4 4 3 4 5 3 5 3 5 4 3 4 3 4 4 4 3 4 3 4 4 2 4 5 3 4 4 3 5 4 4 4 4 3 3 4 2 5 3 4 3 4 3 3 2 3 4 4 5 
32 30 28 34 26 18 12 14 13 15 13 16 20 10 3 4 4 4 3 5 4 4 5 2 4 4 3 3 2 4 4 3 4 4 4 3 3 3 3 3 3 2 3 4 3 3 5 4 3 4 1 4 4 4 3 4 4 4 4 4 2 4 5 4 4 3 4 3 4 4 4 4 3 3 5 3 4 2 4 3 2 3 3 4 5 4 4 3 3 3 4 3 2 5 4 3 3 4 4 3 4 2 2 4 3 3 4 3 4 3 3 4 4 3 4 3 3 5 3 4 4 4 4 4 4 3 3 4 3 5 4 1 3 4 4 3 4 4 2 5 5 4 4 4 4 3 4 4 2 3 1 2 3 4 3 3 4 4 2 4 4 4 3 4 4 4 4 4 3 3 4 3 3 4 4 4 3 3 3 3 4 4 4 5 5 4 4 4 3 4 3 4 3 3 4 4 4 4 3 3 3 3 4 3 4 3 4 3 None 5 4 4 4 4 4 4 3 4 5 3 1 2 2 4 3 4 3 4 2 2 3 3 4 3 3 2 4 3 4 4 4 2 3 4 3 4 4 3 3 3 2 4 1 4 3 4 2 1 2 3 5 3 4 4 4 4 4 3 3 4 3 5 4 4 4 5 4 4 3 3 5 4 4 3 3 1 4 3 3 4 3 4 4 4 3 3 4 2 4 3 3 2 3 4 5 4 4 3 4 4 4 3 5 3 4 4 3 4 5 3 4 4 3 4 4 4 4 5 2 3 4 4 3 4 4 5 5 4 3 3 3 3 3 2 3 3 3 3 3 4 3 4 3 3 3 3 3 4 4 2 4 4 2 5 5 3 3 4 3 3 4 4 4 4 4 4 4 3 3 3 4 3 4 3 4 3 2 2 3 4 4 3 3 3 4 3 4 3 4 4 3 4 3 4 5 5 3 4 4 4 3 4 3 4 3 3 4 4 4 4 4 3 4 4 4 4 2 3 4 2 4 4 3 2 4 2 4 3 2 4 4 5 5 3 4 3 4 4 4 4 4 4 4 3 4 5 3 4 3 3 4 5 2 2 3 4 5 3 2 4 3 3 3 4 4 5 4 3 2 4 3 3 3 3 2 3 3 3 2 3 3 4 3 4 4 3 4 4 4 4 
33 31 29 35 27 19 13 15 14 16 14 17 21 11 4 3 4 4 4 3 4 5 4 5 4 5 3 4 5 4 4 2 4 4 5 5 5 4 5 4 5 5 4 4 4 4 5 4 5 5 4 5 4 4 5 5 4 4 3 4 3 5 6 3 4 5 5 4 5 5 5 5 3 2 3 4 4 4 4 4 3 5 4 4 5 5 4 5 5 3 5 4 4 5 4 5 5 5 5 5 5 5 5 5 4 5 4 4 4 5 6 5 4 5 4 4 4 4 4 2 3 3 4 5 5 3 5 5 5 4 5 4 4 5 6 4 5 4 5 6 5 3 3 4 5 5 5 5 5 5 4 5 4 5 5 4 5 4 5 5 5 5 5 4 4 6 5 4 5 4 3 3 4 5 4 4 4 4 4 3 5 5 4 6 4 4 4 3 4 4 4 4 4 5 4 5 4 4 4 4 6 4 5 4 5 4 2 5 5 None 4 5 4 5 5 4 4 5 4 5 4 5 4 5 4 4 4 5 4 5 4 5 5 5 5 5 5 4 4 4 6 4 5 5 5 3 4 6 5 4 5 5 5 5 5 5 3 4 3 4 4 5 5 5 4 5 5 4 5 5 4 5 4 4 5 4 5 3 4 4 5 4 3 4 5 5 6 4 4 5 2 4 5 5 5 6 4 5 5 4 5 4 4 5 5 4 5 5 6 5 5 5 5 5 4 5 5 5 5 4 5 5 5 2 3 4 5 6 5 4 5 5 4 3 5 4 5 4 2 5 5 5 4 5 4 5 5 5 5 4 5 4 2 4 4 3 4 4 5 3 5 5 3 5 5 4 3 4 5 5 4 4 4 4 4 4 5 5 5 6 5 5 4 5 4 4 3 4 3 5 4 5 2 3 4 4 4 5 4 4 4 4 4 3 4 5 5 5 4 5 4 3 4 5 4 4 4 5 5 4 4 5 3 5 4 4 5 4 5 4 4 5 4 4 4 3 1 4 3 4 4 5 4 5 5 5 5 5 3 4 3 4 5 4 5 6 4 5 3 3 5 4 5 5 4 4 6 4 5 5 4 5 5 5 6 4 5 5 4 4 4 4 3 4 5 4 4 5 4 4 5 5 4 3 3 4 4 5 5 4 
30 28 26 32 24 16 10 12 11 13 11 14 18 8 1 2 3 2 4 3 4 5 4 5 3 5 4 3 4 3 4 3 5 4 2 4 4 4 4 4 3 4 4 4 3 4 6 3 4 4 4 3 5 4 2 4 4 4 5 4 4 5 4 3 4 3 4 5 4 4 4 4 4 4 4 3 4 4 5 3 4 3 4 4 3 3 4 4 3 4 5 3 3 4 5 3 3 3 5 4 4 3 4 4 3 5 3 3 4 4 4 4 4 3 4 4 3 4 4 2 4 3 3 4 3 4 3 4 2 5 4 4 2 5 4 3 4 5 4 4 6 4 3 4 3 3 4 4 4 4 3 4 4 4 5 2 4 4 3 4 4 4 5 4 4 3 3 1 3 5 4 4 5 5 5 3 4 4 3 3 3 4 2 4 4 4 2 4 3 4 4 4 2 4 4 5 4 4 4 4 4 4 4 3 3 3 5 4 4 4 None 2 3 2 4 5 4 4 4 3 3 4 4 4 3 4 4 4 4 2 4 5 4 3 4 4 4 3 2 4 3 4 4 4 4 4 2 5 4 3 2 4 4 4 4 5 3 3 3 4 4 4 4 3 4 3 4 3 4 4 3 5 4 4 4 5 3 3 4 3 5 2 4 5 5 4 5 4 4 4 3 3 4 4 3 5 4 4 5 4 4 4 4 4 4 4 3 4 4 4 5 4 3 3 3 4 3 3 2 4 4 4 4 4 3 3 4 5 3 4 3 5 4 4 2 3 4 4 4 5 4 3 4 4 3 4 3 3 3 3 5 3 3 4 5 3 4 3 4 2 3 4 4 5 5 3 4 4 4 4 2 2 4 4 3 3 4 4 3 4 5 4 5 4 3 4 4 3 4 4 4 4 4 3 4 3 3 3 4 4 3 5 4 4 3 4 4 3 4 4 3 1 2 5 3 4 3 4 3 2 2 3 4 4 4 3 3 3 4 4 3 4 4 4 4 4 3 4 3 4 3 4 5 5 4 4 5 4 2 4 2 4 4 4 4 4 3 4 4 4 4 5 4 4 5 4 4 3 4 3 4 4 3 4 5 3 4 3 4 4 3 4 4 5 4 3 4 3 4 3 4 2 1 3 4 5 4 4 4 5 
32 30 28 34 26 18 12 14 13 15 13 16 20 10 3 4 4 4 3 3 2 4 5 3 3 4 3 4 3 4 5 5 3 2 4 4 5 4 4 3 4 5 2 4 5 4 4 3 3 4 4 3 3 4 4 4 2 3 5 4 4 3 5 4 4 5 4 4 3 5 4 3 4 4 3 4 4 4 5 4 5 4 4 5 4 5 4 4 3 2 4 3 4 5 4 5 1 3 5 3 5 4 3 5 3 3 4 3 4 3 5 3 4 4 4 4 4 4 3 4 4 3 4 2 4 4 4 3 4 4 4 3 4 4 4 4 3 3 4 6 5 4 5 4 4 4 4 4 4 4 4 2 4 4 5 4 3 5 4 3 5 3 4 4 3 4 5 3 3 4 5 2 4 5 4 3 3 4 4 4 4 5 3 4 4 4 4 4 3 4 4 3 3 4 3 3 2 5 3 4 5 3 5 5 5 3 5 4 4 5 2 None 1 2 4 4 2 4 4 5 3 3 2 4 4 5 4 3 5 4 4 5 2 3 3 2 4 4 4 3 4 4 3 2 3 4 4 5 4 1 4 4 3 4 4 4 3 3 4 3 4 4 4 3 4 2 5 3 3 4 4 4 4 4 3 3 4 4 3 5 3 4 3 4 4 3 5 4 4 5 4 3 4 3 4 4 2 4 5 4 4 4 4 5 5 4 4 3 4 4 3 4 1 1 3 4 3 3 4 4 5 4 4 3 3 4 5 4 4 3 5 5 5 4 4 4 4 4 3 4 4 4 4 2 3 3 3 4 4 4 5 5 4 4 4 3 4 4 4 4 4 5 4 4 4 4 4 3 4 5 4 4 3 2 4 3 4 4 4 4 3 5 4 4 4 3 3 4 3 4 5 2 5 3 4 3 3 4 2 2 3 5 4 2 4 4 3 4 3 4 4 3 4 4 3 3 4 3 4 4 4 4 3 4 3 4 4 4 4 5 4 4 4 4 4 5 4 5 3 2 2 3 5 4 4 4 4 4 3 3 4 4 3 4 4 5 3 4 3 5 3 4 4 4 4 4 5 4 4 3 5 2 4 4 5 4 3 1 2 4 4 4 5 3 4 3 2 5 3 4 4 4 3 3 4 4 4 3 4 5 
31 29 27 33 25 17 11 13 12 14 12 15 19 9 2 3 3 5 4 2 3 4 5 2 4 5 3 3 3 4 5 4 2 3 4 3 4 3 4 3 4 5 3 4 5 4 3 2 4 4 3 4 4 3 4 5 3 4 4 4 3 4 4 4 4 5 5 4 3 5 4 3 4 3 4 5 3 3 4 4 4 3 3 4 5 4 3 4 2 3 3 2 3 4 4 4 2 4 5 3 4 3 3 4 4 4 3 4 5 4 5 3 5 4 3 3 3 4 3 4 4 3 3 2 4 4 4 3 4 4 3 3 3 4 4 4 4 2 4 6 5 4 4 3 5 3 3 3 5 4 4 3 3 4 5 3 4 4 3 4 4 2 3 4 2 5 5 3 4 4 5 1 3 4 4 3 4 3 4 4 4 4 2 4 5 4 4 4 4 4 3 3 2 4 3 4 3 4 4 4 5 4 4 4 4 3 4 4 4 4 3 1 None 1 4 4 1 4 3 5 3 2 3 3 5 4 3 3 4 3 4 5 3 4 2 3 3 5 4 3 4 4 4 3 4 3 3 5 3 2 4 4 4 3 4 3 2 3 3 4 4 3 4 2 5 1 4 4 4 5 4 3 4 5 4 2 5 3 2 4 4 3 2 4 4 4 5 4 4 4 5 4 4 2 4 5 3 4 4 3 3 3 4 4 5 4 4 2 5 4 4 5 2 2 4 4 4 4 4 3 5 4 4 4 3 3 4 5 4 4 4 5 4 4 3 5 3 4 3 3 3 4 4 3 3 4 4 4 4 4 5 4 4 4 3 3 4 4 4 4 3 5 4 4 3 3 4 4 3 4 4 4 4 3 4 3 4 3 3 5 4 4 4 3 4 2 2 3 3 4 4 1 4 4 3 3 3 4 3 3 2 4 3 3 3 5 4 4 3 4 3 4 3 3 2 3 4 2 5 4 4 3 4 5 4 4 3 3 3 5 4 5 4 4 4 4 3 4 3 3 3 4 5 4 3 3 4 3 4 3 3 4 3 4 3 4 3 4 3 4 4 5 4 4 5 3 5 4 4 4 4 3 4 4 4 5 4 2 3 4 4 4 4 3 4 2 3 4 4 3 4 4 4 3 3 4 3 2 3 4 
30 28 26 32 24 16 10 12 11 13 11 14 18 8 1 2 4 4 3 3 4 3 4 3 4 4 4 4 4 3 4 3 3 4 3 4 5 4 3 2 4 4 4 3 4 4 4 1 4 3 4 3 4 4 4 4 4 4 4 4 2 4 5 4 4 5 4 3 4 4 3 3 4 3 4 4 2 2 5 5 4 2 4 4 4 5 4 3 1 3 4 3 4 3 4 4 3 4 5 3 3 4 4 5 4 4 2 4 5 4 4 4 4 3 2 4 3 5 3 3 3 2 3 3 3 3 3 4 3 5 3 3 2 4 4 3 4 3 4 5 5 4 3 3 4 3 4 3 5 4 3 4 4 5 4 4 4 4 3 5 4 3 4 3 2 5 4 3 4 3 4 2 4 4 3 2 3 3 4 4 4 3 1 3 4 4 4 4 3 3 4 4 3 4 3 5 4 4 4 4 4 3 3 5 4 2 4 4 4 5 2 2 1 None 4 4 2 5 4 5 3 3 4 4 4 3 3 4 3 2 4 5 3 4 3 4 3 5 4 4 3 4 4 4 3 4 2 4 2 3 4 3 4 3 3 4 3 3 2 3 3 3 3 1 5 2 4 4 3 4 4 4 4 4 5 3 4 3 3 3 4 4 3 4 5 4 5 3 4 3 4 3 4 3 3 5 3 4 5 3 2 3 4 3 4 4 4 3 4 4 4 4 3 3 3 3 3 5 4 4 4 4 3 4 3 4 4 6 3 4 3 4 3 3 2 4 4 4 4 4 4 3 4 2 3 4 4 4 3 4 4 5 4 3 3 2 3 3 3 4 2 4 4 4 3 4 4 4 4 4 3 4 3 4 3 4 4 4 2 4 4 5 4 4 3 3 3 3 4 4 4 2 4 4 3 4 4 3 3 4 3 5 4 4 2 4 4 4 4 5 4 3 3 3 1 2 3 3 4 4 3 2 3 4 3 4 4 4 4 5 3 4 4 3 4 3 4 3 3 4 3 4 5 4 4 2 3 2 3 3 4 5 4 4 4 3 2 3 4 5 4 4 4 3 4 4 4 4 3 4 3 3 3 4 5 4 4 3 3 4 3 3 4 4 3 3 4 3 4 2 3 4 3 3 4 4 4 3 4 4 
32 30 28 34 26 18 12 14 13 15 13 16 20 10 3 4 4 4 4 3 2 5 4 4 4 4 4 4 3 4 2 5 4 4 4 5 4 4 4 5 4 5 4 4 4 4 5 4 5 4 4 4 3 4 5 4 3 4 4 4 4 3 5 4 3 3 4 5 5 4 4 5 3 4 2 4 5 5 4 5 4 4 4 4 4 5 5 5 3 4 4 2 4 5 3 5 4 4 5 4 5 5 4 5 5 5 3 4 5 2 4 4 5 3 4 3 3 3 4 4 4 3 4 4 5 4 4 4 3 5 1 3 4 4 5 3 5 5 3 6 5 5 4 4 4 4 4 2 4 4 4 4 4 5 5 4 4 4 4 4 4 4 4 4 4 5 3 4 4 4 4 4 3 5 4 2 3 3 4 2 4 4 3 5 4 4 4 2 3 3 5 3 4 3 4 3 3 4 4 4 4 4 4 4 4 2 3 4 4 5 4 4 4 4 None 5 3 4 4 5 4 3 4 5 3 4 3 5 4 2 4 4 5 4 3 4 4 4 4 4 4 4 3 4 3 3 4 4 4 3 4 5 5 5 4 4 3 3 4 4 3 4 4 5 5 3 3 4 3 1 2 5 4 2 4 3 4 5 4 4 4 4 5 5 5 5 3 4 4 3 4 4 4 4 4 3 3 4 5 4 3 2 1 4 5 3 4 3 4 4 4 3 4 3 4 5 4 3 4 3 5 5 4 3 4 3 4 4 5 4 4 5 4 4 4 3 4 4 5 4 4 5 5 4 4 3 4 4 5 4 4 4 4 3 3 4 5 5 3 3 4 3 4 4 5 3 4 4 4 4 5 4 4 5 4 4 5 4 2 4 6 5 4 3 4 5 4 3 2 4 2 4 4 3 3 3 4 3 3 4 4 5 3 4 4 5 4 4 4 5 3 5 3 4 5 4 3 5 3 4 4 3 4 3 1 3 4 4 5 4 5 3 3 3 3 5 4 5 4 2 4 4 5 4 3 4 4 4 3 1 3 3 4 4 4 5 4 3 4 3 3 3 3 4 4 4 6 3 3 3 3 4 3 4 4 4 4 4 3 4 4 3 3 4 4 4 5 3 3 4 4 5 4 4 4 4 5 2 4 4 
33 31 29 35 27 19 13 15 14 16 14 17 21 11 4 5 4 4 5 5 4 4 4 4 4 3 5 3 5 4 5 3 4 5 5 5 4 3 5 4 5 5 5 4 4 4 1 4 5 6 5 4 5 5 5 5 4 4 4 5 4 4 6 4 5 5 5 4 4 6 5 4 5 4 5 4 5 4 4 4 2 5 3 5 6 4 2 4 5 3 4 4 4 5 4 4 5 5 5 4 4 5 5 5 4 3 4 5 5 5 5 5 4 5 4 4 5 5 4 4 1 4 4 4 4 5 4 5 5 4 5 4 4 4 5 5 4 2 4 6 3 3 3 4 4 4 3 6 5 5 3 4 4 4 5 5 5 3 5 4 4 4 5 5 4 5 5 4 5 5 5 3 4 5 5 4 4 3 3 3 5 4 3 5 4 4 4 5 5 4 4 4 4 3 4 4 5 4 5 4 5 4 5 4 5 4 5 5 4 4 5 4 4 4 5 None 4 5 5 5 5 4 5 4 4 3 4 5 4 5 4 5 5 4 5 5 3 4 4 4 5 4 3 2 3 5 4 5 4 4 4 4 5 5 4 3 4 4 4 5 5 4 4 5 5 4 5 4 3 5 4 5 4 5 5 5 5 3 4 5 5 3 5 4 4 5 4 4 5 5 5 5 4 4 3 6 5 4 6 5 5 4 4 5 5 4 5 4 5 4 4 4 5 3 4 3 3 4 3 4 5 3 3 2 3 2 4 6 5 4 4 2 5 3 4 6 5 4 2 3 4 3 5 4 4 5 4 5 4 4 5 4 5 5 5 3 3 2 4 4 4 5 4 4 4 4 3 4 5 5 4 5 2 3 5 4 4 5 4 4 4 5 5 4 5 4 3 4 5 4 5 4 4 4 3 4 4 5 5 4 4 4 5 3 2 4 4 4 4 4 4 5 4 3 5 4 5 5 5 4 5 5 5 3 4 2 4 4 4 4 5 5 3 4 4 4 3 4 3 4 5 3 5 5 5 5 4 4 5 4 5 4 5 4 5 5 4 4 3 5 4 5 5 4 5 3 5 4 5 5 5 3 5 6 5 4 3 4 4 3 4 4 3 3 4 3 4 3 4 3 4 5 4 5 5 5 4 3 5 4 
32 30 28 34 26 18 12 14 13 15 13 16 20 10 3 4 3 4 4 3 3 3 5 3 4 4 4 3 2 4 5 4 3 3 3 4 3 2 4 4 4 4 4 3 4 4 4 3 4 4 4 5 3 2 3 5 3 3 3 3 4 3 5 3 4 4 4 3 4 4 4 2 4 4 4 4 3 4 3 4 4 4 4 4 4 4 3 4 3 4 4 1 4 4 3 4 3 3 4 2 4 4 4 4 4 3 4 4 5 4 4 2 4 4 3 4 3 4 4 4 3 4 2 1 3 4 3 4 3 5 2 2 4 4 3 4 4 3 4 6 5 3 4 4 4 4 4 3 4 3 3 3 4 4 4 4 3 4 3 3 4 3 3 4 1 4 4 3 4 3 4 2 2 4 4 4 4 4 4 3 3 4 3 3 4 4 3 4 4 4 3 2 3 4 4 5 4 4 4 3 4 3 4 3 4 3 5 4 3 4 4 2 1 2 3 4 None 4 4 5 3 3 4 4 4 3 3 2 4 3 3 5 2 4 3 3 4 4 4 3 4 3 4 3 4 2 3 4 3 3 3 5 4 2 3 4 3 4 3 3 4 4 3 3 5 2 5 3 4 4 3 3 3 4 5 3 4 3 3 4 5 3 3 4 5 4 4 3 5 5 5 4 4 3 4 5 4 5 5 3 3 3 4 3 4 4 3 3 4 4 5 4 3 2 4 3 4 3 4 2 4 3 3 3 2 4 3 5 4 4 4 4 4 4 4 4 4 5 2 4 4 4 5 3 4 4 4 3 4 3 5 3 3 4 2 4 3 4 4 4 4 4 4 3 2 3 3 3 4 5 4 3 4 3 4 4 5 4 3 4 4 3 4 4 4 3 1 2 3 3 3 2 4 3 4 3 4 4 4 3 1 4 4 3 4 5 4 3 4 3 2 5 2 4 3 3 3 3 4 3 4 3 3 5 4 4 2 3 3 4 5 4 3 4 3 4 3 4 3 4 4 4 5 3 2 3 5 4 4 4 2 4 2 4 3 5 3 4 4 5 3 4 4 3 4 4 5 4 4 3 5 4 4 3 5 4 4 3 3 4 3 5 4 2 4 3 4 4 3 4 4 4 4 4 3 3 4 3 4 4 
33 31 29 35 27 19 13 15 14 16 14 17 21 11 4 4 4 5 3 5 4 4 5 4 5 3 5 4 4 4 4 4 4 2 4 4 3 3 3 3 4 5 4 4 4 4 5 4 4 5 4 5 5 4 4 5 4 4 4 1 4 4 5 3 4 4 3 4 3 2 4 5 3 4 3 4 4 5 5 5 4 3 3 4 4 2 5 4 5 4 4 5 5 4 4 3 4 3 5 2 2 4 3 4 5 4 4 4 5 5 5 4 4 4 5 3 5 4 4 3 4 4 4 4 4 3 5 4 5 5 4 4 5 4 3 3 3 4 4 5 5 5 4 4 4 4 4 5 5 3 4 4 4 5 5 3 4 4 5 5 4 4 4 3 3 5 5 5 4 5 5 4 4 3 4 4 3 4 5 5 5 3 4 4 5 3 4 3 4 4 4 4 4 4 3 5 4 5 4 5 3 4 4 3 4 3 4 4 4 5 4 4 4 5 4 5 4 None 4 4 4 4 3 4 2 2 5 3 3 3 4 5 4 4 5 4 5 4 4 4 5 4 4 3 4 5 4 4 3 3 3 3 4 4 3 5 4 3 4 4 4 4 3 4 5 3 4 4 4 5 4 5 4 3 4 4 3 4 3 5 4 4 5 4 5 4 5 4 4 4 5 5 3 3 4 5 4 4 5 4 4 3 4 3 5 3 4 4 4 4 3 4 5 4 3 5 4 4 4 5 4 4 5 4 3 3 4 6 5 5 5 4 5 4 4 4 5 4 3 5 4 4 4 3 4 4 5 4 4 4 1 4 4 3 2 4 3 5 5 4 3 5 3 4 4 1 4 4 3 4 4 3 4 3 5 3 4 4 4 3 4 4 4 3 5 4 4 4 4 4 4 5 4 2 3 2 3 4 3 5 3 4 3 4 4 4 4 3 3 4 4 4 4 4 5 4 4 4 4 4 5 4 3 5 5 3 4 4 4 3 4 4 4 3 4 4 4 4 2 4 4 4 4 3 4 5 4 4 4 3 3 2 4 4 5 6 4 4 4 5 4 4 4 3 3 5 6 3 2 4 4 4 4 4 3 3 5 4 5 4 3 3 4 5 2 4 3 2 4 3 5 3 3 4 3 4 3 2 4 3 
33 31 29 35 27 19 13 15 14 16 14 17 21 11 4 5 3 4 3 1 2 3 5 4 5 4 4 4 5 4 4 4 4 4 3 4 4 4 4 4 4 3 4 4 3 2 4 4 4 5 4 3 3 2 3 5 4 4 4 5 4 3 4 3 4 4 4 3 3 4 5 4 3 4 4 3 4 4 3 4 3 4 3 4 4 4 3 4 4 4 2 4 4 4 5 4 4 4 4 4 4 5 3 4 5 4 3 4 5 4 4 4 3 4 4 3 4 3 3 4 4 4 2 4 3 3 4 4 4 4 5 4 4 4 5 4 3 4 5 6 5 3 3 2 4 3 4 5 5 4 4 3 4 5 4 4 4 4 5 4 4 3 4 5 4 4 4 4 4 5 4 3 3 3 2 3 4 4 4 4 4 3 4 5 4 3 4 3 4 4 4 3 4 2 3 1 5 2 4 4 4 3 3 4 4 4 4 2 5 4 4 4 3 4 4 5 4 4 None 5 4 4 4 4 4 5 3 4 4 4 4 2 4 3 5 5 5 4 4 3 5 4 3 4 4 4 4 4 4 3 3 4 4 4 5 4 3 4 3 4 4 3 5 5 5 4 1 3 4 3 4 5 4 4 5 3 4 4 3 5 4 4 4 4 5 4 5 3 5 3 4 4 5 3 4 5 4 4 1 4 4 3 4 3 5 4 5 4 4 5 5 3 5 3 4 4 4 3 4 4 5 4 3 5 4 4 5 4 4 4 3 5 4 4 3 4 4 4 3 4 3 4 4 4 4 5 5 4 4 4 4 4 4 2 4 4 5 4 3 4 5 4 4 2 3 3 4 1 2 5 4 4 3 4 4 5 5 4 4 5 5 4 3 5 5 3 4 3 2 4 4 4 4 4 3 2 3 4 3 5 4 3 3 2 4 5 4 3 3 5 5 3 4 3 4 3 3 4 4 3 4 4 3 4 3 4 5 4 4 3 5 5 3 4 4 5 3 4 4 2 4 3 4 4 4 4 5 3 4 3 5 4 4 4 3 3 4 5 4 4 4 4 4 4 4 4 4 4 3 3 4 4 4 3 6 4 2 4 4 5 4 4 4 4 4 2 5 3 5 4 3 4 4 4 3 3 4 4 4 4 
33 31 29 35 27 19 13 15 14 16 14 17 21 11 4 4 2 5 3 4 5 5 5 4 5 5 5 4 5 2 4 4 4 3 3 4 5 4 2 3 4 5 4 4 4 5 6 4 4 5 4 4 5 5 3 5 5 4 4 3 3 4 6 3 4 4 4 4 4 4 6 5 3 4 5 4 4 4 4 4 4 5 3 4 5 2 5 5 5 4 4 4 4 5 6 5 4 4 5 4 5 3 4 4 3 4 4 4 5 4 5 4 5 5 4 4 5 4 3 3 4 4 4 5 4 5 3 4 3 5 5 4 5 4 5 4 4 5 4 2 6 4 4 3 4 4 4 5 4 5 3 4 5 4 5 5 4 4 4 5 4 5 4 3 4 4 5 4 5 4 3 4 5 5 4 4 3 4 4 4 4 4 4 5 5 4 4 4 4 5 3 4 4 5 3 4 5 5 3 4 4 3 5 3 4 4 3 3 3 5 3 5 5 5 5 5 5 4 5 None 2 3 3 4 4 5 4 5 5 4 4 5 4 4 4 5 5 4 5 3 4 4 3 4 5 5 4 5 4 4 3 5 4 5 5 6 4 3 4 4 5 4 3 5 5 4 5 4 4 5 4 5 5 3 4 5 4 4 3 4 5 5 3 5 6 4 4 4 1 5 4 4 5 4 4 5 5 4 6 4 4 4 5 5 5 5 4 5 4 5 5 4 5 5 4 4 4 5 5 3 4 5 5 4 3 4 4 5 4 4 4 5 4 5 3 4 5 4 3 4 5 5 5 3 4 3 5 5 2 5 5 5 5 5 4 3 4 4 5 3 5 4 2 4 4 3 4 5 4 5 4 3 5 4 2 4 5 5 4 5 4 4 5 4 5 4 4 3 4 5 4 4 3 2 4 4 3 3 5 4 4 5 5 4 5 4 4 4 4 3 4 4 3 4 4 5 4 5 5 4 4 4 5 5 5 4 4 4 5 4 4 5 4 3 4 4 4 3 2 4 4 5 5 5 5 4 4 5 4 4 4 5 6 3 5 5 5 5 4 4 4 5 3 4 4 5 6 3 3 4 4 4 4 6 5 4 5 4 4 5 5 4 5 4 4 4 3 4 3 4 3 1 2 4 4 5 3 3 5 5 
32 30 28 34 26 18 12 14 13 15 13 16 20 10 3 4 4 3 4 5 4 5 4 3 3 4 4 2 3 4 4 4 3 3 3 2 4 3 4 4 3 3 4 3 2 3 4 4 4 4 2 3 3 3 3 4 4 3 4 4 3 4 5 3 3 3 4 4 4 4 4 4 3 4 4 2 3 3 4 4 3 3 3 3 4 4 3 4 3 3 4 4 3 4 4 4 4 4 5 2 3 1 3 4 3 4 4 3 4 4 4 3 3 3 4 3 4 4 3 4 4 4 4 4 5 4 4 4 2 5 3 2 4 4 3 4 4 3 3 4 5 3 4 4 4 4 4 4 3 3 2 3 3 4 4 3 4 4 2 3 3 3 4 4 4 4 3 3 4 4 4 4 3 4 4 4 3 2 2 4 4 4 4 4 4 4 4 4 3 3 4 4 2 3 3 4 4 3 4 4 4 4 4 4 4 4 5 4 1 4 3 3 3 3 4 5 3 4 4 2 None 1 2 4 4 4 3 3 3 2 3 4 3 3 4 3 3 4 4 4 4 3 4 4 3 4 4 4 4 2 3 3 2 3 4 4 3 2 3 4 4 4 3 4 4 3 4 2 3 3 2 4 4 4 3 4 4 4 3 3 4 4 5 4 4 2 5 3 3 3 2 4 4 3 4 4 3 3 5 2 3 2 3 4 4 5 4 3 4 3 3 4 4 4 4 4 2 4 4 3 4 3 4 4 4 5 4 5 3 4 4 4 4 3 4 4 4 4 4 2 3 4 3 1 2 4 4 3 4 4 4 4 4 3 3 3 3 4 4 1 3 4 3 4 4 3 4 4 4 4 4 3 3 4 3 4 4 4 2 4 5 4 4 3 4 4 3 1 2 4 4 2 4 3 4 3 4 3 4 4 2 3 3 3 4 5 3 4 4 4 4 4 3 4 4 4 4 4 5 4 3 4 4 3 3 4 3 3 4 3 4 5 3 3 4 3 5 4 3 3 3 5 5 4 3 2 4 4 3 3 3 4 4 4 3 5 3 3 4 4 3 4 1 2 3 4 4 4 3 4 3 2 3 4 5 5 4 3 3 4 3 4 3 4 3 4 4 3 3 4 3 3 2 4 3 4 4 4 4 5 
32 30 28 34 26 18 12 14 13 15 13 16 20 10 3 4 4 4 3 4 5 4 5 3 4 4 3 3 3 4 5 4 4 3 4 3 5 4 4 4 4 4 3 4 3 3 3 4 3 4 3 3 4 2 4 4 3 3 4 3 4 4 5 3 4 4 5 4 4 4 3 5 3 3 4 3 4 4 3 4 4 4 4 3 4 4 4 5 4 3 3 4 3 4 5 3 4 4 4 3 4 2 4 5 2 3 4 2 3 3 5 4 4 2 4 4 3 4 2 3 3 3 4 4 4 4 4 3 3 4 4 2 4 4 4 5 4 2 4 5 6 4 4 3 4 4 3 4 3 4 3 4 4 3 4 3 4 3 1 4 4 4 3 3 3 5 4 4 4 5 4 3 4 4 3 4 4 3 3 4 3 5 4 5 4 3 4 3 4 4 4 4 3 2 4 4 3 3 4 4 5 5 3 4 4 4 4 4 2 5 4 3 2 3 3 4 3 4 4 3 1 None 1 3 4 4 3 4 3 3 4 5 4 3 4 3 3 4 4 3 3 3 4 5 4 5 4 4 4 3 4 3 2 4 3 3 4 3 4 4 3 4 3 4 3 3 4 3 4 4 3 5 4 3 3 4 5 3 2 4 5 4 4 4 4 2 4 4 4 4 3 4 5 4 3 4 4 4 5 3 2 1 2 4 4 4 5 3 4 4 4 4 4 4 4 4 3 4 4 2 4 4 5 4 3 4 3 6 3 4 4 5 4 4 4 4 3 4 4 1 2 4 4 2 3 4 4 4 5 5 5 4 4 3 2 4 4 4 4 2 4 5 3 4 4 4 4 3 4 4 5 4 3 3 3 4 4 4 3 4 4 4 4 4 4 4 3 2 3 4 4 1 4 2 4 4 3 4 4 3 3 4 3 4 4 4 4 4 4 4 4 4 4 3 4 4 3 4 4 4 3 4 3 4 4 3 3 4 4 3 3 4 3 4 4 4 4 4 3 4 4 4 4 4 4 3 4 4 4 4 4 4 5 4 4 5 4 4 3 4 3 4 2 3 4 3 5 4 4 5 4 3 4 3 6 5 4 2 3 5 4 4 2 4 4 3 3 4 3 4 4 4 3 3 3 4 3 4 3 4 
33 31 29 35 27 19 13 15 14 16 14 17 21 11 4 3 3 4 2 3 4 5 5 4 3 4 2 4 4 3 4 3 3 2 4 3 5 4 3 3 4 3 2 3 3 2 4 3 4 4 3 2 3 3 4 4 2 3 3 2 3 3 4 2 3 4 4 3 3 3 4 4 2 3 3 3 3 4 4 3 4 4 3 3 4 3 4 4 4 3 2 5 4 4 4 4 3 3 5 3 4 2 3 4 3 4 3 1 2 3 5 4 5 3 4 5 4 3 1 2 4 2 4 4 4 3 3 2 4 3 4 3 3 4 4 4 3 3 4 4 5 4 3 2 4 3 2 3 3 4 3 3 4 3 4 2 4 4 2 5 4 3 4 2 3 4 4 4 3 5 4 2 4 4 3 3 3 4 4 3 3 4 4 5 4 3 3 3 3 4 3 4 3 3 3 3 2 4 3 3 4 5 4 4 3 3 4 3 2 4 4 2 3 4 4 5 4 3 4 3 2 1 None 2 3 4 4 4 4 4 4 4 4 3 4 4 4 3 3 2 4 2 3 4 4 5 3 3 5 3 4 4 1 4 4 4 3 3 4 4 3 3 4 4 2 4 3 4 4 4 4 4 4 2 4 4 4 2 1 4 4 4 4 3 4 3 4 4 3 4 4 4 4 4 4 4 3 4 5 4 3 2 3 3 4 3 4 4 5 4 4 4 3 3 3 4 4 3 4 3 4 4 4 3 2 3 4 5 2 3 4 5 4 4 3 4 4 4 3 2 3 4 3 3 3 3 3 4 5 4 4 4 4 4 3 3 4 4 4 3 3 4 2 4 3 3 4 4 4 5 4 4 3 2 4 3 5 4 4 4 3 4 4 4 4 3 4 3 4 4 3 2 3 1 3 4 4 4 3 4 4 4 4 4 4 3 4 4 3 5 4 3 4 4 4 3 3 4 4 3 2 3 3 4 4 4 4 3 4 4 4 4 3 4 3 4 3 3 2 4 3 3 4 5 5 4 4 3 3 4 4 4 4 3 4 5 3 4 4 4 4 4 3 4 4 4 5 3 4 5 4 3 4 4 5 4 3 1 2 4 3 4 3 3 4 2 3 4 2 4 3 4 4 2 3 4 4 4 4 3 
33 31 29 35 27 19 13 15 14 16 14 17 21 11 4 4 3 5 1 3 4 3 3 4 3 4 4 4 2 4 5 3 4 3 5 5 3 4 4 4 2 2 2 4 3 4 5 4 4 5 4 3 5 4 4 6 4 4 3 3 2 4 3 3 4 2 4 3 4 4 5 3 3 4 4 4 4 3 5 4 3 4 4 4 4 4 4 3 4 4 4 3 4 5 3 4 5 4 5 4 4 4 3 4 4 3 4 3 4 4 4 4 4 3 4 4 5 4 3 3 3 4 4 3 3 4 4 4 3 5 4 3 4 4 4 4 3 4 3 6 5 4 4 4 4 4 4 4 4 4 4 4 3 4 4 4 4 4 4 3 3 1 5 3 4 5 5 4 4 4 4 3 2 4 4 4 3 2 4 4 5 3 3 3 3 3 4 4 3 4 3 4 3 3 3 3 4 4 2 1 4 4 4 3 4 4 5 4 4 5 4 4 3 4 5 4 4 4 4 4 4 3 2 None 4 4 4 4 4 3 3 5 4 2 3 4 3 4 5 4 4 4 3 4 4 4 3 4 3 4 3 5 3 3 3 4 3 3 4 4 5 4 5 3 4 2 4 5 4 4 3 5 3 3 5 4 2 2 3 4 3 3 2 4 5 5 5 4 4 3 5 2 5 3 4 5 4 4 5 4 5 4 4 5 4 4 5 3 4 3 4 4 5 4 4 4 5 3 4 4 4 4 4 4 3 3 3 5 3 4 4 5 3 3 3 5 2 4 3 4 4 4 4 4 4 4 4 3 5 4 5 3 4 3 4 4 5 4 5 4 4 4 4 4 5 3 3 3 2 5 4 3 4 4 4 4 3 4 3 4 5 3 4 4 4 2 3 4 3 3 3 4 5 2 2 3 4 4 4 2 3 3 3 4 2 4 4 3 3 4 2 4 4 4 3 3 4 4 4 4 4 5 4 4 4 3 2 4 4 4 5 3 4 4 4 5 4 4 4 4 3 3 4 3 4 5 5 4 4 4 2 4 2 4 3 5 4 4 3 4 4 4 3 4 4 4 5 5 3 4 5 4 4 4 5 5 5 3 3 2 1 4 4 4 4 3 4 2 3 3 4 4 4 4 3 3 4 3 2 3 
33 31 29 35 27 19 13 15 14 16 14 17 21 11 4 3 4 4 3 3 3 5 4 4 3 4 4 4 4 4 4 3 4 3 3 3 5 3 4 4 3 4 4 3 3 2 4 3 3 4 4 3 4 3 3 5 4 4 4 1 3 2 6 3 4 4 3 3 4 2 4 3 3 3 4 3 4 4 4 4 2 4 3 4 4 2 5 3 4 3 4 4 4 3 4 4 3 4 3 4 4 4 3 4 4 4 2 4 5 3 4 3 4 4 4 4 4 4 4 3 4 3 2 4 4 1 3 3 4 4 4 3 4 4 4 2 3 4 3 4 5 3 3 3 4 4 3 4 3 4 3 3 4 4 4 4 4 4 3 4 4 4 4 3 3 4 3 4 4 4 3 4 5 3 4 4 4 3 4 4 4 5 5 5 4 4 4 5 4 4 4 3 4 4 3 3 5 4 2 3 2 4 4 3 3 4 5 4 3 4 3 4 5 4 3 4 4 2 4 4 4 4 3 4 None 3 3 3 3 3 2 4 3 4 3 2 3 4 3 4 4 4 4 4 3 5 4 4 4 4 3 5 4 4 5 5 3 2 3 4 5 5 4 4 5 4 3 4 4 4 3 4 2 1 4 4 4 4 4 4 4 4 5 2 4 2 5 4 4 3 4 4 1 3 4 4 4 3 5 2 3 3 4 1 5 4 5 3 3 3 4 2 4 4 4 3 5 4 5 4 3 2 3 4 3 4 4 4 4 4 3 4 4 3 4 4 5 2 4 5 4 4 4 4 4 4 3 3 3 4 3 3 2 4 2 3 3 4 5 3 4 4 3 4 3 3 3 4 3 4 2 1 3 4 5 4 4 5 4 4 4 4 4 4 4 4 4 3 4 4 3 5 4 2 3 4 4 4 4 3 3 4 4 5 4 4 3 2 3 4 3 3 4 3 4 3 2 5 4 3 4 3 3 4 4 3 4 4 3 1 3 4 3 4 2 3 4 4 3 4 4 4 5 4 4 4 4 4 3 3 2 3 4 2 4 5 2 4 4 3 5 4 4 3 4 5 6 4 3 5 4 4 3 4 5 4 3 4 4 4 3 4 2 5 3 4 4 4 3 4 4 3 2 3 3 4 3 4 3 2 
32 30 28 34 26 18 12 14 13 15 13 16 20 10 3 4 5 4 5 5 4 4 5 3 4 4 4 4 5 4 4 3 3 4 4 4 4 1 3 3 3 5 4 2 4 4 4 4 3 5 4 5 4 4 5 5 4 4 3 3 4 3 5 3 3 4 4 3 3 4 3 4 3 3 3 4 4 4 3 3 2 3 2 3 4 3 3 2 4 4 4 4 4 2 4 3 4 4 4 3 3 5 4 4 3 4 5 5 5 3 5 2 5 4 4 4 4 3 4 4 2 4 4 3 4 3 5 4 4 4 4 4 3 2 4 4 3 3 4 6 5 3 3 4 5 3 3 5 5 4 3 4 2 4 3 4 4 3 4 4 3 4 4 5 4 4 3 3 4 4 3 4 5 3 4 3 3 3 3 4 4 3 2 4 4 2 4 4 4 3 2 4 4 4 4 4 4 4 4 4 4 3 3 4 4 3 5 3 4 4 4 5 4 3 4 3 3 2 5 5 4 4 4 4 3 None 3 4 5 4 3 4 3 5 4 5 4 2 5 3 5 4 5 4 4 5 4 5 4 5 3 2 5 3 4 3 3 4 4 3 4 4 4 4 4 4 5 4 3 4 4 4 2 4 4 5 3 3 3 4 2 2 5 4 5 4 5 4 4 4 5 3 4 4 3 4 4 5 5 4 4 3 3 4 4 1 2 3 4 3 4 4 4 4 5 3 3 4 3 3 5 3 4 3 4 2 3 6 4 3 4 4 4 4 4 4 4 4 3 4 3 4 3 4 4 4 4 4 4 4 3 4 4 4 3 4 4 3 3 4 1 3 3 4 4 3 4 4 3 4 5 4 4 4 4 3 2 4 4 4 4 3 4 4 4 4 4 3 4 4 3 5 4 4 4 4 4 4 3 3 2 2 5 4 3 5 4 3 5 3 3 4 3 2 4 4 4 4 4 4 4 4 3 4 3 1 3 4 2 3 2 4 3 3 5 5 3 4 4 4 4 3 3 5 3 4 4 5 4 4 3 4 4 4 5 4 3 3 2 5 4 2 3 3 4 4 5 5 4 4 4 5 4 5 5 3 3 5 4 3 4 4 2 4 4 4 3 2 4 3 3 4 4 2 4 3 4 3 5 4 
33 31 29 35 27 19 13 15 14 16 14 17 21 11 4 4 4 4 3 4 3 4 4 1 4 4 3 3 3 4 4 3 3 3 2 3 3 4 4 3 4 5 3 4 4 4 4 2 4 4 3 3 4 1 4 4 3 4 4 4 2 4 5 3 4 5 4 3 4 3 4 4 3 3 3 3 5 3 4 2 4 3 2 4 3 3 4 4 2 3 4 3 3 3 4 3 4 4 5 4 3 4 4 4 3 3 3 3 4 3 5 4 4 3 3 2 5 4 3 4 3 3 5 4 3 4 2 5 4 4 3 2 3 3 5 4 4 3 4 5 4 4 4 4 5 4 4 4 5 4 3 4 3 4 5 3 4 3 4 3 4 4 3 4 4 4 3 4 3 4 5 3 2 4 3 3 4 4 5 4 4 4 3 4 4 4 4 4 3 4 4 3 4 4 4 3 4 4 3 4 3 3 4 4 2 2 5 4 3 4 4 4 3 3 3 4 3 5 3 4 3 3 4 4 3 3 None 4 3 3 5 3 4 4 4 3 4 4 4 3 5 3 3 4 4 4 3 4 3 3 4 4 3 4 3 4 2 3 4 4 4 3 4 4 4 4 4 4 3 4 4 4 5 3 4 3 3 3 4 4 4 4 4 4 5 4 5 4 3 4 4 4 3 4 4 4 4 4 4 3 4 3 4 4 5 2 3 4 4 3 4 3 4 4 4 4 4 3 4 4 3 4 4 2 3 3 4 3 4 4 4 5 1 3 3 3 3 5 2 4 4 4 4 3 4 4 4 4 4 4 4 4 5 4 4 3 4 4 4 4 4 5 2 3 4 4 3 2 3 4 4 4 3 4 4 3 5 2 3 4 5 4 3 4 4 4 3 2 1 3 4 4 3 4 3 4 3 4 3 2 3 4 2 3 4 6 3 4 4 4 4 3 4 4 3 4 2 4 4 4 2 1 4 4 3 3 3 3 4 4 4 4 3 2 4 4 3 3 3 2 4 2 4 4 3 3 4 3 3 2 4 4 4 1 5 5 3 3 1 4 4 3 4 3 4 4 5 4 3 3 3 4 4 2 5 5 4 4 3 4 4 3 4 4 4 4 4 3 4 2 4 4 3 3 2 3 4 3 4 4 
33 31 29 35 27 19 13 15 14 16 14 17 21 11 4 5 4 5 4 4 3 3 5 5 3 5 4 4 4 4 5 4 4 4 4 5 5 3 4 4 4 5 4 3 4 5 4 4 4 4 4 4 3 3 4 5 4 4 3 2 4 3 4 3 4 5 3 3 3 3 5 2 4 3 3 4 5 3 5 5 4 4 4 5 4 3 5 4 4 4 5 3 3 4 4 5 4 5 4 4 5 4 5 5 5 3 3 5 6 5 3 2 4 4 4 3 3 4 5 4 4 4 3 1 3 4 4 4 4 5 4 4 5 4 5 4 5 3 4 6 6 4 4 3 5 5 5 5 5 3 4 3 5 6 4 5 4 4 5 5 4 3 5 4 3 4 4 3 4 3 4 4 4 5 4 5 5 4 4 5 4 2 4 5 4 4 4 5 4 5 4 4 4 5 4 4 4 4 3 4 4 3 4 4 4 3 5 3 4 5 4 3 3 4 5 5 2 3 4 5 3 4 4 4 3 4 4 None 3 3 5 6 4 4 4 5 3 4 4 4 5 3 4 3 4 3 4 5 4 3 5 4 4 4 4 4 4 4 4 4 4 4 4 5 5 4 5 1 4 5 4 3 5 4 4 3 4 4 4 5 5 4 5 5 5 4 6 2 5 3 3 4 4 4 5 5 4 5 5 3 4 4 5 4 4 5 5 4 5 5 4 5 4 2 5 4 5 2 3 4 5 3 4 5 4 4 4 5 4 5 3 5 5 5 5 4 4 4 3 5 4 4 5 4 5 5 4 5 4 3 4 5 4 4 3 3 4 4 4 4 4 3 4 4 4 4 4 3 2 4 4 4 4 5 5 5 4 4 5 4 5 5 3 5 3 5 3 4 4 5 5 4 5 3 4 4 3 4 4 4 3 2 4 2 4 5 5 4 5 3 4 5 4 4 4 4 4 4 5 4 5 4 4 5 4 4 4 5 4 4 4 5 4 4 3 3 4 3 4 3 3 5 5 5 4 3 4 5 2 4 4 4 2 5 4 6 3 4 5 4 3 4 4 4 4 4 6 4 3 4 4 4 2 4 5 5 4 4 4 4 3 4 4 4 5 4 5 3 4 4 2 4 5 4 2 1 3 4 3 4 
32 30 28 34 26 18 12 14 13 15 13 16 20 10 3 4 4 4 4 4 4 3 3 4 3 3 4 3 4 4 5 4 4 4 4 4 3 4 3 4 4 4 4 4 4 3 5 3 4 4 3 3 4 4 4 5 4 4 4 2 3 5 5 4 3 4 4 4 5 3 4 3 3 4 4 1 3 4 4 4 4 4 3 2 4 3 2 3 4 4 4 4 4 5 5 4 5 3 3 4 5 4 3 4 3 4 3 3 4 5 2 4 2 3 5 3 4 3 5 4 3 4 4 4 4 3 3 4 4 4 4 3 4 3 4 3 4 4 3 5 5 4 3 4 4 4 4 5 2 4 3 4 3 4 3 4 4 3 2 4 4 4 3 4 4 4 3 4 3 4 4 4 3 5 4 4 4 4 5 4 4 3 4 4 4 4 4 4 3 2 3 4 3 3 4 4 3 2 4 4 4 4 3 4 5 4 5 3 2 4 4 4 4 3 4 4 4 3 4 5 3 3 4 4 3 4 3 3 None 2 3 4 3 4 5 4 4 4 4 4 4 4 4 3 4 5 3 5 1 4 4 3 3 4 4 5 3 3 3 4 5 3 4 2 4 4 3 2 2 4 3 5 4 4 4 4 3 3 4 5 4 4 5 2 2 1 4 4 4 2 4 3 3 5 4 5 3 3 5 4 4 3 4 4 3 4 4 4 4 3 4 3 4 4 4 3 3 4 4 3 4 2 5 3 3 3 3 4 4 4 2 4 2 2 4 5 4 4 2 4 4 4 4 4 4 4 3 4 4 3 4 3 4 3 3 4 3 4 4 4 4 4 4 4 3 3 1 4 3 3 3 3 3 4 4 2 4 4 3 4 5 5 3 4 4 4 3 3 2 4 4 3 4 3 4 4 4 3 4 4 3 4 1 3 3 5 2 3 3 5 4 3 3 4 4 3 4 3 4 4 2 3 3 4 4 3 4 2 4 2 4 4 3 2 3 4 3 4 3 3 4 4 5 4 4 4 4 4 3 3 4 4 4 4 3 6 2 4 3 5 4 4 2 3 4 3 5 4 4 4 3 4 1 4 4 4 4 3 4 2 3 4 3 3 3 4 4 2 3 4 3 4 4 3 4 4 4 4 4 4 
30 28 26 32 24 16 10 12 11 13 11 14 18 8 1 2 4 4 3 5 4 3 5 4 4 4 3 2 4 2 4 3 4 3 4 4 3 3 3 3 3 4 3 4 3 3 5 3 3 4 3 2 4 3 4 4 4 4 4 4 2 4 5 3 2 3 4 3 4 4 4 4 4 3 4 3 4 3 4 3 3 3 3 4 3 4 3 3 3 4 4 4 4 4 4 3 4 4 3 3 4 3 2 4 4 3 3 4 5 3 2 3 4 3 4 3 3 3 4 3 3 4 4 4 3 3 3 3 3 4 3 3 4 4 4 3 4 4 2 5 5 4 3 4 4 4 4 4 4 3 2 2 3 4 4 3 4 4 3 3 4 4 4 5 4 4 3 3 3 3 3 3 3 5 4 3 3 3 4 4 4 2 2 3 4 4 4 2 1 3 3 4 4 3 2 4 4 4 3 4 5 3 3 4 4 3 3 3 2 5 2 4 3 2 2 4 3 3 4 4 2 3 4 3 3 3 3 3 2 None 2 4 3 3 4 4 4 3 4 4 4 4 4 4 3 4 2 4 2 3 2 4 3 3 4 4 2 1 2 3 3 4 4 3 4 4 3 2 3 3 3 4 4 3 5 4 2 3 3 3 3 3 5 3 4 3 4 3 4 2 4 3 4 3 3 3 4 2 4 2 3 4 3 4 5 4 4 3 2 4 4 4 4 3 3 3 4 4 4 4 4 4 4 4 4 4 3 5 4 3 2 4 3 4 2 4 4 4 3 4 3 4 3 3 4 3 3 4 4 4 3 4 4 2 5 3 3 4 4 3 3 4 3 3 4 2 3 3 3 4 4 4 3 4 3 4 4 4 2 3 4 4 4 3 4 3 4 1 2 3 4 4 4 4 3 3 3 1 3 2 2 4 2 2 3 5 3 3 4 3 3 3 3 3 3 3 3 5 4 4 3 4 4 2 3 2 3 3 4 3 3 4 4 3 2 4 4 3 2 3 4 4 4 3 3 2 4 3 3 3 3 4 4 4 5 4 2 4 3 5 4 4 3 3 4 4 4 3 4 4 3 3 1 2 5 4 4 3 2 4 3 3 3 4 2 3 3 1 3 3 3 3 3 3 3 3 4 3 4 4 
32 30 28 34 26 18 12 14 13 15 13 16 20 10 3 4 3 4 4 3 4 4 4 4 4 3 4 4 4 2 4 4 4 4 5 3 4 4 5 4 3 4 4 2 4 4 3 4 4 5 4 3 4 5 4 5 4 4 5 3 4 3 5 3 4 4 4 4 4 4 4 3 4 3 4 4 4 3 2 4 4 5 3 4 5 2 4 4 3 4 4 4 4 4 5 3 4 4 3 3 4 4 3 4 3 4 3 5 5 5 4 4 4 4 4 5 5 4 4 4 3 4 4 4 4 3 3 4 4 4 4 3 2 3 4 4 4 2 3 5 5 3 1 2 4 3 4 3 3 4 4 4 5 4 3 4 5 3 3 3 4 4 4 5 4 4 3 3 3 2 1 3 3 3 4 3 4 5 3 5 4 4 4 4 2 4 3 4 3 2 4 3 4 4 4 4 4 4 4 4 4 4 4 3 4 4 5 4 3 4 4 4 4 4 4 4 3 4 4 4 3 4 4 3 2 3 5 5 3 2 None 6 4 3 2 3 3 5 3 4 5 4 4 4 4 4 4 5 3 3 4 4 4 4 4 3 4 3 4 4 4 5 4 4 5 5 5 4 4 4 3 4 2 3 3 5 3 4 3 4 4 2 4 2 4 2 5 3 5 4 4 5 3 4 5 5 4 4 5 4 4 3 4 3 4 4 4 4 4 4 3 2 5 5 3 4 3 4 4 3 5 4 4 4 4 4 2 6 3 4 4 4 4 3 4 4 5 2 3 5 4 4 4 2 3 5 4 4 3 4 4 4 4 4 4 3 3 4 4 4 3 3 4 3 4 4 3 4 5 3 4 3 3 4 4 4 4 5 4 4 4 4 3 4 3 4 2 3 4 4 3 4 4 4 5 4 3 3 3 4 3 5 4 4 4 4 4 4 4 5 1 3 4 1 3 4 4 5 4 4 4 4 3 4 5 3 4 4 4 1 2 4 4 4 4 4 4 4 3 4 4 4 4 4 4 4 4 4 4 3 3 3 3 4 4 6 4 4 5 3 3 3 4 4 4 3 5 4 5 5 3 3 3 4 4 2 2 4 4 3 2 4 2 3 4 4 4 3 4 4 3 3 4 3 4 5 2 4 5 4 
33 31 29 35 27 19 13 15 14 16 14 17 21 11 4 4 5 4 5 3 4 5 5 4 5 5 5 4 5 5 4 4 4 4 5 5 5 4 4 5 4 3 5 4 3 2 5 4 4 5 4 4 4 3 5 4 5 4 5 5 4 4 6 4 5 4 5 5 5 4 4 5 4 4 4 3 4 3 5 3 3 5 4 4 4 5 4 5 4 4 4 5 5 5 4 5 5 5 5 5 4 5 3 4 5 4 4 4 5 3 6 5 5 5 5 4 4 3 4 5 5 3 4 6 5 3 5 5 5 4 5 4 5 4 5 4 3 5 4 6 5 5 5 4 6 4 5 6 4 5 2 4 4 5 5 4 5 4 5 4 4 5 4 5 5 5 3 5 4 4 5 4 5 5 4 4 5 4 4 4 5 4 4 5 6 4 5 3 4 5 5 5 5 4 5 3 5 2 4 4 4 4 3 5 4 5 4 4 3 5 5 5 5 5 4 5 5 5 2 5 4 5 4 5 4 4 3 6 4 4 6 None 3 4 5 5 5 4 5 4 5 5 5 4 3 5 5 4 4 5 3 4 4 5 4 6 4 3 3 4 4 4 4 5 5 5 1 5 4 3 4 5 4 3 6 5 4 5 5 5 4 5 6 4 5 4 5 5 4 5 5 5 5 5 4 4 5 2 1 4 4 4 4 3 5 3 4 4 5 5 6 5 4 5 5 5 4 5 5 5 3 4 4 3 4 5 5 6 4 5 4 5 4 4 5 5 6 4 5 4 3 4 4 5 4 4 5 5 5 6 5 5 4 2 5 5 5 5 5 4 5 5 3 4 5 4 4 3 4 6 6 5 4 5 5 5 5 5 4 5 5 5 3 3 5 4 5 3 4 4 4 6 4 4 5 4 5 4 4 3 4 5 4 4 5 6 4 5 5 5 5 5 4 5 4 5 2 4 5 5 4 4 5 5 5 4 5 5 5 5 5 4 4 3 4 5 5 4 4 4 5 5 5 5 5 4 5 3 5 5 5 5 6 4 3 5 4 5 2 5 5 4 4 4 5 6 6 5 4 5 4 5 5 3 6 4 4 5 4 5 5 4 5 5 4 4 5 3 3 3 4 4 4 4 4 5 6 4 4 4 
33 31 29 35 27 19 13 15 14 16 14 17 21 11 4 5 4 4 4 4 4 4 4 4 5 5 4 3 4 4 4 4 1 3 3 2 5 2 4 3 4 4 4 4 4 3 4 2 3 4 4 5 4 4 4 5 2 3 3 4 3 3 4 4 4 4 4 4 4 5 3 4 4 4 3 4 3 2 5 3 4 3 3 5 4 4 4 4 4 3 4 3 4 5 3 3 3 4 4 2 4 3 4 4 3 4 3 5 5 4 3 2 4 4 3 2 4 4 4 4 4 3 3 3 4 2 4 4 3 5 4 3 3 2 3 4 4 3 4 6 5 4 4 4 4 2 3 4 4 3 3 4 4 2 4 3 3 4 4 4 4 5 4 4 3 4 4 4 4 3 4 2 4 4 4 4 4 4 3 5 5 4 4 3 5 4 3 5 4 3 3 4 4 4 4 5 4 5 4 3 3 1 4 3 4 4 5 4 4 5 4 2 3 3 5 5 2 4 4 4 3 4 4 4 3 4 4 4 3 3 4 3 None 4 5 4 2 4 4 4 5 4 5 4 4 4 4 4 3 3 4 4 4 2 3 4 3 4 4 4 5 4 3 4 5 4 4 3 4 4 3 2 3 4 3 4 4 4 3 4 3 3 5 4 5 4 4 4 5 3 4 4 4 4 3 3 4 5 4 3 4 4 5 4 5 3 4 3 4 5 5 4 1 3 4 2 4 4 5 4 4 4 3 4 4 4 4 5 3 3 3 4 4 4 4 4 5 3 3 4 3 4 3 3 4 5 4 3 2 4 5 3 3 4 4 3 3 4 5 4 5 4 4 4 4 3 4 3 4 4 4 3 3 4 4 5 4 3 3 4 4 3 4 4 4 3 3 2 3 3 5 4 5 3 4 4 3 4 3 4 1 4 4 2 3 5 4 3 4 3 4 3 4 4 3 2 4 4 5 4 4 4 3 3 4 4 2 5 2 4 4 5 4 3 4 4 4 3 4 4 4 3 5 4 2 3 4 5 4 4 2 4 4 5 5 5 1 4 4 4 4 4 3 2 3 4 5 4 4 4 4 4 2 3 5 4 3 3 4 4 3 5 4 3 4 3 4 4 4 4 3 3 4 2 3 4 4 3 4 3 
33 31 29 35 27 19 13 15 14 16 14 17 21 11 4 3 4 5 3 4 4 3 4 3 4 4 5 3 3 3 5 4 5 4 5 4 3 4 5 4 2 4 3 4 3 4 5 3 2 5 4 2 4 4 5 4 3 4 5 4 3 3 5 4 4 4 4 4 5 5 4 4 5 4 4 3 4 4 3 4 4 4 4 4 4 4 3 3 3 4 5 4 4 5 4 4 4 4 4 4 4 4 4 3 3 3 3 4 4 2 4 4 4 3 3 4 4 3 4 4 4 4 4 3 5 4 5 3 1 4 5 2 4 3 5 4 3 5 3 5 5 3 4 4 3 4 4 4 4 4 4 3 4 4 4 4 5 4 4 4 4 3 5 5 4 4 4 2 4 4 4 5 4 4 4 4 3 3 5 4 4 4 4 3 4 4 3 4 4 4 3 4 3 1 3 4 3 2 3 3 3 4 4 3 4 4 5 4 3 5 3 3 4 4 4 4 4 4 3 4 3 3 3 2 4 5 4 4 4 3 3 4 4 None 3 3 4 4 4 3 4 4 3 4 3 5 5 2 3 3 3 5 4 4 3 4 4 4 4 3 5 5 4 3 5 4 3 4 4 4 3 4 3 4 4 4 2 4 4 2 4 3 4 4 5 3 3 5 4 4 4 4 4 4 4 3 4 4 4 4 3 2 3 4 4 4 4 3 4 3 3 4 4 3 4 3 4 3 3 4 5 3 4 5 4 3 3 5 3 2 4 5 4 4 3 5 4 5 4 4 4 3 4 3 4 2 2 3 4 4 5 3 4 3 3 2 4 3 3 4 5 4 5 2 3 3 3 3 4 5 3 3 2 3 2 4 3 4 2 4 3 3 3 4 4 4 3 3 4 3 5 4 5 4 4 4 4 4 4 4 3 5 4 4 4 5 4 3 3 3 2 4 3 4 4 4 3 4 4 3 3 4 4 3 3 4 2 4 4 4 4 3 4 4 4 4 4 4 3 3 4 3 4 4 4 4 3 3 3 4 2 4 2 4 3 4 4 4 5 5 3 4 3 3 4 4 6 4 4 2 3 2 4 5 6 4 3 2 1 2 1 4 3 4 4 4 2 3 4 3 4 4 4 3 4 5 5 4 4 4 
33 31 29 35 27 19 13 15 14 16 14 17 21 11 4 5 4 5 4 4 4 3 5 3 5 3 5 5 3 3 4 4 4 4 3 4 4 5 4 4 3 5 5 4 4 4 5 3 5 5 4 5 5 4 4 6 4 5 4 4 5 5 6 4 5 5 5 5 4 5 4 5 3 4 4 5 4 4 4 5 4 4 3 4 5 4 4 4 4 4 4 3 3 6 4 3 2 4 5 4 4 3 5 5 5 4 4 5 6 4 4 5 5 4 5 5 5 5 3 5 4 4 4 4 5 3 4 4 4 5 2 2 4 5 5 5 4 4 4 5 3 3 3 4 5 3 4 1 4 3 3 5 5 5 5 5 5 4 5 4 4 4 5 5 4 5 4 3 5 4 3 3 3 3 4 4 4 5 5 5 5 4 4 4 4 5 4 4 4 4 4 4 4 4 5 5 5 4 4 4 5 5 4 4 4 3 5 4 3 5 4 3 2 3 3 5 3 5 5 4 4 4 4 3 3 4 4 4 5 4 2 5 5 3 None 1 4 4 5 4 5 4 4 5 4 3 3 4 5 4 4 5 4 5 4 5 4 4 5 5 5 5 5 4 6 3 5 5 4 4 4 4 2 4 5 4 3 4 3 5 5 2 4 4 5 4 4 4 3 5 5 5 4 4 5 5 5 5 6 4 4 3 4 4 5 4 5 4 5 4 5 4 4 4 3 5 5 4 4 5 5 5 5 3 4 4 2 5 5 4 4 4 5 4 5 4 5 4 3 5 4 4 5 4 4 4 4 4 5 5 5 4 4 5 4 4 5 5 5 4 5 5 2 5 5 4 4 5 4 4 3 4 4 4 5 5 4 4 5 5 5 4 3 5 3 4 2 4 4 4 3 3 3 4 5 4 4 4 3 5 4 4 5 4 5 6 6 5 3 5 1 4 4 3 4 5 5 4 4 4 5 4 3 5 4 3 3 5 4 3 4 4 5 5 5 5 4 4 4 5 5 5 4 4 4 4 5 5 4 3 3 5 3 3 5 6 4 4 4 4 5 3 4 3 4 5 5 5 4 5 5 4 4 4 5 4 3 4 3 3 2 4 4 3 4 4 4 4 4 5 4 4 4 4 3 3 4 4 5 4 
34 32 30 36 28 20 14 16 15 17 15 18 22 12 5 5 5 6 5 5 4 4 4 2 5 4 5 5 2 4 5 5 4 3 4 5 4 4 5 4 4 4 4 5 5 4 5 4 5 5 3 4 5 4 4 5 4 4 5 3 4 4 6 4 5 4 5 4 4 4 4 5 4 4 5 4 5 4 5 5 4 4 3 4 5 4 4 5 3 4 5 3 4 5 4 3 1 4 5 4 4 4 4 4 5 4 4 5 5 3 5 4 6 3 4 4 4 5 4 5 4 3 4 4 5 3 5 4 3 5 3 1 4 5 5 4 4 5 3 6 4 4 4 5 4 2 3 2 4 4 3 4 5 5 4 5 5 4 4 4 5 4 5 5 3 5 5 4 5 4 4 4 3 4 5 4 4 5 4 5 4 5 4 3 5 4 4 4 3 5 3 4 5 3 4 5 4 4 4 3 4 5 4 3 5 3 5 5 2 5 4 2 3 4 4 5 3 4 5 5 3 3 4 4 2 5 3 5 4 4 3 5 4 3 1 None 3 5 5 4 4 4 5 4 4 4 4 4 5 3 4 4 3 4 3 6 4 3 4 4 5 4 4 5 6 4 5 5 4 5 4 3 3 3 4 5 4 4 4 4 5 3 4 4 5 3 5 4 4 5 5 4 3 4 5 4 4 4 6 4 3 2 3 3 5 4 5 3 5 5 4 4 3 3 4 4 5 5 5 5 5 4 5 4 4 4 3 6 4 3 5 5 4 3 4 5 5 4 3 4 3 5 4 4 5 3 3 3 4 5 5 5 4 4 3 3 5 4 5 4 5 6 3 5 4 4 4 5 5 5 4 3 4 4 4 4 5 3 4 5 4 3 4 5 4 4 2 4 4 4 4 4 4 4 4 3 4 4 2 4 3 5 5 4 4 6 5 4 2 5 2 5 4 4 5 4 4 5 5 4 5 4 4 4 5 4 2 5 5 3 5 4 5 4 4 4 4 5 3 4 4 5 5 3 4 3 4 4 4 4 4 5 4 4 5 5 3 4 4 5 4 4 3 2 3 5 6 4 4 5 5 3 4 4 5 5 3 3 2 4 3 5 3 3 4 3 3 5 4 4 5 5 4 3 4 4 5 4 4 4 
32 30 28 34 26 18 12 14 13 15 13 16 20 10 3 4 4 4 4 5 4 4 3 4 4 5 4 3 5 3 3 4 1 4 4 2 4 3 4 4 4 4 4 2 3 3 4 3 3 4 4 4 5 4 3 5 3 2 3 4 4 3 5 3 4 4 5 5 4 4 3 4 4 4 4 3 4 4 3 3 4 2 4 4 4 5 3 4 3 4 3 5 2 4 5 3 4 4 4 4 4 3 4 3 4 4 4 4 3 4 4 4 5 3 4 4 3 4 4 4 2 3 4 4 4 2 4 4 3 5 4 4 4 4 5 4 4 3 4 6 4 4 4 4 4 2 3 4 4 5 4 2 4 4 3 4 4 3 4 4 4 3 4 4 4 4 3 4 4 3 2 2 4 4 4 3 3 3 1 4 4 5 2 4 5 3 4 4 4 4 4 5 3 4 3 4 4 4 4 4 5 3 4 4 5 3 4 4 4 5 4 4 3 3 4 3 4 5 5 5 3 3 4 3 3 4 4 3 4 4 3 5 2 4 4 3 None 4 3 4 3 5 4 4 3 4 4 5 4 4 4 3 4 4 4 4 3 3 4 4 4 4 5 4 5 4 4 2 5 3 3 2 3 2 3 4 4 4 3 4 4 3 5 5 4 5 5 3 5 4 3 5 3 4 4 5 4 4 5 4 4 4 4 4 4 3 4 1 4 4 5 4 3 3 4 4 4 4 4 4 4 4 4 3 3 3 4 6 3 4 4 5 4 2 4 5 4 1 3 3 2 3 4 4 3 5 3 4 3 4 4 4 3 3 3 4 4 3 4 2 3 3 4 4 4 4 4 4 4 3 5 4 3 3 4 3 4 3 2 4 2 5 4 3 4 3 4 3 3 4 4 4 3 3 2 3 3 4 3 5 3 4 4 3 1 3 4 3 3 4 4 4 4 3 4 4 3 4 4 4 4 4 4 4 3 3 4 4 2 4 3 5 4 5 3 4 4 4 4 4 4 3 4 4 4 4 5 4 3 4 4 4 5 5 4 4 3 3 4 2 4 4 4 3 4 3 6 4 4 5 4 5 3 4 4 5 3 4 4 4 4 4 4 4 3 3 3 4 5 3 3 4 3 3 3 4 4 4 4 3 
33 31 29 35 27 19 13 15 14 16 14 17 21 11 4 3 4 5 3 5 5 4 5 4 3 5 3 4 4 3 4 3 3 3 3 4 4 1 3 5 2 4 4 4 3 4 5 4 4 5 4 3 5 4 3 4 4 3 2 3 3 4 6 3 3 2 4 3 3 4 3 3 1 2 4 3 4 3 4 4 2 4 3 2 4 4 5 2 4 4 4 4 3 4 4 4 4 4 5 3 3 4 4 4 4 4 4 3 4 4 5 3 5 3 4 5 4 3 3 3 4 3 4 4 4 5 3 4 3 5 3 4 3 4 4 2 3 4 3 5 5 4 4 4 4 4 4 4 4 4 2 5 3 5 3 4 4 4 4 4 3 4 4 3 3 4 4 2 4 4 4 4 5 3 2 4 4 3 4 4 4 4 4 4 4 2 3 3 3 4 4 4 3 4 4 4 4 4 2 3 4 4 4 4 4 4 4 3 3 4 3 4 4 5 4 4 3 4 4 4 4 4 3 4 4 2 4 4 4 3 5 4 3 4 4 5 4 None 3 4 4 2 3 4 5 4 4 5 4 4 1 4 3 3 4 3 3 4 3 3 4 4 4 5 2 4 5 4 4 3 3 4 4 3 4 4 3 3 3 4 3 3 5 5 4 4 5 4 3 4 4 3 3 3 2 5 4 5 5 4 5 4 4 5 3 3 4 4 3 4 4 3 4 5 5 4 4 4 3 3 4 2 4 4 3 3 4 5 3 4 3 4 4 4 4 4 4 5 4 4 3 4 4 3 2 5 3 4 4 4 4 4 4 4 4 4 4 4 5 3 3 5 2 4 3 3 5 3 3 4 4 3 3 2 4 4 2 4 4 4 3 4 4 4 4 4 4 3 4 4 2 5 3 2 3 2 3 2 3 3 2 2 4 4 4 4 3 3 4 4 4 4 3 4 4 3 4 4 3 3 4 4 4 3 5 3 3 3 2 4 4 4 3 4 4 5 4 3 4 4 4 4 3 5 3 4 5 4 3 5 3 4 4 3 3 6 4 3 4 4 3 4 4 4 4 5 4 4 3 4 4 4 4 4 5 4 4 3 4 4 3 4 3 5 5 4 4 4 3 4 4 3 2 4 3 3 4 4 4 4 
32 30 28 34 26 18 12 14 13 15 13 16 20 10 3 2 4 2 4 3 4 4 3 4 4 5 4 3 4 3 4 4 4 3 4 5 4 4 3 4 3 4 4 3 4 3 5 4 4 5 4 3 5 5 3 4 4 3 5 4 4 4 4 4 4 3 3 4 4 4 4 4 4 4 4 3 5 4 3 3 4 4 5 4 3 5 4 4 3 4 3 3 2 5 4 5 4 4 4 3 4 4 3 5 3 3 4 3 4 5 5 5 5 3 4 4 4 3 4 2 5 3 4 4 4 4 4 3 4 4 4 5 2 4 4 1 2 4 4 4 5 3 3 3 2 4 3 4 5 3 3 5 4 4 4 2 3 4 4 4 4 4 4 4 4 4 3 3 4 3 2 3 5 4 5 4 3 3 2 3 1 3 4 5 4 3 4 4 4 4 4 4 3 3 4 4 4 3 4 4 3 4 4 5 3 3 4 4 4 4 2 4 4 4 4 4 4 4 4 5 4 4 3 5 3 5 4 4 4 4 3 5 4 4 5 5 3 3 None 2 4 5 4 5 4 4 3 5 4 4 2 4 4 4 4 4 3 4 4 4 5 4 2 5 4 4 4 4 5 3 4 5 4 4 5 4 4 3 2 3 3 4 5 4 5 5 5 3 4 4 4 4 4 4 3 5 3 5 5 4 3 4 5 4 5 4 5 3 4 4 5 4 5 5 4 3 3 2 3 3 3 3 4 5 4 4 5 5 3 3 4 4 4 4 4 5 5 3 4 3 4 1 4 4 4 4 3 4 3 4 5 5 5 3 5 3 3 4 3 3 4 4 4 4 3 4 4 4 3 3 2 3 2 3 4 5 3 3 4 4 4 5 4 4 5 3 5 4 4 5 4 5 4 3 4 3 4 3 4 4 4 4 4 5 4 5 2 3 3 4 4 1 4 4 5 4 4 5 4 4 2 3 5 3 4 5 5 3 4 4 3 5 4 3 4 5 3 4 3 3 3 4 4 5 4 4 5 2 4 5 4 4 3 4 4 6 3 4 4 3 3 5 4 4 3 4 5 4 2 4 3 4 4 4 4 4 3 4 4 5 4 3 5 4 4 4 4 4 4 3 3 4 3 3 5 4 4 5 4 4 
33 31 29 35 27 19 13 15 14 16 14 17 21 11 4 4 3 4 4 3 4 3 3 4 3 3 4 4 4 3 4 4 3 2 4 4 3 3 5 3 3 3 3 4 4 4 4 4 4 3 4 4 4 4 3 4 3 4 4 4 4 4 5 3 4 4 4 3 3 5 3 3 4 4 2 3 4 4 3 1 3 4 3 4 4 3 4 3 3 3 2 3 3 5 3 4 4 3 4 3 3 4 3 4 4 4 3 3 4 3 4 5 5 4 4 4 2 1 3 4 3 3 4 4 3 4 4 2 3 3 4 3 3 4 4 3 3 3 4 4 5 4 3 2 2 3 2 3 5 4 4 4 3 3 5 4 2 2 4 4 3 3 4 4 2 3 4 3 2 4 4 2 4 3 4 2 1 2 4 3 1 4 3 3 4 2 3 4 4 3 4 4 4 4 3 3 3 2 4 3 3 4 4 3 4 3 4 3 4 4 4 3 3 4 4 4 3 4 3 3 4 3 2 4 4 3 3 4 4 4 4 4 4 3 4 4 4 4 2 None 3 4 4 4 3 4 3 4 3 2 4 4 3 4 4 4 3 3 3 4 3 4 3 3 4 4 3 3 4 5 4 4 4 4 5 4 2 2 1 3 4 4 4 4 4 5 5 4 4 4 3 2 3 3 4 4 3 4 4 3 4 4 4 4 3 3 4 3 4 3 4 4 4 4 3 4 4 4 4 4 4 2 3 3 3 3 4 6 2 1 4 4 4 4 3 3 3 4 2 3 3 2 3 3 4 3 3 4 3 3 3 4 4 4 3 3 3 4 3 4 4 4 4 2 1 3 3 3 4 4 4 4 3 2 4 4 3 4 2 3 3 3 3 5 3 3 3 3 4 3 5 4 4 3 3 4 4 4 3 3 4 4 4 3 4 5 4 4 3 4 4 3 4 4 4 3 4 4 4 4 4 4 4 2 3 4 4 4 4 5 5 3 3 3 3 4 3 3 2 3 1 3 3 4 3 4 4 3 2 3 4 3 4 4 3 5 3 4 2 4 4 3 4 4 4 4 5 3 4 4 4 3 4 4 5 4 4 3 2 4 3 4 5 4 4 3 3 3 4 4 3 2 3 2 4 4 4 4 4 3 
33 31 29 35 27 19 13 15 14 16 14 17 21 11 4 5 4 5 5 5 4 4 5 4 4 4 3 4 4 4 3 5 4 4 3 5 5 4 5 5 4 5 4 3 4 4 5 4 4 4 4 4 3 4 3 3 4 3 4 4 5 4 6 4 4 4 5 4 3 5 4 5 3 4 4 3 5 5 5 4 5 5 4 2 4 4 5 5 4 4 5 3 4 5 5 5 5 5 5 3 5 5 4 2 5 5 4 4 5 4 5 5 4 3 5 5 5 4 4 5 5 5 4 4 5 5 4 5 4 6 4 3 4 4 4 4 5 5 5 5 5 5 5 5 4 5 5 5 5 4 4 5 3 4 3 4 3 4 4 5 3 5 6 5 4 4 4 4 5 6 5 4 4 5 4 4 3 4 2 5 4 5 4 5 6 4 4 4 4 4 5 4 4 3 3 5 5 4 4 4 5 5 2 5 5 4 5 4 4 6 3 4 4 3 4 5 4 5 5 4 4 3 4 4 4 5 5 5 4 4 5 5 5 4 5 4 3 4 4 3 None 3 4 5 5 4 4 4 5 3 3 5 4 5 4 4 3 4 4 4 4 5 2 4 4 4 4 4 5 4 5 5 5 5 4 4 4 3 4 4 4 5 5 4 5 5 5 4 4 5 4 3 5 3 4 5 4 5 5 2 1 2 3 5 1 4 5 4 4 4 5 4 5 5 5 5 5 4 5 5 3 4 4 5 4 4 4 5 5 4 3 4 5 4 4 4 4 4 4 4 4 5 3 4 4 5 4 3 4 4 5 5 5 3 3 4 3 4 5 3 4 4 4 4 4 4 5 5 5 3 3 3 4 4 5 4 3 5 4 4 5 5 4 4 4 4 4 3 4 3 3 4 5 4 4 4 4 4 4 4 4 5 4 4 4 5 4 4 5 4 4 4 4 4 4 5 5 4 2 3 4 4 4 5 5 4 4 3 5 4 5 4 5 5 4 5 5 4 4 4 2 3 5 4 4 4 4 4 3 5 4 5 3 5 3 6 4 5 5 4 5 3 4 4 5 6 6 4 5 5 5 4 4 4 4 5 5 5 4 4 3 5 3 5 4 4 5 4 5 5 4 3 2 3 3 4 5 5 4 4 
32 30 28 34 26 18 12 14 13 15 13 16 20 10 3 4 2 5 3 4 4 4 4 4 4 4 3 4 4 4 4 3 4 3 4 3 5 3 4 4 4 3 4 4 4 4 4 4 5 4 3 4 3 4 3 3 3 4 2 3 3 4 6 3 4 4 3 3 4 4 5 3 1 2 4 3 3 4 5 5 4 4 3 2 4 4 5 3 4 4 4 3 3 5 5 4 5 4 5 4 3 2 4 4 5 4 4 3 4 5 4 3 4 3 4 4 4 5 3 3 5 3 3 2 4 3 1 4 4 5 3 3 3 5 4 4 4 3 4 5 4 2 4 3 5 3 4 4 4 4 3 4 3 5 3 4 4 4 4 5 4 4 5 3 4 4 5 3 4 4 5 4 4 3 2 4 4 4 5 4 4 2 3 5 4 4 4 4 3 4 4 2 3 4 4 3 4 4 4 4 2 4 4 3 3 3 5 3 2 4 4 4 4 4 4 4 3 4 4 4 3 3 2 4 4 4 3 3 4 4 4 5 4 4 4 4 5 2 5 4 3 None 1 2 3 4 2 3 4 3 3 4 1 4 3 4 3 3 3 3 4 3 5 4 4 4 5 4 3 3 4 4 3 3 4 3 4 3 3 4 4 4 3 4 5 3 4 4 3 5 5 5 4 3 4 5 4 4 5 4 4 4 5 3 3 4 4 4 5 4 4 2 4 3 3 4 4 3 4 4 4 4 4 4 3 5 4 5 2 3 3 4 2 4 4 4 5 4 4 4 5 4 5 3 2 5 5 4 4 3 4 4 3 4 3 5 4 5 5 4 4 4 2 4 5 4 4 3 4 4 5 4 3 4 5 3 4 4 3 5 5 4 4 5 4 4 4 4 3 4 2 4 3 2 3 4 4 4 4 4 4 3 4 4 4 4 4 4 4 4 4 4 3 4 4 3 4 2 3 4 4 3 2 4 3 4 4 3 4 3 4 4 3 4 4 4 4 1 4 2 4 4 4 5 4 5 5 4 4 4 4 4 3 3 3 5 4 3 4 4 4 5 4 4 4 4 4 4 3 3 4 4 4 5 5 4 3 3 4 4 3 4 3 4 4 4 4 3 4 2 4 3 4 4 3 3 3 5 4 4 
33 31 29 35 27 19 13 15 14 16 14 17 21 11 4 5 1 5 4 3 3 4 4 4 5 3 4 3 5 3 5 4 4 3 4 4 4 4 4 5 3 4 4 4 4 5 4 4 4 5 4 3 4 4 4 4 4 3 3 4 4 3 6 4 4 5 3 4 4 4 5 4 2 3 4 4 4 4 4 5 4 4 3 3 4 3 5 4 3 3 3 4 4 5 5 5 4 4 5 4 4 3 5 5 4 4 3 4 5 5 5 4 5 4 4 3 5 5 4 4 4 4 4 3 4 4 2 4 3 4 4 4 4 5 5 5 4 4 4 5 5 3 3 2 5 4 4 5 5 3 4 3 3 5 4 4 5 4 5 4 4 4 5 3 3 4 5 4 4 5 4 4 3 4 3 4 3 3 4 3 5 3 4 4 4 4 3 4 4 4 4 3 4 4 4 2 5 5 4 4 3 4 5 4 4 4 5 3 3 5 4 3 4 4 3 3 4 4 3 3 4 4 3 3 4 5 3 4 4 4 4 5 5 3 4 5 4 3 4 4 4 1 None 1 2 4 3 4 3 2 4 4 2 5 4 3 3 4 4 3 5 4 5 4 5 5 4 4 2 4 4 4 4 4 3 2 3 4 3 4 5 4 2 5 5 4 5 3 4 4 5 4 3 4 5 5 3 3 4 4 5 5 4 4 4 5 4 3 5 4 4 3 4 2 3 4 4 2 3 4 5 4 3 3 2 4 3 5 3 4 4 4 3 4 5 5 4 5 4 4 4 5 5 3 3 5 5 4 3 3 5 4 4 5 4 4 4 4 5 4 5 4 3 5 4 4 4 4 5 5 4 4 4 3 4 4 4 4 2 4 4 5 4 4 4 5 4 3 2 4 3 4 4 3 4 5 4 4 5 5 4 4 3 3 5 5 4 5 4 4 3 5 3 5 4 4 5 3 4 3 4 4 3 4 2 4 4 3 5 4 5 4 4 4 3 5 5 2 4 1 3 5 5 5 4 4 5 4 4 3 3 4 3 4 4 6 5 4 4 5 3 4 4 4 5 5 5 4 4 2 4 3 5 5 5 3 4 4 4 3 2 3 4 5 4 4 4 4 4 3 3 2 3 4 3 4 2 4 5 5 
34 32 30 36 28 20 14 16 15 17 15 18 22 12 5 4 2 5 5 3 2 4 3 3 5 2 4 4 5 4 5 3 5 4 4 4 5 5 4 5 4 3 4 3 5 4 3 5 3 4 4 4 3 5 4 4 4 4 4 4 4 2 6 4 5 5 4 4 3 5 4 3 3 4 4 4 3 3 5 5 4 4 2 3 4 3 4 5 3 4 4 4 4 5 5 4 3 4 5 4 4 4 4 5 5 5 4 5 6 5 5 3 4 4 4 4 5 5 4 5 3 4 3 2 4 5 3 3 3 4 3 4 4 4 5 4 5 4 4 5 4 4 3 3 4 3 4 4 5 4 4 2 2 5 4 4 5 3 5 5 4 4 4 4 4 5 4 4 4 4 5 4 4 3 4 3 3 3 4 4 5 4 4 5 4 4 3 3 4 3 3 4 5 4 5 3 4 4 5 4 4 4 4 4 3 4 4 4 4 5 4 2 3 4 4 2 3 3 4 4 4 5 4 4 4 4 4 3 3 4 4 4 4 4 5 4 4 4 5 4 5 2 1 None 1 5 4 5 2 3 5 5 3 4 5 4 3 3 4 4 4 4 5 3 5 4 5 4 1 5 4 4 4 3 3 3 4 5 4 4 5 4 3 5 5 4 5 4 4 5 6 3 4 4 5 5 4 2 4 4 5 5 4 4 4 4 4 3 5 3 4 4 3 1 4 3 4 3 4 5 5 4 2 4 3 4 3 4 4 5 3 3 4 4 4 5 4 5 4 5 4 5 5 3 4 5 4 4 4 4 4 5 4 4 5 4 4 3 4 5 4 4 3 5 5 4 4 5 4 4 3 4 4 4 4 5 4 4 2 4 5 5 3 3 4 4 4 3 3 4 4 4 4 4 4 4 3 4 4 4 4 5 4 4 4 4 4 4 4 4 4 4 3 4 3 4 4 4 5 4 5 4 4 5 3 3 4 4 5 5 5 4 4 3 2 5 5 3 4 2 4 5 5 4 5 4 6 4 5 3 4 3 3 4 5 5 4 5 4 5 4 4 4 3 4 5 6 4 3 3 4 4 4 5 4 2 4 3 4 4 3 2 4 5 3 3 4 3 5 4 4 3 4 5 4 4 3 4 5 4 
33 31 29 35 27 19 13 15 14 16 14 17 21 11 4 3 3 4 4 3 2 5 4 4 5 3 4 3 4 4 5 4 4 3 4 5 4 4 3 4 4 2 4 2 4 4 4 4 4 5 3 4 3 4 3 3 3 3 4 3 3 1 5 3 4 4 4 4 4 4 4 4 4 4 4 4 4 2 5 4 3 3 3 4 3 4 4 4 2 4 4 3 3 4 4 3 4 3 5 4 5 4 3 4 4 4 4 5 5 4 4 2 3 4 3 3 4 4 4 4 3 4 2 3 3 4 4 2 2 3 2 4 3 4 4 3 4 4 3 6 5 3 4 4 4 2 3 3 4 3 3 3 3 4 3 3 5 4 4 4 3 3 3 4 5 4 3 3 4 3 4 4 4 4 5 3 2 2 3 3 4 4 3 4 5 4 4 2 3 3 4 4 4 4 4 4 3 3 4 3 3 3 3 5 2 3 3 3 3 5 4 3 4 3 3 3 4 4 4 5 3 4 4 4 3 4 4 4 4 3 4 3 4 3 4 4 3 5 4 3 5 3 2 1 None 4 3 4 3 4 4 4 4 4 5 5 3 2 3 4 3 3 4 4 5 4 4 4 2 4 4 5 3 2 4 4 3 4 3 3 5 3 4 4 5 3 4 3 4 4 5 3 4 3 4 4 3 1 4 3 4 4 3 3 4 4 5 2 4 2 3 4 4 2 4 4 3 4 4 4 5 5 1 4 4 4 4 4 3 4 2 4 4 4 4 5 4 4 4 4 3 4 4 4 4 4 5 4 4 4 3 4 4 3 4 3 4 2 4 4 3 3 4 5 4 4 4 4 3 4 4 4 4 4 3 4 4 4 1 3 4 4 2 2 4 4 5 2 3 4 3 5 3 3 3 3 4 3 4 4 3 4 4 4 3 5 3 3 4 3 4 4 4 3 3 3 3 5 4 3 4 3 4 4 2 4 3 5 4 4 4 4 3 2 1 4 4 4 3 3 3 4 4 4 4 3 5 3 4 3 4 4 4 3 4 5 4 4 3 4 5 3 4 4 3 4 5 4 2 4 3 4 3 4 5 3 3 4 4 3 4 1 5 4 3 4 3 4 4 4 3 4 4 4 3 4 4 3 4 4 
33 31 29 35 27 19 13 15 14 16 14 17 21 11 4 4 3 4 5 4 4 5 4 4 5 5 5 4 2 5 4 5 5 3 4 4 4 4 5 4 5 4 6 4 4 3 4 4 5 5 5 5 3 4 3 5 4 4 4 4 5 3 6 5 4 4 5 4 2 4 4 4 3 4 4 4 4 5 5 5 4 4 4 4 5 3 5 4 3 5 4 1 2 5 4 5 5 3 4 4 4 4 4 4 5 4 5 5 4 4 5 4 5 3 4 4 4 4 4 3 4 5 4 3 5 4 3 4 4 5 2 3 4 4 5 5 4 5 5 6 5 5 4 4 4 4 5 2 4 4 4 4 5 5 5 5 3 5 5 4 5 4 5 5 3 4 4 3 4 5 5 4 4 4 4 4 4 4 5 3 3 5 4 5 5 3 4 4 4 4 5 2 4 4 4 5 5 4 4 3 5 5 2 4 4 3 4 4 4 3 4 4 3 4 3 5 2 5 4 5 4 5 5 4 5 5 4 3 5 4 4 5 4 5 3 4 4 4 4 4 4 4 4 5 4 None 3 4 5 4 5 5 5 4 3 5 5 4 3 3 4 4 4 5 4 4 4 4 4 4 4 5 4 4 3 5 4 4 4 5 4 4 4 5 6 5 4 1 4 5 5 4 4 3 5 5 5 5 5 4 3 4 4 4 4 4 3 3 5 4 5 4 5 4 4 5 4 4 4 4 5 5 4 4 4 4 4 5 5 5 3 5 4 3 4 5 5 4 3 5 4 3 3 3 2 4 4 3 4 3 5 4 4 3 4 5 4 5 5 4 5 4 4 5 4 5 4 5 5 3 5 5 4 4 5 5 5 3 4 5 3 5 5 5 5 4 3 3 4 4 3 4 3 4 4 4 5 4 4 3 3 5 4 4 4 5 5 4 2 5 4 4 2 5 4 5 5 4 4 4 4 3 3 5 4 5 4 3 5 4 4 5 3 4 3 5 2 4 4 4 5 5 4 3 2 2 3 4 4 4 4 4 4 5 3 5 5 3 4 3 4 3 5 4 5 5 5 5 4 3 5 4 4 5 4 3 4 5 4 5 5 5 5 4 4 3 4 4 4 4 5 4 4 4 5 4 2 5 4 4 
30 28 26 32 24 16 10 12 11 13 11 14 18 8 1 2 4 4 4 4 4 4 4 3 4 4 5 4 3 3 5 4 4 4 4 3 4 3 4 4 3 3 5 4 4 4 4 3 5 5 5 3 3 4 4 4 4 4 3 4 3 4 6 4 3 3 4 4 3 4 5 4 3 4 4 4 4 4 5 4 4 4 2 4 5 3 4 4 3 2 3 2 4 4 5 5 5 3 4 5 3 4 4 4 3 5 4 4 5 3 3 5 4 3 4 5 4 3 4 3 3 4 4 4 3 3 1 3 4 4 3 4 3 5 6 3 4 3 4 5 4 4 4 3 3 4 3 2 4 4 4 4 5 3 4 4 4 3 3 4 5 4 5 5 4 5 4 3 4 5 4 3 4 4 4 3 4 5 5 4 2 3 2 4 4 2 4 4 3 4 4 2 4 4 4 3 5 4 3 2 4 4 2 3 4 3 5 2 4 4 2 4 3 2 4 4 3 4 4 4 4 4 3 3 4 4 3 4 3 2 4 5 4 5 3 4 4 4 3 3 4 2 3 4 3 3 None 5 4 3 3 4 3 4 4 4 4 3 3 3 4 4 4 3 4 4 4 3 3 4 4 5 4 3 4 4 3 1 2 3 4 4 5 4 5 4 5 4 3 3 5 3 4 5 4 4 4 4 5 4 3 4 4 5 3 4 4 4 3 4 5 2 5 5 1 4 4 4 4 4 4 5 4 3 4 4 4 6 4 4 1 3 2 4 2 4 4 4 2 4 3 3 4 4 4 4 5 4 5 3 5 4 4 3 4 4 4 4 4 4 3 4 3 5 4 4 3 4 4 5 4 4 4 3 3 4 4 4 4 5 4 4 5 4 4 3 3 3 4 4 3 4 4 4 4 4 3 2 4 4 4 3 3 3 3 5 4 4 4 5 3 3 3 4 3 3 3 4 4 4 4 4 3 4 4 3 3 4 4 3 3 2 3 4 2 4 3 3 3 3 4 5 3 4 3 4 5 2 4 4 4 5 5 4 5 4 3 4 4 5 5 3 4 3 4 4 2 4 4 4 3 4 2 4 6 5 3 4 4 4 4 5 4 4 4 3 4 3 3 3 4 4 3 3 4 4 4 5 4 4 
33 31 29 35 27 19 13 15 14 16 14 17 21 11 4 5 4 5 4 3 3 5 5 4 4 4 5 4 2 4 5 4 5 4 5 4 3 4 3 4 4 4 5 5 3 4 6 4 2 4 4 4 2 5 3 4 4 3 4 4 3 4 6 4 4 4 4 4 4 4 4 4 4 4 4 4 3 4 4 5 5 3 5 3 5 4 4 3 4 4 5 3 3 5 4 3 5 4 5 4 2 3 3 2 3 4 4 4 5 4 5 4 5 2 3 4 4 4 4 5 4 5 2 4 4 3 4 4 3 5 3 3 4 3 4 4 5 5 4 5 5 3 4 4 4 4 3 3 5 4 4 3 4 2 4 4 5 4 4 3 4 4 4 4 5 4 5 4 4 5 5 5 2 3 4 4 3 5 4 3 5 4 3 3 3 3 4 3 4 4 4 3 4 3 5 5 4 3 4 3 2 4 3 5 3 4 4 4 3 6 5 5 5 4 4 5 4 4 4 5 4 4 3 4 4 5 4 5 5 4 5 4 4 2 4 4 5 5 5 4 4 3 4 5 4 4 5 None 4 4 4 4 2 2 1 4 4 3 3 2 3 4 4 4 5 5 3 6 5 4 4 4 4 5 5 5 2 4 4 4 4 4 4 4 5 4 1 4 4 5 5 4 4 4 4 4 4 4 5 5 4 3 3 3 3 4 5 4 2 4 4 5 5 4 5 4 5 3 4 3 3 3 3 5 4 4 5 5 3 4 4 4 4 5 5 4 5 4 4 4 3 4 3 4 4 4 2 3 3 4 3 4 4 2 4 4 3 4 5 4 4 5 5 4 4 4 4 5 4 4 5 4 3 4 4 5 4 4 4 3 4 5 4 4 5 4 3 4 3 1 4 5 5 4 4 4 4 3 5 4 3 5 4 5 4 5 4 3 5 3 4 4 4 5 4 3 5 4 4 3 4 4 4 4 4 4 4 4 4 5 4 5 4 5 5 5 5 3 4 4 5 5 4 3 4 5 3 3 5 4 4 3 4 4 3 4 4 5 5 4 2 4 4 4 4 5 6 5 3 3 4 3 5 5 5 4 4 4 3 3 3 4 4 4 2 4 3 3 4 2 5 4 4 4 5 5 4 5 3 2 
32 30 28 34 26 18 12 14 13 15 13 16 20 10 3 4 4 3 4 3 3 3 4 3 4 2 4 3 5 4 4 4 4 4 4 4 3 3 4 3 4 4 4 3 3 3 5 3 3 3 2 3 4 4 4 5 4 4 4 3 3 4 6 4 4 3 3 4 4 4 3 4 4 4 4 2 2 4 4 3 3 4 2 3 4 3 3 3 3 3 3 4 3 5 4 4 5 4 4 3 5 5 4 4 4 4 4 4 5 4 3 3 3 4 4 2 4 4 4 3 3 4 3 4 3 4 4 4 3 5 4 4 3 2 4 3 4 4 3 6 4 4 2 3 4 4 5 5 3 4 4 4 4 4 4 4 4 2 3 4 4 4 2 3 4 3 2 4 2 4 4 4 4 5 5 3 3 3 4 4 3 2 3 3 3 4 3 3 3 1 4 3 4 2 4 4 3 3 4 4 5 3 3 3 4 4 4 3 3 5 4 4 3 2 4 4 3 3 4 4 4 4 5 3 4 3 3 4 1 2 3 4 3 3 5 5 4 5 4 3 5 4 3 2 3 5 4 4 None 4 4 4 4 3 4 4 3 3 3 4 4 2 4 1 4 4 3 3 1 3 2 4 4 4 3 4 2 4 4 4 3 3 5 3 3 2 5 4 4 3 5 4 4 4 3 5 3 4 4 4 4 3 4 4 4 3 4 3 4 4 4 4 4 3 4 3 4 4 5 3 5 3 4 3 4 4 3 5 3 4 3 3 3 3 4 4 5 4 3 4 3 4 3 3 4 4 4 4 4 4 4 3 4 2 4 4 4 4 3 4 4 4 3 4 4 2 2 4 4 2 4 4 3 4 3 3 5 3 2 3 5 4 4 3 4 3 4 3 3 3 4 4 4 4 4 3 4 3 4 3 2 4 2 3 4 6 2 3 4 4 4 4 3 4 3 2 3 4 3 4 3 4 3 4 3 2 3 3 4 3 4 5 2 1 3 3 4 3 3 4 3 5 5 5 3 4 4 3 4 3 3 4 4 4 4 5 3 4 2 4 4 4 3 3 4 4 5 4 4 4 2 4 2 4 3 3 4 4 4 3 3 4 3 4 4 3 4 1 4 4 3 3 4 4 3 3 4 3 5 5 
33 31 29 35 27 19 13 15 14 16 14 17 21 11 4 4 3 3 3 4 3 4 4 3 3 3 2 3 4 3 4 4 4 1 3 4 4 4 3 4 3 4 3 4 4 3 5 4 3 5 4 2 2 3 3 3 3 3 4 3 4 4 5 3 3 4 3 4 2 4 4 4 3 3 4 3 4 3 4 3 4 3 3 4 3 4 3 4 4 1 3 3 4 5 5 5 2 2 4 2 4 3 4 4 2 4 3 3 4 3 4 4 3 4 4 3 4 3 4 3 3 3 3 3 4 4 3 2 4 3 4 3 4 3 3 3 2 4 4 6 5 4 4 4 4 5 4 5 3 3 3 3 4 3 4 4 4 4 3 4 5 4 4 3 4 4 4 3 4 4 4 3 3 4 3 2 2 4 4 3 3 4 3 3 3 3 3 4 3 4 4 2 4 3 2 2 3 4 3 3 4 2 4 4 4 3 4 3 3 4 3 1 2 3 3 4 3 3 3 4 2 3 3 4 4 5 3 3 4 3 3 5 3 3 4 3 4 4 4 2 3 3 2 3 4 4 3 4 4 None 4 3 4 3 3 3 3 4 4 3 3 4 3 3 4 3 4 2 3 4 4 4 4 3 4 2 3 3 3 5 3 4 4 4 5 4 5 3 4 4 3 2 3 3 3 4 1 3 4 3 4 4 3 4 4 4 4 4 3 3 2 4 2 2 2 4 2 2 3 3 4 4 3 2 3 4 4 5 3 3 4 4 4 3 3 4 3 4 2 4 4 3 3 1 2 3 3 4 3 3 4 4 4 4 4 3 3 4 3 3 4 4 3 3 3 3 3 2 3 4 4 4 4 3 3 4 3 4 3 5 4 4 3 3 3 3 3 3 2 4 4 3 4 2 3 3 2 4 3 3 3 4 3 1 4 4 2 3 2 4 4 4 3 4 3 2 4 4 5 4 3 4 3 4 2 4 3 4 4 4 3 3 3 3 3 4 3 4 3 1 1 4 4 5 4 4 4 3 2 3 3 3 3 3 3 5 3 3 3 4 2 3 3 4 5 4 4 4 4 2 4 1 3 4 5 4 4 2 2 4 4 4 4 3 4 3 3 4 2 4 3 4 4 4 3 4 4 4 4 4 
32 30 28 34 26 18 12 14 13 15 13 16 20 10 3 2 3 4 4 4 4 3 4 4 4 4 4 3 3 2 4 3 4 3 2 3 4 2 3 4 1 3 5 4 2 3 5 4 4 4 3 3 4 3 2 4 3 2 3 4 3 5 5 3 2 1 4 4 4 5 4 4 2 3 4 3 4 2 3 3 2 4 3 3 5 3 4 3 3 3 4 4 3 5 5 5 3 3 4 3 4 4 3 4 3 4 4 3 4 4 4 4 4 3 4 4 5 4 3 3 3 3 3 4 4 4 4 4 3 4 4 3 2 4 4 1 2 4 2 4 5 4 3 4 3 4 3 5 3 4 1 4 4 4 4 4 4 4 3 4 3 3 3 4 2 3 4 3 4 3 3 4 4 4 3 4 4 3 3 3 3 4 4 4 4 3 3 2 3 3 4 4 4 4 3 4 4 3 2 2 3 3 3 4 4 3 3 3 2 5 2 4 4 4 4 4 3 3 3 3 3 4 4 3 3 3 4 5 4 2 4 3 4 3 4 4 4 1 2 4 3 3 4 5 4 5 3 4 4 4 None 4 3 4 4 3 4 3 4 4 3 4 4 4 3 3 4 4 4 3 2 4 4 4 4 4 3 3 4 3 3 4 4 4 5 3 5 4 3 4 3 3 4 2 1 5 3 4 4 3 4 4 3 4 4 4 5 3 2 4 4 4 4 4 4 4 4 4 3 2 5 3 3 4 3 2 3 5 2 3 2 4 4 4 4 3 4 4 4 5 4 3 4 4 3 4 3 4 3 4 3 4 5 3 3 3 4 3 4 2 4 4 2 3 3 2 4 2 3 4 3 2 3 3 4 3 2 4 3 4 4 4 4 3 4 3 3 2 3 3 3 4 3 3 2 1 2 1 2 3 3 3 4 3 3 4 2 3 4 4 3 3 4 4 3 2 4 4 4 4 4 3 4 2 4 4 3 3 3 4 4 4 3 3 3 4 4 3 3 4 4 3 4 4 4 3 5 4 4 4 3 4 3 3 4 5 3 4 4 3 3 4 4 3 3 5 5 4 2 5 3 4 3 4 5 4 4 4 4 3 2 3 4 4 4 4 4 3 2 3 3 2 1 3 3 4 4 3 4 4 
32 30 28 34 26 18 12 14 13 15 13 16 20 10 3 4 5 2 5 4 4 3 3 3 4 5 5 4 3 5 4 4 3 4 4 4 5 3 4 3 4 5 4 2 3 4 5 4 4 3 4 3 4 4 4 5 4 3 4 4 4 3 5 3 4 4 3 4 3 4 1 5 4 4 4 3 4 4 4 3 4 3 3 4 5 3 2 4 4 4 3 4 3 2 4 4 5 3 3 3 3 4 3 3 3 4 5 4 4 4 4 4 4 4 5 4 2 3 4 4 3 4 4 4 4 4 5 5 4 4 4 3 4 3 4 5 4 4 4 6 5 4 4 4 4 3 4 5 5 3 4 4 4 4 3 4 5 2 4 5 4 4 4 5 4 4 2 4 3 5 5 4 5 4 5 3 4 4 3 5 4 4 2 4 4 2 4 3 4 3 4 5 4 4 4 4 2 4 3 4 4 4 3 3 5 3 4 3 4 5 4 4 4 3 5 4 5 3 4 5 3 3 4 5 5 2 4 4 3 4 4 4 4 5 5 4 3 4 4 4 5 4 4 5 4 5 4 4 4 3 4 None 4 5 4 5 5 4 3 4 4 2 4 4 3 4 3 4 4 4 3 3 4 4 4 4 4 3 4 5 4 4 5 3 5 4 5 4 5 5 5 5 4 4 5 5 4 3 5 4 4 3 4 4 4 3 4 2 4 4 4 4 5 4 5 4 1 2 3 4 4 4 5 3 4 4 5 6 5 4 4 4 4 2 4 4 5 4 3 2 1 4 2 2 3 5 5 4 5 4 2 4 5 2 3 4 4 4 3 4 1 3 4 4 5 4 2 4 5 4 4 4 4 4 4 1 4 4 3 4 3 4 5 2 4 4 4 4 4 4 5 4 5 4 3 4 4 5 4 4 4 4 4 4 3 3 4 3 3 4 5 3 4 3 4 4 3 2 5 5 4 4 4 5 4 3 4 4 2 4 4 5 4 3 5 5 4 4 4 3 4 4 3 4 4 5 4 3 4 4 4 3 3 5 3 4 3 4 4 4 3 4 3 2 3 4 3 5 4 4 3 3 4 5 5 4 4 3 4 3 4 4 4 3 3 3 4 3 4 3 3 4 3 3 4 4 4 3 4 4 
33 31 29 35 27 19 13 15 14 16 14 17 21 11 4 4 3 4 3 4 5 5 5 3 4 5 3 4 3 4 4 4 3 3 3 2 4 4 4 3 4 2 3 4 4 3 5 4 4 5 2 3 4 4 4 4 3 4 3 3 3 4 5 3 4 4 3 2 4 4 5 4 2 3 4 4 4 3 4 4 3 3 4 3 5 4 4 3 3 3 3 4 3 5 5 3 4 4 5 4 3 1 3 4 4 4 4 2 3 4 4 4 5 4 4 4 4 4 2 3 5 3 3 3 4 4 2 3 4 4 4 2 2 5 5 4 4 4 3 5 5 3 3 3 5 2 3 4 3 4 2 3 4 4 4 3 3 5 3 4 4 4 4 3 4 5 5 3 4 4 5 3 4 4 3 4 4 4 4 4 4 3 4 5 4 3 4 4 4 4 4 3 2 4 4 3 3 5 4 3 3 4 4 4 4 3 5 2 1 5 4 3 4 4 5 5 4 4 4 4 2 2 1 3 4 5 3 4 3 3 4 4 4 4 4 3 4 3 4 3 4 1 2 3 4 5 3 2 4 4 3 4 None 4 3 5 3 2 3 4 4 2 4 3 3 3 4 4 4 4 4 4 4 3 3 4 4 3 2 3 5 3 4 4 4 2 3 4 4 5 4 4 4 4 3 4 4 3 5 4 4 3 4 4 4 4 5 3 4 4 5 3 4 4 4 4 4 4 4 4 4 4 4 4 3 4 5 5 1 2 3 5 3 4 4 4 5 4 4 3 4 4 4 3 3 4 4 3 4 4 4 4 4 4 4 4 4 5 5 3 4 5 3 5 4 3 4 4 4 4 4 5 4 3 4 4 5 4 4 4 4 4 5 4 5 3 3 3 4 3 3 3 4 2 4 4 3 4 4 5 4 4 4 4 5 4 4 4 4 4 4 3 4 4 3 2 4 3 4 4 3 2 3 3 4 4 3 3 4 3 5 5 3 3 4 3 4 2 3 3 4 4 4 4 4 4 4 4 4 5 5 5 4 4 4 6 3 4 4 4 4 5 3 3 3 5 5 4 3 4 4 4 4 5 5 4 3 2 3 5 4 4 4 4 3 3 4 4 3 3 4 4 4 3 4 4 4 4 5 4 
33 31 29 35 27 19 13 15 14 16 14 17 21 11 4 5 4 4 4 4 4 4 4 4 5 4 4 3 2 3 5 4 3 3 3 4 3 2 5 4 4 3 4 4 4 5 6 3 3 2 5 4 4 3 3 5 3 3 3 3 3 3 6 4 3 3 3 4 4 4 4 4 3 4 4 4 1 4 4 5 4 4 4 3 5 4 4 3 2 4 4 3 3 4 3 5 5 4 5 2 2 4 4 4 5 4 3 3 4 4 5 2 4 2 1 4 3 4 4 4 4 3 4 3 5 4 4 3 3 4 4 3 2 4 3 4 4 5 4 5 5 4 3 4 4 4 5 5 5 3 3 4 4 4 4 4 3 4 4 4 3 4 4 2 3 3 4 4 4 5 4 4 4 3 4 3 3 4 4 5 5 3 3 1 3 3 4 4 4 4 3 3 5 4 3 3 5 4 3 2 4 3 4 3 4 4 5 2 4 5 4 4 3 3 5 5 2 4 4 5 3 4 4 3 4 4 4 4 4 3 4 5 2 4 5 4 4 4 4 4 5 4 5 4 4 4 4 2 3 3 4 5 4 None 1 5 4 4 4 4 4 5 3 2 4 4 4 5 3 4 3 3 3 4 5 5 2 3 4 4 4 4 4 4 6 5 3 4 5 4 3 3 5 3 5 5 2 5 5 3 4 3 4 4 4 4 5 4 4 4 4 4 3 4 5 3 4 3 4 3 4 4 4 5 4 4 5 5 3 4 3 4 4 4 4 3 4 5 4 5 4 4 3 3 2 4 4 3 3 4 4 3 3 3 3 2 3 3 4 3 4 4 4 4 4 3 4 4 5 4 3 3 3 4 4 5 4 4 3 4 3 3 5 4 5 4 3 2 3 3 4 4 4 3 4 4 3 4 4 4 1 4 4 4 4 5 3 4 4 2 4 3 4 5 4 4 4 4 5 4 4 3 2 4 4 4 2 4 4 5 5 4 4 4 4 4 4 3 4 4 4 4 4 3 2 3 5 3 4 4 2 5 4 4 3 5 3 3 5 4 2 5 4 4 5 5 6 4 5 5 4 3 4 4 5 4 4 4 3 3 3 5 4 4 4 4 4 3 4 2 5 4 4 3 4 4 5 4 3 4 
32 30 28 34 26 18 12 14 13 15 13 16 20 10 3 4 3 5 3 4 4 4 4 3 4 5 5 3 1 4 4 3 4 4 4 4 4 3 4 5 3 3 4 4 3 4 5 4 3 3 4 3 3 4 3 4 3 2 4 4 2 4 5 4 4 3 3 3 3 3 3 4 3 4 4 3 2 3 3 5 4 4 4 2 4 5 5 4 3 4 4 2 2 4 3 4 4 4 4 3 1 3 3 3 4 3 4 4 5 4 5 3 5 1 2 4 4 3 5 5 4 4 3 4 4 4 4 4 4 5 3 2 3 3 4 5 4 4 4 4 5 3 3 4 5 4 4 4 5 3 4 4 3 3 3 5 4 3 3 4 4 3 3 3 4 4 4 4 4 4 4 5 3 2 3 3 4 4 3 4 4 3 2 2 2 2 3 4 4 4 4 3 4 3 4 4 5 4 3 2 3 4 4 4 4 3 4 3 3 5 4 4 4 3 4 4 3 3 5 5 4 3 4 3 5 4 3 4 4 4 4 4 3 3 4 3 4 4 4 4 4 3 4 5 5 3 4 1 4 3 4 4 3 1 None 4 4 3 4 3 4 5 4 3 5 4 4 5 4 3 3 4 3 5 4 4 3 3 4 5 3 4 3 4 5 4 2 3 4 5 4 3 4 4 4 5 3 4 5 4 3 2 3 4 3 4 4 3 3 3 3 4 4 5 5 3 4 2 3 2 4 3 4 4 3 3 5 5 3 4 4 5 3 4 4 3 4 4 4 4 3 3 2 3 3 4 3 2 4 4 3 4 4 3 3 3 4 4 4 4 3 5 4 4 4 4 3 4 4 3 4 4 2 3 5 4 3 3 4 4 4 4 5 3 4 4 3 3 4 2 4 4 4 4 3 4 3 4 4 4 2 4 4 4 3 5 4 3 5 3 4 4 3 4 3 4 5 4 4 4 4 4 3 3 4 4 3 3 4 4 5 4 3 4 4 5 5 2 4 3 4 4 3 2 3 4 4 3 4 4 3 4 3 4 3 4 4 4 4 3 1 5 4 3 4 5 5 4 4 4 4 2 5 4 4 4 3 4 3 2 3 4 3 4 3 4 4 4 4 1 4 4 4 3 4 4 4 4 2 3 
33 31 29 35 27 19 13 15 14 16 14 17 21 11 4 5 4 5 4 5 5 4 5 5 4 5 3 4 4 4 5 4 3 4 5 4 5 2 4 4 2 4 3 3 3 4 2 5 4 5 3 4 4 5 5 5 5 4 4 6 4 4 5 4 4 4 4 4 4 5 4 4 4 3 4 4 5 5 4 5 3 5 5 4 5 5 4 3 5 4 3 4 4 5 5 4 5 5 5 4 4 5 4 4 4 5 5 4 5 4 5 4 4 3 5 4 4 4 4 5 4 4 4 5 3 4 3 4 4 5 5 5 5 3 5 4 3 1 3 6 5 5 4 4 5 4 4 5 5 4 4 4 3 4 4 3 5 5 4 5 4 3 4 5 4 5 4 5 4 4 4 2 4 5 5 4 5 4 4 4 5 5 4 5 4 3 5 3 4 4 4 3 4 5 4 3 5 4 3 3 5 4 5 4 4 4 4 4 4 5 5 4 3 4 4 3 4 5 4 6 4 3 4 4 5 3 4 4 5 4 3 6 4 4 5 6 4 3 4 4 4 4 3 4 5 5 4 4 4 3 3 5 5 4 4 None 2 3 4 3 4 4 5 5 5 4 5 3 5 4 3 4 5 5 5 3 4 4 3 5 4 5 4 5 3 5 5 5 5 5 5 2 5 5 4 5 4 4 5 5 4 4 4 4 5 4 5 4 2 4 4 4 5 5 4 5 5 3 4 3 4 4 5 5 5 5 5 5 4 4 4 4 4 5 3 5 3 5 5 4 4 4 4 4 4 4 5 4 5 4 4 3 4 4 5 5 5 5 3 4 4 4 4 4 5 5 5 5 4 5 5 4 4 4 4 5 1 4 4 4 5 5 5 5 5 3 5 4 3 3 5 4 4 5 4 4 5 3 4 4 3 3 4 4 5 3 3 3 4 5 4 4 4 2 4 4 5 4 5 5 5 5 4 5 3 4 4 5 3 4 5 3 2 3 5 4 4 5 4 2 3 5 4 5 4 5 3 5 4 4 4 3 4 3 3 5 5 5 4 5 3 5 5 5 4 2 6 5 5 3 4 4 4 6 6 4 3 4 5 4 3 4 4 5 4 3 4 5 4 4 4 5 4 4 4 4 5 5 2 3 
32 30 28 34 26 18 12 14 13 15 13 16 20 10 3 4 4 3 2 4 3 3 4 3 2 3 1 3 3 4 4 3 2 4 4 3 3 4 4 2 3 3 1 3 4 3 3 3 3 4 1 4 4 3 4 4 3 4 3 4 2 4 3 3 4 4 4 3 3 3 4 4 2 1 3 3 4 3 5 3 3 3 4 2 4 5 3 3 4 4 3 4 4 4 4 3 4 3 5 4 4 3 2 4 4 3 4 2 3 4 4 4 5 3 5 2 3 3 3 3 4 2 4 4 3 4 4 3 4 4 4 3 3 4 4 4 4 2 2 5 5 4 4 3 4 3 3 4 4 3 3 2 1 4 3 1 3 4 3 3 3 3 3 3 2 4 4 3 3 3 4 1 2 4 3 3 3 2 4 4 4 4 3 4 5 3 4 2 3 4 4 4 2 4 3 3 3 4 3 4 3 3 3 4 2 4 3 4 2 3 3 3 2 3 3 4 3 4 3 4 3 4 3 3 3 3 2 4 3 2 4 4 3 4 4 4 3 3 3 3 3 3 3 3 3 5 4 4 3 3 4 5 3 4 4 2 None 1 2 3 3 3 3 4 3 3 4 4 4 4 3 3 5 4 4 3 4 3 2 5 5 4 4 3 4 3 4 4 4 4 4 4 4 3 4 3 4 2 4 3 2 3 3 4 3 4 4 4 4 2 3 3 4 3 4 4 4 3 4 4 4 3 4 4 3 4 4 5 4 4 4 4 3 4 3 4 3 4 3 5 4 4 3 4 3 4 4 4 4 4 3 4 3 3 3 4 3 4 4 4 4 4 3 4 3 3 4 4 4 4 3 4 3 3 4 4 3 3 3 3 4 4 3 3 3 2 3 2 1 3 3 3 3 3 4 3 4 3 3 3 3 4 2 4 4 5 3 4 3 4 4 2 3 3 3 3 3 4 4 3 3 3 4 4 3 3 3 3 3 3 5 4 3 2 4 2 3 4 2 2 4 4 3 3 4 3 3 4 3 2 4 4 4 3 4 4 4 4 3 4 4 4 4 4 3 3 5 3 4 3 3 4 3 4 5 4 2 2 3 3 4 3 2 4 2 2 3 3 3 3 4 4 4 3 2 3 4 3 4 4 
31 29 27 33 25 17 11 13 12 14 12 15 19 9 2 3 4 4 2 4 3 4 4 3 3 4 2 3 3 3 3 2 3 3 5 4 4 4 4 2 2 3 2 4 3 2 4 3 2 3 2 3 4 4 4 3 4 3 4 3 1 3 4 3 3 3 3 2 3 4 3 3 3 2 4 4 4 2 4 2 3 2 4 3 4 4 4 3 4 4 3 3 3 5 3 2 3 3 4 3 3 3 1 3 4 3 4 3 4 3 3 4 4 4 5 3 2 4 3 4 3 3 4 3 3 3 3 3 3 4 4 2 3 3 4 4 3 3 1 4 4 3 4 3 3 3 3 4 3 2 2 1 2 4 4 2 3 4 3 4 3 4 4 4 3 3 4 3 2 2 3 2 3 4 4 3 2 3 4 3 3 3 3 4 5 4 3 3 2 3 4 3 3 3 3 4 3 4 3 4 4 3 3 4 3 4 3 4 1 4 3 3 3 3 3 4 4 3 4 3 2 3 3 3 2 4 3 4 3 1 3 3 4 4 4 3 3 4 4 3 4 3 4 3 2 4 3 3 3 4 3 4 2 4 3 3 1 None 1 2 4 3 3 4 4 4 3 3 4 3 2 4 4 3 4 4 3 3 2 4 4 3 5 2 3 2 3 4 3 3 4 4 3 4 4 2 4 1 4 3 3 3 4 3 4 4 3 3 3 3 4 4 4 2 4 4 3 3 4 3 4 4 3 4 4 4 4 5 3 4 3 3 2 4 3 4 4 4 2 4 3 4 2 3 4 4 4 4 4 3 2 4 4 2 4 4 2 4 3 3 4 4 3 4 4 2 3 4 4 3 4 3 3 3 4 4 3 4 3 2 3 4 4 2 4 2 3 2 2 3 4 4 4 3 4 3 4 2 4 3 3 5 3 3 4 5 4 3 3 3 4 3 2 3 2 3 4 5 4 4 4 4 4 3 4 3 3 3 4 3 4 4 3 3 3 3 3 3 1 3 4 5 4 2 4 3 3 3 4 3 3 3 4 4 4 4 3 5 3 4 4 4 3 3 3 4 5 2 3 3 3 4 2 3 4 4 3 3 3 4 3 3 3 4 1 2 2 2 3 2 3 4 4 3 3 4 3 3 5 4 
32 30 28 34 26 18 12 14 13 15 13 16 20 10 3 4 4 3 3 4 4 4 5 4 4 4 2 4 3 4 3 3 4 3 4 5 4 3 4 3 3 3 3 4 2 3 5 3 3 2 3 3 3 3 4 4 4 4 3 4 2 4 5 3 3 3 4 3 4 5 4 4 2 1 4 4 3 3 4 3 4 3 4 3 5 5 4 3 3 3 4 2 3 4 4 3 4 2 4 4 4 4 2 3 4 3 4 3 4 4 4 5 5 4 4 4 1 4 3 4 3 2 3 4 4 4 3 3 3 4 3 3 4 4 5 5 4 4 2 5 5 4 4 3 4 4 4 4 4 3 3 2 3 3 4 3 4 3 4 4 3 5 5 4 4 4 4 2 3 3 4 3 3 4 3 3 3 4 4 2 4 3 3 4 5 3 3 2 3 4 4 2 3 4 4 4 4 3 3 4 4 4 2 4 4 4 3 3 2 3 3 4 3 2 4 4 3 4 3 4 3 4 4 4 3 4 4 4 3 2 4 3 4 4 5 4 4 3 4 3 4 3 4 4 3 3 3 3 3 4 4 3 3 4 4 4 2 1 None 1 3 4 4 3 4 4 2 4 3 4 3 5 4 4 5 3 3 3 3 4 5 3 5 3 4 3 4 4 4 4 4 4 4 4 3 3 4 2 4 3 3 3 3 4 4 3 2 3 3 3 4 4 5 3 4 4 4 3 3 4 5 4 4 4 3 3 4 4 3 4 2 4 3 5 4 3 5 4 2 3 2 3 3 4 3 4 4 4 4 3 3 4 4 1 4 4 3 4 2 3 4 4 3 3 4 3 3 4 4 4 5 4 4 4 4 4 3 4 4 3 3 5 3 3 3 3 3 3 3 2 3 4 4 3 4 3 4 3 3 4 4 4 3 3 4 5 5 4 4 4 4 4 1 3 1 2 3 4 4 3 3 4 3 4 3 3 4 2 4 3 5 5 3 4 3 3 3 4 2 3 4 4 3 3 3 4 4 2 3 4 4 4 4 4 3 5 3 4 3 4 4 3 4 3 3 3 5 3 4 2 3 4 3 4 5 4 4 4 3 4 4 3 2 4 2 3 2 2 3 3 4 5 4 4 2 3 4 4 4 4 
33 31 29 35 27 19 13 15 14 16 14 17 21 11 4 4 4 4 4 4 3 4 4 4 4 5 3 4 3 4 4 4 4 4 5 5 3 2 4 3 3 2 4 4 3 4 5 4 2 3 4 4 2 4 4 3 3 4 4 4 3 4 5 4 4 4 3 4 4 4 4 5 3 2 3 4 3 4 4 4 3 4 4 4 5 4 5 3 4 4 3 2 4 4 4 4 4 3 4 4 4 5 3 2 3 3 4 4 3 3 5 4 4 4 4 4 2 4 4 3 4 3 4 4 4 4 2 2 4 3 3 3 4 3 5 5 4 4 3 6 4 4 5 4 4 5 4 4 5 3 4 3 4 2 5 4 4 4 4 3 4 4 4 4 4 3 5 3 4 4 5 4 2 3 4 3 3 4 5 3 3 4 4 3 4 3 4 3 4 4 4 1 4 4 5 3 5 3 4 3 4 4 3 4 5 4 4 4 3 4 4 3 4 3 4 5 3 4 4 4 4 4 4 4 4 3 4 4 4 3 4 4 4 3 5 4 4 3 4 4 4 3 3 4 4 3 3 2 4 3 4 4 4 4 3 3 3 2 1 None 2 4 4 4 5 5 3 4 4 4 3 4 3 4 5 3 2 4 3 4 4 4 5 4 5 4 3 4 3 5 4 3 4 4 4 2 3 3 4 4 4 4 4 5 3 4 3 4 2 4 5 3 4 4 4 5 5 2 3 3 4 4 5 5 4 4 5 5 3 4 3 4 3 5 4 4 4 4 3 4 3 4 3 4 3 4 4 3 3 2 4 3 3 2 3 4 3 4 3 4 4 3 4 4 5 3 4 5 4 5 5 4 4 3 4 4 2 5 4 4 2 5 4 4 4 4 3 4 3 1 4 5 5 4 4 4 5 3 4 4 3 3 4 4 5 6 4 3 4 3 4 4 2 4 2 3 4 3 5 4 4 4 2 4 3 3 4 3 3 3 4 4 2 3 3 4 4 4 2 2 4 4 4 4 3 5 3 3 3 4 4 4 3 4 2 4 4 4 4 5 3 4 4 4 4 4 5 3 5 1 3 4 4 5 6 4 4 4 3 4 3 4 3 4 3 3 1 3 4 4 4 4 4 4 3 4 4 4 3 3 
32 30 28 34 26 18 12 14 13 15 13 16 20 10 3 3 4 5 5 3 2 4 4 5 5 4 4 4 4 4 5 4 5 3 4 4 4 4 4 4 4 4 4 3 3 4 5 3 4 4 4 4 1 4 4 1 3 4 4 4 4 3 5 3 4 4 3 4 4 4 5 4 4 3 3 4 3 3 4 4 4 4 4 5 5 4 5 4 4 4 4 3 4 4 4 5 4 4 5 4 4 4 5 4 4 3 4 3 4 3 5 4 4 4 5 4 3 4 2 4 4 2 4 3 4 4 3 3 4 4 4 4 5 4 5 4 4 4 5 5 6 4 4 3 4 4 4 4 5 5 4 4 4 4 4 4 5 4 4 4 4 4 4 4 4 5 4 4 4 4 3 4 4 4 4 1 2 4 4 5 4 4 2 4 4 4 3 1 2 3 4 2 3 4 3 5 5 4 4 5 4 4 3 5 3 3 2 4 5 4 4 4 4 3 3 5 4 4 4 5 4 3 3 5 5 4 4 4 5 3 4 4 5 5 5 5 4 4 5 3 4 4 5 4 3 4 4 3 4 3 3 4 4 4 4 4 3 4 3 2 None 4 4 4 4 4 3 3 3 4 4 5 3 4 5 5 3 5 4 4 4 5 5 4 4 5 4 4 4 5 5 5 5 3 4 3 2 3 5 4 3 3 2 5 4 4 5 3 4 3 4 4 4 3 5 4 4 4 5 4 5 5 4 4 4 4 4 4 4 4 4 5 4 4 4 4 5 4 4 4 3 4 5 4 4 4 5 4 4 3 4 3 3 2 3 4 4 5 2 4 3 3 3 3 4 3 5 3 4 4 5 5 4 3 5 5 4 5 3 4 4 6 3 3 4 4 4 4 3 3 4 4 4 4 3 2 3 4 3 3 5 5 4 4 3 5 3 4 4 4 4 4 4 4 4 5 3 5 5 5 4 4 2 5 4 4 5 4 5 4 3 4 3 3 4 4 5 3 3 4 4 4 5 5 4 5 5 3 4 2 4 4 4 4 4 2 4 4 4 5 3 4 3 4 4 3 6 4 3 3 2 3 4 5 5 4 4 4 4 4 4 2 4 4 5 3 3 3 4 3 2 4 4 4 4 5 5 3 5 4 
32 30 28 34 26 18 12 14 13 15 13 16 20 10 3 4 4 4 5 4 4 5 4 4 4 4 4 3 5 4 4 4 3 3 5 4 4 4 3 1 4 4 4 4 3 4 4 2 3 5 2 4 4 4 5 5 4 4 5 5 4 4 4 3 4 4 3 4 2 4 3 3 4 4 4 3 4 4 4 3 3 3 4 4 5 4 3 4 4 4 3 4 4 4 5 4 4 4 4 4 4 3 3 4 4 4 3 3 4 4 4 4 4 5 4 2 4 4 2 5 4 3 4 4 2 4 4 4 4 5 4 4 4 4 5 3 3 3 4 6 5 4 4 4 5 4 4 4 5 5 4 2 3 5 4 4 5 4 4 4 4 4 2 4 5 4 4 5 3 4 5 2 4 5 4 4 3 4 5 5 4 2 4 5 5 3 4 3 4 3 4 3 4 4 3 4 4 4 4 4 3 3 4 5 3 3 4 3 3 5 4 4 3 3 4 4 4 4 3 4 4 4 3 4 5 4 3 4 3 4 5 4 4 5 5 4 4 4 4 4 5 3 4 4 3 4 4 4 2 4 4 2 2 5 5 4 3 3 4 4 4 None 5 3 2 4 4 4 3 4 3 4 4 4 5 5 4 4 3 5 4 5 5 4 4 4 5 3 4 4 5 3 4 5 4 5 3 4 4 4 5 5 4 4 4 3 4 4 4 4 4 4 5 3 4 4 3 4 5 3 6 4 4 3 4 4 5 5 3 4 4 5 4 3 2 4 4 5 3 4 3 4 4 4 4 3 5 4 4 4 4 3 4 4 4 3 4 4 3 4 3 4 3 4 5 3 4 4 3 4 4 4 4 4 3 3 4 3 4 4 4 5 3 3 5 2 4 4 3 4 5 4 4 4 4 4 4 5 4 3 4 4 4 4 3 5 2 3 2 4 5 4 5 4 4 3 4 2 4 5 3 4 4 3 4 4 5 4 4 5 4 4 2 1 3 3 4 3 2 4 4 5 4 4 5 4 2 3 4 3 4 4 5 4 3 4 3 4 2 5 4 4 4 4 3 3 5 3 2 4 2 5 4 5 5 5 5 3 4 5 5 3 5 4 3 1 3 3 4 4 3 3 4 4 4 3 4 3 4 5 
33 31 29 35 27 19 13 15 14 16 14 17 21 11 4 4 5 4 4 5 4 5 3 4 2 3 4 4 4 4 4 4 4 2 4 5 4 3 3 4 4 5 3 4 3 4 5 3 4 4 4 4 3 4 4 3 4 4 4 4 3 4 5 4 4 4 3 2 3 4 4 4 4 4 4 4 4 4 4 4 5 3 4 3 4 5 4 3 4 4 5 3 4 4 4 3 5 3 5 1 5 4 3 4 5 4 4 4 5 4 5 3 4 3 4 4 5 4 4 4 3 4 4 4 5 3 4 5 4 4 4 3 4 4 2 3 3 5 4 5 3 4 5 4 2 4 3 4 3 2 4 4 4 4 4 3 1 5 4 5 4 4 4 4 4 5 5 4 4 5 4 4 5 5 5 4 3 4 4 5 3 4 4 4 5 4 4 4 4 4 4 3 4 3 3 4 5 4 4 4 4 3 2 4 4 4 3 4 4 5 4 4 4 3 4 4 3 3 5 3 3 3 4 5 4 5 4 4 4 4 4 4 3 4 5 4 5 5 2 3 2 5 5 5 4 4 4 4 4 3 4 4 4 3 4 5 3 3 4 4 4 5 None 4 4 4 4 4 4 4 3 4 4 4 4 4 4 5 4 5 4 4 5 2 5 4 5 4 2 5 4 5 4 3 5 5 4 4 5 2 1 2 3 4 3 4 5 4 5 4 4 4 3 5 5 4 3 3 3 3 1 3 3 5 4 4 4 6 5 4 3 2 4 4 5 5 5 4 4 4 4 3 4 2 3 5 4 3 4 2 3 4 4 3 3 3 1 2 4 4 5 4 3 3 4 2 3 4 5 5 4 4 4 4 5 4 5 4 4 3 5 4 4 4 4 4 4 3 4 5 5 4 4 3 4 3 4 4 4 4 2 5 4 4 4 5 4 4 3 4 5 3 4 5 4 5 5 4 4 4 4 3 4 5 5 4 3 4 5 3 4 5 4 5 4 4 5 5 3 4 4 4 5 3 2 4 4 4 3 4 3 3 4 4 3 6 4 4 5 3 4 3 4 4 3 5 5 4 4 4 4 3 4 5 5 4 4 4 4 4 4 5 3 5 2 4 4 3 4 4 3 4 4 3 3 4 5 3 3 2 
31 29 27 33 25 17 11 13 12 14 12 15 19 9 2 3 4 4 4 4 4 4 4 4 4 3 4 4 4 4 5 4 4 4 4 5 4 4 4 3 3 3 5 4 4 4 5 2 4 2 3 4 4 5 5 5 3 4 5 4 3 5 6 4 5 4 4 4 5 5 4 4 4 4 4 3 1 3 5 4 4 3 3 4 5 4 4 4 2 4 4 4 4 4 5 5 4 5 5 4 4 4 5 4 4 5 3 3 4 5 4 4 4 4 3 3 3 4 4 4 4 3 4 4 4 4 4 5 4 6 4 4 3 3 5 4 4 4 4 6 5 4 3 4 5 4 5 4 4 5 4 5 5 5 5 5 5 3 4 5 5 4 3 2 3 4 3 4 3 4 5 3 5 4 4 3 4 4 4 5 4 3 2 3 4 5 4 4 4 2 5 3 4 3 4 5 4 4 4 4 4 4 4 4 5 3 5 4 4 5 3 3 2 1 5 5 3 4 5 5 4 4 4 3 4 4 4 5 2 3 4 5 4 3 4 5 4 5 5 3 4 4 4 3 4 5 3 4 1 3 4 4 3 2 3 5 4 4 3 4 4 3 4 None 4 3 4 4 2 4 3 5 3 4 4 4 3 4 4 4 4 4 4 4 4 3 5 4 5 4 4 3 5 4 4 6 4 5 5 4 3 4 5 4 3 4 5 4 5 4 5 5 4 4 4 4 4 4 5 4 5 4 4 4 4 4 4 6 2 3 4 4 4 4 3 3 4 5 4 5 4 4 4 3 4 4 5 4 4 4 5 4 3 3 3 3 4 4 4 3 3 5 4 5 4 3 3 5 5 3 4 3 4 5 3 4 4 4 3 4 5 5 5 4 4 4 4 4 4 4 5 3 4 3 4 4 5 4 4 4 3 5 3 4 3 5 3 4 5 4 3 4 4 4 2 3 4 4 4 5 4 3 2 4 4 3 4 4 5 4 4 4 3 2 4 4 5 3 4 4 2 4 6 5 4 3 4 3 3 4 3 5 3 5 5 4 3 4 3 5 4 5 4 4 5 5 5 5 4 5 3 4 3 5 4 4 5 4 4 3 2 4 4 4 4 4 5 2 4 3 4 4 4 4 4 4 5 4 5 5 
34 32 30 36 28 20 14 16 15 17 15 18 22 12 5 5 4 4 4 5 4 6 4 5 4 4 2 5 5 4 6 2 4 3 4 5 5 3 3 3 4 5 4 3 3 4 6 4 5 4 4 3 3 4 5 5 4 5 4 4 3 4 5 2 3 4 5 4 4 5 2 5 3 3 4 3 3 4 4 4 3 5 5 4 5 5 5 4 4 3 4 5 5 5 5 6 5 4 5 4 5 4 4 4 3 5 4 1 2 5 5 5 5 5 4 4 5 5 3 4 5 4 4 5 4 5 5 4 5 5 5 5 4 4 5 4 4 5 4 6 5 3 5 4 5 5 4 5 3 5 3 4 4 4 4 4 5 5 4 5 4 4 4 2 5 5 3 4 5 5 5 4 5 5 4 3 4 4 4 3 5 4 4 5 4 4 5 4 3 5 3 4 4 4 2 4 4 4 3 4 5 5 2 5 5 4 5 4 4 4 4 4 5 5 5 5 5 5 5 5 4 3 2 4 5 4 4 5 4 4 5 5 5 5 6 6 5 2 4 4 4 4 5 5 5 4 4 5 4 4 3 3 3 4 5 5 3 4 4 5 4 2 4 4 None 5 4 4 5 5 4 5 4 4 6 4 4 4 3 6 4 5 5 4 5 4 5 5 4 5 4 5 5 4 4 5 3 5 6 3 3 4 5 5 4 4 5 4 5 5 5 4 5 5 4 4 4 5 5 5 4 4 4 4 4 5 4 5 4 5 3 5 4 3 4 5 5 4 5 4 4 5 3 4 4 5 5 5 5 4 5 5 4 3 4 3 5 4 4 4 4 4 4 3 4 5 5 4 5 6 4 5 4 4 4 4 4 5 5 5 3 5 4 5 4 3 6 4 4 5 4 4 4 3 3 4 5 4 5 4 4 4 4 5 4 5 4 4 4 5 5 3 4 4 4 4 4 4 5 4 2 3 4 5 4 5 4 3 3 5 4 5 4 3 4 3 5 4 4 5 4 4 5 6 5 5 4 4 3 4 5 5 6 5 5 5 5 4 4 5 5 3 4 5 5 5 6 5 4 5 4 4 4 5 6 6 5 3 4 5 5 5 4 5 5 3 4 4 2 4 4 4 4 4 3 4 5 5 5 5 
32 30 28 34 26 18 12 14 13 15 13 16 20 10 3 4 4 4 3 3 3 4 4 3 4 5 4 2 4 3 5 4 3 4 4 3 4 4 4 4 4 4 4 4 4 5 4 3 4 4 4 4 4 4 3 5 3 3 3 4 4 4 3 3 3 4 4 4 4 5 5 4 3 4 3 4 4 4 5 3 3 2 4 3 5 5 4 5 3 4 4 3 4 5 3 4 3 4 5 3 4 2 4 4 4 4 4 4 5 4 5 4 5 3 4 2 4 4 4 4 3 4 4 3 3 4 5 3 3 4 4 4 4 4 4 4 5 3 5 6 5 4 4 4 5 4 3 4 5 4 4 4 3 5 4 2 4 5 4 3 3 1 4 5 3 4 5 2 4 5 4 2 4 5 4 3 4 2 4 4 5 4 3 5 5 5 3 3 4 4 2 4 1 4 3 4 4 4 4 3 4 3 4 5 3 4 4 4 4 5 3 2 1 2 3 4 2 3 4 4 3 3 4 2 4 4 4 4 4 4 5 5 4 4 3 4 4 4 4 4 4 4 5 4 4 4 4 5 4 3 3 4 3 4 4 4 3 4 4 5 4 4 4 3 5 None 5 4 4 4 5 4 5 5 4 3 4 4 3 4 4 3 3 4 5 4 5 5 3 3 4 3 4 1 3 5 2 3 5 2 3 4 3 5 4 5 3 3 4 3 4 4 3 3 5 3 3 3 3 4 4 4 5 4 3 2 5 4 4 4 5 4 5 4 4 4 2 3 3 4 4 4 5 3 2 5 4 3 4 4 4 4 4 4 4 4 4 4 4 3 4 5 4 4 4 2 3 3 2 4 4 4 3 4 4 4 4 3 3 4 5 4 4 2 4 3 3 3 3 5 3 2 5 4 2 2 3 4 3 4 3 3 3 4 3 5 3 3 3 4 4 3 3 4 3 4 4 3 4 3 3 4 4 4 4 4 3 2 4 5 5 4 4 3 4 4 4 5 3 4 4 3 5 4 4 4 4 4 3 2 4 4 4 4 3 5 4 3 4 4 4 4 4 5 4 4 5 4 3 4 3 4 4 4 3 4 3 3 4 3 3 4 4 4 3 3 4 3 5 4 5 4 4 4 3 3 4 1 2 3 
33 31 29 35 27 19 13 15 14 16 14 17 21 11 4 4 4 5 4 2 3 4 4 4 4 5 4 4 4 5 3 3 5 3 4 5 4 4 5 5 3 2 4 4 2 1 4 4 3 4 5 3 3 3 4 4 4 4 5 4 4 4 5 3 4 3 4 4 4 3 4 4 4 3 3 2 3 4 4 4 4 4 4 3 5 4 3 4 3 5 3 4 4 4 4 4 5 4 4 4 4 5 2 3 4 3 3 4 5 4 5 5 4 4 4 4 3 2 4 5 4 4 3 5 4 2 4 4 4 5 4 4 4 4 4 3 2 5 4 6 6 4 4 3 5 3 4 5 5 5 3 3 4 4 4 4 4 3 5 5 3 4 3 4 4 5 4 4 5 5 4 4 4 4 3 4 4 4 3 4 4 3 5 4 5 3 4 2 3 4 4 4 4 3 4 2 4 1 4 3 3 4 2 4 4 5 3 3 4 5 4 5 4 4 3 5 5 4 1 5 4 4 3 4 3 4 4 5 3 3 5 1 4 3 5 5 4 5 4 3 4 5 4 5 4 4 4 3 3 4 4 3 4 4 4 5 4 3 2 3 3 4 4 4 4 5 None 4 4 2 3 5 3 4 5 4 3 4 4 5 3 4 5 3 4 4 4 4 5 4 4 4 4 4 5 5 4 3 2 4 3 3 3 2 4 4 4 3 4 4 5 4 5 4 5 4 4 4 4 4 4 3 4 4 5 5 4 5 3 4 3 5 5 3 4 4 5 3 4 3 2 3 3 4 3 4 4 4 5 5 5 4 3 1 4 4 4 5 4 3 4 4 4 3 4 3 3 2 3 5 5 4 4 5 5 4 4 5 4 4 4 5 2 4 5 3 5 4 3 3 3 5 5 4 4 3 4 4 4 4 5 4 3 3 4 5 3 4 4 4 4 4 3 4 3 4 3 3 4 4 3 4 4 4 4 3 4 4 5 4 4 5 3 4 3 4 4 4 4 3 4 4 4 5 5 4 5 2 4 4 4 4 5 4 2 4 3 4 3 4 4 3 3 3 4 5 5 4 4 4 3 4 4 4 6 5 3 4 3 4 4 3 4 4 4 3 4 2 4 4 4 4 3 4 3 4 5 4 3 3 
32 30 28 34 26 18 12 14 13 15 13 16 20 10 3 4 3 4 4 3 4 3 5 5 2 4 4 4 5 3 5 3 3 3 3 4 5 4 3 4 4 5 3 2 3 4 3 3 4 5 4 4 4 3 5 4 4 3 4 3 3 3 4 2 3 5 4 4 4 4 4 3 4 4 4 3 5 2 4 4 4 3 4 4 5 4 4 4 3 3 4 4 4 4 4 4 4 4 3 4 5 3 4 4 4 2 2 5 5 5 2 3 4 4 4 3 4 4 4 4 3 4 4 2 4 3 4 4 3 4 3 4 4 3 5 4 4 2 4 6 5 4 3 2 4 4 4 4 4 3 3 3 5 5 3 4 5 4 4 4 4 4 5 4 4 5 3 2 4 3 4 3 4 4 3 4 4 4 3 4 3 3 3 4 4 4 3 4 3 4 3 3 3 4 4 4 5 4 4 4 4 2 3 5 5 2 5 3 3 4 3 3 4 4 4 4 3 4 3 4 2 3 4 5 4 4 4 1 2 2 4 5 3 4 5 5 2 4 4 3 4 4 4 4 4 4 3 6 3 2 4 4 4 5 5 3 4 3 4 4 3 4 4 4 4 4 4 None 4 4 4 4 4 4 5 4 4 3 3 4 4 3 4 4 4 3 5 3 4 2 2 3 4 4 4 5 3 4 4 4 4 4 5 3 3 4 4 3 4 4 3 4 4 3 4 3 4 3 3 4 5 3 3 4 4 4 3 6 4 4 2 4 4 4 4 4 4 3 2 4 4 4 4 3 4 4 4 4 3 2 5 4 4 4 4 3 3 4 4 3 3 2 4 3 4 4 3 2 3 5 4 5 3 4 4 4 4 4 4 3 4 5 3 4 2 4 3 3 4 5 4 4 4 3 4 3 2 3 3 3 4 3 3 1 3 5 4 5 4 4 4 4 3 3 4 3 4 5 4 3 4 3 4 4 4 4 4 4 4 4 5 4 3 4 3 4 3 4 3 3 2 4 5 4 5 4 4 4 1 5 4 4 3 4 5 5 2 3 4 4 4 4 3 3 4 3 5 4 3 4 5 3 1 4 6 4 3 4 4 3 4 4 4 3 4 3 4 3 4 4 1 3 4 3 3 2 4 4 4 4 
33 31 29 35 27 19 13 15 14 16 14 17 21 11 4 5 3 4 5 4 3 3 4 2 4 1 3 4 4 4 4 4 4 4 5 3 4 4 4 4 5 4 5 4 4 4 4 4 4 3 3 4 4 4 4 4 4 5 4 3 4 3 6 4 4 4 4 4 4 4 4 4 3 4 3 3 2 4 4 4 4 5 1 4 5 2 4 4 4 4 4 3 4 5 4 4 4 3 5 3 5 4 5 4 5 4 5 4 5 5 4 4 4 4 4 3 4 4 3 4 3 3 3 3 4 4 4 4 4 5 4 3 4 3 4 4 5 5 4 5 3 4 3 4 4 4 4 5 4 4 3 3 3 5 5 5 5 2 4 5 4 5 3 3 5 4 3 3 3 5 4 5 4 4 4 2 3 4 4 3 4 3 3 4 4 4 4 4 4 2 3 4 4 3 5 3 4 4 5 5 4 4 4 3 4 4 4 4 3 5 4 3 4 3 3 3 4 4 4 4 3 4 4 4 4 3 3 4 2 3 4 4 4 4 4 4 5 4 5 4 5 3 2 1 2 4 3 5 1 3 4 4 4 3 4 5 4 4 3 4 3 3 4 2 5 4 4 4 None 4 3 5 4 4 2 4 3 4 5 5 4 3 4 4 4 3 6 4 3 4 5 4 5 4 4 6 3 3 3 5 5 4 4 4 5 3 3 4 5 4 4 4 4 2 4 2 3 4 4 4 5 4 3 4 4 3 2 5 4 5 4 2 4 4 5 4 5 5 4 4 3 4 4 2 3 5 5 5 4 4 5 4 4 3 4 5 3 4 3 4 4 5 2 4 5 3 3 4 5 3 4 5 3 4 4 4 5 3 3 4 5 4 4 4 3 4 4 4 3 4 4 5 3 4 5 4 4 4 4 4 3 5 3 4 4 5 3 4 5 4 3 5 2 5 4 3 4 5 4 4 4 4 3 4 4 2 4 3 5 4 5 5 3 2 3 4 4 4 4 3 3 4 4 4 4 5 5 4 4 2 4 4 4 3 4 5 3 4 3 4 4 3 3 2 3 4 5 5 4 3 3 3 3 5 4 3 4 4 4 4 4 3 3 5 4 4 4 2 4 4 4 3 4 4 4 4 3 3 5 5 
33 31 29 35 27 19 13 15 14 16 14 17 21 11 4 3 4 5 4 4 3 4 5 4 4 5 4 4 4 4 1 4 4 4 5 5 5 3 4 4 3 4 4 3 3 3 5 3 4 4 4 4 4 5 4 5 4 5 3 4 4 3 4 4 4 2 4 4 4 5 5 4 2 3 3 4 5 4 3 4 3 4 4 3 5 4 5 4 4 4 3 3 3 5 4 5 4 4 4 4 4 4 4 4 4 4 2 5 6 3 5 4 4 4 4 4 3 4 4 4 5 4 4 5 4 4 3 5 4 5 2 4 4 3 5 2 4 4 2 6 6 4 3 3 5 4 5 3 4 4 4 4 4 5 4 5 3 3 3 5 4 3 3 4 5 4 4 4 3 3 4 4 4 4 3 3 4 4 4 3 4 4 4 5 3 4 3 3 4 2 4 3 5 4 3 4 2 3 4 3 4 4 4 3 5 3 4 3 4 5 4 4 5 4 1 5 4 5 3 5 3 4 4 4 4 4 4 5 4 3 4 3 4 4 4 5 3 3 3 5 4 3 4 5 4 4 4 4 3 4 3 4 4 4 3 4 4 3 4 4 4 4 4 4 5 4 2 4 4 None 1 5 4 3 5 4 4 4 4 4 4 4 5 4 5 4 4 4 4 3 4 4 5 4 4 4 4 4 4 4 4 3 2 3 4 3 4 4 5 5 4 2 5 4 5 5 5 3 4 2 5 5 5 4 4 4 4 5 4 5 4 5 4 5 4 4 4 3 4 5 4 4 4 4 3 4 5 4 4 4 5 3 4 3 4 3 4 4 4 4 4 2 3 4 5 4 4 4 4 3 4 3 4 4 5 3 4 4 3 4 5 4 4 4 4 4 5 4 3 5 1 5 3 3 4 4 4 4 4 4 3 4 4 4 4 5 3 4 4 4 4 4 4 4 4 3 4 4 2 3 5 4 4 4 2 4 4 4 4 3 4 4 2 3 4 5 4 4 3 3 4 5 5 5 4 5 4 3 3 2 2 4 4 4 3 5 4 4 4 2 2 4 4 4 4 5 5 2 3 4 3 3 4 4 4 4 3 3 4 4 3 4 4 5 4 3 4 4 4 4 3 4 4 4 4 5 4 3 4 5 
33 31 29 35 27 19 13 15 14 16 14 17 21 11 4 4 4 5 4 4 4 3 4 4 3 4 4 4 3 4 2 3 4 3 4 4 4 3 4 4 2 3 4 4 2 3 4 4 3 5 3 4 3 5 4 5 4 4 4 4 3 4 5 3 3 1 3 3 4 4 4 3 3 4 4 4 4 3 2 3 2 4 3 3 5 3 5 4 4 4 2 3 3 5 4 4 3 4 3 3 4 3 3 4 3 4 3 4 5 4 4 3 3 4 4 3 4 5 4 3 4 4 4 4 3 3 3 4 4 5 3 4 3 2 4 3 3 3 1 5 5 4 2 3 4 4 4 4 3 3 3 3 4 4 4 4 2 2 2 4 3 4 2 5 4 3 4 4 2 2 3 4 5 5 4 4 4 3 4 3 5 4 4 4 3 4 3 3 3 1 3 2 4 4 2 3 3 4 3 2 5 3 4 2 4 3 4 4 3 4 3 4 4 4 2 4 3 4 4 4 2 3 4 3 3 4 4 4 3 3 3 4 3 3 4 4 3 3 4 4 5 4 4 4 4 4 4 4 2 4 2 3 4 3 3 3 3 2 3 3 4 3 3 3 4 5 3 4 3 1 None 4 4 4 5 4 3 3 3 4 3 3 4 4 5 3 5 4 5 4 4 3 4 4 3 4 4 3 5 3 4 4 3 4 4 3 4 4 4 4 4 3 4 4 4 4 4 2 3 1 4 4 4 4 4 4 4 4 3 4 4 4 4 5 4 4 4 2 4 4 3 3 3 3 4 4 5 4 4 3 4 2 4 3 4 3 3 4 3 3 4 3 4 3 4 4 4 4 4 2 3 2 4 4 4 4 3 4 3 3 5 3 5 3 5 3 4 3 4 4 2 4 4 4 3 3 4 3 4 3 2 4 4 3 4 6 3 3 4 4 3 4 4 4 4 4 5 5 3 4 4 4 3 4 2 4 3 4 4 4 4 4 1 2 3 4 3 4 3 3 4 4 5 4 3 4 3 3 4 3 1 4 3 5 4 5 4 3 3 3 2 4 3 4 4 4 5 3 4 3 2 3 4 5 3 3 4 4 4 3 2 4 3 5 3 3 4 3 4 4 4 3 3 4 4 4 4 4 5 4 
34 32 30 36 28 20 14 16 15 17 15 18 22 12 5 5 4 5 4 5 4 4 5 5 5 5 4 4 5 5 5 4 1 4 4 2 5 3 5 5 5 4 4 4 5 4 4 4 2 5 4 5 4 4 4 6 4 4 4 4 5 4 6 4 4 5 4 4 4 5 3 3 4 4 5 5 4 4 4 3 4 4 5 5 5 5 4 4 5 4 4 4 4 5 4 5 4 5 5 3 4 3 4 4 5 4 5 5 5 5 5 3 5 5 4 4 4 5 4 4 4 5 4 2 4 3 5 4 4 5 4 4 4 3 4 5 4 3 5 7 5 3 5 4 5 4 4 5 4 4 4 3 4 4 5 4 4 5 4 5 4 5 4 4 2 4 4 5 4 4 4 2 4 3 4 5 5 5 3 5 5 5 4 4 5 4 4 5 5 4 4 4 4 5 4 4 5 5 4 4 5 3 5 4 5 3 6 5 5 5 5 4 3 4 5 5 3 5 5 5 4 5 4 5 4 4 4 3 5 4 4 5 2 4 4 3 2 4 5 4 5 4 4 4 5 5 5 4 4 4 4 3 4 3 4 4 3 4 5 4 5 4 4 5 5 4 5 4 5 5 4 None 2 4 3 4 4 4 3 4 3 4 5 5 5 5 5 5 6 5 5 5 5 4 5 5 5 5 6 4 5 4 5 5 5 4 5 3 4 5 5 5 3 3 4 4 4 4 5 3 3 4 5 4 3 5 4 6 3 4 5 5 4 4 4 4 5 3 5 5 4 5 4 4 3 6 5 4 4 5 5 4 4 4 3 5 4 5 5 4 4 5 5 4 3 4 5 5 5 5 5 4 4 4 5 4 4 4 4 5 4 4 4 5 5 3 4 3 3 3 5 4 5 3 4 4 5 5 4 5 2 4 4 4 3 5 4 3 4 3 3 5 5 4 5 4 5 5 5 4 4 4 3 5 4 5 3 4 2 4 5 5 4 5 4 5 4 4 4 3 5 5 5 5 3 4 5 5 4 4 3 4 3 5 4 4 3 2 4 4 4 4 5 4 5 4 6 5 4 4 5 5 4 5 5 5 5 5 5 5 4 4 5 5 5 3 5 5 5 5 5 5 5 3 3 4 4 5 5 4 
34 32 30 36 28 20 14 16 15 17 15 18 22 12 5 4 3 5 4 3 4 4 3 4 4 3 5 3 4 3 4 2 3 3 3 4 4 3 4 4 3 4 4 4 3 2 4 3 4 3 4 4 3 4 3 4 2 3 4 3 3 4 5 3 4 4 4 4 2 4 4 4 3 4 3 4 2 4 4 5 3 4 4 4 5 4 4 4 5 4 4 3 3 4 4 3 4 4 4 4 2 4 3 4 5 3 4 4 5 4 4 4 3 4 4 4 4 3 4 5 4 4 2 4 4 1 3 5 3 6 4 3 4 4 5 4 3 4 4 5 3 1 3 4 4 3 3 3 5 5 4 4 4 5 4 4 5 5 5 4 4 4 4 3 3 4 5 3 5 4 3 4 3 1 2 4 4 4 4 5 5 3 4 3 4 3 4 3 4 4 3 2 4 3 4 5 4 4 4 3 4 4 3 4 3 4 4 4 4 4 4 4 4 4 4 4 3 4 4 5 4 4 4 3 2 2 5 5 4 4 2 4 3 3 2 3 3 4 4 4 5 3 4 4 3 4 4 4 4 4 4 4 4 3 3 5 5 4 4 3 3 4 4 3 4 5 3 4 4 4 4 2 None 3 4 5 3 4 4 3 4 2 4 4 4 4 4 3 5 4 4 4 3 5 4 5 5 4 5 4 4 3 4 3 4 3 4 4 4 3 4 4 3 5 3 3 5 4 4 4 3 3 3 5 4 4 2 6 3 4 4 4 4 4 4 2 5 2 3 5 4 3 4 4 4 4 4 4 5 3 4 4 2 4 2 4 4 4 5 3 3 3 4 4 4 4 4 3 4 4 4 3 2 3 4 5 4 4 4 4 4 3 3 4 3 4 2 4 4 4 3 5 4 4 4 4 4 4 3 4 3 4 3 4 4 5 4 3 4 3 1 4 4 3 4 3 4 5 4 3 5 4 1 3 5 3 2 4 4 3 4 4 3 4 4 3 4 2 4 4 5 3 4 5 4 4 5 4 4 3 3 3 3 4 4 5 2 4 4 3 4 2 3 3 4 5 4 3 3 3 4 4 3 4 5 4 3 3 3 3 2 2 4 3 4 3 4 4 5 3 4 4 4 3 4 4 3 4 3 2 
32 30 28 34 26 18 12 14 13 15 13 16 20 10 3 3 3 3 2 3 2 5 5 4 4 5 4 4 4 3 4 3 3 2 4 4 4 4 5 4 4 4 3 2 3 3 5 3 4 4 4 4 3 2 3 5 4 3 3 2 3 1 5 2 3 5 4 4 3 3 3 4 2 3 4 4 3 4 5 5 3 4 4 3 4 3 5 4 4 4 4 3 4 4 3 5 4 3 4 3 5 4 4 5 5 4 3 3 4 2 4 2 5 4 5 4 5 5 3 2 4 2 3 3 4 2 4 2 4 3 3 4 4 4 4 3 3 4 4 5 5 4 4 4 4 4 4 4 4 3 4 4 4 5 3 3 5 4 4 5 4 4 4 2 3 4 2 4 4 5 4 4 5 4 3 3 3 4 3 3 5 4 4 5 5 4 3 4 4 3 3 4 4 5 3 4 4 5 3 4 3 5 3 4 3 3 5 3 4 4 4 4 5 4 2 5 4 3 4 3 4 3 2 3 1 4 4 4 4 3 3 3 4 4 4 3 2 3 4 4 5 3 4 3 2 4 3 5 4 3 4 4 3 4 5 5 4 3 4 4 4 4 4 4 4 5 4 4 4 3 4 4 3 None 5 4 4 4 3 4 4 5 4 3 5 3 5 3 4 4 4 3 2 4 5 3 3 3 4 3 4 4 3 2 4 4 5 3 4 4 5 3 5 3 4 4 4 4 5 5 4 3 3 3 2 5 5 4 4 4 2 4 4 4 4 5 4 3 4 4 4 3 4 4 3 3 4 4 4 4 4 4 3 4 3 4 4 4 4 4 3 3 3 4 4 4 4 4 4 4 3 2 4 3 4 5 4 5 3 5 4 5 4 4 4 4 5 4 4 5 3 4 3 1 3 4 4 3 3 4 3 4 4 4 3 3 4 3 3 3 4 3 4 3 4 4 1 5 4 3 4 4 4 5 3 4 4 3 4 2 4 3 4 3 1 4 3 4 4 4 4 4 5 4 4 4 4 4 3 3 3 4 4 3 4 6 3 4 4 4 5 4 5 4 5 5 5 4 4 5 4 4 3 5 5 4 4 3 3 5 4 3 3 5 4 4 3 4 4 4 3 4 3 4 3 4 4 4 4 3 
34 32 30 36 28 20 14 16 15 17 15 18 22 12 5 5 2 6 5 4 5 5 5 4 4 3 5 3 4 4 5 5 2 4 5 1 4 3 5 5 5 5 5 5 5 5 5 4 5 5 4 4 5 5 4 5 4 4 5 3 4 5 6 5 5 5 4 3 3 4 4 4 5 4 5 4 4 5 4 4 4 4 3 4 6 2 5 2 4 4 5 4 3 5 6 5 4 5 5 5 4 2 5 4 5 5 4 5 6 4 5 5 6 3 5 4 4 4 4 5 4 5 5 5 5 4 4 5 4 5 5 3 5 5 6 5 5 4 5 6 5 4 4 3 6 5 4 5 3 4 4 5 5 5 5 4 4 4 4 4 5 5 5 4 4 5 5 3 5 5 4 3 3 3 4 4 4 5 4 5 6 4 5 4 5 3 4 4 5 4 5 4 3 3 4 5 5 4 5 5 4 4 4 3 4 5 5 4 4 5 4 3 4 5 4 5 5 4 5 4 3 3 4 5 4 4 4 4 4 5 3 6 3 4 5 4 3 4 5 5 4 4 3 3 4 3 4 5 3 4 4 4 3 5 4 5 4 4 5 5 5 5 4 4 6 4 5 5 2 5 5 3 4 5 None 5 3 4 4 4 5 4 3 4 6 4 5 2 5 5 5 5 4 4 4 5 5 5 5 4 3 2 3 5 5 4 3 4 5 5 6 3 4 4 3 4 5 3 2 4 5 3 5 4 3 3 4 5 4 5 5 4 3 5 5 5 6 4 3 4 3 4 5 4 5 5 3 4 4 5 5 5 4 4 3 5 5 5 4 4 5 5 4 3 4 4 4 4 5 4 6 5 4 4 5 5 4 4 5 6 5 4 5 5 5 4 4 4 4 4 4 3 5 4 4 3 4 5 4 4 4 4 5 4 4 6 4 4 5 5 4 5 4 4 5 4 5 6 5 4 5 5 4 5 5 4 4 4 3 3 5 4 5 4 4 5 4 3 4 4 5 4 4 5 5 3 4 5 4 4 4 5 4 5 5 5 3 5 5 4 4 5 3 2 3 5 6 5 4 5 5 5 4 5 5 5 4 4 4 4 4 5 3 5 5 4 5 4 4 4 4 3 4 4 4 5 1 4 4 5 
33 31 29 35 27 19 13 15 14 16 14 17 21 11 4 5 3 5 4 4 4 4 5 4 4 5 3 4 4 5 5 3 3 3 5 4 4 4 3 5 3 4 4 3 3 4 5 4 4 4 4 3 4 2 5 5 5 5 4 4 4 4 6 2 3 4 3 4 4 4 5 5 3 2 4 4 5 5 4 5 4 5 4 4 4 5 4 5 4 3 3 4 4 4 5 6 4 4 5 4 5 5 5 5 4 4 4 4 5 4 5 4 5 5 4 3 4 4 4 4 5 3 5 4 4 5 4 4 4 5 4 5 5 5 4 5 4 4 4 7 6 4 4 3 5 5 5 5 4 3 4 5 4 5 4 4 5 5 5 4 4 4 5 4 4 4 4 4 5 5 5 3 3 4 4 4 4 4 4 3 5 3 4 5 4 4 5 4 4 5 3 4 4 4 3 2 5 3 2 3 5 4 4 5 4 4 5 3 5 4 5 3 2 3 3 5 3 4 3 5 4 4 4 4 4 5 3 3 4 4 5 5 4 4 4 5 4 4 4 4 4 3 2 3 4 5 4 5 4 2 4 4 4 5 4 3 3 4 3 3 5 5 4 4 4 3 4 4 4 4 4 4 5 4 5 None 4 4 4 5 4 5 4 5 6 5 5 5 4 4 4 4 5 3 5 5 3 3 4 2 3 4 4 5 5 5 4 4 5 4 4 5 4 4 3 4 4 2 3 4 5 5 5 4 4 4 5 6 5 5 4 5 4 4 5 5 4 5 4 5 5 5 5 3 4 4 5 5 4 3 5 5 5 4 5 4 4 5 5 4 4 4 4 4 4 4 5 3 3 5 5 5 5 5 5 5 4 4 3 5 5 5 2 4 4 4 4 3 2 4 4 3 5 3 4 4 4 4 4 3 4 3 3 3 5 5 4 5 4 3 4 5 3 4 4 4 3 4 5 5 4 4 4 4 2 4 4 4 4 4 5 4 4 4 5 5 5 4 5 1 3 5 4 5 5 4 4 4 3 3 4 5 3 4 4 6 5 5 4 5 3 5 5 5 4 5 6 5 4 2 4 3 5 3 4 5 5 4 4 5 4 3 3 5 5 4 4 3 3 5 4 4 5 5 1 2 4 4 4 5 
32 30 28 34 26 18 12 14 13 15 13 16 20 10 3 4 4 5 3 4 4 3 4 4 3 4 5 4 4 4 4 4 4 2 3 4 1 2 4 3 2 4 4 5 3 4 5 3 2 4 3 4 4 4 3 4 3 4 4 4 3 4 5 4 4 4 3 2 3 4 4 3 4 4 4 3 3 4 4 3 3 4 3 4 4 4 4 1 3 2 4 4 3 5 5 4 4 3 5 3 4 5 4 2 3 4 4 4 5 4 4 4 4 4 3 4 4 3 4 4 3 3 4 3 3 4 4 4 3 4 5 3 4 3 4 4 3 4 3 5 4 4 4 4 4 4 4 4 4 4 4 3 3 2 5 4 3 4 4 3 4 3 4 4 3 4 4 4 4 4 4 4 2 3 4 2 1 3 4 4 3 2 3 1 5 3 4 2 3 3 4 3 4 3 3 4 5 3 3 3 3 4 2 3 3 4 3 3 4 5 3 4 5 4 4 4 4 3 4 4 4 5 4 2 4 3 3 4 3 2 3 4 4 2 3 4 4 3 4 2 4 4 3 4 3 4 3 2 2 3 3 4 4 2 3 4 4 3 3 2 3 4 4 3 4 4 3 4 3 4 3 4 3 4 3 4 None 2 3 4 4 3 4 4 5 4 3 4 4 4 4 4 3 4 4 4 3 4 5 4 3 4 3 4 3 4 5 3 2 3 4 4 4 4 3 4 5 3 4 4 5 2 4 3 4 3 3 4 4 3 3 3 4 4 4 4 4 4 3 4 3 4 3 4 4 4 3 3 4 4 4 3 3 2 3 4 4 4 3 3 4 4 3 4 3 2 3 4 4 4 4 3 3 4 4 4 3 4 2 4 4 4 4 4 4 4 3 3 3 1 5 4 4 3 4 3 4 3 4 4 3 3 2 4 4 5 4 3 3 3 2 4 4 4 4 3 4 4 5 4 4 4 2 4 3 2 4 3 3 4 4 3 4 3 4 4 4 3 2 4 3 4 4 5 4 4 3 3 4 3 2 4 2 2 3 4 4 4 4 4 4 3 3 4 3 4 5 3 4 3 3 4 3 4 5 5 4 4 3 2 1 3 3 4 4 3 3 1 3 4 4 3 2 4 3 3 4 3 4 4 
31 29 27 33 25 17 11 13 12 14 12 15 19 9 2 3 3 4 3 3 4 3 3 4 5 5 4 4 2 4 4 4 3 3 5 4 3 2 4 3 3 2 4 4 4 4 4 3 4 4 4 3 4 4 4 4 4 4 2 4 4 4 5 4 4 2 5 4 2 4 4 5 3 3 3 4 4 4 5 3 3 4 3 3 4 4 3 3 4 3 2 3 4 5 4 4 4 2 4 4 2 4 3 3 3 4 3 3 4 3 4 4 4 4 4 4 3 2 3 3 2 4 4 4 4 4 2 2 3 3 4 3 3 4 5 4 4 3 4 6 5 4 3 2 4 3 2 3 4 5 4 4 4 2 4 4 4 3 4 4 4 3 4 4 4 5 3 4 4 5 5 2 3 3 4 4 3 4 5 4 3 3 3 3 3 1 3 4 4 4 3 3 3 4 3 3 4 3 2 1 4 3 3 4 4 4 4 2 4 3 3 4 3 3 5 3 3 4 4 4 4 3 2 2 4 3 3 4 3 3 4 5 4 4 4 4 4 3 3 2 3 3 4 5 4 4 1 4 4 3 3 3 3 3 3 4 3 3 3 4 5 4 5 4 4 4 4 3 4 4 3 4 4 4 4 4 2 None 1 4 3 4 4 3 4 4 5 3 4 4 4 2 4 5 4 4 3 4 5 4 4 4 4 4 2 3 4 3 4 3 4 3 5 5 2 4 4 5 4 4 4 4 4 4 3 3 4 5 3 3 2 4 3 4 3 4 3 5 1 3 2 3 3 4 4 4 4 3 4 4 4 3 4 3 5 4 4 3 4 5 4 4 4 4 3 3 2 3 3 4 4 5 3 2 4 3 3 4 4 5 3 3 4 5 5 2 2 4 4 3 4 4 3 3 3 4 3 3 3 3 3 2 4 2 3 5 4 4 4 5 3 4 3 4 4 3 4 4 4 4 4 4 4 4 5 3 2 4 3 4 4 3 3 4 3 3 2 4 2 4 3 4 2 3 4 4 4 3 4 4 4 4 4 4 4 5 3 4 4 4 4 4 4 3 4 4 3 3 4 4 4 4 3 5 5 4 4 3 4 3 3 4 4 3 4 3 3 3 3 3 3 4 4 2 3 3 3 4 4 3 
32 30 28 34 26 18 12 14 13 15 13 16 20 10 3 4 2 4 3 2 3 4 4 4 4 4 3 3 3 4 3 4 2 3 5 3 4 3 4 2 4 3 3 3 3 3 3 3 4 4 3 3 4 4 4 3 3 3 3 3 3 4 4 3 4 3 5 4 3 4 3 4 3 3 3 4 4 3 4 2 3 4 4 4 5 4 3 4 3 3 1 4 4 5 4 3 3 3 5 3 3 3 3 3 3 3 2 2 3 4 4 5 4 4 4 4 3 2 2 3 3 3 3 4 3 3 3 1 4 2 3 4 2 3 4 3 4 2 3 5 4 3 2 1 3 2 1 2 4 4 4 3 3 2 4 3 3 3 3 4 4 4 3 3 3 4 4 4 3 4 4 1 4 4 3 3 2 3 4 4 2 4 4 4 3 2 3 4 4 3 3 3 4 3 3 2 3 3 3 2 3 4 4 4 4 3 3 3 3 4 4 3 2 3 4 4 3 3 3 3 3 2 1 3 4 3 4 4 4 3 3 5 3 4 3 4 3 3 2 1 4 3 3 4 3 4 2 4 4 3 4 4 2 4 4 3 2 2 3 3 4 3 4 4 3 3 4 3 5 4 3 3 4 3 4 4 3 1 None 4 4 3 3 4 3 4 5 4 4 3 4 3 3 4 3 4 2 3 4 4 3 3 4 3 3 2 3 3 4 4 4 4 4 4 2 3 4 4 3 3 3 3 4 3 2 2 4 5 3 2 3 4 4 4 3 4 4 4 2 3 3 3 2 4 4 4 4 4 4 4 4 3 4 4 4 3 4 4 4 4 4 3 3 3 2 2 3 4 4 4 4 5 2 1 3 4 4 3 3 4 2 3 4 4 4 2 3 4 3 3 4 3 4 2 4 3 4 4 2 4 4 3 4 3 3 4 3 4 3 5 4 3 4 3 4 3 4 4 3 3 3 4 4 3 4 4 3 3 3 4 4 3 2 3 2 3 3 3 1 3 2 3 3 4 4 4 3 4 3 4 4 3 5 4 4 5 2 3 3 4 4 3 4 3 4 3 4 2 4 4 4 4 3 4 4 3 3 2 3 3 4 5 4 4 3 2 2 3 3 3 2 3 4 1 4 4 3 3 3 2 
31 29 27 33 25 17 11 13 12 14 12 15 19 9 2 1 5 4 4 4 5 4 4 3 4 4 4 4 4 4 3 4 3 4 5 3 5 4 4 5 3 4 4 5 4 4 6 4 4 4 4 4 4 4 4 3 3 4 4 4 3 4 6 4 3 4 4 4 4 5 5 5 4 5 4 4 3 4 3 4 4 4 4 5 4 5 5 5 3 4 3 4 3 4 5 4 5 4 2 4 4 2 5 3 3 5 3 5 6 4 3 4 3 4 4 3 5 4 5 2 4 4 4 4 5 4 4 4 1 5 4 3 2 3 5 2 3 5 4 4 6 4 3 4 5 4 4 5 5 5 4 5 4 4 4 4 5 5 4 5 4 4 5 4 4 5 4 2 4 5 4 4 5 4 5 4 3 3 5 4 4 5 3 5 4 5 3 4 4 4 3 3 3 3 4 4 4 4 4 3 3 4 5 4 4 4 5 5 3 4 3 5 4 3 4 5 4 5 5 4 3 4 4 4 4 4 4 5 5 3 4 5 4 2 5 4 4 4 3 3 4 4 4 4 3 5 3 4 4 5 3 5 3 4 5 5 5 4 4 4 4 5 5 4 6 4 5 4 5 4 4 4 3 4 4 5 4 4 4 None 2 3 4 5 5 4 5 4 5 4 4 4 5 4 4 4 4 4 6 4 5 4 5 4 4 4 4 3 5 4 5 4 4 5 4 4 5 4 3 4 5 5 3 5 4 3 3 4 3 4 4 5 4 5 3 5 5 5 4 5 4 4 4 4 4 3 4 4 4 4 5 2 3 5 3 4 5 4 4 4 4 5 5 3 4 5 5 4 4 3 4 4 4 4 2 5 4 2 2 4 5 3 5 4 4 5 4 3 4 4 3 5 4 3 3 4 4 4 4 5 3 5 4 5 4 5 3 4 5 5 4 3 3 5 4 4 3 5 2 3 4 4 2 5 3 4 2 4 4 5 4 5 3 4 4 4 3 4 4 4 4 2 5 5 4 4 4 4 3 5 3 4 3 4 4 5 4 3 5 4 5 4 4 4 4 4 5 4 3 4 3 4 4 4 4 4 5 4 3 4 3 4 5 4 5 4 4 4 5 4 5 4 4 3 5 5 5 4 5 5 
33 31 29 35 27 19 13 15 14 16 14 17 21 11 4 3 4 5 4 5 5 4 4 5 4 5 5 4 3 3 5 3 4 2 4 4 5 3 4 4 2 3 5 3 3 2 4 4 2 4 5 4 5 4 3 5 3 4 4 4 3 4 6 2 1 3 4 4 3 4 3 4 3 4 4 4 5 3 3 4 4 4 4 3 4 5 5 4 4 3 4 4 3 2 5 5 4 3 4 3 3 4 3 3 4 4 4 4 5 4 5 4 5 4 5 3 4 5 4 4 4 4 4 5 3 3 4 5 3 6 3 4 4 1 4 4 1 3 3 5 6 4 3 4 5 4 4 4 5 4 4 3 4 4 4 4 4 3 4 5 4 4 4 4 4 4 4 4 3 4 4 4 4 4 4 4 3 4 4 4 4 4 3 5 4 4 4 3 4 2 3 5 3 4 3 5 4 4 3 2 4 2 4 4 4 2 4 4 5 5 5 3 4 4 4 5 5 4 4 5 4 5 4 3 4 2 4 5 4 3 4 4 3 4 5 5 4 3 3 4 4 4 5 5 5 4 4 4 3 3 3 4 5 4 3 4 5 4 4 4 4 4 4 4 4 4 3 4 4 4 3 3 4 4 5 4 4 3 4 2 None 4 5 4 3 4 5 4 5 5 4 3 5 3 3 5 4 5 5 2 3 4 3 3 4 2 3 4 3 4 5 5 2 4 4 4 4 5 5 4 5 4 4 4 3 4 4 4 4 4 3 5 4 4 4 3 4 4 4 5 4 2 2 3 2 5 5 4 3 4 4 4 4 4 5 4 4 5 3 4 3 4 4 4 4 3 4 4 4 3 5 4 3 4 4 5 3 4 4 4 5 4 3 4 4 4 4 3 4 3 4 4 4 3 3 2 3 2 3 4 4 4 3 3 3 5 4 3 3 3 4 4 3 4 4 4 5 4 4 4 3 3 4 3 5 3 3 2 4 5 4 4 4 4 4 5 5 3 4 4 4 4 3 4 5 4 4 3 3 5 3 4 4 4 3 4 4 1 3 4 4 3 3 4 4 2 6 5 3 4 3 4 4 5 4 4 4 4 5 4 3 4 4 4 5 4 5 4 4 2 4 4 4 3 3 4 5 4 4 4 
32 30 28 34 26 18 12 14 13 15 13 16 20 10 3 4 3 4 4 3 4 4 5 3 3 3 4 4 4 3 4 3 4 4 4 4 4 3 4 4 3 4 4 4 4 3 4 3 4 5 5 4 5 5 4 5 4 4 4 4 4 4 5 3 4 4 4 3 4 5 5 4 4 3 4 5 4 4 3 4 4 3 2 4 5 3 3 4 3 4 4 3 3 4 4 1 4 3 4 4 4 3 4 4 4 4 3 5 5 3 5 4 5 4 4 5 4 5 4 4 2 4 3 4 3 3 4 4 2 4 4 3 2 3 4 5 4 4 2 5 5 3 1 2 4 1 2 3 5 4 4 4 4 5 5 3 4 3 5 3 4 4 5 5 4 4 5 1 3 3 3 4 3 3 4 4 4 4 4 3 5 3 3 4 2 4 2 4 4 2 4 4 2 4 4 4 4 4 4 4 3 4 4 4 2 3 5 4 4 4 2 4 3 4 4 3 3 4 4 5 4 4 4 3 4 2 4 4 4 3 2 5 3 3 2 3 3 3 4 4 5 4 4 4 3 4 4 4 3 4 4 4 3 4 4 5 4 3 3 4 5 5 4 4 5 3 4 3 3 4 3 4 2 5 4 5 3 4 3 3 4 None 3 4 5 4 5 4 4 4 3 4 3 4 4 4 5 4 5 5 4 3 4 4 4 3 3 2 3 4 3 3 4 5 3 3 4 3 2 4 4 4 4 4 3 3 2 5 3 3 5 4 5 4 4 4 4 4 3 3 3 4 4 4 5 3 3 3 5 3 3 4 3 3 4 3 3 3 3 4 3 4 3 4 5 3 4 5 4 3 4 4 3 4 3 4 4 4 3 3 4 4 3 4 3 5 2 4 4 4 4 4 4 4 3 4 3 4 3 4 4 4 3 4 3 5 5 4 5 3 1 3 2 3 4 4 4 5 3 2 4 4 3 4 3 1 3 3 4 3 4 4 4 4 4 4 4 4 4 4 3 4 4 3 4 4 4 4 2 3 3 3 3 3 5 5 4 4 4 4 3 3 4 3 4 4 6 3 4 3 3 3 4 5 4 2 2 3 2 3 2 3 2 3 2 4 3 2 4 4 3 4 3 3 4 4 4 4 4 3 
33 31 29 35 27 19 13 15 14 16 14 17 21 11 4 5 1 5 3 3 4 5 5 3 5 4 5 3 3 3 5 4 4 4 4 4 4 4 5 5 4 4 4 4 4 4 5 4 5 5 5 5 5 5 4 4 4 3 5 4 4 5 5 4 4 4 5 5 4 5 5 5 4 4 5 4 4 4 5 5 4 5 4 3 5 3 4 4 4 4 2 4 3 6 5 4 4 4 6 5 4 5 5 5 3 4 3 4 5 4 6 5 5 2 5 3 5 5 5 4 4 5 4 4 5 5 4 4 3 4 5 3 4 5 6 5 5 4 5 5 5 3 3 2 5 4 4 5 6 5 5 5 4 4 4 5 6 5 4 4 5 3 5 3 3 5 5 4 4 5 4 3 3 4 5 5 5 4 4 5 5 3 4 5 4 4 3 5 4 4 4 4 4 4 4 3 5 5 4 3 5 4 5 4 5 5 5 4 4 3 4 3 2 3 5 5 3 5 4 3 5 4 4 2 5 5 4 5 5 5 4 6 5 4 4 4 5 5 5 4 5 3 2 3 4 4 5 4 5 4 4 5 4 4 3 4 4 5 5 5 5 5 5 4 5 3 5 4 4 5 4 5 4 4 3 4 4 4 3 4 5 3 None 5 5 5 4 3 4 4 5 4 5 4 5 5 5 5 5 5 4 3 4 4 4 5 4 4 5 5 5 4 4 4 4 5 4 4 4 4 5 5 5 3 2 5 3 5 3 4 5 6 5 4 3 4 4 5 3 4 5 4 5 5 5 3 5 4 3 5 5 4 5 5 4 4 5 5 6 4 5 4 5 5 4 5 4 5 4 4 5 4 4 3 2 5 3 2 4 5 4 4 5 4 4 4 2 4 4 4 5 3 5 3 4 4 4 4 5 4 4 5 4 4 4 5 4 5 5 6 3 5 4 5 4 4 5 4 4 3 4 5 5 5 4 4 4 3 5 5 4 5 3 4 5 5 4 2 4 3 5 5 5 4 5 4 4 5 4 5 4 5 4 5 4 5 5 6 4 4 4 4 4 4 5 5 6 4 5 4 5 5 5 5 5 4 5 4 4 4 3 5 4 3 5 4 5 4 5 3 3 2 3 4 5 4 2 4 3 4 
33 31 29 35 27 19 13 15 14 16 14 17 21 11 4 4 5 4 4 5 4 5 3 4 4 3 2 4 4 4 5 4 4 3 5 3 4 4 5 4 4 5 4 4 3 2 5 3 4 5 3 4 4 5 5 5 4 4 5 3 3 4 6 4 5 5 3 4 4 4 3 5 4 3 5 3 5 4 4 4 4 3 4 4 5 4 4 5 4 4 5 4 5 4 4 3 5 3 5 2 5 4 1 3 4 3 4 3 4 5 4 4 4 4 5 4 4 5 4 4 3 4 4 5 4 3 3 4 4 3 4 4 4 3 3 4 3 4 3 5 3 4 3 4 2 4 4 5 3 3 4 3 4 5 5 4 3 4 3 3 4 5 4 4 5 5 4 4 4 4 3 3 4 5 5 4 4 4 4 5 3 5 3 5 4 4 4 3 3 3 4 3 4 4 3 5 3 4 3 4 4 4 4 3 5 4 3 5 3 4 5 4 4 4 5 4 4 4 4 5 4 4 3 4 2 4 4 5 2 3 2 4 4 4 4 4 5 5 4 4 4 4 5 5 4 5 4 4 3 4 4 3 4 4 4 5 3 2 3 4 4 4 2 4 4 4 3 4 4 4 4 5 4 3 4 5 4 3 4 5 4 4 5 None 3 2 3 4 4 4 4 5 3 5 4 4 5 3 5 4 3 3 4 3 4 4 5 4 5 3 4 2 5 4 5 3 3 4 4 3 3 4 5 4 4 3 4 6 4 4 4 2 4 3 4 6 6 4 2 5 4 4 2 3 4 5 5 4 3 2 3 4 3 4 4 4 1 4 3 4 4 4 5 4 5 3 1 4 4 4 3 3 4 4 5 2 5 5 5 3 5 4 3 3 4 2 3 4 4 4 3 5 4 4 4 4 4 4 4 2 3 5 3 3 4 6 4 4 4 4 3 4 4 3 4 3 4 3 4 3 4 5 4 5 5 3 4 4 4 1 4 5 4 3 4 2 3 4 3 4 4 4 5 3 4 5 5 3 3 5 4 4 4 4 3 5 4 5 3 5 4 5 4 4 5 4 5 4 5 4 2 4 3 5 5 4 3 3 4 2 3 4 2 4 2 3 4 4 4 4 3 4 4 3 4 5 4 4 4 4 
34 32 30 36 28 20 14 16 15 17 15 18 22 12 5 5 4 5 5 5 5 5 4 5 4 5 4 4 5 5 5 5 4 5 4 5 4 5 4 3 5 5 4 4 4 3 3 4 5 4 4 4 5 5 5 4 3 4 4 4 4 5 5 5 4 5 4 4 5 5 4 3 4 5 4 2 5 5 4 4 5 4 5 3 5 4 4 4 5 5 4 5 4 5 3 5 5 4 5 5 5 5 2 4 4 4 5 4 4 4 4 5 4 4 5 5 3 4 3 5 5 4 5 4 2 3 4 4 5 5 6 4 5 4 6 4 4 2 4 6 5 4 4 4 5 4 4 5 3 5 4 4 4 5 4 4 5 4 3 5 5 4 4 5 4 4 5 4 3 4 5 3 5 5 5 3 4 5 5 5 4 5 4 6 3 5 3 4 5 4 5 5 5 4 4 5 4 3 5 5 4 5 5 3 3 5 5 5 3 5 5 4 4 5 5 4 5 5 5 6 4 4 4 5 4 5 5 5 2 4 4 5 5 5 5 5 4 4 5 4 5 5 5 5 5 6 5 5 3 5 5 5 4 6 5 3 4 3 4 5 4 4 5 4 5 5 4 4 4 5 5 5 4 5 6 6 5 4 3 5 3 5 5 3 None 2 4 5 5 4 6 5 4 6 5 5 4 4 6 5 6 5 5 4 4 4 3 3 5 5 5 4 4 5 4 4 4 4 5 4 5 3 5 4 3 5 5 4 5 5 4 5 4 3 4 5 5 4 4 5 4 4 3 5 5 3 4 4 5 5 5 5 4 5 5 5 4 6 2 5 5 3 4 3 4 4 3 4 3 5 4 4 3 2 4 4 4 5 4 4 3 4 4 4 6 3 5 4 4 5 5 5 3 4 4 5 4 5 5 5 5 4 3 5 4 6 3 4 4 5 5 4 4 3 5 4 5 5 4 4 3 4 4 4 5 4 5 4 5 3 5 5 5 4 5 5 4 5 4 5 5 4 5 4 5 5 4 4 5 4 4 4 5 4 4 6 4 4 5 4 4 5 3 4 3 1 5 4 4 5 3 5 3 6 6 4 4 3 4 4 5 4 4 4 4 4 4 4 4 4 4 5 5 4 5 4 5 5 5 4 
32 30 28 34 26 18 12 14 13 15 13 16 20 10 3 4 4 5 4 5 5 4 4 3 4 4 4 4 3 4 5 4 4 4 5 3 4 4 3 4 3 3 3 4 4 4 5 4 3 5 2 4 4 4 3 4 3 4 5 3 3 4 6 4 3 3 5 4 5 4 5 4 4 3 4 2 4 3 3 4 3 4 4 3 5 4 3 4 4 3 4 4 3 4 5 4 4 3 4 4 5 3 3 5 2 4 4 3 4 4 3 5 3 4 5 4 4 4 4 5 4 4 4 5 4 3 3 5 4 5 4 2 4 4 5 4 4 4 2 6 5 5 3 4 4 4 5 4 1 3 2 3 4 3 4 4 5 4 1 3 5 5 3 4 4 4 4 4 4 3 3 4 4 5 5 5 4 4 4 3 5 4 4 5 4 5 4 5 4 3 4 3 3 4 5 5 3 3 3 4 4 4 4 3 5 4 5 4 1 5 4 3 4 4 5 5 4 4 4 4 2 2 3 5 2 4 4 4 1 3 2 4 4 3 4 3 5 4 5 5 5 3 4 4 3 5 4 4 2 4 3 4 2 5 4 5 3 2 3 4 5 4 4 3 4 4 4 3 3 4 3 5 4 3 4 5 4 4 4 4 5 4 5 2 2 None 3 4 4 3 4 4 3 5 4 4 4 2 5 4 4 3 4 3 4 5 4 4 5 4 5 2 4 4 4 4 4 4 4 2 3 3 4 4 3 4 4 4 3 4 3 4 3 3 4 5 5 4 3 3 4 4 4 3 4 4 4 4 3 4 4 4 4 4 4 4 3 5 4 3 5 5 3 4 4 4 2 4 4 4 4 3 4 3 3 3 4 4 3 4 4 4 4 3 5 4 3 3 3 4 3 3 4 4 5 4 3 4 5 4 4 5 2 4 4 5 3 4 4 4 3 4 3 3 4 4 4 4 4 4 3 4 4 5 4 3 3 2 4 1 3 5 3 3 4 3 4 4 3 4 5 4 5 4 5 4 4 5 4 4 4 5 5 4 4 5 3 5 4 4 3 5 3 3 4 3 6 4 3 4 4 4 2 5 5 4 3 2 3 3 4 4 2 4 3 4 4 3 2 4 4 4 4 4 4 4 4 4 5 4 
34 32 30 36 28 20 14 16 15 17 15 18 22 12 5 5 4 4 5 4 4 6 6 5 5 5 5 5 3 4 5 4 4 5 5 5 4 4 2 4 5 5 5 5 4 3 5 4 3 5 5 5 3 5 4 5 5 4 5 5 4 5 7 5 4 5 5 5 5 5 4 5 4 5 5 5 4 4 5 5 5 4 5 4 6 4 3 4 5 4 6 3 4 6 5 4 5 5 6 5 3 4 2 3 4 5 5 4 5 3 5 5 5 3 4 4 5 5 5 5 4 5 3 5 5 4 5 5 4 5 2 4 5 4 5 4 4 5 4 6 5 3 5 5 5 5 4 3 4 5 4 4 5 3 5 5 5 5 4 4 5 5 5 5 5 5 4 5 4 5 5 4 3 4 5 5 4 6 4 4 4 5 4 4 4 4 5 3 4 5 5 4 5 4 4 6 3 4 4 4 3 3 4 5 4 3 4 5 4 6 5 5 5 5 3 4 4 5 5 4 5 4 4 5 5 5 5 6 4 4 5 5 4 3 4 5 5 5 5 5 5 4 5 5 4 4 5 1 5 5 5 5 3 3 2 5 4 3 4 3 4 5 5 5 5 5 4 5 6 4 5 5 4 5 5 5 3 5 5 5 5 5 4 3 4 3 None 5 3 5 5 5 5 5 5 4 5 4 6 5 4 3 2 4 4 4 5 5 3 5 5 4 5 5 5 4 4 4 5 4 4 4 4 4 5 5 6 6 4 5 5 5 5 5 5 5 6 5 5 5 4 5 3 5 5 4 3 4 2 5 4 5 5 3 4 5 4 5 5 4 5 5 4 5 5 5 4 5 4 5 6 5 4 5 5 4 5 5 5 4 5 5 5 5 5 3 4 5 4 2 3 5 5 5 4 4 5 4 4 5 4 5 5 4 5 6 5 4 4 4 5 5 4 6 5 4 4 5 4 4 5 4 5 5 4 5 5 5 5 4 5 4 5 5 5 5 6 4 4 5 5 5 5 4 4 6 4 4 4 4 5 4 5 5 4 5 3 4 5 5 3 5 4 4 4 5 6 5 3 4 4 4 4 5 6 5 5 4 4 4 4 4 4 4 3 4 4 4 3 3 5 3 4 4 4 5 5 4 4 3 
33 31 29 35 27 19 13 15 14 16 14 17 21 11 4 5 2 5 4 4 5 4 3 3 5 5 5 3 2 4 3 5 4 2 4 3 3 3 4 3 4 4 5 5 5 4 5 4 4 4 4 4 4 5 2 5 4 3 4 3 5 4 6 4 5 3 4 5 1 3 5 4 3 4 4 4 5 4 4 5 4 3 3 3 4 2 4 4 2 4 5 2 1 6 4 4 5 3 3 3 3 4 4 4 5 4 4 5 5 4 4 4 5 2 3 3 3 3 3 4 3 4 3 3 4 4 4 3 4 4 3 3 3 4 4 4 3 4 5 6 6 4 4 3 4 3 4 3 4 4 3 3 4 5 4 5 4 4 5 4 5 4 5 4 4 3 4 4 4 5 4 3 3 3 4 3 3 4 4 4 4 4 4 5 4 2 4 4 4 3 5 3 4 4 3 4 5 4 4 3 5 4 3 3 4 4 3 3 3 4 4 4 4 3 4 4 3 4 3 4 3 4 4 4 4 4 4 2 4 3 3 5 4 5 4 4 3 4 3 4 4 4 3 4 3 1 4 4 4 3 4 4 4 4 3 5 4 4 4 4 4 3 4 4 5 5 4 3 4 4 4 5 3 3 2 5 4 3 4 4 4 4 3 4 5 4 5 None 3 5 5 4 4 4 5 5 4 5 4 3 4 3 4 4 3 4 3 2 5 4 5 3 5 4 5 4 5 3 4 4 5 4 4 4 3 4 4 6 4 5 3 5 5 4 3 4 5 3 2 4 3 2 4 4 3 3 4 3 4 4 5 5 5 4 4 4 4 4 4 4 5 5 4 4 5 4 3 4 4 2 4 4 3 4 4 4 4 2 3 5 4 4 5 4 5 3 3 2 3 4 4 3 3 3 3 4 4 4 4 4 3 4 4 3 4 4 4 4 3 4 4 4 3 4 4 4 4 5 3 4 4 3 4 4 4 4 4 4 4 4 5 5 4 4 2 4 3 3 3 4 4 4 3 3 3 1 2 3 4 4 4 5 4 4 4 4 5 4 5 2 4 4 4 4 5 4 6 4 5 4 4 4 4 5 3 4 4 5 4 4 5 5 4 4 4 2 4 4 4 4 4 3 3 4 4 3 1 4 3 4 
33 31 29 35 27 19 13 15 14 16 14 17 21 11 4 4 3 5 3 5 4 4 5 3 4 4 4 4 4 3 3 3 5 4 4 5 5 3 1 3 3 4 4 5 4 5 5 4 5 5 4 3 4 4 4 5 5 4 3 3 2 5 6 4 5 4 4 3 4 4 5 5 2 3 4 4 5 3 5 5 3 5 2 3 5 3 5 4 5 3 5 4 4 5 5 4 5 5 5 3 4 4 4 5 4 3 5 3 4 5 4 5 5 4 4 3 5 5 2 4 4 3 5 5 4 4 2 3 4 4 4 4 4 5 4 3 4 4 4 3 5 4 5 4 4 3 4 4 3 4 2 4 4 5 4 4 3 3 5 4 3 4 5 4 5 5 5 5 5 4 4 4 5 4 3 4 4 4 5 3 5 5 3 5 5 4 5 3 4 4 4 3 4 4 4 4 5 5 2 3 3 4 4 4 3 3 2 4 3 4 4 4 4 4 4 5 5 4 5 1 3 4 3 4 4 4 3 5 4 4 5 4 5 4 3 4 5 3 4 4 4 3 4 4 4 4 3 4 4 4 3 5 4 5 4 5 4 3 4 3 4 4 2 5 4 3 5 4 3 4 5 6 5 4 5 4 4 4 4 5 5 4 4 4 5 4 3 3 None 4 5 4 5 4 4 5 4 4 5 4 3 4 4 4 4 5 4 4 5 4 5 3 5 5 4 5 4 5 4 4 3 5 4 4 4 3 5 4 5 5 4 4 3 5 4 5 5 4 4 5 4 5 5 3 3 4 6 5 3 4 5 5 5 4 4 4 3 4 4 4 4 5 1 5 5 3 5 4 3 5 5 4 4 4 3 5 4 4 4 4 3 5 4 3 5 4 5 3 4 4 3 5 2 3 3 4 4 4 4 3 4 4 5 5 4 5 4 4 4 4 4 5 4 5 3 4 4 5 4 5 4 4 4 5 4 3 4 4 4 4 5 5 4 4 4 5 3 4 3 4 4 4 5 5 4 4 4 4 4 3 5 5 5 2 4 5 4 4 4 3 5 5 4 3 3 4 5 4 2 4 4 4 3 5 4 5 4 4 5 4 4 3 4 5 4 3 2 4 2 3 4 2 3 5 3 4 4 2 5 4 
32 30 28 34 26 18 12 14 13 15 13 16 20 10 3 4 3 5 4 3 4 3 5 5 3 4 4 4 5 3 4 3 4 4 4 5 5 3 3 3 4 5 4 4 4 3 5 2 4 5 5 4 5 3 4 6 5 5 3 4 4 5 4 3 4 5 5 4 5 5 5 3 4 3 4 3 5 4 4 4 4 3 4 4 4 5 4 4 4 4 4 5 5 4 4 5 5 5 3 5 5 4 4 5 4 4 1 5 6 3 2 5 4 4 3 5 5 5 4 5 4 3 3 4 2 3 4 4 4 4 4 4 4 5 5 3 4 4 4 5 5 4 3 2 5 5 4 4 4 4 4 4 4 5 5 4 4 4 4 5 4 2 5 5 5 4 5 3 3 4 4 4 5 4 3 4 4 3 5 3 5 3 4 4 4 4 4 4 3 4 3 4 4 4 3 4 4 4 4 4 3 4 3 5 3 3 5 3 4 5 4 5 4 3 3 5 5 4 3 5 3 4 4 3 3 4 4 3 2 2 4 5 3 4 5 5 4 4 4 4 5 5 4 5 4 5 3 5 3 4 4 5 5 4 5 5 4 3 4 5 5 4 5 4 5 3 4 2 4 3 4 5 4 4 5 4 4 4 3 4 5 4 4 4 4 3 5 5 4 None 3 3 4 4 4 4 5 4 4 4 4 3 4 2 4 4 5 4 4 4 4 4 4 5 4 3 5 4 3 5 5 4 4 5 4 4 3 6 4 4 2 4 4 4 4 5 3 4 4 5 4 5 4 4 5 2 4 4 5 3 5 4 4 4 4 2 4 3 4 4 5 4 5 3 4 4 3 2 1 5 3 4 4 4 3 4 4 6 3 4 5 5 4 5 3 4 5 3 4 5 4 5 5 4 3 4 4 3 4 4 4 2 3 3 4 6 4 4 4 5 4 4 4 5 4 3 4 4 5 4 4 4 5 4 2 3 4 4 4 3 4 4 5 4 3 5 5 4 4 3 3 4 5 5 5 4 3 5 2 4 4 5 4 4 4 6 2 4 5 5 5 4 4 3 3 3 5 5 2 4 5 4 1 4 6 4 5 4 3 4 4 3 2 5 4 5 5 3 4 5 3 4 5 3 3 2 4 4 3 4 
33 31 29 35 27 19 13 15 14 16 14 17 21 11 4 5 4 5 4 4 5 5 4 5 2 4 5 2 5 4 5 3 4 4 3 4 5 4 4 4 3 5 3 3 2 3 5 3 5 4 4 5 4 4 3 4 4 3 5 4 4 4 6 2 3 4 5 4 4 4 5 4 4 4 5 4 3 4 5 4 4 4 4 4 6 4 5 4 3 3 4 4 4 4 4 4 4 4 5 4 4 3 4 4 4 4 2 5 5 4 4 5 5 4 4 3 3 4 5 4 4 4 4 4 5 4 4 5 3 5 3 4 4 4 5 4 4 4 4 6 5 4 4 3 4 4 5 4 5 3 4 4 5 5 4 4 4 4 4 3 3 5 5 4 5 4 4 2 4 5 5 5 4 5 4 4 4 4 2 4 4 4 3 4 5 5 3 4 5 5 3 3 3 4 4 5 3 5 4 4 4 3 4 5 5 2 4 4 3 2 3 4 5 4 4 5 5 5 4 4 2 3 4 5 4 5 4 3 4 4 4 5 4 4 5 5 3 4 4 3 4 5 5 6 5 5 5 5 5 3 3 5 4 3 4 5 4 4 4 4 5 5 4 4 4 4 4 2 5 4 4 5 4 4 5 4 4 4 4 4 4 3 5 4 6 4 5 5 5 3 None 3 4 5 4 5 4 5 5 4 5 4 3 3 3 5 4 4 5 5 5 5 5 5 4 4 4 4 3 4 5 3 4 4 4 4 3 6 5 4 4 4 5 3 4 4 4 4 3 4 4 4 5 3 4 5 4 4 4 2 5 4 4 3 5 3 3 4 4 1 4 4 5 4 4 4 4 3 4 5 4 3 3 4 4 4 4 4 4 4 5 5 4 4 2 5 4 3 4 5 4 4 4 3 5 4 3 4 3 4 4 5 5 2 4 5 3 4 4 4 4 4 3 3 5 4 5 5 4 3 4 3 4 4 5 4 4 4 5 5 5 4 3 4 5 5 3 5 4 4 2 5 5 5 5 4 5 4 1 5 4 5 5 4 5 5 4 3 5 5 5 4 3 4 4 5 6 4 3 4 5 4 3 5 6 4 4 4 4 5 4 4 4 4 4 4 5 4 4 4 3 3 2 4 3 4 4 4 5 5 
31 29 27 33 25 17 11 13 12 14 12 15 19 9 2 3 5 5 3 4 3 3 3 4 3 3 4 5 2 4 4 4 4 3 4 4 5 2 4 4 2 2 4 3 3 4 4 4 4 5 4 3 4 4 4 5 4 4 4 4 4 2 4 3 4 2 4 4 3 3 4 5 4 4 4 4 4 4 5 3 3 5 3 5 5 4 4 3 4 3 4 3 4 5 4 4 4 4 4 4 4 4 4 4 3 4 3 4 5 2 3 3 4 4 4 4 4 3 3 4 4 4 4 4 4 3 4 4 3 5 4 3 4 4 5 4 3 3 3 6 3 5 4 4 4 4 4 5 4 4 4 3 4 4 4 4 4 4 4 4 4 2 5 5 4 5 4 3 4 4 4 3 4 3 4 4 3 3 4 4 3 5 3 4 3 3 4 4 4 4 3 4 4 4 4 4 5 4 2 1 4 4 4 4 3 3 5 4 4 4 3 3 4 3 4 5 4 5 4 4 4 4 4 2 4 3 4 4 3 3 5 5 4 4 5 4 5 3 4 2 3 5 4 3 3 4 3 4 4 2 3 5 4 3 3 2 4 4 4 3 5 3 5 3 5 3 4 3 4 4 3 5 4 3 5 4 4 2 3 4 3 4 4 5 5 4 5 4 4 3 3 None 3 4 4 3 3 4 5 4 4 4 3 4 4 4 5 4 4 4 4 5 4 4 2 4 4 4 4 4 5 4 3 4 5 5 4 5 3 3 3 4 5 4 1 5 1 4 3 5 4 4 5 3 4 3 4 3 5 3 5 3 2 4 4 4 4 4 4 4 4 4 4 4 3 5 4 4 3 4 5 5 5 4 2 5 1 5 4 5 5 3 4 5 3 3 4 4 3 4 4 5 5 4 3 4 3 4 4 3 3 3 4 3 4 5 4 4 3 4 4 4 4 4 4 4 3 5 3 4 4 3 3 4 4 4 2 5 3 5 3 1 4 4 4 3 4 4 4 3 1 4 4 3 4 5 4 4 2 4 4 5 4 4 4 3 3 4 4 5 3 5 5 4 5 4 5 5 4 4 5 3 2 5 5 4 5 4 3 4 3 4 5 3 4 2 4 4 3 4 4 4 4 4 3 4 5 4 3 4 
34 32 30 36 28 20 14 16 15 17 15 18 22 12 5 4 4 5 4 4 4 5 4 4 2 5 5 3 4 5 5 4 4 3 3 4 4 3 4 4 4 5 3 4 4 3 3 4 4 5 4 4 5 4 4 5 4 4 4 2 4 3 5 4 5 5 4 3 4 3 5 2 4 4 5 2 5 4 4 4 3 3 4 3 5 3 5 2 3 2 4 4 3 4 4 4 4 3 4 4 4 4 4 4 3 3 3 4 5 4 5 4 5 4 4 4 4 4 4 4 4 4 3 3 3 2 4 2 4 3 4 4 3 4 5 3 4 4 4 4 5 3 2 3 5 3 4 3 4 5 4 4 3 4 4 4 4 4 4 4 3 4 5 4 3 5 4 4 4 3 4 4 5 4 5 4 4 3 4 4 4 4 4 4 3 4 4 4 5 3 4 4 3 3 4 4 5 3 3 4 3 5 5 4 4 3 5 5 4 5 4 4 4 4 4 4 4 3 5 5 4 5 4 5 1 4 3 4 3 4 3 5 4 4 4 3 3 3 4 3 5 4 3 4 4 4 4 4 4 3 4 4 4 5 4 5 4 3 4 4 5 4 4 5 5 4 4 4 5 5 4 5 3 2 4 5 3 4 3 5 5 3 5 3 4 3 5 4 5 4 4 3 None 4 4 5 3 4 6 3 4 4 5 2 4 4 5 2 4 2 3 3 5 4 3 3 5 5 5 5 4 1 4 3 4 4 5 5 4 4 4 5 4 3 4 4 4 3 5 4 3 3 5 4 5 4 2 3 4 4 4 4 3 4 3 4 4 5 4 4 5 5 4 3 2 4 4 4 4 4 3 2 2 3 4 4 4 4 3 4 4 5 4 5 4 4 5 4 4 4 4 5 5 3 3 4 5 5 4 4 4 4 4 4 4 5 3 3 2 4 4 4 4 4 4 3 3 5 5 4 3 2 4 3 4 4 5 4 4 2 4 4 4 4 3 4 5 4 4 4 4 4 5 5 4 4 5 4 3 4 3 4 4 3 4 5 3 4 4 4 4 4 3 4 4 4 5 5 4 5 4 4 4 5 5 3 3 4 3 3 4 3 3 5 4 3 3 4 3 3 4 4 3 4 4 5 4 5 4 3 
33 31 29 35 27 19 13 15 14 16 14 17 21 11 4 4 4 4 4 4 4 3 4 4 4 5 4 3 3 2 4 3 4 3 3 3 4 3 4 4 3 5 4 4 3 4 5 4 4 3 4 4 4 3 2 4 4 3 3 4 4 4 4 3 4 3 4 4 4 5 4 4 2 3 4 4 4 4 4 2 2 3 4 3 4 4 4 4 3 4 4 4 3 5 4 4 3 3 4 3 5 3 4 3 5 4 4 5 6 4 4 4 4 4 4 3 4 4 4 4 4 3 3 4 4 4 4 4 3 5 4 4 4 4 3 3 4 4 4 5 6 4 4 5 5 4 3 5 4 4 3 5 2 5 4 3 4 4 4 4 2 2 5 4 4 3 4 3 3 4 3 3 4 4 3 4 3 1 4 4 4 4 4 4 5 4 3 2 3 4 3 4 2 4 2 4 4 3 3 4 5 4 3 5 4 3 3 3 4 5 4 3 2 3 4 4 3 3 3 4 3 4 4 3 3 4 4 4 5 3 4 5 4 4 4 4 4 3 4 3 3 3 4 4 3 3 5 4 4 3 2 4 4 3 4 5 3 4 4 4 3 5 3 4 4 1 4 4 4 4 4 4 5 4 4 3 4 5 4 4 3 4 4 5 6 5 5 4 4 4 5 4 4 None 3 5 3 4 4 1 2 3 3 4 4 4 4 3 4 2 3 4 4 4 4 4 3 4 4 4 4 4 4 4 3 3 5 5 4 3 4 5 5 3 5 4 3 4 4 5 4 4 4 2 1 4 3 2 4 5 3 3 5 3 4 3 4 3 4 4 5 5 3 3 3 2 4 4 3 4 4 4 4 4 4 4 4 4 2 3 5 4 3 3 5 3 3 2 3 4 3 3 4 3 2 1 2 3 2 4 3 4 4 3 3 4 4 3 4 3 4 4 4 4 4 4 4 3 3 2 4 4 5 3 3 4 4 3 4 4 4 5 3 4 4 5 5 4 3 4 4 3 4 4 3 3 3 4 4 3 4 4 4 4 2 5 4 2 3 4 4 4 4 5 5 5 5 4 4 5 3 3 4 4 4 4 3 4 4 3 4 3 4 4 4 4 4 3 4 5 4 3 3 3 2 3 5 2 3 4 
33 31 29 35 27 19 13 15 14 16 14 17 21 11 4 3 4 5 4 3 4 4 5 5 4 4 3 3 4 3 3 4 4 4 3 4 5 3 4 4 2 3 5 5 3 4 4 3 4 5 4 4 5 4 3 5 3 3 4 4 3 5 6 4 3 2 4 4 4 5 5 4 3 4 4 4 5 3 4 4 3 4 4 4 5 4 3 4 4 2 4 4 4 5 5 4 4 4 4 4 5 4 3 4 3 5 4 4 5 4 4 5 5 4 4 3 4 5 4 4 2 4 2 5 5 3 5 4 4 3 5 4 3 4 5 2 3 4 3 5 4 3 4 4 4 3 2 5 4 4 2 4 4 4 5 5 5 4 4 4 4 4 4 5 3 4 5 3 5 4 4 3 5 5 4 4 5 4 4 4 4 4 4 5 5 4 4 3 4 4 4 5 4 5 3 5 5 4 3 3 4 4 4 5 5 4 4 4 3 5 3 4 4 3 4 3 4 4 4 4 4 3 4 4 4 3 4 5 4 3 5 4 3 4 5 5 4 2 3 4 4 4 5 5 4 5 4 4 3 3 1 5 3 5 4 4 4 4 3 4 4 4 5 4 4 3 5 4 4 4 3 5 4 5 4 5 4 4 3 4 3 4 5 4 5 4 5 5 4 4 4 4 4 3 None 4 4 4 5 4 5 4 4 3 5 4 4 4 3 3 4 5 4 4 3 3 4 3 2 3 4 3 3 3 4 1 4 6 2 3 3 3 4 4 4 4 5 4 3 4 4 4 4 4 4 4 2 3 4 5 4 5 4 4 3 4 4 3 4 3 4 4 3 3 4 3 3 3 4 5 4 3 4 4 4 4 3 4 4 5 5 5 5 3 5 2 4 3 4 4 4 4 4 4 3 2 3 2 3 4 4 4 5 4 3 5 3 3 4 5 4 4 3 4 2 1 5 5 4 3 4 4 4 3 3 3 4 4 4 5 4 4 4 4 4 4 4 3 4 4 4 2 5 5 4 4 5 5 4 3 4 4 4 4 5 6 2 4 4 4 4 5 4 3 4 5 5 4 3 4 4 4 3 4 4 4 4 4 3 2 3 4 4 4 5 3 5 4 3 4 4 3 2 3 4 5 5 2 4 3 
33 31 29 35 27 19 13 15 14 16 14 17 21 11 4 4 6 4 4 4 3 4 2 4 5 6 4 5 4 4 5 4 4 4 5 5 5 4 4 4 4 4 4 4 5 4 6 4 4 5 4 4 2 3 6 4 4 5 5 5 3 4 6 4 4 5 5 4 4 6 4 5 5 4 4 4 5 4 3 4 5 4 5 5 6 6 5 4 5 4 5 4 5 6 4 4 5 5 2 5 5 5 3 4 4 5 4 4 5 1 3 5 5 4 4 4 4 5 4 5 5 3 5 4 5 5 4 4 4 4 4 3 5 4 6 4 5 5 3 6 4 5 5 5 3 5 5 5 5 4 4 3 4 4 5 4 5 5 5 5 5 5 5 5 5 5 3 5 4 4 4 4 4 5 6 4 4 5 5 5 4 5 5 5 5 5 5 3 4 5 5 3 5 4 4 5 4 5 5 4 4 4 5 5 4 4 4 5 3 6 5 4 5 5 3 6 5 5 5 5 4 4 4 5 4 4 5 5 5 3 5 4 3 3 5 4 5 5 5 4 5 5 5 5 4 5 4 4 5 4 5 5 4 5 5 5 3 2 3 2 3 5 5 6 5 5 5 5 6 4 4 5 5 3 5 5 4 4 4 4 5 4 5 4 5 4 4 5 5 4 5 3 5 5 4 None 4 3 5 5 4 3 2 5 5 3 4 5 4 5 4 5 4 4 3 5 5 4 5 4 6 4 5 4 5 4 5 5 4 3 5 5 4 3 4 5 4 5 4 5 4 5 4 4 5 2 3 4 5 4 4 4 5 4 4 3 4 4 5 4 5 5 5 4 5 4 5 5 4 5 4 4 5 4 3 5 4 5 5 4 4 5 5 4 5 3 4 4 4 3 5 5 5 4 4 4 5 4 4 5 4 5 5 5 4 6 5 5 3 5 5 5 4 5 4 4 2 5 6 6 5 5 4 4 4 5 4 5 5 5 4 2 4 5 4 5 5 5 3 4 4 5 6 4 5 5 3 5 5 4 5 5 5 5 4 5 4 5 4 6 4 4 4 4 4 6 6 4 3 3 4 3 4 5 6 5 5 3 2 5 4 4 4 4 3 4 3 4 5 4 5 5 5 4 5 5 5 4 5 5 
32 30 28 34 26 18 12 14 13 15 13 16 20 10 3 3 4 4 4 4 3 5 4 4 4 4 3 2 4 4 5 5 4 2 4 4 4 4 4 4 4 5 4 4 4 4 4 3 3 4 3 3 3 4 4 3 4 4 4 4 4 4 4 4 4 4 4 4 3 5 4 4 4 3 3 2 3 4 4 4 4 4 4 3 4 4 4 4 4 2 3 4 4 4 4 5 3 3 5 3 4 4 5 4 3 4 4 4 4 4 5 4 4 4 3 3 3 4 3 2 4 2 3 4 4 5 4 1 4 2 4 4 3 4 4 2 3 3 4 6 5 4 4 3 4 4 3 4 4 4 4 4 4 4 4 4 5 5 4 3 5 3 3 4 5 5 4 4 5 4 3 3 4 5 4 1 2 4 4 4 4 5 2 3 4 4 4 3 4 4 3 3 3 4 3 3 4 3 3 4 4 3 4 4 5 3 4 4 4 4 4 2 3 3 3 5 4 4 4 5 3 4 3 4 4 4 4 4 3 4 4 5 4 4 5 4 4 4 3 3 4 4 3 4 3 5 4 4 3 1 3 4 4 2 3 4 4 4 4 3 2 3 4 4 3 2 4 3 3 4 4 5 5 3 5 3 3 3 2 4 4 5 5 5 4 4 5 4 4 5 4 3 3 3 4 4 None 4 5 4 5 5 4 4 4 4 5 3 3 4 3 5 3 3 3 4 3 3 4 4 5 3 4 3 4 4 5 4 4 4 3 5 5 3 4 4 4 4 3 5 4 4 4 2 3 4 4 3 4 4 4 4 5 4 5 4 4 5 2 3 3 5 4 3 4 4 4 3 4 5 4 3 3 3 4 5 4 3 3 5 3 5 4 4 4 4 4 3 3 4 4 4 4 3 3 4 3 4 3 4 3 5 4 2 3 5 1 2 3 4 4 3 4 4 4 3 3 5 5 4 3 3 4 4 3 4 4 4 3 5 4 4 3 2 2 4 3 4 3 2 2 4 5 5 4 4 5 4 3 2 4 3 4 4 4 4 4 3 3 4 3 4 3 4 4 3 4 4 3 3 3 2 4 5 5 4 4 3 3 5 4 4 4 4 5 4 2 4 3 3 4 4 4 3 4 5 4 3 4 4 
32 30 28 34 26 18 12 14 13 15 13 16 20 10 3 4 4 3 3 4 3 5 5 3 4 4 3 4 4 4 4 3 4 4 5 5 5 5 4 3 3 3 3 3 4 3 5 4 3 4 3 4 4 4 4 2 3 2 5 4 2 2 5 4 4 4 3 3 4 4 4 4 4 3 3 4 5 3 5 3 4 3 4 4 4 5 3 4 3 4 4 4 4 5 3 3 4 4 5 4 4 4 2 4 4 4 5 4 5 4 4 3 4 3 4 3 3 4 4 5 4 4 3 4 4 4 4 3 3 4 3 3 4 4 5 4 4 4 2 5 4 4 4 4 4 3 4 4 3 3 3 2 3 5 4 3 4 4 3 5 4 4 4 5 4 4 4 4 3 3 4 3 4 5 4 4 3 3 3 4 4 4 4 5 5 5 4 3 3 3 5 4 4 4 4 3 4 4 4 4 4 4 4 5 3 4 4 4 2 5 4 4 4 4 4 4 5 4 4 4 3 4 4 4 3 5 4 5 3 2 4 2 5 4 5 4 4 5 5 4 5 4 3 2 1 5 4 4 4 3 4 3 3 5 4 4 2 1 2 3 3 4 4 5 5 3 3 4 3 4 3 5 4 3 5 3 4 4 3 4 5 4 5 3 4 2 4 4 4 4 5 4 4 4 4 3 4 None 3 4 4 4 4 4 5 5 4 3 4 3 4 4 4 3 4 5 2 3 4 4 5 5 2 4 3 3 5 5 4 5 3 3 3 5 4 4 5 5 3 5 4 4 3 3 4 5 5 5 3 4 3 5 5 3 5 4 3 3 3 4 4 4 4 4 5 3 4 3 4 4 5 4 4 4 4 4 4 4 2 3 4 5 3 1 5 3 4 3 3 4 4 5 4 4 4 4 3 3 4 4 4 5 4 4 4 6 4 4 4 4 5 4 3 4 3 4 4 5 4 4 5 4 4 4 3 4 4 4 5 3 5 5 4 3 2 4 4 4 2 2 4 4 5 3 5 4 4 3 5 3 4 4 4 4 5 5 4 5 4 5 4 4 4 4 4 4 4 3 3 3 2 4 3 4 4 4 4 4 4 4 4 2 4 4 2 3 3 3 4 3 4 4 5 4 4 5 4 2 4 5 
34 32 30 36 28 20 14 16 15 17 15 18 22 12 5 5 4 5 4 2 3 4 4 5 6 4 5 5 5 5 4 5 5 5 4 5 5 5 4 5 5 4 5 5 4 3 5 5 5 6 5 4 4 3 4 5 5 4 5 5 5 4 5 4 5 5 5 4 4 5 5 5 4 5 5 4 5 4 4 4 4 5 4 4 3 5 4 5 5 5 3 5 5 5 5 5 5 5 5 5 5 6 4 3 6 5 4 5 6 4 5 5 4 4 5 4 5 4 4 5 5 4 3 5 4 4 5 5 5 5 5 5 5 5 6 4 4 5 5 7 6 4 4 3 5 4 5 5 5 5 3 4 3 5 5 5 5 5 6 5 5 4 5 6 4 5 4 5 5 5 5 4 4 4 3 4 5 4 5 5 5 4 5 6 5 4 5 4 5 5 5 4 5 3 4 2 5 3 5 5 4 4 4 5 5 4 5 3 4 5 5 5 4 5 5 6 5 5 1 6 5 5 5 5 5 5 4 5 5 4 5 1 4 4 6 6 5 5 5 4 5 5 4 4 4 5 5 5 4 4 4 5 5 5 5 5 4 4 4 4 5 4 5 5 6 5 2 4 3 4 5 6 5 4 5 4 5 5 4 6 5 5 5 5 6 5 6 4 5 4 5 5 6 4 5 5 5 3 None 5 5 4 5 4 4 4 5 5 5 4 5 4 5 4 5 5 5 4 5 5 4 5 4 4 5 5 5 5 5 5 4 5 5 3 4 5 5 5 4 5 4 5 4 4 3 5 5 4 5 5 5 5 5 3 5 5 4 5 4 5 6 5 4 3 4 4 5 2 3 5 5 5 4 5 5 4 6 5 5 6 6 5 4 4 6 4 5 4 3 4 5 5 5 5 4 3 4 5 4 4 5 4 4 3 4 6 5 4 4 6 6 4 5 4 5 4 3 3 4 4 5 4 4 5 4 5 6 5 5 4 6 5 4 4 5 6 4 5 5 3 5 4 5 5 5 5 6 4 5 4 5 5 5 5 2 4 4 4 3 5 5 5 5 5 4 5 5 5 3 4 5 5 5 2 6 5 3 5 5 5 5 4 5 5 5 3 5 4 4 4 4 5 5 5 4 4 5 5 3 4 
32 30 28 34 26 18 12 14 13 15 13 16 20 10 3 4 4 4 4 5 4 4 3 4 4 5 3 2 4 3 5 3 3 2 4 4 4 3 3 3 3 4 4 3 3 4 5 3 4 2 4 3 3 2 3 3 4 4 3 3 4 4 5 2 3 4 4 4 3 4 4 4 3 2 4 3 3 3 3 3 3 4 4 4 4 4 3 3 3 4 5 3 4 4 4 5 4 3 4 3 5 3 3 4 5 4 3 4 5 4 4 3 5 3 3 3 3 4 4 4 4 3 4 4 4 3 5 5 3 5 4 3 4 3 4 4 3 4 4 5 5 4 5 4 4 4 4 5 4 4 2 4 3 5 4 4 3 5 4 3 3 3 5 4 3 4 3 4 4 4 4 3 3 5 4 4 3 2 4 4 4 3 4 4 5 4 4 3 2 4 3 4 3 3 1 4 5 3 2 3 4 4 2 4 4 4 4 4 3 4 4 4 3 3 4 5 3 4 4 4 2 3 4 4 2 4 3 3 4 2 4 4 3 4 4 4 4 4 4 3 2 4 4 4 3 4 4 5 4 3 3 4 4 3 4 5 3 3 3 4 4 4 2 4 3 2 4 4 5 4 3 4 4 3 4 2 4 4 4 4 2 5 5 4 5 4 5 3 4 4 4 4 3 1 4 5 4 4 5 None 1 2 3 3 3 4 5 3 4 3 4 4 4 5 3 4 4 4 5 4 3 3 4 3 4 4 4 6 4 4 3 4 4 2 4 3 4 3 5 4 4 4 4 3 2 3 4 3 4 4 4 4 4 3 3 2 3 3 3 3 4 4 3 2 2 3 5 3 3 5 3 3 3 4 4 5 4 4 2 4 5 4 2 4 4 2 4 1 2 4 4 4 4 3 2 2 3 3 3 3 2 3 3 4 3 5 3 3 3 3 4 4 4 4 4 3 3 4 4 3 4 4 4 4 3 4 3 4 4 3 5 4 4 4 4 4 5 4 4 3 4 3 4 5 3 2 2 4 3 3 3 4 4 4 3 5 4 3 4 4 4 3 3 4 4 4 5 5 4 4 4 4 3 3 4 5 4 4 3 4 4 3 3 4 4 3 5 3 3 4 4 3 4 3 1 2 4 3 4 4 
32 30 28 34 26 18 12 14 13 15 13 16 20 10 3 4 5 4 4 4 3 5 4 3 3 4 3 3 3 4 4 4 4 3 4 4 4 4 4 4 4 5 3 4 3 4 4 3 4 3 3 3 2 3 4 2 4 3 4 3 4 3 5 3 4 4 4 3 4 4 3 5 4 3 3 4 4 4 4 4 4 4 4 3 5 4 4 4 3 5 4 2 3 4 4 4 4 4 5 2 4 4 4 3 4 4 4 4 5 3 4 4 5 2 4 4 4 4 3 4 4 4 4 4 5 4 4 4 4 5 3 2 3 4 3 4 4 4 4 6 4 4 4 4 3 5 4 4 4 3 3 4 3 5 4 3 2 4 3 4 4 4 5 5 3 4 4 4 5 5 5 3 4 5 5 4 4 3 3 4 4 4 3 4 5 4 5 3 3 5 4 3 4 2 2 4 5 3 3 4 5 4 1 4 4 4 4 3 3 5 4 4 3 2 3 5 3 4 4 4 3 2 3 5 3 4 4 4 4 3 4 4 4 3 4 3 4 5 3 4 1 4 5 5 4 3 3 4 4 4 4 4 4 4 3 4 2 3 3 4 3 5 1 3 3 3 3 4 5 4 4 5 4 4 3 3 3 4 3 5 3 4 4 3 6 4 4 4 3 4 5 4 4 2 5 4 5 4 5 1 None 1 2 4 2 3 4 4 4 4 5 4 4 4 4 4 4 4 4 4 2 4 3 4 4 5 3 5 4 3 2 3 5 3 4 4 5 4 4 3 3 4 3 3 3 4 4 4 5 3 4 4 4 2 2 3 2 3 4 4 4 3 4 3 3 3 4 4 4 4 4 4 3 4 5 5 4 4 3 4 4 4 3 4 4 3 3 2 3 4 4 3 5 4 3 3 4 3 3 3 3 4 4 5 4 4 4 4 4 4 4 3 3 5 3 4 4 5 3 4 4 4 3 4 4 3 3 4 4 3 4 4 4 4 3 4 5 4 4 4 3 4 5 4 3 3 3 3 4 4 4 4 4 5 4 5 3 4 4 4 4 2 4 3 4 5 5 5 5 4 4 4 3 4 5 5 4 4 3 4 4 4 2 4 3 4 4 3 4 4 4 4 3 2 2 3 4 4 3 3 
32 30 28 34 26 18 12 14 13 15 13 16 20 10 3 4 4 4 4 4 4 5 4 2 4 4 3 3 2 4 4 4 4 4 4 3 4 4 4 4 4 4 4 4 4 4 3 4 4 4 3 2 3 3 3 3 3 2 4 2 3 4 5 4 3 4 4 3 4 3 2 4 3 2 4 3 3 4 4 4 4 4 3 2 4 3 3 4 3 4 4 3 2 3 4 4 3 5 5 3 3 3 4 4 3 3 4 3 4 2 5 4 5 1 4 3 4 3 3 4 3 3 4 4 5 4 4 4 3 5 3 1 4 4 4 4 4 3 4 6 5 3 4 4 4 4 4 4 4 4 3 4 3 4 3 4 3 4 2 3 5 3 4 4 2 4 3 4 4 5 4 4 3 4 4 4 4 4 3 4 4 4 4 4 4 4 4 2 3 4 3 3 4 1 3 4 4 2 3 3 4 4 2 3 4 4 3 4 2 4 4 4 3 3 2 4 3 3 3 4 2 1 2 4 3 3 3 4 3 4 3 4 4 2 3 2 4 4 4 4 2 4 5 5 4 4 4 3 3 4 4 3 3 3 2 4 3 3 3 4 3 5 2 4 4 4 3 4 4 3 4 4 3 4 2 4 4 4 3 4 4 3 3 3 5 3 3 3 4 3 4 4 4 3 4 3 5 4 4 2 1 None 1 4 3 3 4 3 5 4 4 3 4 5 4 3 4 4 4 3 3 3 4 3 3 4 4 5 4 3 3 4 4 4 4 3 4 4 3 2 3 3 3 3 4 3 3 3 4 4 4 4 3 3 1 3 3 4 4 3 4 4 4 4 3 4 4 4 4 3 4 4 2 3 4 4 5 3 4 4 4 3 3 3 4 4 2 3 4 4 4 2 4 3 3 3 3 4 4 2 3 5 4 4 3 5 4 4 3 4 3 4 4 4 4 3 3 4 3 4 3 4 2 3 3 2 2 3 3 2 4 3 4 4 4 4 4 4 3 4 4 4 4 3 4 4 4 3 5 3 3 4 4 4 3 5 3 5 3 3 3 3 3 2 3 4 6 4 4 4 3 3 4 4 4 5 3 3 2 4 3 3 1 3 4 4 3 3 4 3 4 4 4 3 3 4 3 3 2 3 
33 31 29 35 27 19 13 15 14 16 14 17 21 11 4 4 4 4 5 4 3 4 4 3 5 4 4 3 3 4 3 4 5 4 4 4 4 4 4 4 4 5 4 4 3 4 4 4 4 5 4 3 3 3 4 3 4 3 3 3 4 4 5 3 2 4 3 4 5 4 3 5 4 3 3 3 4 5 4 4 5 4 4 3 5 4 4 4 4 3 5 3 3 4 4 5 4 4 4 4 4 4 4 5 4 4 4 4 5 1 5 5 4 2 3 3 4 4 3 5 4 3 4 5 4 5 5 5 4 4 2 2 4 3 5 4 4 4 4 6 4 4 4 5 4 4 4 3 5 4 4 5 4 4 4 4 4 4 3 4 4 3 4 5 3 5 3 4 4 5 5 4 4 5 5 3 4 4 3 3 5 4 4 4 3 4 3 1 2 3 4 4 3 2 3 4 4 3 4 4 4 4 3 4 3 3 2 4 3 4 4 4 4 4 1 4 4 4 4 5 3 2 3 4 4 3 4 5 4 3 4 4 5 3 4 3 4 4 5 4 3 5 4 4 3 4 4 3 4 3 3 4 4 4 3 4 3 4 3 4 2 4 3 5 5 3 3 5 4 2 3 5 4 3 3 4 3 4 4 5 3 4 4 4 5 4 2 4 4 4 3 3 5 3 4 2 4 4 5 3 2 1 None 4 4 2 3 3 4 3 4 4 5 4 3 4 4 3 4 3 4 4 4 2 3 3 4 5 4 3 4 5 5 3 4 4 4 5 4 3 3 4 4 4 4 2 3 4 4 5 4 5 4 2 2 3 4 4 3 2 4 4 4 4 4 3 5 5 4 4 4 4 3 4 3 5 4 4 3 5 5 4 3 3 5 4 3 4 3 4 3 3 5 4 2 2 3 3 3 3 4 4 4 4 3 5 4 3 3 4 4 5 4 5 4 4 2 5 4 4 4 4 3 4 2 3 3 3 4 3 4 2 4 3 4 5 5 4 4 3 4 3 5 4 4 5 3 3 4 2 4 4 4 4 4 4 4 4 3 4 2 3 2 3 4 4 6 4 3 4 2 3 4 5 4 4 4 3 2 4 4 2 2 4 5 4 4 3 4 4 4 4 3 3 4 5 4 2 3 4 
33 31 29 35 27 19 13 15 14 16 14 17 21 11 4 4 3 4 4 2 3 5 5 4 3 3 5 4 4 3 4 3 4 3 4 4 5 4 3 3 3 4 4 4 2 1 4 2 3 3 5 4 4 4 2 5 4 4 4 2 3 3 5 3 4 5 3 2 4 3 4 4 4 4 4 4 4 3 4 5 3 3 4 5 5 3 5 3 4 3 4 4 3 2 5 4 4 4 4 4 4 5 2 4 3 4 1 4 5 4 4 4 3 4 3 4 4 4 4 4 4 3 1 4 3 2 4 4 3 4 4 4 4 4 3 3 2 5 4 5 4 2 3 2 5 3 3 4 4 4 4 3 4 4 4 3 3 4 4 5 3 4 3 4 4 3 4 3 4 4 3 4 5 4 4 4 3 4 3 4 4 4 4 5 3 5 4 4 4 4 3 4 4 4 3 4 5 3 3 4 1 3 4 4 2 3 5 5 4 5 4 5 4 3 4 5 3 3 3 5 4 4 3 5 1 4 4 4 4 4 3 3 4 4 4 3 4 5 4 4 5 3 4 4 3 4 5 3 4 4 4 4 4 4 4 4 4 3 4 5 5 4 4 4 5 5 2 3 4 3 4 5 3 2 5 5 4 4 3 4 3 4 4 3 4 3 4 4 4 2 3 4 2 4 3 5 4 4 4 3 4 4 4 None 4 5 4 4 3 4 4 3 5 4 4 4 4 4 4 4 4 3 2 4 3 4 4 4 3 4 4 4 4 4 5 4 4 3 4 5 4 3 3 4 3 4 4 3 4 3 4 2 3 3 3 2 4 3 5 3 3 4 4 4 4 4 3 4 3 4 3 2 3 4 4 4 4 4 4 4 5 5 4 5 3 3 4 4 5 4 4 4 5 3 3 4 4 4 4 4 4 4 5 4 4 4 3 2 4 4 4 3 4 4 3 2 3 5 3 2 4 4 4 4 3 4 4 4 3 2 2 4 3 4 3 4 4 3 4 4 3 4 4 5 4 5 4 4 2 4 3 3 4 3 4 5 3 4 5 4 4 5 4 3 3 4 6 4 2 5 4 4 3 5 5 4 4 4 3 4 4 3 3 5 4 4 5 4 4 4 3 4 3 4 4 4 4 5 4 3 
33 31 29 35 27 19 13 15 14 16 14 17 21 11 4 5 4 5 4 5 5 3 4 4 3 4 2 4 3 5 4 4 5 3 4 5 4 4 5 4 4 4 4 3 4 4 6 4 3 5 4 4 4 5 4 4 4 3 3 4 5 4 5 3 3 4 4 5 2 4 3 4 2 3 5 2 4 4 5 4 4 4 4 1 3 3 5 4 4 4 4 4 3 5 5 4 5 4 4 4 4 4 3 1 4 4 3 3 4 5 4 4 5 2 5 5 5 4 4 4 4 4 4 3 4 4 4 4 3 5 4 4 4 3 5 4 4 5 5 6 6 5 4 4 5 5 4 5 5 4 4 4 2 3 2 3 4 4 5 4 4 4 5 4 4 5 4 3 4 5 4 4 3 4 3 3 2 3 3 4 4 5 4 4 5 3 3 5 5 3 4 4 3 4 4 5 5 3 4 3 4 4 3 4 4 3 5 4 5 5 4 5 5 4 5 5 4 5 5 5 4 4 4 4 5 4 5 4 3 5 4 5 5 4 5 5 4 3 5 3 1 3 4 4 4 4 3 3 4 4 4 4 4 4 3 5 3 4 4 3 4 4 3 3 4 4 4 3 5 4 4 5 4 4 5 5 3 2 3 4 4 4 4 4 4 4 4 3 4 4 3 4 4 4 5 5 4 5 4 3 2 3 4 4 None 4 4 4 3 3 4 4 5 4 4 5 5 3 4 5 3 3 4 4 3 5 4 4 4 4 4 5 5 3 4 4 5 3 3 5 4 4 2 4 3 5 3 2 5 3 5 5 5 4 4 4 4 5 4 4 4 4 3 5 4 4 4 4 5 4 4 4 4 4 4 4 4 4 3 5 5 5 4 4 3 3 4 4 4 2 3 5 4 3 4 5 4 4 4 5 4 4 3 4 4 5 3 3 4 4 4 4 3 4 5 4 5 3 3 4 3 4 5 5 4 5 4 2 4 5 5 5 5 4 5 5 4 4 3 4 3 4 4 4 3 4 4 5 2 4 4 4 2 4 2 5 4 4 5 4 4 4 3 4 5 5 5 4 4 4 4 5 4 4 5 4 5 5 4 4 3 4 4 5 5 3 4 4 4 4 4 4 3 3 4 5 4 5 3 4 
33 31 29 35 27 19 13 15 14 16 14 17 21 11 4 5 4 4 5 4 4 4 4 3 4 3 5 4 4 4 4 4 3 4 4 4 4 2 4 4 4 4 5 3 4 4 4 3 2 4 3 4 5 3 4 5 3 4 4 4 4 4 4 4 3 4 4 4 4 4 3 5 3 4 2 4 5 3 4 2 3 3 3 4 5 4 4 3 3 3 3 3 3 3 3 3 3 3 5 4 4 5 3 3 4 3 4 4 5 2 4 3 4 4 4 3 4 3 4 4 3 3 4 4 4 3 4 3 4 4 3 4 2 1 5 4 3 3 4 5 4 4 3 3 5 2 3 4 5 5 4 3 3 4 4 4 5 3 4 3 4 4 3 5 4 3 4 3 3 4 4 3 4 4 4 4 4 4 4 3 4 3 3 5 4 3 4 3 3 2 3 4 4 4 4 3 4 4 3 4 4 2 2 3 4 3 4 2 4 4 4 4 4 4 3 4 4 3 4 5 5 4 3 4 4 1 2 5 4 4 4 3 3 4 4 4 3 3 4 3 4 4 5 4 4 4 4 4 3 4 4 3 4 4 4 4 4 4 3 4 4 3 4 4 4 4 4 4 3 3 3 4 3 4 4 5 4 3 2 4 2 3 5 4 4 5 4 4 5 4 5 4 4 4 4 3 4 5 4 4 3 3 2 5 4 None 1 2 4 3 4 3 4 4 4 3 4 5 4 4 5 4 4 2 3 3 2 5 3 2 3 4 3 3 4 3 5 4 4 4 3 4 2 4 4 3 4 3 3 5 4 4 4 3 4 4 5 4 4 4 2 4 4 5 4 4 5 4 4 3 4 4 4 3 4 4 3 4 3 3 4 2 5 4 3 4 4 4 3 3 2 5 5 4 3 3 3 4 2 2 3 3 4 3 4 5 3 3 4 3 3 3 2 3 4 3 3 5 3 4 4 3 4 3 4 2 3 3 3 4 3 3 3 2 4 4 4 4 3 4 4 4 3 4 4 4 4 4 4 3 4 3 5 3 4 4 2 3 1 4 4 1 4 3 4 4 4 4 4 3 3 4 3 4 4 4 3 4 3 4 4 4 3 4 4 4 4 3 4 4 4 4 4 1 4 4 3 3 5 4 
33 31 29 35 27 19 13 15 14 16 14 17 21 11 4 5 3 3 5 4 4 5 5 4 4 4 4 4 3 5 5 4 4 3 4 4 5 3 4 5 5 5 5 4 4 5 5 4 3 4 4 4 4 4 4 6 4 4 5 4 4 4 3 4 3 5 5 5 4 5 4 5 4 3 3 4 5 4 5 3 4 4 4 3 5 3 5 4 4 4 4 2 4 4 4 4 4 2 6 4 3 4 4 4 4 4 4 4 5 3 5 4 5 4 5 3 3 4 5 5 4 4 3 4 5 4 3 4 3 5 3 4 3 2 5 5 4 4 4 6 5 4 4 4 5 3 4 4 4 5 4 4 4 4 4 4 4 4 5 4 5 4 4 5 4 4 4 2 4 5 5 4 4 4 5 4 4 4 4 2 4 4 4 6 5 4 3 4 4 3 4 3 3 5 4 4 5 5 4 4 5 3 3 4 5 3 5 3 4 5 3 4 4 4 4 5 3 4 5 4 4 5 4 5 5 2 3 5 4 4 4 4 4 4 5 5 4 4 5 4 5 4 4 4 5 3 4 5 4 4 5 4 5 5 4 5 4 3 2 3 5 4 5 5 5 3 4 4 3 4 4 5 4 5 3 4 5 4 3 4 3 3 4 5 3 4 5 3 4 5 4 5 5 4 4 4 5 4 5 5 4 4 3 4 4 1 None 3 5 3 4 4 5 3 5 4 4 4 3 5 5 5 4 3 3 3 3 4 4 3 4 5 4 4 5 3 5 5 4 5 4 5 3 5 5 4 5 4 4 4 5 5 4 3 5 5 5 5 4 3 3 5 5 5 5 3 4 5 5 4 5 5 5 4 4 5 4 4 4 4 5 3 5 3 4 5 4 5 4 4 3 4 5 4 4 4 4 4 3 3 4 4 3 4 5 6 4 4 4 4 4 4 1 4 3 4 4 6 4 3 3 4 4 4 3 3 4 2 4 5 4 4 4 3 5 5 4 4 4 3 4 4 4 4 3 4 5 4 3 3 5 4 5 4 5 5 3 4 2 5 5 2 5 4 5 4 5 4 4 2 4 5 4 5 4 4 4 5 4 4 5 4 4 5 4 5 4 4 3 4 5 4 4 2 4 5 2 2 5 5 
33 31 29 35 27 19 13 15 14 16 14 17 21 11 4 4 4 4 4 4 4 3 4 3 4 5 3 3 4 4 3 4 2 3 4 3 3 3 5 3 4 4 5 3 3 3 4 2 3 3 4 3 4 5 2 4 3 3 2 4 4 3 4 4 4 3 4 4 3 5 3 4 3 4 4 4 4 4 4 3 3 1 3 3 3 4 3 4 2 4 4 4 1 4 4 2 3 3 3 4 3 3 4 4 3 4 3 4 4 4 4 4 5 2 3 3 2 3 4 4 3 3 3 4 3 3 4 4 2 5 4 3 3 3 4 4 3 3 4 5 5 4 3 4 4 1 2 3 4 4 3 3 3 4 4 3 4 2 4 4 3 2 5 4 4 3 4 3 4 4 3 3 4 3 4 2 2 2 2 3 4 4 3 4 4 2 4 3 3 3 4 5 2 4 2 3 3 4 4 4 4 4 3 3 4 3 3 3 3 5 4 3 2 3 3 4 3 4 4 5 3 3 4 3 3 3 4 4 4 3 4 4 3 3 4 3 1 4 3 3 4 4 3 3 2 3 4 4 3 4 3 2 3 4 3 4 4 3 3 4 3 4 4 4 4 3 3 3 4 4 4 3 4 3 4 4 3 3 3 3 4 2 4 4 3 4 5 2 4 4 4 4 2 3 4 5 3 3 5 3 4 3 3 4 4 2 3 None 3 3 4 3 4 4 5 4 3 3 4 4 4 3 3 4 4 3 4 5 4 4 4 4 5 3 4 4 3 2 4 2 1 2 4 4 3 4 4 3 4 4 3 4 4 2 4 3 3 4 3 3 3 4 4 3 4 3 3 4 3 2 4 3 3 4 3 2 4 2 1 3 3 4 4 4 5 3 4 2 3 4 4 3 3 3 1 2 3 4 2 4 3 3 4 3 2 4 3 2 4 4 3 4 4 3 4 4 4 3 3 4 4 3 4 4 2 3 3 3 3 4 4 5 4 4 3 5 4 5 3 3 4 2 3 3 4 3 4 3 4 3 4 3 4 4 4 5 3 3 3 2 3 3 3 2 3 2 5 4 4 4 4 4 4 4 3 4 2 4 4 4 4 3 4 4 2 3 4 3 4 4 4 4 3 3 4 4 3 4 3 3 
32 30 28 34 26 18 12 14 13 15 13 16 20 10 3 4 4 5 5 3 4 5 5 5 5 4 5 3 3 2 5 4 3 4 4 4 3 3 5 4 3 4 5 4 4 4 4 4 2 4 4 3 4 5 3 4 4 4 3 4 4 5 5 3 2 3 4 4 5 5 3 3 4 4 3 3 5 4 4 4 4 4 5 4 5 4 5 3 5 4 5 4 4 5 4 4 4 4 5 4 4 4 4 2 3 5 4 5 5 4 4 4 5 4 4 4 4 4 5 4 4 4 2 4 4 4 4 4 4 5 5 4 4 3 5 3 4 3 3 5 5 3 4 4 4 4 4 5 5 5 3 3 5 2 5 5 4 4 4 3 4 3 4 5 4 4 4 4 4 4 3 4 2 4 5 4 3 4 4 5 5 4 4 3 3 4 3 4 3 4 4 3 4 4 3 4 5 3 4 4 4 4 3 3 5 4 5 3 4 6 4 4 5 4 4 5 4 4 4 4 4 4 5 4 3 4 4 5 4 2 4 5 4 4 5 5 4 3 4 4 4 5 5 5 4 5 3 2 4 3 2 4 4 4 3 2 4 3 3 2 4 4 5 5 5 4 4 4 5 5 4 4 4 4 5 5 2 4 4 5 3 3 5 5 5 5 3 5 5 4 5 4 4 4 3 4 3 4 5 4 4 5 4 3 3 4 5 3 None 4 3 4 5 4 4 5 4 4 5 4 4 4 3 5 4 4 5 5 4 4 2 4 5 4 4 4 4 4 4 3 4 5 3 3 4 4 3 2 4 4 3 4 5 4 5 3 5 4 5 4 5 5 4 4 5 4 5 4 4 5 3 2 4 5 4 5 3 5 4 5 4 4 4 5 5 4 3 3 3 1 5 5 5 4 2 3 3 1 3 4 4 4 4 4 3 5 2 1 5 3 4 4 4 4 4 3 5 4 4 3 4 4 4 4 5 4 5 3 2 4 4 5 4 3 3 5 5 4 4 4 4 3 5 4 3 4 3 4 5 4 3 2 4 4 3 4 4 4 4 5 3 4 4 5 5 4 5 4 4 3 4 2 3 4 5 3 4 4 3 4 3 5 4 4 4 4 3 3 4 4 5 3 3 4 4 5 4 5 4 3 
34 32 30 36 28 20 14 16 15 17 15 18 22 12 5 4 4 4 4 5 4 3 5 4 4 4 3 4 4 4 4 3 4 2 4 5 4 3 3 4 3 4 3 4 3 4 5 5 4 5 3 3 4 4 4 4 4 4 4 4 4 3 4 4 4 5 4 4 3 5 5 4 3 3 3 3 5 4 4 4 2 4 5 2 4 5 4 4 3 4 4 3 4 5 4 5 4 1 5 3 4 4 4 4 5 4 5 4 5 4 4 4 4 3 4 4 4 4 4 4 3 4 4 4 3 4 4 4 3 4 4 4 2 4 3 3 3 4 4 6 5 4 3 4 5 4 3 4 5 4 3 4 1 5 3 3 5 4 5 4 2 2 5 4 3 4 5 3 3 5 5 3 3 4 4 4 3 1 4 3 4 3 4 4 4 4 2 2 3 4 5 4 4 4 3 5 4 3 4 4 3 5 3 4 2 3 3 4 4 5 4 4 4 4 4 4 4 4 5 5 3 4 4 3 3 3 3 5 3 4 4 5 5 3 4 5 4 4 4 3 4 4 4 3 2 4 4 4 4 3 4 4 4 4 3 4 2 3 3 4 3 4 4 4 5 3 4 4 4 5 4 5 3 4 5 4 3 3 4 4 4 4 5 3 5 4 5 4 4 4 5 4 2 2 3 5 4 3 4 3 4 4 3 4 3 3 3 3 4 None 1 5 5 4 5 4 3 4 3 4 4 3 3 4 3 2 3 5 3 4 4 4 4 4 4 4 3 5 3 4 3 4 4 3 3 4 4 3 5 4 3 3 5 3 4 4 4 4 4 4 4 5 4 3 2 4 2 4 3 3 4 4 4 4 4 3 4 4 2 3 5 5 2 4 4 4 4 3 3 4 4 5 3 3 3 3 3 5 3 4 4 3 4 4 4 5 4 3 3 3 3 3 2 5 3 4 4 4 4 3 4 4 4 3 3 4 4 3 4 4 4 4 3 4 3 4 4 4 4 4 4 3 4 5 4 4 5 4 4 4 3 2 3 3 4 5 4 4 4 4 3 2 4 4 3 4 5 3 2 3 3 2 4 5 4 3 4 4 3 1 2 1 4 5 4 3 5 4 4 4 4 5 4 3 3 4 5 3 3 3 
34 32 30 36 28 20 14 16 15 17 15 18 22 12 5 4 4 4 5 4 4 4 4 4 4 5 4 4 4 3 5 4 4 3 4 5 5 3 4 5 4 5 4 5 4 4 4 4 3 4 4 2 4 5 4 3 3 4 3 4 5 4 5 4 4 5 4 5 4 5 4 4 4 4 2 4 5 5 4 5 3 4 5 3 4 5 4 4 4 3 5 4 5 6 3 4 3 2 5 3 4 4 5 3 4 5 4 4 5 3 5 5 4 4 4 5 5 3 4 3 4 3 3 5 4 3 5 4 4 5 4 3 3 4 4 4 4 3 5 6 6 4 2 3 4 4 3 5 5 4 4 4 2 5 4 4 5 4 4 4 3 3 4 5 4 5 5 4 4 5 4 4 4 5 5 4 4 2 5 4 5 2 4 5 3 4 3 3 4 3 5 4 5 3 4 4 4 4 3 4 4 4 4 4 3 3 4 3 4 5 5 3 4 4 4 4 5 3 5 5 3 4 4 4 4 4 4 4 4 4 3 6 5 3 5 4 5 4 5 4 5 4 4 4 3 5 5 4 4 2 4 4 5 4 3 4 3 4 4 5 4 4 4 5 5 4 5 3 4 4 4 5 4 5 6 4 4 4 4 5 5 3 5 4 5 5 5 5 5 4 5 4 3 3 4 4 3 4 5 4 5 4 4 4 4 4 4 4 3 1 None 5 4 4 4 5 3 3 4 3 3 4 4 4 4 3 4 6 4 3 4 5 5 5 5 3 4 4 4 5 4 4 4 2 3 3 3 3 5 5 2 4 4 4 5 3 4 4 5 4 5 5 4 4 3 4 3 4 3 4 4 3 4 4 4 4 4 5 3 4 5 5 3 4 5 5 4 4 4 4 5 5 4 4 3 3 4 4 2 4 4 2 4 3 4 6 3 2 4 4 4 4 3 4 4 4 4 5 5 4 3 4 4 4 4 4 4 4 3 4 4 4 4 4 4 5 4 3 5 3 3 4 4 4 4 5 4 3 4 3 4 1 4 4 4 5 4 4 5 4 2 3 3 4 4 4 5 4 3 4 4 1 4 4 4 2 4 3 2 2 3 2 5 4 3 4 5 3 4 4 4 4 4 3 4 3 5 4 3 2 
32 30 28 34 26 18 12 14 13 15 13 16 20 10 3 4 3 5 4 4 4 3 4 4 4 5 4 3 4 4 3 4 4 4 4 3 5 4 4 3 4 3 4 3 4 4 4 4 4 5 4 4 3 3 4 5 4 5 3 3 3 3 5 4 5 4 4 4 4 4 5 4 2 3 5 4 4 4 4 4 4 4 3 3 5 2 4 4 4 4 4 3 4 4 4 3 5 4 5 4 4 4 3 4 3 3 4 3 4 5 4 4 4 4 5 4 4 4 4 4 4 4 4 4 4 3 1 4 4 5 2 3 3 4 5 4 4 3 4 6 5 3 3 4 4 2 3 3 3 5 4 5 4 4 4 4 4 2 3 4 4 3 5 4 5 4 4 4 4 4 3 4 4 4 3 4 5 4 4 4 4 4 4 5 4 4 4 5 5 3 3 2 3 3 4 4 4 5 4 4 4 4 4 1 3 3 5 3 3 5 4 4 5 4 3 4 4 4 3 4 4 4 4 4 2 4 3 5 3 4 2 5 4 4 4 4 4 3 4 4 4 2 3 4 4 4 2 5 4 4 4 4 3 4 4 4 3 4 4 3 4 4 4 5 4 4 4 4 4 2 3 5 4 3 3 5 4 3 4 4 5 3 4 2 4 2 4 3 3 4 5 5 3 4 5 5 5 4 4 4 4 3 4 3 4 3 4 3 4 5 5 None 4 5 3 3 5 5 5 4 5 3 5 4 4 4 4 4 4 4 3 4 2 3 4 4 4 4 4 4 3 3 4 4 3 5 4 4 3 3 5 3 4 4 4 5 3 5 4 4 4 4 3 3 4 5 3 2 3 3 4 3 2 3 4 4 5 5 4 4 4 2 5 5 5 4 4 4 4 4 1 4 4 3 4 5 4 4 4 4 3 4 4 3 4 5 4 3 4 3 3 4 3 2 4 4 4 4 2 3 4 4 3 3 4 3 3 4 4 1 2 4 3 4 4 4 4 3 4 4 5 4 5 5 3 4 4 4 4 4 2 4 4 2 4 6 3 4 4 3 4 4 3 2 3 3 4 4 4 4 4 5 4 4 4 3 1 3 4 4 3 4 2 4 4 5 4 4 4 3 3 3 4 4 4 4 2 5 4 4 
33 31 29 35 27 19 13 15 14 16 14 17 21 11 4 5 4 5 4 4 3 5 4 4 4 5 4 4 4 4 5 5 2 3 4 3 5 3 5 4 4 5 3 4 4 4 5 3 4 3 5 4 4 5 5 4 1 2 4 4 4 4 5 4 3 5 4 3 4 5 4 4 5 5 2 5 3 3 4 4 5 4 4 4 5 5 3 3 4 3 5 4 4 4 3 4 2 4 5 3 5 4 4 5 4 4 4 4 5 4 4 3 5 3 4 3 4 3 4 5 4 4 4 3 5 3 4 4 4 5 5 4 4 3 4 5 3 4 5 6 5 4 5 5 5 3 4 5 5 4 4 3 5 3 5 4 2 5 5 4 5 4 5 3 4 5 5 4 4 4 4 3 4 4 5 4 4 5 3 5 5 5 4 4 5 4 4 4 4 4 4 3 3 5 4 4 3 4 4 4 4 2 4 4 5 4 5 4 5 5 3 1 2 3 4 5 3 5 5 5 4 4 3 5 4 4 4 4 4 4 5 4 1 4 4 3 3 5 5 4 5 4 4 3 4 5 5 5 4 2 4 5 4 3 4 5 4 4 5 4 4 5 3 4 5 3 5 4 4 5 4 3 3 5 4 4 4 5 4 4 2 4 4 5 4 4 5 5 5 4 5 4 5 4 4 4 3 4 5 4 4 4 5 5 5 4 5 4 5 5 4 4 None 2 4 3 4 4 4 5 4 4 3 4 3 3 4 5 4 4 4 5 5 4 5 3 5 3 4 5 4 4 4 3 4 4 4 4 3 4 4 4 3 5 3 4 4 4 4 4 5 5 5 3 4 4 5 4 5 5 4 4 4 3 5 4 5 4 4 5 4 4 5 3 5 4 3 3 4 4 5 3 5 4 3 4 3 4 3 3 2 5 4 3 3 5 4 4 4 4 4 4 5 5 4 3 5 4 5 4 5 5 2 4 4 5 3 4 3 5 5 4 4 4 4 4 4 4 4 3 3 2 5 4 3 4 5 4 4 3 3 3 4 5 5 6 2 3 4 4 4 3 4 3 4 4 6 5 5 4 4 3 3 4 6 4 4 2 3 4 4 5 5 2 5 4 3 5 4 4 4 4 4 3 4 4 5 4 4 4 
33 31 29 35 27 19 13 15 14 16 14 17 21 11 4 5 3 5 4 2 1 3 4 4 4 3 4 5 4 3 4 4 4 3 3 5 4 4 5 4 4 4 3 3 4 3 4 4 2 5 4 4 2 4 4 4 3 3 5 4 3 2 5 4 5 5 4 3 3 5 3 2 4 4 3 4 4 4 5 4 5 4 3 4 4 4 5 4 4 3 5 3 5 5 4 4 2 4 5 4 5 5 3 4 4 4 4 4 5 4 4 2 4 4 4 4 4 4 3 5 4 3 3 1 3 4 4 4 4 5 4 4 5 3 5 5 4 4 3 6 5 4 4 3 3 4 5 5 5 4 4 1 3 4 4 4 4 4 4 4 4 4 5 5 3 4 4 4 4 3 4 3 3 4 5 3 4 4 4 4 4 4 4 5 5 4 3 4 4 4 4 3 4 4 4 4 3 5 4 5 5 4 5 5 4 4 4 3 3 5 3 1 2 3 3 3 2 4 3 5 4 4 3 4 4 4 4 2 4 3 5 5 3 3 4 3 3 5 5 4 5 3 2 1 2 4 5 4 3 2 4 4 4 4 5 5 3 2 3 4 3 3 5 4 5 3 4 3 2 4 4 3 5 3 4 4 4 5 4 5 4 5 4 4 5 4 5 4 5 5 5 4 4 4 4 4 3 3 4 5 4 5 4 4 4 4 3 4 4 4 4 5 2 None 4 4 4 3 4 4 6 3 3 4 4 4 4 3 4 4 4 4 4 4 3 4 5 4 4 5 4 4 4 3 4 4 4 4 5 4 4 4 3 4 4 4 4 4 4 5 4 4 4 5 4 4 5 4 4 5 4 4 4 3 4 4 5 5 3 4 4 5 4 4 5 3 3 4 3 3 4 3 5 4 4 3 2 4 3 3 3 4 4 3 4 3 4 3 3 3 4 4 4 4 2 3 4 4 5 4 5 4 4 5 4 4 4 5 4 5 4 5 4 4 3 4 4 4 3 3 3 4 5 4 4 5 5 5 4 2 4 4 2 4 5 4 4 5 4 5 4 4 4 4 4 4 6 3 4 4 5 3 4 5 5 3 4 2 3 4 3 3 5 4 3 2 3 4 4 4 4 4 4 4 4 3 4 3 5 5 
31 29 27 33 25 17 11 13 12 14 12 15 19 9 2 3 4 5 5 4 5 5 4 4 4 4 4 4 4 4 4 5 3 3 5 2 4 4 3 3 4 4 5 5 5 5 5 4 5 5 5 4 4 4 4 5 4 4 4 4 4 4 6 4 4 3 4 4 4 5 5 3 4 5 5 4 5 4 5 4 4 5 3 5 5 4 4 3 4 1 3 3 5 5 5 4 4 4 5 4 4 3 4 5 2 5 4 3 4 2 4 4 3 4 5 4 5 4 4 4 4 4 3 4 2 4 2 3 4 4 4 4 4 5 5 4 4 4 5 6 3 4 4 3 4 4 3 3 3 4 3 5 5 3 5 4 5 4 3 4 5 4 5 4 4 4 4 4 3 4 4 3 3 4 5 4 4 5 5 3 3 4 3 4 5 3 4 4 4 4 5 3 4 5 4 3 4 5 3 3 4 4 3 4 3 4 5 3 4 4 3 3 4 3 4 4 4 3 4 4 4 4 3 4 4 5 4 5 4 3 3 5 4 4 3 4 4 5 4 3 5 3 3 4 4 4 1 5 4 2 4 5 4 5 5 4 4 4 4 4 5 4 5 4 4 5 5 4 4 5 4 4 3 4 3 3 3 2 2 4 4 3 4 5 4 4 5 5 4 4 4 2 3 4 3 3 3 4 5 3 4 4 3 4 4 4 5 5 4 5 4 3 4 4 None 4 4 3 4 4 5 4 4 2 3 4 3 6 3 4 2 4 3 3 3 5 3 5 3 5 4 4 4 3 4 3 4 4 5 4 4 4 3 4 4 4 5 5 4 5 4 5 4 5 4 4 4 4 3 5 5 5 4 3 3 4 3 5 4 4 4 5 4 5 4 3 3 4 3 4 4 5 5 4 5 4 4 3 4 4 5 4 4 3 4 6 4 4 4 5 2 4 4 4 3 2 3 5 5 4 3 4 4 5 3 4 4 4 4 4 3 1 4 4 3 4 4 4 3 2 3 5 4 5 4 5 4 3 3 4 4 5 4 4 5 5 3 3 3 5 4 4 5 4 5 3 3 4 4 3 4 3 3 5 6 5 4 4 3 4 3 4 5 3 5 4 4 4 2 4 4 5 4 3 4 4 4 5 5 4 
33 31 29 35 27 19 13 15 14 16 14 17 21 11 4 5 4 4 4 4 5 4 5 4 3 3 5 2 4 4 4 3 3 4 4 4 5 3 4 3 4 4 4 3 3 3 4 2 3 5 4 3 5 4 4 4 4 4 4 4 3 4 5 2 3 4 5 4 4 5 4 3 4 4 4 3 4 3 5 4 4 3 3 4 4 4 4 3 4 3 4 4 3 5 3 4 4 4 4 3 3 4 4 4 4 2 3 5 4 5 3 3 4 4 4 3 4 4 4 4 4 3 3 4 4 2 4 3 3 4 5 3 3 4 4 4 3 4 5 5 4 2 4 3 5 3 4 4 5 4 4 4 5 4 4 4 4 4 4 3 3 4 5 4 4 4 4 4 3 4 4 4 4 4 4 4 4 4 4 5 4 3 3 4 5 3 4 5 4 4 1 4 4 2 4 3 4 4 4 3 3 3 4 4 4 4 5 2 4 5 4 4 4 3 5 3 3 5 4 4 4 4 4 4 3 3 4 4 3 3 4 5 2 3 5 4 4 4 3 4 5 4 4 3 4 5 4 4 3 4 4 4 4 3 3 5 4 4 4 5 4 4 4 4 4 3 4 3 2 5 4 4 3 4 4 4 4 4 3 4 4 3 5 3 4 4 4 4 5 3 4 4 3 4 3 5 4 5 5 4 4 3 4 4 5 3 4 4 5 4 5 3 3 4 4 None 5 5 5 4 4 2 4 4 3 4 4 6 3 3 3 4 4 4 5 5 5 3 3 4 3 2 3 4 5 5 3 4 4 4 4 4 3 4 4 3 4 4 5 3 4 3 4 4 3 4 2 4 4 4 4 4 1 2 4 3 5 4 4 2 3 3 4 5 4 3 4 3 4 4 4 5 5 3 4 4 3 4 3 3 2 5 4 4 3 5 3 4 4 4 4 3 4 3 3 2 4 4 4 4 4 5 4 2 4 4 2 4 4 4 5 5 3 4 4 4 4 3 4 4 4 5 4 4 3 4 4 3 3 4 3 4 4 4 5 5 1 4 4 4 4 4 3 2 3 5 5 4 4 4 4 4 2 3 5 4 2 3 4 3 4 5 4 5 3 4 4 4 4 2 2 3 4 2 3 4 4 4 4 3 
33 31 29 35 27 19 13 15 14 16 14 17 21 11 4 4 4 1 5 3 4 4 4 3 3 4 4 3 4 4 5 4 4 3 5 4 5 4 5 3 4 5 4 3 4 3 4 4 4 4 4 3 4 4 3 4 3 2 4 5 4 4 5 3 3 5 3 4 4 4 2 5 3 4 3 4 5 5 5 4 5 4 4 4 4 4 1 5 4 3 4 4 4 3 3 4 4 3 4 2 4 3 2 4 4 5 5 4 5 4 5 4 3 3 5 3 3 4 4 3 2 4 4 5 4 4 5 4 4 3 4 4 3 4 3 4 4 4 4 5 4 5 4 4 4 3 4 5 5 3 4 4 4 5 4 3 4 3 4 4 4 4 3 4 4 4 2 4 4 4 4 3 4 5 4 4 4 4 3 4 4 5 3 5 4 3 4 3 4 3 4 4 4 3 4 4 3 3 4 5 5 4 4 4 4 4 4 4 3 5 3 3 4 3 4 3 4 4 4 4 2 3 4 5 5 3 4 5 3 4 3 4 4 4 5 5 4 4 3 4 5 4 4 4 3 4 4 5 4 2 4 1 4 4 4 5 4 3 4 5 4 3 3 4 4 3 4 4 3 5 4 4 5 4 5 4 5 4 4 5 4 4 4 3 4 4 4 5 4 5 4 4 5 3 4 5 3 2 5 4 4 4 4 4 5 4 4 3 4 3 3 5 4 4 4 5 None 3 4 4 4 4 4 4 3 3 5 6 4 4 5 3 5 3 5 4 5 5 3 3 2 4 3 1 2 4 4 4 4 4 3 4 5 3 4 4 3 3 3 3 2 4 3 4 5 3 3 3 4 4 3 4 4 4 5 2 5 4 4 4 4 5 4 1 5 3 3 3 4 5 4 4 4 4 4 4 3 4 4 5 3 5 4 3 3 4 4 3 4 4 4 2 3 4 4 4 3 3 4 4 3 4 4 5 4 3 4 4 3 4 5 4 4 3 4 5 4 5 4 3 3 4 4 4 4 4 4 3 4 3 3 2 4 4 3 5 4 3 4 5 3 4 3 3 4 4 2 5 5 4 2 2 4 4 4 3 4 4 3 4 4 4 4 2 4 4 5 4 4 4 4 5 4 4 4 5 5 2 4 3 
33 31 29 35 27 19 13 15 14 16 14 17 21 11 4 4 3 4 4 4 4 2 5 4 4 5 4 4 3 4 4 4 4 3 5 4 4 4 4 3 3 4 4 4 4 4 5 4 3 5 4 3 4 4 3 4 4 4 4 3 3 3 5 4 5 3 1 2 4 2 3 3 4 4 4 5 4 4 3 4 4 4 4 4 3 4 4 3 4 3 3 4 2 4 5 4 4 4 4 2 3 4 4 4 4 5 4 4 5 4 3 3 5 3 4 3 4 5 4 4 3 5 4 2 2 5 4 4 3 4 4 4 4 4 3 3 4 4 3 6 5 5 3 4 4 4 3 3 3 1 4 4 4 4 5 4 3 3 3 4 3 4 3 5 4 3 4 2 3 4 4 4 3 4 5 4 4 4 4 3 3 3 4 4 2 4 3 3 4 3 5 3 3 4 4 2 3 4 4 4 4 4 5 4 3 4 4 3 4 5 3 3 4 5 3 4 3 4 3 5 4 4 3 3 4 4 3 2 4 4 4 5 4 3 4 5 4 4 2 4 4 3 2 3 4 4 4 3 4 2 4 2 4 3 2 3 3 3 3 2 4 4 3 4 5 3 4 3 4 3 2 4 4 4 3 2 3 5 4 4 5 3 4 4 4 4 4 3 5 4 4 4 5 4 3 4 3 3 4 4 4 4 3 4 3 5 4 3 4 4 3 5 4 3 3 5 3 None 1 2 4 4 5 4 4 2 4 6 5 4 4 4 4 4 4 4 4 4 4 4 3 3 4 3 4 4 4 4 4 3 4 4 4 4 4 4 3 4 3 5 3 3 5 4 5 3 4 4 3 3 4 4 4 5 4 3 3 3 3 4 4 5 4 3 4 4 4 3 2 3 4 5 4 4 3 4 3 5 5 5 3 3 3 3 4 5 4 4 4 2 3 3 3 5 4 4 5 4 4 3 4 4 4 4 2 4 4 4 4 5 5 4 3 3 4 5 5 4 4 1 3 3 5 4 4 4 4 3 3 3 3 4 1 4 4 4 5 5 4 3 1 5 4 4 3 3 5 4 4 2 2 2 4 4 4 4 5 4 3 3 2 4 5 5 4 4 3 4 4 3 4 4 4 5 3 2 4 3 4 4 
32 30 28 34 26 18 12 14 13 15 13 16 20 10 3 4 3 4 5 4 4 3 5 5 3 4 5 4 4 3 4 3 4 4 4 3 4 4 5 4 4 5 4 4 4 5 4 4 4 4 5 4 5 5 4 5 3 3 4 4 4 4 5 3 4 4 2 3 5 3 4 4 4 4 4 4 5 5 3 4 4 3 4 4 4 4 3 4 4 4 4 3 3 5 5 3 5 3 4 3 4 3 4 4 4 5 3 5 6 5 4 4 5 4 5 3 3 4 5 4 2 5 3 3 3 4 4 4 2 3 4 4 4 5 4 4 5 4 4 6 4 4 3 4 5 3 2 4 4 2 4 5 4 5 5 3 4 4 3 4 4 4 3 5 4 4 5 1 3 5 4 4 3 5 5 4 4 4 4 3 4 4 4 5 3 4 2 4 5 4 4 4 2 4 4 3 4 3 5 4 4 4 5 5 4 3 5 3 5 5 2 4 4 4 4 3 4 4 4 5 4 4 4 4 5 3 4 3 4 4 4 5 5 3 4 5 4 3 3 4 5 4 3 4 4 4 4 4 5 3 3 3 4 4 3 4 4 4 3 3 5 5 3 5 5 3 4 3 4 4 3 5 4 5 2 3 4 4 3 3 5 2 4 4 5 4 5 4 4 3 3 4 5 4 2 5 4 4 5 5 4 4 4 4 4 4 3 4 5 3 4 5 4 4 4 5 4 1 None 2 4 4 4 4 3 1 4 5 4 4 4 3 5 4 4 5 4 4 3 4 4 4 5 4 4 4 4 3 5 3 5 4 3 4 5 4 4 3 4 4 4 4 5 3 4 3 3 4 4 4 4 4 5 4 3 4 4 4 3 4 5 4 4 3 3 3 3 4 3 4 4 4 5 4 3 3 2 4 4 5 4 4 4 3 3 5 5 4 5 3 3 3 2 5 4 3 5 5 3 2 4 4 4 5 3 3 3 3 5 5 5 5 3 4 5 4 4 4 4 2 3 2 4 5 4 5 5 4 2 3 4 4 2 4 4 5 4 4 5 4 2 5 5 4 4 4 5 3 4 3 3 3 4 5 4 3 4 4 4 2 3 4 4 4 4 4 4 4 4 4 4 4 3 4 4 3 3 2 4 3 
32 30 28 34 26 18 12 14 13 15 13 16 20 10 3 4 3 5 4 5 4 4 4 5 3 4 5 4 3 3 3 3 4 4 4 5 5 3 5 4 3 4 3 4 2 3 3 4 3 5 3 3 3 4 4 4 4 4 4 4 4 5 5 3 3 2 3 3 3 4 5 4 4 5 5 4 4 4 1 4 2 4 4 4 5 3 5 4 4 3 2 3 3 5 5 3 4 5 2 3 3 4 4 5 2 4 4 4 5 4 3 4 3 3 4 3 4 5 3 4 4 4 4 3 4 4 3 4 4 5 4 4 4 3 4 3 3 2 2 5 4 4 3 4 3 4 4 5 3 3 3 3 4 3 5 5 3 3 1 5 3 4 1 5 3 4 5 3 3 3 2 3 4 4 4 4 4 3 4 4 4 4 4 4 2 4 4 4 4 2 3 2 4 4 3 3 4 5 4 3 4 4 4 3 5 3 4 4 3 4 4 4 3 4 3 4 2 5 4 3 3 2 3 4 4 3 4 4 3 4 3 5 4 4 5 5 4 3 3 4 5 4 4 5 4 4 4 3 3 3 2 4 4 3 2 3 4 3 4 3 4 3 3 4 5 4 4 4 4 2 1 3 4 5 4 4 4 4 3 4 4 4 4 3 4 2 4 4 4 5 4 4 5 4 3 4 4 4 5 4 4 3 3 4 5 4 5 4 4 4 3 4 5 4 4 4 4 2 2 None 4 4 5 4 4 3 5 4 3 4 4 3 4 4 3 4 5 3 4 3 4 2 4 3 4 4 4 4 3 3 4 2 4 3 4 4 2 5 3 3 4 4 4 2 3 4 4 3 4 3 4 3 3 4 3 4 3 4 4 4 5 4 5 4 4 3 3 4 4 4 3 3 4 4 3 3 3 3 4 4 3 4 4 3 4 5 3 4 3 3 4 4 4 3 5 4 5 5 4 4 3 4 3 4 3 3 4 4 4 3 3 5 1 2 4 4 3 4 4 3 4 3 5 4 4 5 3 3 4 4 2 4 3 4 4 4 4 4 3 3 1 5 4 5 4 3 4 4 4 3 3 2 4 5 4 4 4 4 3 4 3 5 4 4 3 2 4 4 4 3 4 2 3 4 4 4 4 4 4 4 
32 30 28 34 26 18 12 14 13 15 13 16 20 10 3 4 5 5 5 5 5 5 4 4 3 4 4 5 5 5 4 5 4 3 3 4 5 4 4 5 5 6 4 4 4 3 5 4 4 5 5 4 4 4 4 4 4 4 3 4 4 5 5 5 4 4 4 3 4 5 5 5 3 4 3 3 5 5 5 5 5 4 5 2 4 5 5 4 3 4 4 4 4 5 4 4 5 4 5 2 5 5 4 4 4 5 5 3 4 5 5 4 5 3 4 4 4 4 5 4 4 5 4 5 5 2 4 4 5 5 4 4 4 5 3 4 4 4 5 6 4 4 4 4 3 3 2 5 2 3 4 5 3 5 3 4 2 4 4 6 5 3 5 4 5 5 5 5 5 5 4 4 5 4 4 5 4 4 5 4 4 5 4 5 5 4 4 5 5 4 5 3 4 4 4 5 6 4 4 5 4 4 3 5 5 3 4 5 4 5 4 5 5 4 5 5 4 4 5 4 4 4 4 4 3 5 3 5 4 4 5 3 4 5 5 5 4 4 3 4 3 4 5 5 5 5 4 3 5 4 5 4 4 4 4 4 4 4 5 4 5 6 1 5 4 4 4 5 5 5 4 3 3 4 5 5 5 4 3 5 5 4 5 3 5 3 4 5 3 5 5 5 4 4 4 6 5 5 4 3 2 3 4 4 3 5 5 4 4 4 3 5 4 6 5 4 4 4 4 4 None 4 4 5 4 3 5 5 5 4 4 3 4 4 4 4 4 3 5 4 3 4 5 3 4 6 5 4 5 3 3 5 3 4 4 4 2 3 5 5 5 5 4 4 5 3 4 5 4 5 5 4 5 4 5 5 5 3 4 4 5 5 5 5 5 4 5 4 4 4 4 5 5 4 4 4 5 5 4 5 3 4 4 5 4 6 4 3 4 5 4 4 4 5 5 4 5 4 5 4 3 2 4 5 5 4 4 3 4 4 3 5 4 5 5 4 5 5 4 5 5 4 5 4 3 4 5 4 4 4 4 2 5 4 3 6 3 4 4 4 5 4 4 4 4 5 6 5 4 5 5 4 4 5 5 3 4 5 5 4 5 5 3 5 3 5 5 4 3 5 4 5 4 4 4 4 6 4 2 1 
33 31 29 35 27 19 13 15 14 16 14 17 21 11 4 4 4 4 3 4 4 4 3 4 1 5 4 2 3 4 5 3 4 4 4 4 3 2 4 3 4 5 2 4 3 4 4 3 4 5 3 3 4 4 4 4 3 3 4 3 3 4 5 3 4 4 3 2 4 4 4 1 3 4 4 1 5 3 3 3 3 4 4 2 4 4 4 1 4 3 4 4 3 5 3 4 5 4 4 4 3 4 5 3 3 2 3 3 4 3 4 3 4 3 4 3 4 3 5 4 4 4 3 2 2 3 4 3 4 4 4 3 4 5 5 3 3 4 3 3 4 2 3 4 4 3 4 4 4 4 4 4 3 4 3 4 3 4 4 3 2 4 4 4 2 4 5 3 3 2 3 4 4 4 4 4 3 3 4 5 3 3 3 3 4 3 3 4 4 4 3 3 4 2 3 5 4 2 4 4 4 4 4 4 3 3 5 4 4 5 4 4 4 4 5 3 3 4 4 5 3 4 4 4 2 3 4 3 2 4 4 4 4 3 5 4 4 2 3 2 4 4 4 4 5 5 5 3 3 4 3 4 4 4 3 4 3 4 4 4 5 4 3 4 4 4 3 3 4 5 4 4 3 3 3 5 2 4 3 5 4 4 5 4 3 3 4 4 5 4 3 4 1 4 3 4 3 5 5 3 4 3 4 3 3 4 5 3 4 3 4 3 4 3 4 2 4 4 4 4 4 None 4 3 3 4 4 5 4 3 4 5 4 2 5 5 5 4 4 4 4 2 4 3 4 3 1 2 5 3 4 4 4 4 3 3 4 4 3 3 4 4 4 2 1 4 3 3 3 4 4 3 1 2 4 4 3 4 4 3 3 5 3 4 3 4 4 3 4 3 4 5 5 4 4 4 4 4 4 3 3 3 3 4 3 5 2 3 3 3 4 3 4 3 4 4 4 4 4 4 2 3 4 2 4 4 4 3 3 3 4 3 3 3 4 4 5 3 4 5 3 3 4 4 3 4 4 3 2 4 4 4 3 4 3 5 3 4 4 4 4 5 2 3 3 3 5 4 4 4 4 3 3 5 5 3 2 3 2 4 3 4 4 4 4 4 4 3 4 2 3 4 4 4 4 4 4 4 4 4 
32 30 28 34 26 18 12 14 13 15 13 16 20 10 3 2 4 3 3 2 3 5 5 5 4 3 5 4 3 3 4 3 4 4 4 5 5 4 4 4 4 3 4 3 4 3 4 3 3 4 4 4 3 5 2 4 2 3 4 4 2 2 5 4 5 4 4 3 4 5 4 3 4 5 3 4 4 1 4 4 3 4 4 3 4 5 3 4 3 3 5 4 3 4 4 4 5 4 5 4 4 5 4 4 4 3 3 4 5 4 5 3 4 4 3 3 5 4 4 3 2 4 1 4 4 4 4 3 3 4 3 4 4 3 5 3 4 5 3 5 4 2 4 3 5 3 4 4 4 4 2 4 4 3 2 4 4 4 5 5 4 4 4 5 4 3 4 3 4 2 3 4 5 4 4 4 3 3 4 4 4 4 4 5 5 4 4 3 4 4 4 4 4 4 3 4 4 4 4 4 3 2 2 4 3 4 4 4 3 5 4 4 4 3 4 3 3 5 3 5 4 5 4 4 3 4 4 4 5 4 4 4 3 4 5 5 4 4 4 3 4 4 3 2 1 4 4 3 4 3 3 5 4 4 4 5 4 3 4 5 4 4 3 4 4 5 4 3 3 5 4 5 3 3 5 5 4 4 4 3 4 4 5 5 5 4 4 4 4 4 4 3 4 4 3 5 4 2 4 4 3 4 4 2 4 4 4 3 3 3 4 5 3 3 4 4 4 5 4 5 4 4 None 4 3 3 4 5 3 4 3 4 3 4 4 4 4 4 3 4 4 4 4 4 3 4 4 3 3 4 4 4 4 3 4 2 4 1 5 4 4 3 3 4 4 5 4 4 4 4 3 3 3 3 4 5 4 4 2 4 4 5 3 3 3 3 4 3 4 4 4 4 4 4 3 4 4 4 5 4 4 5 5 3 3 4 3 2 4 4 4 4 4 4 3 2 4 5 3 2 4 4 3 4 3 3 4 4 3 4 4 4 4 3 2 5 4 3 4 4 2 3 5 3 4 4 4 4 3 4 4 3 4 4 4 5 3 4 4 4 5 3 4 4 4 5 5 4 3 5 4 4 4 5 5 4 4 3 3 4 5 2 4 3 4 3 4 4 3 3 2 4 3 4 4 5 5 4 5 4 
33 31 29 35 27 19 13 15 14 16 14 17 21 11 4 4 2 5 3 4 5 5 2 3 4 5 4 4 4 4 4 4 4 3 4 4 4 4 3 4 4 4 4 4 4 5 3 4 4 5 3 4 4 3 3 4 3 2 4 3 4 4 6 3 3 5 4 5 4 4 4 4 3 4 4 2 4 4 5 2 4 4 3 3 5 4 4 4 4 1 4 4 4 5 5 5 4 3 6 4 5 4 4 4 2 3 4 3 4 3 5 5 2 3 5 3 5 4 4 3 3 5 3 4 4 4 4 4 4 5 4 4 4 3 5 4 4 4 5 6 4 4 4 3 3 4 4 4 3 5 3 4 4 3 4 4 4 4 3 3 4 4 3 3 2 4 5 3 3 5 4 3 4 5 4 4 4 3 3 3 4 4 3 4 5 5 2 3 3 4 4 4 3 4 4 4 4 3 3 4 5 4 4 5 4 4 4 4 4 2 4 3 4 4 3 2 3 4 5 4 4 4 3 4 4 3 2 5 3 4 4 3 4 5 3 4 3 4 5 3 5 4 3 4 4 4 3 5 3 2 4 3 4 5 4 5 4 4 4 5 4 3 5 4 4 4 4 4 4 4 4 4 5 3 4 4 3 4 3 5 4 4 3 4 4 4 4 4 4 5 4 4 3 4 3 4 3 4 4 3 4 3 2 4 4 2 3 4 5 4 4 4 4 4 2 4 4 4 4 4 5 3 4 None 1 4 4 4 3 3 4 4 3 1 4 4 5 4 4 3 4 4 4 3 4 4 4 3 4 4 5 3 4 4 3 5 4 4 4 4 4 5 4 4 3 4 4 4 5 4 5 4 3 2 3 4 5 4 4 4 3 4 4 3 4 3 4 3 3 4 4 5 4 2 3 4 3 4 4 2 4 5 3 3 2 4 3 4 2 5 4 4 3 5 3 2 4 5 3 2 3 3 4 4 4 4 4 2 4 3 3 3 3 2 4 4 3 3 4 3 3 4 5 5 3 4 5 4 3 4 4 4 4 3 4 5 3 3 1 5 4 3 3 4 5 5 5 3 4 4 3 3 4 4 5 3 4 3 4 5 4 4 4 4 5 3 4 4 2 4 4 3 4 3 4 5 3 4 4 5 
33 31 29 35 27 19 13 15 14 16 14 17 21 11 4 3 1 4 2 3 4 4 3 4 4 4 4 3 3 3 3 3 3 2 4 4 4 4 4 4 4 4 3 3 3 4 4 4 3 4 4 3 5 4 2 3 2 1 3 2 3 3 5 2 2 4 4 4 3 3 4 4 2 3 3 3 3 4 4 3 3 3 4 2 4 3 4 4 4 2 3 3 3 4 4 4 4 2 5 3 4 3 4 3 3 3 3 3 3 4 5 4 3 2 4 4 4 4 3 2 4 4 2 3 3 4 4 3 3 4 4 4 4 3 4 4 3 4 5 5 4 3 3 2 4 4 3 4 4 4 4 4 3 4 3 3 4 4 4 4 3 3 4 2 1 3 4 2 2 5 4 3 4 4 3 4 3 2 2 3 4 3 4 3 4 4 1 3 4 3 3 4 2 3 3 4 3 4 4 4 4 4 5 4 4 3 4 3 4 3 3 3 3 3 4 3 2 3 4 3 4 3 2 3 3 4 3 4 3 4 4 4 4 4 4 4 3 3 4 3 4 3 2 3 4 4 4 4 4 3 3 4 3 4 3 5 3 4 3 4 4 4 4 4 4 3 5 4 4 4 4 3 4 2 3 4 4 3 2 4 4 3 2 4 3 3 5 3 4 4 4 5 4 3 4 5 4 3 5 4 4 3 3 3 3 3 3 4 4 3 4 4 3 4 3 3 3 4 3 4 4 3 3 1 None 4 3 3 3 4 4 4 4 2 4 4 4 4 4 2 3 3 4 4 3 4 3 2 3 4 4 4 4 4 2 4 4 3 4 3 3 4 3 3 2 3 4 4 4 3 4 4 2 1 3 4 5 4 3 3 2 4 4 2 4 4 3 4 3 4 3 4 4 1 3 3 2 3 4 3 3 4 2 3 3 3 4 3 3 4 4 3 2 4 4 3 3 4 2 1 2 3 3 3 4 4 3 1 3 4 4 4 4 3 3 5 3 2 3 3 4 3 5 4 3 4 5 4 3 4 4 3 3 4 3 5 4 4 2 4 4 4 4 4 5 4 5 2 4 3 3 4 4 3 4 2 3 2 3 4 4 4 4 3 4 4 3 3 3 3 3 2 3 3 3 4 2 3 3 4 
33 31 29 35 27 19 13 15 14 16 14 17 21 11 4 3 4 4 4 4 3 4 4 4 4 3 4 3 4 4 4 4 4 4 4 4 4 3 4 4 3 4 4 4 4 4 3 4 4 4 4 5 4 4 4 5 2 3 3 4 4 4 5 4 4 3 3 4 4 4 5 4 4 4 3 4 4 4 3 4 4 4 3 4 5 4 2 4 4 3 3 3 4 4 4 3 4 3 4 3 4 4 3 5 4 4 4 4 5 4 5 4 5 4 4 2 4 4 4 4 1 4 3 4 4 3 4 3 3 2 4 4 4 4 4 3 4 4 4 6 3 4 3 3 4 2 1 4 5 3 3 4 3 4 5 4 5 3 4 4 4 3 4 5 4 5 5 2 4 5 4 3 4 5 4 3 4 3 4 3 4 4 3 4 4 4 3 4 4 4 4 4 3 4 3 4 4 4 4 4 3 3 4 4 4 4 5 4 4 4 3 4 3 4 3 2 4 3 4 4 5 4 3 3 4 2 3 4 3 4 4 5 4 3 4 4 3 3 4 3 4 5 4 4 4 4 4 4 4 4 2 4 4 4 3 5 4 4 3 4 4 4 4 4 5 2 5 4 3 4 4 5 4 5 3 4 3 3 2 3 4 3 5 3 5 4 5 4 3 4 4 5 4 3 1 4 4 3 5 4 5 4 3 4 5 3 3 3 4 2 3 4 3 4 4 4 3 2 1 3 3 4 3 4 4 None 4 5 3 3 4 2 4 3 4 4 4 4 2 3 4 4 4 4 3 5 3 4 4 4 4 4 4 4 4 3 3 2 3 4 3 5 4 2 3 2 2 3 4 4 4 4 4 3 4 3 4 3 4 5 4 5 4 2 4 2 3 4 3 4 5 4 4 4 2 3 3 3 3 5 4 4 4 3 2 4 4 3 4 4 3 4 2 4 3 2 4 4 4 3 4 4 3 4 4 2 4 3 4 4 4 5 4 3 4 4 3 4 3 3 4 1 5 5 4 5 5 4 3 2 3 3 3 4 4 5 3 4 4 5 3 4 4 4 5 4 4 4 4 3 3 4 4 5 3 4 3 3 4 1 2 3 3 3 4 3 4 3 4 4 4 4 3 3 5 4 4 1 3 2 
33 31 29 35 27 19 13 15 14 16 14 17 21 11 4 4 2 5 4 4 4 4 4 4 3 1 3 4 4 3 3 4 5 5 4 5 4 4 4 5 3 5 4 3 4 4 5 4 4 4 5 4 5 5 4 5 3 4 5 5 4 4 5 3 4 4 5 5 4 5 5 5 4 3 2 4 4 3 4 4 5 4 3 5 5 4 4 4 4 4 5 4 5 5 3 3 4 4 4 4 4 5 5 4 4 3 3 4 5 4 3 5 5 5 5 5 5 3 5 5 4 4 3 4 5 3 5 5 2 5 4 3 4 3 5 4 4 4 4 3 3 3 3 3 4 3 4 3 5 4 4 5 4 5 4 5 5 4 4 4 4 4 5 4 4 3 4 3 4 4 3 5 3 3 4 4 4 4 4 5 4 4 3 4 4 3 4 4 4 4 4 4 4 4 4 5 5 4 4 4 4 4 2 4 4 3 5 4 4 5 4 5 4 4 4 4 3 4 5 4 4 3 4 3 4 3 4 4 3 3 2 5 4 3 2 3 4 4 5 4 4 4 3 3 4 4 4 5 3 4 3 5 5 5 5 5 4 4 4 5 4 5 4 4 4 5 4 3 2 4 4 4 2 5 4 5 3 4 4 3 4 2 3 4 5 4 6 4 5 3 3 4 5 5 4 5 5 5 5 4 3 4 4 4 4 2 3 4 5 3 4 4 4 4 3 4 5 4 4 5 5 4 4 4 3 4 None 5 4 4 3 2 5 5 3 3 5 3 3 4 4 5 4 4 5 3 5 5 4 3 4 4 4 3 4 4 3 5 5 4 4 3 4 5 5 4 4 5 4 5 5 4 4 4 3 5 4 5 3 3 5 4 3 4 1 4 2 4 4 4 4 4 5 4 5 4 4 4 3 4 4 5 4 4 4 5 5 4 5 4 1 4 4 3 5 4 5 6 4 4 5 4 3 4 4 3 3 4 5 3 4 4 5 4 4 5 4 3 4 4 3 4 2 4 5 5 4 4 2 3 3 3 3 5 5 5 3 4 3 4 5 1 4 4 5 5 5 4 4 5 4 5 2 5 6 4 4 4 4 3 2 4 4 3 4 4 5 4 5 4 2 3 4 3 4 4 3 4 5 4 
35 33 31 37 29 21 15 17 16 18 16 19 23 13 6 5 4 5 5 3 2 5 5 4 5 6 5 4 5 5 5 5 5 4 4 4 5 5 5 5 5 5 6 4 4 5 6 5 5 6 4 4 3 4 5 5 5 4 5 5 5 3 6 4 3 5 6 6 5 6 5 5 4 5 4 4 6 5 5 5 4 4 4 3 5 5 6 5 5 5 4 4 5 6 5 4 5 4 6 5 6 4 6 5 4 6 5 4 5 6 6 4 3 4 5 5 5 5 4 5 6 5 4 4 4 5 5 5 5 6 5 5 5 5 6 4 5 4 5 7 7 5 5 4 4 5 6 6 5 5 4 4 4 5 4 4 6 4 5 5 5 5 5 5 4 6 5 4 5 6 6 6 5 5 5 4 5 4 5 4 5 5 5 5 5 6 4 5 6 5 5 4 3 5 5 5 6 5 5 4 4 5 6 4 3 5 5 5 5 6 5 4 5 6 4 6 5 6 4 5 5 6 5 5 4 6 3 5 4 5 6 6 5 5 5 6 6 5 5 6 5 5 5 4 4 5 6 5 5 5 5 6 5 5 5 5 5 5 4 5 4 5 6 6 5 4 5 6 5 5 4 6 6 4 5 6 4 5 5 4 6 5 5 6 4 4 6 6 4 6 6 5 5 5 6 5 4 5 5 6 5 5 5 4 4 5 4 5 5 5 6 4 5 3 6 6 6 6 5 4 5 5 5 4 3 5 5 None 4 5 5 6 4 5 6 5 6 5 5 5 5 6 6 5 5 6 6 5 4 5 6 2 4 5 5 6 5 6 5 5 5 5 3 6 5 5 5 5 5 6 5 4 5 4 5 6 6 5 5 6 5 5 5 5 6 5 6 5 4 5 5 5 4 4 5 5 4 4 6 5 4 6 3 5 6 6 3 4 5 5 5 4 3 5 5 5 5 6 5 4 3 4 5 6 5 5 5 2 4 5 5 5 3 4 5 5 5 4 6 5 6 5 5 6 5 6 5 5 5 3 3 5 5 2 6 6 6 5 4 5 5 5 5 5 6 5 7 5 5 4 5 5 5 5 6 5 5 5 6 5 4 4 5 6 5 5 6 4 5 5 5 5 5 6 5 6 5 4 5 6 
33 31 29 35 27 19 13 15 14 16 14 17 21 11 4 4 2 3 4 3 4 4 4 4 4 4 4 3 3 4 3 3 2 4 4 3 5 4 4 4 3 1 4 5 3 4 5 3 4 4 3 4 4 5 3 3 4 4 4 4 3 4 5 4 4 3 4 3 4 3 4 5 3 4 4 4 3 4 4 3 3 4 4 4 4 4 5 3 2 2 3 4 4 5 5 4 4 4 5 5 3 2 3 3 3 4 4 3 4 3 4 5 4 4 3 4 4 3 3 3 4 4 2 4 4 3 3 3 4 4 5 3 1 4 6 3 4 4 4 5 4 2 2 3 4 3 3 5 4 5 3 4 4 4 5 3 4 4 4 4 4 4 4 4 4 4 4 4 4 5 4 3 5 4 4 4 3 4 4 4 3 2 3 4 3 4 3 4 3 3 4 3 3 4 3 4 4 4 3 2 4 4 5 5 4 4 5 3 2 5 3 4 4 3 5 5 4 5 4 4 3 3 2 3 4 4 4 4 4 4 3 4 3 3 5 4 3 3 3 2 5 2 3 4 3 5 4 3 3 3 2 5 1 3 3 4 4 3 3 3 4 3 5 2 4 4 3 4 4 4 3 3 3 4 4 5 4 3 3 3 4 3 3 4 5 3 4 4 5 4 5 3 4 4 2 4 4 4 5 4 4 4 4 3 4 3 4 4 4 3 4 4 4 4 3 3 4 5 4 3 5 4 3 3 3 3 4 4 None 1 4 5 4 4 4 5 4 4 4 4 4 4 3 4 4 3 3 2 4 4 4 3 4 4 3 3 5 4 5 4 4 4 4 4 3 4 5 4 4 4 3 4 3 4 4 5 4 5 3 5 5 4 5 5 5 2 4 4 4 4 4 4 5 3 4 3 4 3 3 4 4 4 4 4 4 5 4 3 4 5 4 2 4 4 2 1 4 4 4 3 3 3 4 2 4 4 3 4 3 4 4 4 2 3 4 4 4 1 4 4 3 4 4 4 3 3 4 3 4 4 4 4 5 5 4 5 2 4 4 4 4 4 4 3 4 5 5 4 4 4 4 3 3 4 5 3 4 3 2 4 4 4 4 5 4 3 4 3 3 2 4 3 3 2 4 3 3 4 5 4 
33 31 29 35 27 19 13 15 14 16 14 17 21 11 4 5 3 4 4 4 5 4 4 3 4 4 5 3 3 3 4 4 3 3 5 4 4 4 5 3 2 2 3 5 3 4 5 3 4 4 4 3 5 4 4 4 3 4 5 5 4 4 5 4 5 4 5 4 4 4 3 4 4 4 3 4 4 5 4 2 4 4 4 5 5 4 5 4 3 3 3 4 4 5 4 4 3 4 5 4 4 3 3 3 4 3 3 4 5 2 4 5 5 4 3 4 3 2 4 4 4 3 3 5 4 3 4 3 3 4 4 2 2 3 5 4 3 4 3 5 5 3 3 3 3 3 2 4 5 5 4 5 4 4 5 4 3 3 5 4 4 4 5 5 3 4 4 4 3 4 4 3 4 4 5 3 2 3 4 4 2 3 4 4 4 3 4 4 4 4 4 4 4 3 3 4 3 3 3 3 4 4 4 4 4 3 5 4 3 4 4 3 4 4 4 4 4 5 4 4 4 4 3 4 4 3 4 5 4 3 4 5 3 2 4 3 4 4 3 1 4 3 4 5 4 5 4 4 4 3 3 4 2 4 4 4 4 4 4 4 4 4 4 3 5 4 4 4 5 5 4 4 4 4 5 5 3 3 2 4 4 3 4 4 5 4 5 5 5 4 4 3 4 3 3 3 4 5 5 4 3 3 3 4 4 2 3 4 4 4 3 4 4 4 4 3 4 4 4 4 4 3 4 3 4 3 4 5 1 None 4 5 5 4 4 4 4 4 3 4 4 3 2 3 4 2 2 3 4 4 4 4 4 3 4 2 4 3 4 3 4 5 5 3 2 4 4 4 5 5 3 4 2 3 3 4 3 4 3 4 4 4 4 5 4 3 3 4 5 4 4 5 5 4 4 3 4 4 2 4 4 5 5 4 4 4 4 4 4 5 4 3 4 4 3 2 3 5 5 4 4 4 4 1 3 4 3 5 4 5 5 3 3 4 4 5 4 2 3 4 2 4 4 4 4 4 3 4 3 4 4 4 4 5 4 6 2 3 3 5 3 3 4 3 4 5 4 4 4 4 5 2 3 4 6 4 3 2 1 4 3 5 4 4 5 4 4 4 4 3 4 3 4 1 4 4 4 4 4 3 
31 29 27 33 25 17 11 13 12 14 12 15 19 9 2 3 4 5 4 4 4 3 5 4 4 3 4 4 4 2 5 4 4 4 4 4 4 3 3 4 2 4 5 4 3 4 5 3 4 4 4 4 4 4 4 4 4 3 4 4 4 3 5 3 2 3 5 5 3 5 5 4 4 3 3 3 4 4 4 5 4 4 3 4 5 3 4 4 4 3 3 3 4 4 4 5 4 4 3 4 3 4 4 4 4 4 3 4 5 4 2 4 4 4 4 4 3 3 5 4 4 4 4 3 4 3 2 2 4 3 4 4 4 4 5 3 3 4 3 6 3 4 4 4 4 5 4 3 4 5 3 4 5 4 3 5 4 4 4 3 4 4 4 4 4 4 4 4 4 4 3 4 4 4 5 4 4 5 4 4 3 2 3 4 4 2 3 3 3 3 3 3 4 4 3 2 5 4 3 3 5 4 1 4 5 4 4 1 4 5 3 5 4 3 4 4 4 5 3 4 4 4 4 4 3 4 4 3 2 2 4 4 3 4 4 5 4 3 4 4 3 3 4 5 2 3 1 4 3 4 2 4 3 3 4 4 4 3 2 3 4 4 3 4 3 5 3 2 4 4 4 5 4 2 5 4 3 2 3 4 3 5 5 4 4 3 5 3 4 2 4 3 4 4 3 5 3 4 4 3 2 3 4 4 4 3 4 4 2 4 4 3 4 4 2 3 5 4 4 4 4 4 3 4 4 4 3 5 4 4 None 2 3 4 3 4 4 4 3 4 3 4 4 4 5 4 5 4 4 2 5 5 4 2 4 3 3 4 4 4 4 3 4 4 5 4 3 4 3 4 4 4 4 4 4 4 3 5 4 4 4 5 5 4 4 4 4 3 3 3 3 4 3 3 4 3 2 1 3 4 4 4 2 3 4 4 4 3 5 5 4 4 3 5 3 3 3 5 4 5 4 5 4 4 4 4 4 3 4 4 4 3 4 3 1 4 4 3 4 3 4 5 3 3 4 4 4 3 3 4 4 4 4 4 5 5 2 4 4 4 5 2 4 3 4 5 3 4 4 4 4 4 1 4 5 4 4 5 4 4 3 4 4 5 4 4 3 3 4 4 3 3 3 3 4 3 4 5 5 4 
33 31 29 35 27 19 13 15 14 16 14 17 21 11 4 5 4 4 5 4 4 5 3 4 4 1 3 5 4 4 5 4 5 3 5 5 2 4 5 4 4 6 5 4 5 4 3 3 5 5 4 5 4 6 4 5 4 3 4 5 4 5 6 4 4 5 4 4 4 5 4 5 3 4 4 4 4 4 4 4 4 3 3 4 5 4 4 4 5 5 5 4 4 4 4 3 6 4 5 2 5 5 3 4 5 4 4 4 4 4 4 4 5 4 5 4 5 5 5 5 3 4 3 5 5 5 4 4 4 4 5 4 5 4 3 5 4 3 4 5 1 3 5 4 2 4 3 5 5 3 5 4 5 5 5 5 3 4 4 4 4 5 4 5 5 5 5 4 4 5 5 4 3 5 4 4 4 5 4 5 3 4 5 4 5 4 5 4 5 4 5 3 4 5 4 4 5 4 5 5 5 4 3 5 5 4 3 3 4 5 5 5 5 4 5 2 4 4 5 5 4 5 5 5 4 4 5 5 4 4 4 5 4 5 4 5 5 4 4 4 4 4 4 3 4 5 3 4 3 4 4 4 5 4 5 4 4 3 4 4 5 5 2 4 5 4 5 4 2 5 4 5 4 4 4 5 3 4 4 5 5 4 5 2 5 4 5 5 4 4 4 4 5 5 3 5 5 3 5 4 3 4 5 4 5 4 5 4 4 4 5 4 5 4 4 4 3 4 3 3 3 5 4 4 4 2 2 6 5 5 2 None 5 4 5 5 5 5 4 5 5 5 3 3 4 5 5 4 5 2 3 5 5 4 5 4 1 4 4 4 5 4 4 4 5 3 3 5 5 5 5 5 4 4 5 4 5 5 5 3 3 5 5 2 3 4 4 4 4 4 4 4 5 4 4 4 4 3 5 4 3 5 4 5 4 6 5 4 4 5 3 5 4 4 5 4 5 4 5 4 5 5 4 5 5 4 4 5 5 3 5 3 4 4 3 4 5 4 4 4 3 3 4 3 4 5 5 4 3 4 4 4 5 5 3 6 4 5 4 5 4 3 5 4 5 4 5 5 5 5 3 4 3 5 5 5 5 5 4 3 4 5 4 5 2 4 4 4 5 5 3 5 4 4 5 5 4 3 4 4 
32 30 28 34 26 18 12 14 13 15 13 16 20 10 3 4 4 4 2 4 4 5 3 2 4 5 4 4 4 5 5 2 3 4 3 2 4 4 4 4 4 5 3 4 4 4 4 3 4 5 4 3 3 2 5 5 4 5 4 4 1 5 5 3 4 5 3 2 5 4 5 4 3 4 4 3 4 2 4 3 3 4 3 4 4 4 4 3 3 4 4 3 4 4 5 4 5 4 5 4 3 3 3 4 3 4 4 3 4 4 4 4 4 4 4 3 4 5 4 4 4 4 4 4 4 3 1 4 3 4 4 3 3 4 5 5 5 3 3 5 5 3 4 4 4 4 5 4 4 4 3 3 4 4 5 4 3 4 4 4 4 4 4 4 5 5 4 4 4 3 4 4 3 4 4 4 4 4 5 4 4 4 3 5 4 4 4 5 4 4 4 2 4 3 5 4 5 4 4 4 4 3 4 3 3 3 5 4 3 4 4 5 4 3 4 5 4 5 4 4 4 4 4 3 4 4 1 5 2 3 4 4 4 4 5 4 4 4 4 4 5 2 3 4 4 4 2 4 3 4 4 4 3 4 3 4 3 2 3 3 4 4 4 4 4 5 5 4 4 4 4 4 4 4 3 4 4 3 4 4 4 5 5 4 4 3 5 5 3 4 5 5 4 5 4 4 5 3 5 4 5 4 5 4 5 3 4 5 5 4 5 2 5 4 3 4 5 4 5 4 4 4 3 3 4 4 5 4 4 5 3 5 None 2 4 4 4 4 3 5 5 4 4 4 4 5 4 3 4 3 4 4 4 4 4 4 4 4 5 5 4 4 3 4 5 4 3 3 4 5 4 3 3 4 4 4 5 3 4 4 5 4 4 4 4 4 4 3 2 4 3 5 4 3 4 4 4 4 4 3 3 5 3 4 3 5 4 4 3 4 5 3 3 4 2 3 3 4 4 4 2 2 3 4 4 4 4 3 4 3 4 4 3 3 4 4 4 3 3 3 5 3 5 4 2 4 5 4 4 3 3 5 5 2 5 5 4 4 2 5 4 4 4 4 3 4 4 4 4 4 4 4 3 3 6 5 3 4 4 4 4 4 4 4 3 4 4 3 4 2 3 5 4 4 3 4 4 4 5 4 
32 30 28 34 26 18 12 14 13 15 13 16 20 10 3 4 3 4 4 5 4 5 1 4 3 5 4 3 4 5 5 4 3 2 4 4 3 4 4 4 4 4 4 4 5 4 4 4 4 4 4 3 4 4 4 5 4 3 3 4 3 4 5 4 4 4 4 4 3 5 3 3 3 4 3 1 4 4 5 3 5 4 4 2 4 5 3 3 4 2 5 3 4 4 4 5 4 3 5 3 4 4 4 4 3 4 5 3 4 3 4 4 3 3 5 3 4 3 3 4 2 4 4 4 4 4 3 4 5 5 4 4 4 4 4 3 3 4 5 5 5 4 4 4 2 4 3 5 4 4 4 3 3 4 3 4 3 4 4 4 4 3 4 4 3 5 4 4 4 4 4 3 4 5 4 3 3 4 3 4 3 5 2 4 4 4 3 4 4 4 5 4 4 3 3 4 4 2 4 3 5 4 4 4 4 3 5 5 4 3 4 4 4 3 4 3 4 4 4 5 3 4 4 3 3 4 3 5 2 4 3 4 4 4 4 3 2 4 4 4 4 4 4 4 4 3 4 5 3 3 4 2 4 4 4 5 4 4 5 5 4 3 4 4 3 4 3 4 4 5 5 4 4 4 5 4 4 4 4 5 4 4 4 3 3 3 5 4 5 4 3 4 3 3 4 3 3 5 3 2 3 4 3 4 3 3 4 3 4 4 5 3 4 4 3 4 3 4 4 4 4 2 4 1 2 3 5 5 4 4 4 4 2 None 3 4 4 3 3 4 3 4 4 4 3 4 3 3 3 4 4 4 4 4 4 4 3 3 4 4 3 5 4 4 3 4 3 4 4 5 4 3 3 3 4 3 5 4 4 5 4 5 3 4 4 3 4 3 4 4 4 5 5 3 2 3 4 5 4 3 3 4 3 4 1 3 2 3 1 5 4 3 4 4 4 3 4 4 4 3 2 3 3 4 4 3 4 3 4 2 4 4 4 3 5 3 4 4 4 4 4 3 5 5 2 4 4 4 4 4 4 4 5 4 3 4 4 3 2 4 4 4 2 3 4 4 5 4 4 5 4 4 3 5 6 4 4 4 4 4 4 4 3 4 4 2 5 4 3 3 4 4 4 4 3 4 4 4 4 4 
30 28 26 32 24 16 10 12 11 13 11 14 18 8 1 2 4 4 4 4 4 4 4 4 4 4 4 4 3 4 3 5 3 3 3 4 4 3 4 3 3 3 4 4 4 4 4 3 3 5 4 4 5 4 4 4 5 4 5 3 4 3 5 4 4 3 3 4 2 2 5 5 4 4 5 4 4 4 4 4 4 4 4 4 5 4 4 4 3 3 4 4 4 4 4 4 5 4 4 4 4 5 3 4 2 4 4 4 5 3 4 4 4 3 4 4 4 4 2 3 4 3 4 4 4 4 3 4 2 5 4 4 4 3 5 3 4 3 4 5 4 5 4 4 5 3 4 4 5 5 4 2 3 3 5 4 5 4 3 5 5 3 4 5 4 5 4 3 5 5 4 2 5 4 5 3 3 4 5 5 4 4 2 4 4 3 4 4 3 4 4 4 4 4 3 4 5 4 3 2 4 4 4 5 4 3 5 4 4 5 2 4 3 2 4 4 4 4 3 3 4 4 3 3 4 4 3 5 4 2 4 5 4 3 5 4 4 4 4 3 4 4 5 4 4 4 2 5 4 3 4 4 4 4 4 3 3 3 4 4 4 2 5 3 4 4 4 4 5 4 4 4 4 4 5 5 4 3 3 3 4 4 3 4 4 4 5 3 4 4 4 1 4 5 4 4 4 4 4 4 4 4 4 5 4 4 5 4 4 4 5 4 5 3 3 5 5 4 4 3 4 5 4 4 4 4 3 6 4 4 3 5 4 3 None 4 2 5 4 4 3 4 4 4 4 2 4 4 4 4 4 4 3 4 4 4 4 5 4 4 3 4 3 4 4 4 5 4 4 3 4 4 4 3 1 4 2 4 3 4 4 4 5 5 4 2 5 3 4 4 3 4 4 4 4 5 4 3 4 4 4 4 4 4 3 4 4 4 2 4 4 3 4 4 3 3 3 4 2 3 3 2 4 3 4 4 3 4 4 5 3 2 4 3 3 4 4 4 4 4 2 5 4 4 5 4 3 4 3 4 4 4 5 4 3 2 4 4 4 4 4 4 5 4 5 4 4 4 4 5 4 4 3 4 4 3 4 4 3 5 4 5 5 4 3 1 5 3 4 3 3 4 3 4 4 4 4 5 2 3 
33 31 29 35 27 19 13 15 14 16 14 17 21 11 4 5 4 5 5 4 3 4 3 4 5 4 5 3 4 4 4 4 5 3 1 6 5 4 5 5 4 5 4 4 4 4 5 5 4 1 4 4 4 4 3 5 2 3 4 4 5 4 6 3 2 4 5 4 4 5 5 5 4 4 1 4 2 4 3 4 5 5 5 3 5 4 4 4 3 5 5 4 3 5 2 5 5 4 4 4 4 5 5 5 4 5 5 4 5 5 5 4 5 2 4 2 2 2 5 4 5 4 4 4 5 3 3 5 5 6 4 4 4 4 5 4 4 4 5 6 5 3 4 5 4 5 4 5 5 5 4 5 4 5 4 5 5 4 5 4 5 4 4 3 4 4 5 4 5 5 4 4 4 3 4 3 4 5 4 4 4 4 4 4 5 3 4 5 5 5 4 4 4 4 4 5 4 3 5 4 3 3 3 5 4 3 5 4 5 4 3 4 5 4 3 6 4 4 4 4 4 4 4 5 4 4 3 4 5 4 4 5 4 5 4 5 5 4 5 3 4 4 5 5 5 5 4 4 4 4 3 4 4 3 3 5 4 4 3 4 4 4 5 3 5 4 4 4 4 4 4 4 2 5 5 5 4 4 4 5 3 4 4 6 5 5 5 4 5 5 4 5 4 4 4 5 4 4 5 3 4 3 4 4 4 3 3 4 4 4 3 4 3 4 5 5 4 4 5 4 4 5 4 4 4 4 3 5 5 4 4 5 4 4 4 None 5 4 4 4 3 4 5 4 4 4 5 4 4 4 3 5 4 4 3 4 5 4 3 3 5 5 5 4 4 4 5 3 4 4 4 3 4 4 5 4 5 3 4 4 5 5 4 4 4 5 4 4 3 5 5 5 4 4 4 4 4 3 4 5 3 4 4 4 5 5 4 3 4 5 3 4 4 5 4 5 4 5 5 5 3 2 3 3 3 5 4 3 4 5 5 5 4 3 5 5 3 4 5 4 4 3 4 3 4 4 5 4 4 2 4 2 3 4 4 6 4 4 4 4 4 2 4 4 5 4 6 5 4 5 4 4 5 5 5 3 5 3 4 5 4 4 4 3 4 5 5 5 5 4 5 3 2 4 4 3 5 3 3 3 
32 30 28 34 26 18 12 14 13 15 13 16 20 10 3 4 5 5 3 5 4 4 4 4 4 4 4 4 3 5 5 4 4 4 5 5 4 3 4 4 3 3 4 4 4 5 5 5 4 5 4 2 5 4 5 5 4 4 3 5 4 3 3 4 5 3 5 5 4 4 5 4 4 4 4 4 5 5 5 4 3 4 4 4 4 5 5 4 4 4 5 4 4 6 3 5 5 4 5 5 5 4 5 4 4 5 4 4 5 3 4 4 5 3 5 3 5 4 4 5 4 5 4 5 3 4 5 5 4 6 4 4 5 5 4 4 4 4 4 7 4 5 5 5 5 4 4 5 5 5 4 4 3 5 4 4 5 5 4 4 3 1 5 5 5 5 5 3 4 5 4 4 3 4 4 4 4 2 5 5 4 4 4 5 4 4 4 4 4 4 4 5 3 3 3 4 5 4 3 2 3 4 5 5 4 4 5 5 5 5 4 4 3 4 4 5 4 5 4 5 4 3 4 2 5 4 3 4 4 4 5 6 5 4 5 5 4 4 5 3 4 5 4 4 4 5 4 5 5 3 4 5 5 4 4 3 3 4 5 4 5 4 5 4 5 2 5 4 5 4 4 5 5 4 6 4 4 3 4 5 4 4 4 6 5 5 6 5 5 3 4 1 4 3 5 4 4 5 5 4 5 4 4 4 5 5 5 3 4 3 4 4 5 5 3 5 5 4 4 5 4 5 4 5 4 4 5 6 4 4 4 5 4 4 2 5 None 5 4 4 4 4 5 4 4 4 5 4 5 4 5 4 3 4 4 4 5 5 5 5 5 5 5 4 4 4 5 3 2 3 5 4 4 5 3 5 2 4 3 4 6 4 5 4 4 4 4 3 2 4 3 4 5 4 2 3 4 5 4 4 4 3 3 4 3 5 4 3 3 4 4 4 4 5 5 5 4 4 4 4 3 4 4 4 4 5 3 4 4 5 4 2 4 4 5 4 5 5 5 3 2 3 4 4 5 4 5 3 3 3 4 4 4 4 3 4 4 5 4 4 4 5 5 5 4 4 6 5 3 4 4 3 3 4 4 5 5 5 4 4 3 4 5 4 5 3 5 4 4 5 5 5 5 5 4 3 5 3 2 3 
33 31 29 35 27 19 13 15 14 16 14 17 21 11 4 4 4 5 4 5 4 5 4 4 5 4 4 4 4 2 2 4 2 3 5 3 4 4 5 4 4 5 4 3 3 2 5 3 4 4 4 3 4 4 3 5 2 3 4 3 4 4 5 4 4 3 5 4 4 4 4 3 4 3 3 4 4 3 2 4 4 3 4 4 5 4 4 4 4 4 4 5 2 5 4 4 4 4 3 4 4 3 3 2 3 5 4 5 4 4 4 5 5 3 4 4 4 4 3 4 3 2 4 4 4 1 3 5 4 4 5 4 4 4 5 3 3 4 3 6 5 3 3 4 5 3 3 4 4 5 4 3 4 4 4 3 3 4 4 5 4 4 4 4 4 4 4 3 4 2 1 3 4 3 4 3 4 4 2 5 4 4 3 5 4 4 4 4 3 3 4 4 2 4 2 4 4 4 4 4 4 4 5 4 4 4 4 4 4 4 4 4 4 4 4 4 5 4 4 4 4 4 4 4 2 4 5 4 4 4 2 4 3 5 4 4 1 5 3 4 4 4 5 5 4 4 4 4 4 4 4 4 4 5 4 5 4 4 4 4 4 5 4 5 4 3 3 3 5 3 2 3 2 3 4 5 4 5 4 5 4 4 5 4 4 4 5 3 4 4 4 4 3 4 4 5 4 5 5 3 4 4 5 3 3 4 5 2 4 5 4 4 3 4 5 3 5 4 4 3 3 4 4 4 4 4 3 5 4 4 4 5 4 3 5 4 5 None 4 4 3 3 3 4 4 5 4 3 4 5 4 4 2 4 4 3 5 4 4 3 4 4 3 3 3 5 4 4 5 3 4 3 4 4 4 4 5 3 3 5 3 5 5 4 4 3 4 4 4 3 4 5 2 4 3 4 3 3 3 4 4 5 4 4 2 4 4 4 4 5 3 4 4 3 4 3 3 4 3 4 4 5 3 4 4 4 4 3 3 3 2 4 3 4 4 3 3 4 4 5 5 3 5 5 4 4 5 4 4 4 3 3 4 4 3 5 2 4 5 1 3 4 4 3 4 4 5 3 4 5 4 4 3 4 4 4 3 3 4 5 4 4 4 3 4 4 4 5 5 4 4 3 4 3 4 5 4 4 3 2 
32 30 28 34 26 18 12 14 13 15 13 16 20 10 3 3 3 4 4 3 4 4 4 3 4 4 4 4 3 3 3 4 4 3 4 4 3 3 4 2 4 3 4 4 4 3 3 3 4 4 3 4 4 3 4 5 3 3 3 4 3 5 5 4 4 3 5 4 3 5 4 4 4 3 3 3 5 3 4 3 4 3 3 4 5 3 2 4 4 3 3 3 3 5 4 4 3 3 5 3 3 3 3 4 4 3 4 4 4 4 4 4 4 4 4 3 3 3 4 2 1 4 4 3 3 4 3 3 4 4 4 2 4 3 4 4 4 4 3 5 5 4 3 3 4 4 3 4 4 4 4 3 4 3 5 3 4 3 4 3 5 4 5 4 3 5 4 3 4 4 4 3 2 4 3 3 2 4 4 3 3 4 3 4 4 2 3 4 4 4 4 4 2 4 4 4 3 4 3 2 4 2 4 4 4 4 3 3 3 2 4 3 3 4 5 2 2 3 3 3 4 4 3 3 4 3 2 3 2 3 3 5 3 4 3 3 3 4 4 2 4 4 4 4 4 3 2 4 3 2 4 3 4 4 4 5 3 2 2 3 4 3 4 4 5 3 4 2 4 4 4 5 3 4 3 4 3 1 2 4 4 3 3 2 4 3 5 2 4 4 3 3 5 4 3 4 3 3 4 5 4 3 4 4 3 4 4 4 4 3 4 4 4 4 3 3 3 4 3 4 5 4 3 4 4 2 3 5 4 3 3 4 3 3 4 4 4 4 None 3 3 4 4 3 4 4 4 4 3 3 4 4 3 3 4 3 3 2 4 4 4 4 3 3 3 2 1 2 3 4 3 4 4 3 4 2 4 4 3 4 3 4 3 4 4 3 1 4 3 3 5 4 2 3 3 3 2 4 4 4 3 3 3 1 2 4 4 3 4 4 2 3 3 3 3 4 4 3 4 4 4 3 4 4 4 2 3 3 4 3 4 4 3 4 4 2 1 4 1 3 3 3 3 4 4 3 3 4 3 4 3 4 4 3 4 5 4 4 3 3 4 4 4 3 4 4 4 2 4 4 4 3 3 4 5 4 4 4 3 2 3 4 3 2 3 4 2 3 4 4 3 4 4 3 4 4 2 3 5 4 
33 31 29 35 27 19 13 15 14 16 14 17 21 11 4 5 3 4 4 5 5 3 4 4 5 5 4 4 4 5 4 5 4 4 5 4 5 3 5 5 4 5 4 4 3 4 4 4 4 3 4 3 4 3 4 5 4 3 4 4 5 5 6 4 4 4 5 4 3 5 3 5 4 4 4 4 4 5 4 4 4 3 3 4 5 4 3 4 4 4 4 4 3 4 5 2 5 3 3 4 3 3 4 5 3 4 5 3 2 4 4 5 5 3 5 5 2 3 3 4 2 4 4 5 5 4 5 4 4 5 5 3 5 4 5 4 5 3 5 5 5 4 4 4 3 3 4 5 4 5 4 4 5 4 5 4 5 2 2 5 4 4 4 4 3 5 4 4 4 6 5 4 5 4 4 4 4 4 4 4 2 4 4 5 4 2 3 3 4 3 5 5 4 3 4 4 4 4 4 4 4 5 3 3 5 4 4 3 3 5 5 4 3 4 4 3 4 5 4 4 2 1 2 4 5 4 4 5 4 4 5 4 4 4 5 4 3 4 3 3 4 4 4 5 4 5 4 4 4 4 5 2 3 5 4 4 5 4 3 4 4 4 4 5 4 4 3 4 4 5 4 5 5 4 4 5 4 3 3 5 5 3 4 5 5 3 5 4 5 5 4 5 4 5 4 5 5 5 5 4 3 2 3 5 5 4 5 2 3 4 5 4 5 5 5 4 3 4 4 3 4 4 4 3 2 3 4 5 4 4 4 5 5 4 4 4 4 4 3 None 1 4 4 3 4 5 5 4 5 5 4 5 5 2 3 4 4 3 3 3 3 4 4 4 4 4 4 4 5 4 5 5 4 3 4 3 4 4 3 4 3 4 5 4 5 4 4 3 4 4 5 2 5 3 3 4 4 4 4 4 4 4 4 4 3 5 5 4 4 5 4 4 4 4 4 4 4 4 4 3 4 5 4 5 4 3 4 3 4 4 4 5 4 5 5 5 4 4 4 5 4 4 3 4 5 4 5 3 5 5 4 5 4 4 5 6 3 5 4 4 4 4 3 2 3 4 5 4 4 5 4 4 4 4 5 4 4 3 4 4 5 4 3 4 3 3 4 3 4 4 4 4 4 4 4 5 4 4 4 5 
33 31 29 35 27 19 13 15 14 16 14 17 21 11 4 5 4 3 5 4 4 2 4 3 5 4 4 4 3 4 3 4 3 3 4 4 4 2 4 4 3 4 4 3 2 3 5 3 3 2 4 2 3 4 3 4 4 4 3 3 4 4 5 3 4 3 4 3 2 4 2 5 4 3 3 3 3 4 3 4 3 2 2 4 4 3 3 3 3 3 4 4 2 3 4 3 4 2 2 4 2 4 4 4 2 3 4 4 3 4 3 4 5 3 4 4 1 2 3 4 3 4 4 4 4 3 4 4 3 5 4 2 4 3 5 4 4 4 4 6 4 3 3 4 4 2 3 4 5 4 3 3 4 3 4 4 4 1 3 4 3 3 5 4 4 4 3 4 3 5 4 3 4 3 4 3 3 3 3 4 3 3 3 4 3 1 3 2 3 2 4 4 3 3 3 3 3 3 3 3 3 4 2 2 4 3 3 2 3 5 4 4 3 4 4 4 4 4 3 5 3 2 3 4 4 3 4 4 4 3 4 3 3 4 4 3 2 3 4 3 4 5 4 4 3 4 3 3 3 4 4 1 4 4 3 4 4 3 2 3 3 3 4 4 4 4 2 4 3 4 3 4 4 4 3 5 3 2 3 4 4 3 5 4 4 4 4 3 4 4 4 4 3 4 4 4 4 4 4 4 3 3 3 4 4 3 4 1 4 3 4 3 4 4 4 3 2 3 4 4 3 4 4 4 3 4 4 5 4 4 3 5 5 3 3 3 4 3 3 1 None 3 3 3 4 4 4 4 5 5 3 4 4 1 4 4 4 4 2 3 2 3 3 3 4 3 3 4 4 3 5 4 4 3 3 2 3 3 2 4 2 3 4 3 5 3 3 3 4 4 4 3 4 4 2 3 3 4 3 4 3 3 3 4 3 4 4 3 3 4 4 4 3 4 3 3 4 3 4 4 3 4 4 4 3 3 3 4 3 4 3 5 3 4 4 5 4 4 4 4 4 3 2 4 4 4 5 2 4 4 3 4 3 4 4 5 2 4 4 3 3 3 2 1 2 3 4 4 3 4 3 3 3 4 4 4 3 4 3 4 4 3 4 4 3 2 3 2 4 3 4 4 4 3 4 4 3 4 4 4 
33 31 29 35 27 19 13 15 14 16 14 17 21 11 4 3 4 3 4 4 5 3 4 3 3 5 5 2 4 4 3 3 4 2 4 5 3 3 4 4 2 5 4 4 3 2 4 4 4 4 4 2 4 4 2 4 4 3 4 4 3 4 5 4 3 3 3 4 3 4 5 3 3 4 4 3 4 4 3 3 4 3 4 3 4 4 4 3 2 4 4 4 1 4 3 4 5 3 4 3 3 4 3 5 4 2 4 4 4 5 4 4 4 2 3 3 3 3 4 3 4 4 3 3 4 3 4 4 4 5 4 4 3 3 4 2 1 4 3 5 4 2 4 4 3 3 4 3 4 4 4 4 4 5 4 3 4 4 3 3 4 4 3 4 4 3 4 4 4 4 3 3 4 3 4 4 3 4 3 4 2 2 3 5 4 2 4 3 4 3 3 4 4 2 3 4 4 4 3 4 4 4 3 4 4 4 3 3 3 5 3 4 4 3 5 3 4 4 4 5 4 4 4 4 4 4 4 4 4 4 4 4 4 3 4 5 3 4 1 2 5 4 5 5 4 3 3 4 4 3 3 4 4 4 3 4 4 4 3 4 4 4 3 4 5 4 3 4 4 4 3 5 3 3 4 5 4 3 3 4 2 4 4 4 4 4 5 2 5 5 4 4 3 4 4 5 4 4 5 4 4 3 4 3 4 4 5 2 5 4 4 3 4 4 4 2 4 3 4 2 4 2 4 4 3 4 5 6 4 3 4 5 4 4 4 4 4 3 4 4 3 None 4 4 3 5 3 4 4 4 4 4 4 2 4 4 4 5 3 3 4 4 4 4 3 4 4 5 4 2 3 4 1 2 4 4 3 2 3 3 3 5 3 3 5 2 4 3 4 5 4 5 3 3 3 4 4 4 4 3 4 4 4 4 3 4 3 4 3 4 4 2 4 3 4 3 4 5 3 4 3 3 4 2 4 4 4 4 4 4 4 5 3 3 4 5 4 3 4 4 3 4 3 4 4 3 4 1 4 4 4 5 2 4 4 5 3 3 4 2 3 4 4 4 4 3 5 4 3 4 2 3 4 3 3 4 2 3 4 4 3 4 4 3 4 3 4 3 4 2 3 4 3 4 4 3 3 4 3 4 
33 31 29 35 27 19 13 15 14 16 14 17 21 11 4 5 4 3 4 4 5 4 5 4 4 4 4 4 3 5 4 4 3 4 5 4 4 3 5 4 4 4 4 3 3 2 4 3 2 5 4 4 5 4 4 5 4 4 5 4 3 4 6 4 3 4 4 4 4 3 1 5 4 4 4 4 4 3 5 3 4 4 4 3 5 3 4 4 3 4 3 4 4 4 5 4 3 4 5 3 3 4 1 1 4 5 4 4 5 4 4 4 4 3 4 3 4 4 4 4 5 3 4 5 4 3 4 3 3 4 4 4 2 1 4 5 3 3 3 6 4 5 3 3 4 4 3 4 5 4 4 3 4 3 4 4 4 3 4 4 4 4 4 5 4 4 2 4 3 4 4 3 3 4 5 4 4 5 4 5 3 5 4 4 4 4 3 4 4 2 4 4 5 4 3 4 3 3 5 4 4 2 4 4 5 3 5 4 3 4 4 4 4 4 5 5 5 4 4 5 3 4 3 4 4 3 4 5 4 3 4 4 3 4 5 4 4 4 4 3 3 5 5 5 4 3 4 3 3 3 4 2 4 3 2 4 3 2 3 3 5 4 4 4 3 5 3 4 4 4 3 4 4 4 5 5 3 3 2 4 2 4 5 2 3 4 3 4 5 4 5 5 5 4 4 4 4 3 4 4 3 3 4 3 2 2 3 4 3 4 4 4 4 4 4 3 3 4 5 4 5 4 4 4 4 4 4 6 3 2 4 3 4 4 4 5 5 3 4 4 3 4 None 2 3 4 3 2 3 4 4 4 4 4 3 4 3 5 4 4 3 4 4 4 4 4 3 4 5 3 4 4 4 3 4 3 4 4 4 4 4 4 4 4 5 2 4 4 4 2 4 5 5 4 4 3 4 4 2 4 4 4 5 3 5 4 4 3 4 3 4 3 4 4 4 3 3 3 4 5 4 4 4 3 5 4 4 4 2 3 5 5 4 4 4 4 5 4 3 4 4 5 5 4 3 4 4 4 4 5 4 4 4 5 2 4 2 3 3 4 3 3 4 3 4 4 4 4 4 4 3 3 3 4 4 4 5 3 3 4 4 5 4 5 3 3 4 4 5 3 4 4 5 1 5 5 4 4 3 4 
32 30 28 34 26 18 12 14 13 15 13 16 20 10 3 4 4 2 4 4 4 5 4 2 2 3 3 3 4 3 4 3 3 2 4 3 5 3 4 4 4 4 3 3 3 4 5 3 4 5 3 2 3 4 2 3 3 3 3 4 4 4 6 2 2 4 4 4 3 5 3 4 2 3 4 3 4 4 4 4 4 4 3 3 4 4 2 4 3 2 4 4 3 4 4 4 3 3 5 1 4 2 3 3 3 5 4 4 5 3 5 3 2 4 4 4 4 4 3 4 3 4 3 4 4 5 4 3 3 4 4 3 4 3 2 4 3 4 4 5 4 4 3 4 3 4 5 4 4 2 3 4 4 4 4 4 3 4 3 4 4 4 4 4 4 3 3 4 3 4 3 4 4 4 3 3 3 3 3 4 4 4 3 4 3 4 4 4 4 4 3 3 3 3 3 3 4 3 3 4 4 3 4 3 4 3 4 4 2 5 4 2 3 2 4 4 3 3 4 3 1 2 3 4 4 4 3 4 4 3 2 5 3 3 4 4 4 3 4 3 4 3 3 3 4 3 4 4 3 1 4 2 3 3 3 4 4 3 4 4 4 4 2 3 4 3 4 3 2 4 3 4 4 4 4 3 4 4 4 4 3 4 5 3 5 3 5 4 3 4 3 3 4 2 4 4 2 3 4 3 3 3 4 4 4 4 5 4 3 3 2 4 3 3 3 4 1 3 4 3 3 3 4 3 4 4 4 5 4 3 4 3 4 4 4 4 4 4 3 3 3 4 2 None 1 3 3 4 4 3 4 3 4 4 4 3 2 4 4 2 3 4 2 3 4 2 4 3 4 4 4 3 4 4 4 3 4 3 3 4 5 4 4 2 4 4 4 2 3 4 3 3 3 3 4 3 3 3 4 4 2 4 4 2 3 4 3 4 3 4 3 3 4 3 3 3 4 3 4 4 3 4 4 4 3 4 3 3 4 3 4 4 4 4 4 4 4 4 3 2 2 4 4 4 3 3 4 3 3 4 2 3 4 3 2 5 4 2 4 4 2 4 2 3 4 5 3 4 4 3 3 1 4 5 5 4 4 3 2 4 3 4 4 3 3 4 4 3 3 4 4 4 3 3 3 4 4 3 3 4 
33 31 29 35 27 19 13 15 14 16 14 17 21 11 4 4 4 3 3 3 4 4 4 3 3 4 3 4 3 3 3 4 4 3 3 4 4 3 4 4 4 5 4 3 4 4 4 4 4 4 4 3 4 4 1 4 4 4 2 3 4 4 5 3 3 4 4 5 4 4 4 4 1 2 4 3 3 4 5 3 3 4 3 2 4 4 3 4 4 3 5 3 2 4 5 5 4 4 5 2 4 3 4 2 4 4 4 4 5 4 5 4 3 3 3 4 4 3 3 3 3 3 2 4 3 4 3 4 4 4 3 4 4 3 3 4 3 5 5 4 5 3 4 4 4 4 4 4 3 3 3 5 3 4 3 4 4 4 4 5 3 3 5 3 3 2 4 4 2 5 4 4 4 3 2 4 4 2 4 5 5 4 3 3 4 4 3 3 4 3 4 4 3 4 3 4 3 2 4 4 4 4 4 4 4 2 4 4 3 4 3 3 3 3 4 4 4 4 4 4 2 3 3 4 4 4 4 5 4 4 3 4 4 4 4 5 3 2 4 4 4 2 3 4 4 2 4 4 4 2 3 3 3 2 3 4 3 4 3 3 4 4 3 4 4 2 3 4 3 3 4 3 4 3 5 4 4 4 4 4 2 5 5 4 5 4 5 3 3 5 4 4 5 1 4 5 3 4 3 2 3 4 4 3 3 4 5 3 4 3 3 3 4 4 4 5 2 4 4 4 4 4 3 4 3 3 5 5 4 4 5 4 4 3 4 4 4 4 4 4 4 3 3 1 None 4 4 3 4 4 4 4 5 4 4 4 3 4 5 3 4 4 2 4 4 3 4 3 4 3 4 3 4 4 5 3 4 3 3 3 5 5 3 3 4 4 4 3 4 3 2 4 3 2 3 2 3 4 3 5 3 3 4 3 2 3 4 3 4 3 4 4 4 4 4 3 4 2 3 3 3 3 4 4 4 4 4 3 4 4 5 5 4 5 4 5 4 3 4 3 3 4 4 4 4 4 4 4 3 4 3 4 5 3 1 5 4 1 4 3 3 4 3 4 4 4 4 4 3 4 4 2 5 5 4 3 4 4 3 4 4 4 3 4 4 4 4 4 4 4 3 3 2 3 3 4 4 3 2 3 
32 30 28 34 26 18 12 14 13 15 13 16 20 10 3 4 4 4 4 5 5 4 4 3 4 4 5 5 3 3 5 4 5 4 5 5 5 5 3 2 4 4 3 4 4 5 4 3 4 5 4 3 4 3 5 4 3 4 5 5 4 4 6 4 4 5 5 4 4 4 4 4 5 4 3 4 5 5 5 4 4 4 4 5 5 5 4 4 4 3 4 4 4 6 4 4 4 5 4 4 4 5 4 4 2 5 3 4 5 1 3 5 5 4 3 5 5 4 4 3 4 3 5 4 3 5 5 5 2 4 4 2 4 4 5 3 5 3 5 5 4 5 4 4 3 3 4 5 5 5 4 4 5 3 5 4 5 5 3 5 5 4 5 5 5 4 3 3 4 5 4 4 4 3 4 4 4 4 5 5 4 5 4 5 4 5 4 3 4 5 4 4 4 3 3 5 3 4 4 4 3 5 3 4 4 3 4 4 3 5 4 3 4 4 3 5 4 4 5 3 4 4 3 4 4 4 4 5 4 3 5 4 5 2 4 3 5 5 4 3 5 5 5 5 4 4 4 4 4 3 4 5 4 4 4 4 4 4 4 4 4 3 5 4 5 5 4 4 5 4 4 6 4 3 5 4 4 4 4 3 5 3 3 5 3 4 4 3 4 2 5 3 4 4 4 2 4 5 5 3 4 3 2 4 5 3 4 4 4 4 3 5 4 4 3 5 4 4 4 4 6 3 4 4 4 5 3 6 3 2 4 5 5 4 2 4 4 5 4 5 4 5 4 3 4 None 2 3 5 5 5 4 5 3 4 2 4 3 5 4 5 5 5 4 4 4 5 4 3 5 3 4 4 3 1 4 4 4 3 4 4 4 4 5 3 4 3 4 5 3 5 5 5 4 4 4 4 4 4 5 4 4 5 4 5 4 4 4 3 5 4 4 4 4 5 4 2 5 4 4 3 4 4 3 4 4 3 4 5 5 3 2 3 4 4 5 4 4 3 4 4 4 5 4 4 4 1 4 4 4 4 4 3 5 5 4 4 4 4 5 3 2 4 3 3 4 6 4 2 4 4 2 3 5 5 3 4 2 1 4 3 3 4 4 5 3 4 4 4 5 5 4 5 3 3 4 4 4 4 5 
33 31 29 35 27 19 13 15 14 16 14 17 21 11 4 4 4 3 4 4 5 5 4 3 2 5 4 3 2 3 4 4 4 4 5 4 4 3 5 4 4 4 3 5 4 5 5 3 3 5 4 3 4 4 4 4 3 4 4 4 4 5 5 4 5 4 4 3 5 4 4 2 4 4 4 2 5 3 4 4 4 4 4 3 4 4 5 2 4 4 5 3 4 5 4 3 4 3 5 4 4 3 4 2 4 3 3 4 5 2 5 4 5 4 3 4 5 4 4 3 4 4 3 3 3 4 5 4 3 4 4 2 3 4 5 4 4 5 4 4 5 3 3 4 3 4 4 5 5 5 4 4 4 4 4 3 3 5 5 4 3 4 5 5 3 4 4 3 3 3 4 5 4 5 5 5 4 4 4 5 4 4 4 4 4 4 2 4 4 4 4 4 4 3 3 4 3 3 4 3 4 4 4 4 4 4 5 4 3 5 3 3 4 4 4 4 4 5 5 5 4 4 3 4 3 4 4 4 3 3 4 5 4 2 4 3 3 3 3 3 4 5 5 4 5 4 5 2 4 3 3 5 4 4 3 5 4 4 4 4 5 5 4 5 5 4 4 4 5 5 5 5 4 4 3 5 3 4 4 4 5 3 5 5 4 4 3 4 6 4 4 4 2 3 2 3 4 5 5 4 4 3 3 4 3 4 5 4 3 4 3 4 4 4 4 3 4 4 4 4 5 1 4 4 3 3 5 6 3 2 5 5 4 3 4 5 5 4 4 5 4 3 3 3 4 2 None 1 5 4 4 5 5 3 4 2 4 3 4 3 5 5 5 3 2 5 4 4 4 5 3 3 2 3 3 4 4 4 4 4 4 4 4 5 4 4 3 4 5 3 5 5 5 4 3 4 3 4 4 4 3 4 4 4 4 6 3 2 4 4 4 2 4 4 4 3 3 4 5 4 3 4 4 3 5 4 3 4 3 4 5 3 4 4 5 5 4 4 4 4 4 4 5 3 2 5 3 4 3 5 4 3 4 5 3 5 4 5 5 5 3 4 3 3 4 4 6 3 4 4 5 2 4 5 4 2 3 2 1 4 3 5 3 4 4 5 4 4 5 3 4 4 4 3 5 5 4 4 4 4 
33 31 29 35 27 19 13 15 14 16 14 17 21 11 4 4 3 4 4 3 4 4 4 3 3 4 4 3 1 3 3 4 3 3 4 3 4 3 5 4 4 3 4 4 4 4 5 4 2 4 4 2 4 5 3 5 4 3 3 4 3 4 5 4 4 3 4 3 4 3 3 3 4 3 3 3 4 2 4 3 4 4 4 3 4 3 5 3 4 4 4 2 4 4 3 2 4 2 5 3 3 2 3 1 4 4 4 4 5 3 5 3 5 3 3 4 5 4 5 4 4 4 2 4 3 4 4 4 3 3 3 2 3 3 4 3 4 4 4 5 5 3 3 4 4 3 4 4 5 4 3 3 4 3 4 4 2 4 4 4 4 3 4 4 3 3 4 2 2 3 4 4 3 4 5 4 4 3 4 4 4 4 4 4 4 4 1 3 4 3 4 3 3 3 3 3 3 3 3 2 4 3 5 3 3 4 4 3 3 5 3 4 4 4 4 5 3 4 4 5 3 4 4 3 3 4 4 5 4 4 4 5 3 3 4 3 4 4 4 4 3 4 4 4 4 3 4 3 4 4 4 4 3 3 2 4 4 4 4 3 4 4 3 4 5 3 4 4 5 4 4 4 4 4 4 5 3 3 4 4 4 3 4 4 4 4 4 3 5 4 4 3 3 2 3 4 3 5 4 3 4 3 4 3 2 3 4 3 2 3 3 4 4 4 4 4 4 4 3 4 4 2 3 3 2 4 5 5 2 3 4 4 3 3 4 4 4 3 4 4 4 4 2 4 3 3 1 None 4 4 3 4 4 4 4 3 3 4 5 4 5 4 4 4 3 4 4 4 4 4 3 2 3 3 4 4 4 4 4 3 4 4 4 4 4 4 3 3 4 2 4 4 5 3 2 3 2 3 4 4 2 4 4 3 3 5 2 1 4 3 4 3 3 4 4 3 4 3 4 3 3 4 4 4 5 3 3 3 2 3 5 3 4 3 5 5 5 3 3 4 4 3 4 2 1 4 4 3 3 4 3 2 4 4 2 4 4 4 4 4 3 4 4 3 4 4 5 2 4 4 4 3 5 5 4 2 3 3 2 4 4 4 2 4 3 4 4 4 4 3 3 4 3 3 4 5 4 4 3 3 
33 31 29 35 27 19 13 15 14 16 14 17 21 11 4 3 2 5 4 4 5 5 4 4 5 5 5 3 5 2 5 4 3 3 3 4 4 4 4 5 4 5 5 3 4 4 5 4 3 5 4 5 4 4 3 5 3 3 5 3 3 4 6 4 4 4 5 4 4 4 4 4 5 4 4 4 4 2 4 4 4 4 3 5 5 2 3 5 4 4 5 4 4 5 5 5 5 4 5 3 5 5 4 4 4 4 4 5 6 4 5 4 5 4 4 2 5 4 4 4 4 5 4 5 5 4 4 5 4 5 4 4 5 2 4 2 4 4 4 4 6 4 4 3 4 4 4 5 4 4 3 4 5 3 4 5 5 4 4 4 5 4 4 4 4 4 4 4 4 3 3 4 4 4 4 5 4 4 2 4 4 4 4 4 5 5 4 3 4 3 3 4 5 4 3 4 5 4 5 5 3 1 5 3 4 4 4 4 3 5 3 4 4 3 5 4 4 4 4 2 4 5 5 5 3 4 4 4 4 4 3 5 2 4 5 4 3 4 3 3 4 4 3 4 4 4 5 3 4 3 3 5 4 3 4 5 4 4 4 3 4 4 4 4 5 4 5 3 4 4 4 4 5 4 4 4 4 4 4 4 3 5 3 3 5 3 2 4 3 5 4 5 4 4 4 5 4 3 5 4 5 4 4 4 5 3 4 4 4 5 5 3 3 5 5 4 4 4 5 3 5 5 3 4 3 4 4 4 4 4 4 5 4 3 4 4 5 4 3 5 5 4 3 4 4 5 5 4 None 5 5 5 5 4 4 3 4 4 5 3 4 4 4 4 4 4 4 3 4 4 4 3 4 4 4 4 5 3 5 5 5 4 4 4 4 4 3 4 3 4 4 5 5 4 4 4 3 3 5 5 3 5 4 2 4 5 3 4 2 4 4 4 3 4 4 4 5 4 5 4 5 4 4 5 4 4 4 4 4 2 4 4 4 3 5 5 4 3 4 3 4 4 6 4 4 5 6 4 4 4 4 5 5 5 5 5 3 4 4 4 4 4 3 4 4 5 6 5 3 2 4 4 4 5 5 5 4 4 4 5 5 4 3 2 5 3 4 5 4 4 3 1 2 4 5 5 3 3 5 5 
33 31 29 35 27 19 13 15 14 16 14 17 21 11 4 5 4 5 4 4 3 5 3 5 2 3 4 4 3 4 5 3 5 3 4 5 4 4 4 4 4 4 3 3 3 4 5 3 4 4 4 4 2 4 5 4 3 4 5 4 4 4 6 2 3 4 4 4 4 4 5 4 4 4 4 4 3 4 4 4 3 3 4 4 5 5 5 3 3 3 3 2 5 2 4 3 4 4 5 2 5 4 3 4 4 4 2 4 5 5 4 4 4 5 4 4 4 4 5 4 4 4 4 4 5 4 2 4 3 5 3 4 4 5 3 4 4 4 4 5 3 4 4 3 2 4 4 4 3 3 4 4 5 4 4 4 3 5 4 5 4 5 4 4 4 5 4 2 4 5 5 5 4 4 5 4 4 4 4 4 3 4 3 5 5 4 3 4 5 4 3 1 3 5 4 3 4 4 4 4 4 4 3 4 5 2 3 3 4 4 3 4 4 4 4 4 3 4 4 5 4 5 4 4 4 4 4 3 3 4 4 6 4 4 5 5 4 4 4 3 4 3 3 4 4 3 3 4 4 3 4 4 4 4 4 4 4 3 3 2 3 4 2 4 4 4 5 2 4 4 3 5 3 4 5 3 4 4 4 4 4 3 5 2 5 4 5 4 4 3 2 3 4 5 5 4 4 4 5 4 3 4 5 3 3 5 4 4 4 4 5 3 4 4 4 4 4 3 3 3 3 3 4 4 4 4 3 5 4 4 2 2 3 4 4 4 4 5 3 5 5 4 4 3 4 5 4 4 5 None 3 3 3 4 3 3 1 4 5 3 3 4 5 4 4 3 2 4 4 5 4 5 4 5 4 3 4 5 4 3 4 5 4 4 2 4 4 4 3 3 3 5 5 3 5 4 4 3 3 4 3 5 4 3 4 5 4 5 4 4 4 4 3 4 4 4 5 4 4 3 4 3 2 5 3 4 4 4 5 3 4 4 2 3 3 4 4 4 4 2 2 4 5 3 3 4 4 4 1 4 4 4 4 5 3 5 4 3 4 5 4 4 4 5 4 5 5 4 3 3 4 4 3 4 6 4 4 4 4 3 3 4 4 4 2 4 3 4 4 4 3 5 4 4 3 4 5 4 4 3 
33 31 29 35 27 19 13 15 14 16 14 17 21 11 4 4 4 4 4 4 4 4 4 4 5 4 4 4 3 4 5 4 4 3 4 4 4 4 4 4 4 5 4 4 4 4 4 3 3 4 4 4 5 5 4 5 3 4 3 2 3 4 6 4 5 4 4 4 4 3 3 4 4 4 2 4 5 4 4 4 5 2 4 5 5 3 4 5 4 5 4 4 4 4 3 2 4 4 5 3 3 4 3 4 4 3 4 5 6 5 5 5 5 4 5 4 4 3 4 3 5 4 3 5 5 3 5 5 5 6 5 4 4 4 4 4 4 3 3 4 4 4 3 4 3 3 3 5 5 4 4 3 4 5 5 4 4 3 5 5 3 4 5 4 4 5 4 4 3 4 5 4 5 4 5 4 4 4 5 5 4 4 3 5 4 3 3 3 4 4 5 4 3 4 4 5 3 4 5 4 4 5 4 4 5 4 4 4 3 5 5 5 5 4 4 5 5 1 4 5 4 5 4 5 3 3 4 4 4 3 4 5 5 5 5 5 4 4 5 3 5 4 5 4 3 5 5 3 4 4 3 2 4 4 3 4 3 2 3 4 4 4 3 5 5 4 5 5 5 5 4 5 4 4 5 5 4 4 4 5 4 3 5 3 5 4 4 5 5 5 5 5 4 3 4 4 4 3 5 4 4 4 4 4 5 4 5 3 3 3 2 5 4 4 4 4 3 4 5 4 3 4 4 5 4 4 4 6 4 4 5 3 4 4 4 3 5 4 4 4 3 4 4 4 4 5 4 3 5 3 None 4 4 4 3 4 2 5 5 5 3 5 4 5 4 2 3 5 4 5 4 3 3 4 4 2 5 5 4 2 5 5 5 4 5 4 4 4 4 4 5 5 5 3 3 2 3 4 3 4 4 4 3 4 4 5 3 2 4 4 4 4 4 4 4 4 5 3 5 4 5 5 4 4 5 4 5 4 3 4 4 5 5 4 4 4 4 3 3 5 4 4 4 2 4 5 5 5 4 3 3 1 5 4 4 5 4 5 5 5 4 3 5 4 4 4 5 4 3 5 4 3 4 5 4 2 4 4 4 4 4 4 5 4 1 3 4 3 5 2 4 4 4 4 4 4 4 3 3 2 
33 31 29 35 27 19 13 15 14 16 14 17 21 11 4 3 5 5 4 4 3 4 3 5 3 5 5 4 3 5 4 3 3 4 4 4 4 3 5 4 3 3 4 4 2 3 5 4 4 5 3 4 2 4 4 4 4 5 4 4 4 4 5 3 4 3 4 4 5 5 3 5 5 4 5 4 4 4 3 4 2 5 4 4 5 3 5 4 4 4 2 3 5 4 4 5 5 4 4 3 4 4 4 5 4 5 3 4 5 5 5 3 1 5 4 3 5 5 5 4 5 4 3 4 5 4 3 4 3 5 4 4 4 4 4 4 4 4 3 5 5 3 4 4 4 5 4 5 4 4 3 4 3 5 5 5 4 3 3 5 3 3 3 5 4 5 4 4 4 4 4 4 5 5 4 3 4 2 4 4 5 5 4 4 4 4 5 4 5 3 3 2 5 4 4 3 5 5 3 2 3 4 4 2 4 3 4 4 4 4 3 5 4 5 4 4 3 4 4 5 4 4 4 3 3 4 4 5 3 4 4 5 3 3 4 5 4 4 5 4 5 4 4 5 4 4 4 4 3 4 4 4 4 3 4 3 4 4 4 3 3 3 4 4 5 4 4 4 4 3 2 4 4 4 5 5 3 3 3 2 4 4 4 4 5 4 5 5 5 4 4 3 4 3 5 4 4 5 5 4 4 4 5 2 5 4 5 4 4 3 4 3 4 4 4 4 4 4 4 2 5 4 4 3 4 4 4 2 3 4 5 5 4 4 4 5 4 4 4 5 4 4 4 3 4 4 5 4 5 3 4 None 4 3 4 4 4 5 4 3 5 3 4 4 5 4 4 3 4 4 3 2 4 4 4 5 4 4 3 4 5 3 5 4 5 4 4 3 4 4 4 5 4 4 4 4 4 5 4 4 2 4 4 3 5 6 3 3 5 4 3 4 4 5 5 4 5 5 3 4 4 4 3 4 3 4 3 4 2 4 4 4 1 2 4 4 3 4 4 4 4 4 5 4 3 4 3 4 4 4 1 4 3 4 5 5 4 3 3 5 3 5 4 5 5 4 6 4 4 3 3 4 4 5 5 5 4 5 4 3 2 4 3 5 5 4 4 4 4 5 4 4 3 4 4 4 4 4 4 4 
33 31 29 35 27 19 13 15 14 16 14 17 21 11 4 4 5 5 5 3 2 5 3 5 4 5 4 3 4 4 3 4 4 4 4 5 4 3 5 4 4 4 4 4 3 2 5 3 4 3 2 5 3 5 5 4 2 3 4 3 4 3 6 3 4 4 5 4 4 4 4 5 4 4 3 5 2 5 4 5 4 4 4 5 5 4 4 4 5 4 4 3 4 4 4 4 5 4 5 3 4 4 3 4 5 4 4 4 5 4 4 3 5 4 4 4 4 4 5 4 4 4 4 4 5 1 3 5 3 6 4 4 4 5 4 4 3 5 5 6 5 3 4 4 4 4 3 5 5 4 4 4 4 5 4 4 4 5 5 4 4 4 4 3 3 5 5 2 4 4 3 4 5 3 4 4 4 5 4 4 5 4 5 4 5 4 3 4 5 5 4 2 3 4 4 5 4 4 4 3 4 4 5 4 5 4 4 5 3 2 3 4 4 4 4 5 3 4 4 5 4 4 4 4 2 4 5 4 4 4 4 4 3 4 4 4 3 4 5 4 5 3 4 4 4 4 4 4 4 4 5 5 4 3 4 4 3 4 4 3 3 4 4 3 4 4 3 4 4 4 4 4 2 3 4 5 3 4 4 3 4 3 5 3 4 4 5 5 5 4 4 2 3 5 4 5 5 5 5 4 4 3 4 3 5 4 4 4 5 5 4 4 3 3 3 3 5 4 3 4 3 4 4 4 4 4 4 4 4 4 4 5 4 4 3 4 3 2 3 5 4 4 4 4 5 5 5 4 5 3 4 4 None 4 2 4 4 5 5 4 5 5 5 4 4 4 4 5 4 5 4 3 4 4 4 5 3 5 4 5 5 4 5 4 4 4 4 3 4 4 5 3 4 4 4 5 4 5 4 5 2 4 3 4 4 6 4 4 5 4 3 4 3 5 3 3 4 5 4 3 5 5 1 5 5 4 3 4 4 3 4 3 3 3 4 1 3 4 3 5 3 3 5 5 3 4 5 5 3 3 3 3 5 4 4 5 2 5 4 3 5 4 4 3 4 5 6 4 5 4 4 4 3 4 6 4 5 3 4 5 4 4 4 3 4 4 4 4 5 5 5 4 4 3 4 3 5 4 3 2 
32 30 28 34 26 18 12 14 13 15 13 16 20 10 3 4 4 4 4 3 3 3 5 4 4 4 3 3 4 4 4 3 4 4 4 4 3 3 4 4 2 3 4 3 1 2 5 4 2 3 4 2 2 4 4 3 4 4 4 4 3 4 5 2 3 2 3 4 3 4 3 4 3 2 3 3 2 4 4 4 3 3 3 4 4 4 4 3 2 4 3 3 3 4 4 4 4 3 3 3 3 4 3 4 3 2 4 4 4 3 4 4 4 4 3 4 2 3 3 4 3 3 4 4 3 3 4 4 4 5 4 3 3 3 4 4 3 5 3 6 5 4 4 4 4 3 4 4 4 4 4 3 4 4 4 4 3 2 4 4 2 4 4 3 5 4 4 3 4 4 4 4 4 4 4 3 3 3 3 3 4 2 4 3 4 2 3 1 2 3 3 3 3 3 3 3 4 2 3 3 4 4 1 3 3 4 2 3 3 4 4 4 4 3 3 4 4 3 2 5 3 3 4 3 4 3 4 4 3 2 4 2 4 3 5 4 3 4 3 4 3 4 5 4 3 3 3 2 2 4 3 2 4 3 3 4 3 2 1 2 2 4 3 3 3 4 1 4 3 3 3 4 4 4 4 4 2 3 4 5 4 3 5 4 5 4 3 4 4 4 3 4 4 3 4 4 4 3 3 3 2 3 2 3 4 3 3 2 4 3 4 4 5 4 4 4 3 4 4 3 4 4 3 4 4 4 3 5 4 3 2 4 4 4 4 4 4 4 3 2 1 2 4 4 4 3 3 4 4 4 4 3 4 None 4 3 4 4 3 2 3 3 4 4 5 2 4 3 4 4 4 4 3 4 4 3 3 4 3 3 3 4 3 3 4 4 4 3 3 3 4 4 5 3 3 2 3 3 3 3 4 4 2 4 4 4 4 3 4 3 4 4 2 4 2 3 4 4 5 4 3 3 3 3 4 2 4 3 4 4 4 4 2 3 3 4 4 3 3 4 4 4 3 4 4 3 4 1 3 4 4 4 4 4 3 4 3 5 4 4 4 2 3 2 3 4 5 4 3 3 2 3 3 3 5 4 4 3 2 4 3 2 3 3 3 3 3 1 4 4 3 4 3 4 3 3 4 3 4 4 
33 31 29 35 27 19 13 15 14 16 14 17 21 11 4 4 3 4 3 3 4 5 3 3 4 5 4 3 3 4 3 4 4 3 4 4 4 4 3 5 4 4 4 4 4 4 4 4 5 3 4 3 3 4 4 4 2 3 4 1 3 4 6 3 4 4 3 2 4 2 2 4 3 3 3 4 2 4 4 4 4 5 3 3 5 2 4 3 4 3 4 3 3 4 4 5 4 4 5 4 4 4 4 4 4 4 4 4 5 3 5 4 4 2 4 2 4 4 4 3 4 3 3 3 5 3 3 5 4 4 4 2 4 4 5 4 4 4 5 6 5 3 5 4 4 5 5 5 5 5 4 5 4 5 4 4 3 4 3 4 4 4 4 3 1 5 3 4 4 5 5 4 4 3 4 4 4 4 4 5 4 5 4 3 5 4 3 3 4 4 4 2 4 2 4 5 4 3 4 4 3 3 3 3 4 4 4 5 3 4 5 4 3 3 3 5 2 2 4 4 3 2 3 4 2 3 4 3 3 5 4 5 4 3 4 3 3 4 5 3 3 3 4 5 4 4 4 4 4 4 3 3 4 3 3 5 3 4 4 3 3 4 3 3 4 4 4 4 4 4 4 3 2 3 3 5 3 5 4 3 5 4 4 4 5 4 4 4 4 4 5 4 3 4 3 4 5 5 5 3 2 1 2 3 4 4 5 4 5 4 5 4 3 4 4 4 4 4 5 4 4 3 4 3 2 4 4 5 3 4 4 5 4 4 4 3 4 4 4 3 4 4 3 4 4 4 4 4 4 3 3 4 2 4 None 4 4 4 4 4 4 5 3 3 2 3 4 4 5 3 4 3 3 3 5 4 5 3 5 5 4 4 4 4 5 3 3 4 3 4 3 3 4 2 4 4 4 4 4 3 3 5 3 4 4 4 4 4 4 4 3 4 4 5 3 2 4 4 2 3 4 5 1 4 4 3 3 3 3 3 5 4 3 3 4 3 4 4 4 4 4 3 5 4 4 5 4 4 4 4 4 4 4 4 3 5 3 5 4 4 4 4 4 3 3 5 6 4 4 4 4 4 4 4 4 4 4 3 3 5 4 4 2 3 4 4 4 4 4 4 5 3 4 4 4 4 3 3 3 4 
32 30 28 34 26 18 12 14 13 15 13 16 20 10 3 4 3 3 4 3 4 5 4 3 3 5 4 3 3 1 4 4 4 2 4 5 5 4 4 2 4 4 3 4 3 3 4 1 4 4 4 3 5 3 4 4 3 3 3 4 4 4 5 3 3 4 4 4 3 5 4 3 4 3 3 4 3 3 3 4 4 2 4 4 4 3 3 3 2 4 4 4 4 4 4 4 4 3 4 3 4 4 3 4 4 4 1 4 4 2 4 4 4 4 1 3 4 4 3 3 2 2 3 4 3 3 5 4 3 4 4 2 3 5 4 4 3 4 4 3 5 4 3 2 3 4 4 3 5 4 4 4 5 3 4 3 4 4 4 4 4 3 4 4 4 5 4 3 4 3 2 3 4 4 3 3 3 4 3 4 4 3 3 3 4 4 3 3 2 4 2 4 3 3 1 4 3 4 3 4 3 4 4 4 4 3 4 3 3 3 3 3 3 2 4 3 4 4 4 3 3 4 3 4 3 4 3 3 4 3 3 5 3 2 4 3 4 4 3 3 4 5 4 4 3 5 4 4 4 3 3 4 4 2 3 5 4 4 4 4 4 3 3 3 3 4 4 3 5 3 3 5 4 4 5 4 4 4 3 4 4 3 4 4 5 4 5 4 4 2 3 4 4 3 4 3 4 4 5 2 3 3 3 2 4 4 5 3 3 4 3 5 4 4 4 3 4 4 4 4 4 3 2 5 4 3 4 6 3 2 3 4 4 4 4 4 4 3 3 4 4 4 4 3 4 2 2 3 3 3 4 4 4 3 4 None 3 1 3 2 4 4 4 2 3 4 3 3 3 3 1 2 4 3 3 4 5 4 3 4 3 4 4 4 3 2 3 3 4 4 4 4 4 3 2 3 2 2 3 3 3 4 5 3 3 4 4 3 3 4 3 2 4 4 3 3 3 3 4 3 3 3 4 3 4 3 3 4 3 4 3 3 4 3 4 5 4 4 3 4 3 3 5 4 4 3 3 3 2 4 3 4 4 4 4 5 2 4 4 3 3 4 4 3 4 4 5 4 4 4 4 2 3 4 4 4 4 2 1 4 3 4 4 4 3 3 4 4 4 4 3 2 3 3 3 3 4 4 4 4 
33 31 29 35 27 19 13 15 14 16 14 17 21 11 4 5 4 4 4 4 3 5 2 4 3 2 3 4 3 4 4 4 4 2 4 4 3 3 4 3 4 5 4 3 4 3 4 2 4 5 4 4 3 5 4 4 4 4 4 4 3 4 5 3 4 4 4 3 3 5 4 4 4 4 4 4 4 3 3 4 4 2 4 4 4 5 4 4 4 4 4 3 4 3 3 2 5 3 4 1 5 4 2 3 4 3 3 4 5 4 5 3 4 4 4 4 4 4 4 4 4 3 4 4 4 4 3 4 4 4 4 4 5 4 2 4 3 4 3 4 2 3 4 3 1 3 4 4 4 2 4 3 4 5 4 4 2 5 3 4 3 4 3 4 4 5 4 3 3 4 4 4 4 5 4 4 3 4 4 4 2 4 4 4 4 4 4 3 4 4 4 2 3 4 3 4 4 3 4 4 4 3 3 4 4 3 2 4 3 4 4 4 4 3 5 3 3 3 5 4 3 4 4 5 3 5 4 4 3 3 3 5 3 4 5 5 4 5 3 3 3 4 4 4 4 4 4 3 4 3 4 4 4 3 4 5 3 2 3 3 4 4 1 4 5 4 4 3 3 4 3 4 4 4 5 4 4 4 4 5 4 3 5 1 4 3 4 4 3 4 3 4 4 4 4 4 4 3 4 3 2 3 4 4 4 5 5 3 5 4 4 3 4 4 5 4 3 3 4 2 2 4 4 4 4 3 3 5 5 4 3 1 4 3 4 5 5 5 3 4 4 4 3 2 3 4 4 3 4 1 2 4 4 4 4 3 None 3 4 4 4 3 4 3 4 2 2 4 5 5 4 4 4 4 5 3 5 5 4 2 4 4 4 3 3 3 4 3 4 4 4 5 5 3 4 3 4 4 4 3 2 5 3 4 4 5 5 4 3 4 4 4 4 4 4 4 4 3 5 4 5 4 3 5 4 4 3 4 5 2 5 4 3 4 4 3 4 4 3 3 3 4 5 2 3 4 4 4 2 4 3 3 4 4 2 6 3 4 4 4 3 4 4 4 4 5 5 4 4 4 3 3 4 5 5 4 4 4 3 3 4 4 3 5 1 3 4 3 5 4 2 4 3 4 4 5 5 3 3 3 
33 31 29 35 27 19 13 15 14 16 14 17 21 11 4 3 4 2 4 3 4 4 4 4 4 4 5 3 4 2 4 4 4 3 3 5 5 4 5 3 4 4 4 4 4 4 3 2 4 5 4 4 4 4 3 5 3 4 4 5 3 3 6 4 4 4 5 4 4 5 4 4 4 4 4 4 4 2 4 4 4 3 3 4 5 4 2 4 3 4 5 5 4 5 5 4 5 4 5 3 5 5 4 4 3 4 2 5 4 3 5 4 5 5 2 2 5 5 4 4 1 3 2 5 4 4 5 4 4 3 4 3 4 4 4 4 4 4 4 4 5 3 3 3 4 4 3 4 5 4 3 5 5 2 3 4 3 3 4 4 5 4 4 5 4 4 3 3 5 3 3 4 4 5 4 4 4 4 4 3 5 4 3 4 4 4 4 4 3 4 3 5 4 4 2 5 4 4 4 4 4 3 3 4 4 4 5 4 4 4 3 4 4 3 5 2 4 5 4 4 4 4 4 4 4 3 4 4 4 4 4 5 4 3 5 4 3 4 4 4 4 5 4 3 2 5 4 4 4 4 3 4 5 3 4 5 4 4 4 4 5 4 2 4 4 4 5 4 4 4 4 5 4 4 5 5 4 3 4 4 5 3 5 4 6 5 5 4 4 3 4 4 5 3 3 4 5 3 5 3 3 4 4 3 5 4 5 4 4 4 4 5 4 4 5 4 3 4 3 5 3 4 1 4 3 2 5 6 4 3 4 4 4 3 5 4 5 4 2 3 4 5 5 4 4 3 3 4 4 4 5 5 5 4 4 1 3 None 4 3 4 4 3 3 4 4 3 4 4 4 2 3 4 4 4 4 5 3 3 5 3 5 4 4 4 3 3 4 3 3 4 4 4 4 3 4 3 3 4 4 4 5 4 3 2 4 4 3 4 4 4 3 4 5 4 3 4 4 3 2 4 4 4 4 4 2 4 4 4 4 4 4 4 3 3 4 3 4 3 4 3 3 5 4 4 4 4 4 3 4 4 4 4 4 5 5 3 4 4 4 4 4 5 4 5 5 5 4 4 5 4 3 4 5 5 4 5 3 2 3 4 3 3 3 4 4 4 3 4 4 3 3 2 4 4 4 4 3 5 4 
32 30 28 34 26 18 12 14 13 15 13 16 20 10 3 3 5 4 5 4 3 4 5 4 4 4 4 4 5 4 3 5 4 3 4 4 4 4 4 3 5 5 5 4 4 5 3 3 4 2 3 3 3 3 4 3 3 3 4 4 4 4 6 4 4 4 2 3 4 3 4 3 4 3 3 4 3 5 2 4 4 4 3 4 5 4 4 4 3 4 4 4 3 4 4 4 4 4 3 3 4 5 4 5 4 5 4 4 5 4 4 4 4 4 4 3 1 4 3 4 3 2 5 4 2 5 4 3 3 4 4 4 4 3 4 4 4 2 4 6 5 5 3 4 4 4 4 5 4 4 4 4 4 5 5 4 4 3 4 5 4 4 3 4 3 4 4 4 3 4 3 3 4 4 3 1 2 4 4 4 4 4 2 4 4 3 4 2 3 2 5 4 4 4 2 4 4 5 4 5 4 4 4 3 3 3 3 4 4 5 4 4 4 3 3 4 4 5 3 5 4 4 4 5 5 3 4 4 4 4 4 5 5 3 5 5 4 5 3 3 5 5 5 4 4 5 4 5 3 3 4 3 5 4 4 3 4 3 2 3 2 3 4 4 4 4 4 4 3 4 3 5 5 4 4 5 3 4 4 4 3 3 6 3 2 4 5 4 4 4 4 4 4 4 4 5 2 3 4 3 4 4 3 5 4 4 4 3 5 4 5 4 4 4 4 5 3 3 4 3 5 3 5 4 4 3 5 5 5 4 4 4 5 4 4 3 5 4 4 3 2 3 4 4 5 5 4 5 5 5 5 4 5 3 4 3 4 4 None 5 3 4 3 1 2 4 4 2 3 3 4 5 4 4 4 4 4 4 3 4 4 4 4 2 4 3 5 4 3 4 4 5 3 4 3 3 4 5 3 4 4 4 4 3 3 5 3 4 4 3 4 4 3 3 3 4 3 5 4 5 4 4 4 5 4 2 4 4 5 4 4 3 3 2 4 4 4 4 3 4 4 2 4 5 5 4 4 2 4 2 4 4 4 4 5 4 4 4 3 4 4 4 4 3 3 1 5 4 4 3 1 4 5 4 4 4 4 4 4 4 4 3 3 4 4 4 4 3 3 3 4 4 5 4 4 4 5 3 5 5 
32 30 28 34 26 18 12 14 13 15 13 16 20 10 3 4 3 4 4 4 4 4 4 4 3 4 5 1 4 3 5 3 3 3 2 3 4 4 5 4 2 4 4 2 1 2 5 3 4 3 3 4 4 4 2 3 3 2 5 4 4 3 5 2 3 3 4 3 3 4 4 4 4 4 4 3 2 4 4 3 3 4 4 4 5 3 4 4 4 4 3 3 3 4 4 5 5 3 5 3 3 2 3 5 4 3 3 4 5 3 5 4 4 3 3 2 4 4 4 4 4 4 3 4 5 3 4 4 3 5 2 3 4 4 4 3 3 4 3 5 5 3 4 4 3 4 4 3 4 4 3 4 4 5 3 4 3 3 3 2 2 4 4 3 4 3 3 3 4 4 4 4 3 4 4 4 4 3 1 3 4 4 4 4 5 4 3 3 4 4 3 3 3 3 3 4 4 4 3 4 4 3 3 4 4 3 4 4 2 3 2 4 4 4 3 4 4 4 4 3 1 2 3 4 3 4 4 4 4 3 4 4 4 4 4 4 2 3 3 4 3 4 4 5 4 4 4 4 4 3 2 4 3 3 4 4 4 3 3 4 4 4 4 3 4 3 3 3 4 4 3 4 3 4 4 4 3 5 4 4 4 4 4 4 5 3 4 4 4 4 1 4 4 4 3 4 3 4 5 3 4 3 2 3 4 4 3 3 4 4 4 4 4 5 5 3 3 5 4 3 5 3 4 4 3 4 4 5 4 3 4 4 5 4 4 3 5 3 4 3 3 3 4 2 3 4 3 4 3 3 5 3 4 2 4 2 4 3 5 None 3 3 4 4 4 3 4 4 5 4 3 2 2 3 4 3 3 3 3 3 4 5 4 3 3 4 4 2 3 4 3 3 5 3 4 3 3 3 4 3 3 4 4 3 3 4 2 3 4 3 4 3 2 3 4 3 4 4 4 4 4 3 3 3 4 4 4 3 4 4 5 4 2 3 4 4 4 4 4 4 3 4 4 5 4 3 4 3 2 4 3 4 4 3 4 6 4 4 4 4 4 4 2 3 4 4 5 4 4 3 4 3 4 4 5 4 3 4 3 4 3 4 4 4 4 4 5 3 4 3 3 2 1 4 3 4 3 3 4 4 
31 29 27 33 25 17 11 13 12 14 12 15 19 9 2 3 4 3 4 4 3 4 4 4 4 5 4 4 4 5 5 3 4 4 4 4 5 2 3 4 4 5 3 1 3 4 4 3 4 4 4 4 4 3 5 4 4 3 4 4 3 2 4 2 3 5 4 4 4 4 2 4 4 3 4 3 4 3 4 4 3 4 3 3 5 4 3 3 3 5 4 4 4 1 5 4 4 4 4 4 3 4 4 4 4 3 4 4 5 4 5 3 5 4 4 5 3 4 4 4 3 3 4 3 5 4 4 4 5 5 3 4 4 3 5 4 4 3 5 5 6 4 4 3 5 3 4 4 5 4 4 5 3 5 2 5 4 3 4 5 4 4 5 4 4 4 2 4 4 4 4 4 5 4 4 2 3 4 2 4 4 4 1 3 5 3 4 4 4 4 3 4 5 4 4 5 3 4 4 5 4 4 4 4 5 2 4 4 4 5 3 4 3 2 4 4 4 3 5 5 3 4 3 4 4 1 4 4 4 3 3 5 4 5 5 5 3 3 4 4 4 4 5 4 3 5 3 4 4 4 4 1 4 4 3 4 4 4 4 4 3 3 5 3 4 4 4 3 4 4 4 4 3 3 5 4 4 4 4 4 3 3 5 4 5 5 5 5 4 5 4 4 5 5 4 5 3 4 6 4 4 4 4 3 4 2 3 3 5 4 5 4 5 4 4 4 2 3 4 4 5 4 4 4 3 3 4 5 4 4 4 5 4 3 3 5 5 4 4 3 2 4 3 3 4 5 5 5 4 3 3 5 5 3 4 4 4 4 3 3 None 2 4 4 4 4 3 4 4 5 5 5 3 4 4 2 3 5 4 4 4 4 4 3 3 5 4 4 4 5 4 4 5 3 3 4 4 4 3 4 3 3 4 4 2 4 4 4 4 3 4 4 4 2 3 4 3 3 5 4 4 3 4 4 4 2 4 4 3 4 3 5 4 4 4 5 4 3 4 4 4 4 4 5 4 4 5 4 3 3 4 4 4 5 4 3 4 3 3 5 4 3 2 3 4 4 4 5 3 5 4 4 4 4 6 4 3 4 5 4 4 4 3 4 4 4 4 3 4 2 2 4 4 3 3 4 5 4 5 5 
33 31 29 35 27 19 13 15 14 16 14 17 21 11 4 5 3 3 4 3 3 5 5 6 4 4 4 4 5 4 3 3 4 4 5 5 5 4 5 5 4 5 3 1 3 4 4 4 4 5 3 4 4 4 4 4 4 3 5 4 3 2 2 2 3 4 2 3 4 3 3 4 4 4 4 4 5 2 5 5 4 5 5 3 5 4 5 4 5 4 4 4 5 3 5 5 5 4 5 4 5 5 4 5 5 2 3 5 6 4 4 3 4 4 5 4 4 5 4 4 5 4 3 3 5 4 5 4 5 4 4 5 4 4 5 4 5 3 4 6 4 2 3 2 4 4 4 5 5 4 3 4 4 5 2 4 4 4 4 4 4 4 5 4 5 4 2 4 4 3 4 4 5 4 4 4 5 5 2 4 3 4 3 5 4 4 3 4 4 4 3 4 5 4 5 5 4 5 4 5 5 3 2 3 5 4 5 4 4 5 4 5 5 4 3 5 4 5 4 4 4 5 4 4 4 3 5 3 4 4 3 5 4 4 5 6 3 5 4 4 4 4 4 4 3 4 4 5 4 4 4 3 5 4 5 4 4 4 4 3 3 4 4 5 4 5 4 2 5 2 3 5 3 3 5 4 4 4 3 5 4 4 4 4 3 5 5 5 5 4 4 4 5 5 4 5 5 4 5 4 3 4 4 4 4 4 5 4 5 5 5 4 5 4 5 3 4 3 4 4 5 4 3 5 4 5 3 5 4 5 3 4 4 5 4 5 5 4 4 4 3 4 4 4 4 5 5 4 4 4 5 3 5 3 5 4 3 4 4 3 2 None 4 5 4 5 5 4 5 5 4 3 3 4 5 4 3 5 4 3 5 4 4 4 4 4 4 4 5 4 3 6 5 3 5 5 4 4 4 3 3 5 5 3 4 5 5 4 4 3 4 4 5 2 4 3 3 5 4 4 5 5 4 4 4 4 4 4 4 4 5 5 4 4 4 4 4 3 4 4 4 5 5 4 4 5 5 4 3 4 2 5 4 5 4 5 4 4 4 4 4 3 4 4 4 4 6 4 5 4 3 5 3 5 6 4 3 4 5 4 3 4 4 5 4 3 4 4 4 4 1 3 4 4 3 4 4 5 3 4 
33 31 29 35 27 19 13 15 14 16 14 17 21 11 4 4 4 4 3 4 5 3 5 2 4 3 3 3 4 4 2 3 4 3 4 5 4 3 2 4 3 4 4 4 3 4 5 3 4 4 3 4 4 3 3 4 4 4 2 2 3 4 5 3 4 3 4 4 3 3 5 4 1 2 4 3 4 2 4 4 2 4 1 2 4 2 4 4 4 3 4 4 3 5 5 3 4 4 5 3 4 4 4 4 3 4 4 3 4 4 4 4 4 3 4 4 4 4 1 3 3 2 4 4 3 4 3 4 4 3 3 3 4 4 4 3 4 3 4 4 5 4 4 4 5 4 4 3 3 4 1 3 3 4 3 3 4 2 4 4 2 4 5 3 4 4 4 4 4 3 4 3 4 3 2 3 4 3 4 3 5 4 4 4 5 4 4 3 4 3 4 4 4 5 4 3 4 4 3 4 3 3 5 3 2 4 3 4 2 3 4 4 4 4 4 4 4 3 4 2 3 3 2 4 3 3 2 4 4 3 4 3 4 5 2 3 4 2 4 4 4 2 3 3 4 4 3 5 3 3 2 4 3 4 4 5 3 3 3 4 3 3 3 4 4 4 4 4 2 3 4 5 4 3 4 4 3 4 3 5 4 3 5 5 4 3 4 4 1 5 5 4 4 3 3 5 4 4 4 3 4 4 4 4 3 4 5 4 4 4 4 3 5 4 4 4 3 5 5 4 4 4 3 4 3 4 4 3 4 5 4 4 3 4 3 5 5 3 3 4 3 4 4 2 2 5 5 4 4 5 4 4 5 4 3 4 4 3 3 4 4 4 None 4 5 4 4 3 4 4 5 4 4 4 4 4 4 3 3 3 4 4 4 4 4 3 4 2 3 4 2 4 1 2 3 3 3 3 3 4 3 3 4 4 4 4 4 4 3 3 3 4 4 5 4 4 3 4 3 4 4 3 4 4 4 2 4 3 4 4 4 4 3 4 3 4 2 3 4 4 3 4 4 4 4 3 5 5 4 4 4 4 4 1 3 5 3 3 3 2 4 5 3 2 3 3 4 3 3 5 4 3 4 4 5 5 4 3 4 5 4 3 3 5 4 2 3 3 2 4 3 3 3 4 3 4 3 3 4 4 
33 31 29 35 27 19 13 15 14 16 14 17 21 11 4 4 4 5 4 3 4 3 5 4 3 5 5 4 4 3 4 4 4 2 3 4 5 4 4 4 4 5 4 4 4 4 4 3 4 3 4 4 4 2 5 4 2 3 3 4 4 5 5 3 3 4 3 3 3 4 5 3 3 4 3 3 4 4 1 3 3 4 4 4 4 4 3 3 4 4 4 4 4 4 4 3 5 3 2 2 4 5 3 5 4 4 3 4 5 4 3 4 3 4 3 4 2 3 4 4 3 3 4 4 3 4 4 4 3 4 5 4 5 4 3 4 3 3 4 5 5 4 4 4 4 4 3 5 5 3 4 4 4 5 4 5 4 4 3 4 4 3 3 4 2 5 4 4 4 3 2 3 5 3 2 2 3 4 4 5 3 4 3 4 4 4 4 3 2 3 4 4 4 3 1 3 4 4 4 5 4 3 4 4 4 4 4 4 5 5 5 4 4 4 4 4 3 4 2 4 4 4 4 4 4 4 3 4 4 3 3 4 4 2 5 5 4 4 4 2 4 4 5 5 5 5 5 4 4 3 3 4 5 4 4 4 4 4 3 4 3 4 3 5 3 4 3 3 4 4 3 4 4 4 3 4 4 4 3 3 4 4 5 4 3 4 5 4 5 3 4 4 3 3 3 4 3 4 3 2 3 4 4 4 5 5 5 3 4 3 4 3 3 5 5 4 4 4 3 2 4 2 4 4 3 2 5 6 4 3 4 4 4 4 4 4 4 3 3 4 3 4 4 3 4 4 3 4 4 4 5 4 4 4 3 2 3 3 1 4 4 5 4 None 1 3 4 1 2 4 3 4 3 4 4 5 5 5 4 5 5 5 4 3 5 2 4 3 4 5 4 5 4 3 2 3 3 4 4 3 3 3 5 2 3 5 4 3 3 4 4 4 4 4 4 3 3 5 5 4 4 4 3 4 5 3 4 4 4 4 3 4 3 3 5 5 4 4 4 4 3 1 5 5 4 4 4 3 4 3 4 4 4 4 4 5 4 5 4 4 3 4 4 4 4 2 4 5 3 4 2 4 4 3 5 4 4 3 3 3 3 4 4 3 4 3 4 4 4 4 4 3 4 4 3 3 4 3 4 4 
33 31 29 35 27 19 13 15 14 16 14 17 21 11 4 5 3 5 4 4 5 4 4 5 2 4 4 3 4 4 5 4 4 3 4 5 4 3 5 4 4 4 3 3 4 5 5 4 5 4 4 4 5 3 4 5 3 3 4 3 4 4 6 4 4 4 4 3 4 4 4 2 4 4 3 2 4 4 2 2 4 5 4 3 5 4 4 2 4 4 3 3 4 4 4 4 5 3 3 3 4 5 4 4 4 3 4 4 5 4 4 4 4 4 4 4 3 2 4 4 4 4 4 3 3 4 5 3 4 4 4 4 4 5 4 4 4 4 4 4 5 3 4 3 3 4 3 4 5 4 4 5 3 4 4 4 3 3 4 4 3 4 4 4 1 4 4 4 3 3 3 3 4 4 3 3 2 3 4 4 2 4 4 3 5 3 3 4 3 4 4 4 4 3 2 4 4 3 4 4 4 4 4 4 4 4 5 4 5 5 5 4 3 3 5 4 2 4 3 4 4 4 3 5 3 4 4 4 3 4 4 5 4 3 5 4 4 3 3 1 4 5 4 5 4 4 4 4 4 3 3 5 4 4 4 5 3 4 4 5 4 5 4 4 4 4 4 4 5 5 4 3 4 4 4 4 3 3 2 4 4 5 4 5 4 4 5 5 5 4 4 3 2 3 4 5 4 5 4 2 3 3 4 4 4 4 5 4 5 2 3 4 4 4 4 3 5 5 4 3 5 1 4 3 2 3 5 5 3 2 5 5 5 3 4 4 4 3 3 4 4 3 4 4 4 4 2 3 4 4 4 5 4 5 2 3 4 4 2 4 4 4 5 1 None 4 4 2 3 5 4 4 2 3 5 5 4 5 3 4 4 4 4 4 4 3 3 3 4 4 5 4 5 3 3 4 4 4 4 4 3 4 4 3 4 5 3 4 4 4 4 4 4 4 4 4 4 4 4 3 3 4 3 3 4 4 4 3 3 4 4 4 4 4 4 5 4 4 3 4 2 2 4 5 4 4 4 4 3 4 4 4 4 5 3 6 4 5 3 4 4 4 3 4 4 3 5 4 4 5 3 4 4 4 5 3 3 4 3 3 4 3 4 4 5 4 4 4 5 3 4 3 4 3 3 4 4 4 4 4 
32 30 28 34 26 18 12 14 13 15 13 16 20 10 3 4 4 4 4 4 3 3 4 4 4 4 4 3 5 3 3 4 4 2 3 3 3 3 4 2 3 4 4 4 3 4 5 3 4 5 4 4 4 4 3 4 4 3 3 2 3 4 4 4 4 3 4 4 3 3 5 4 4 3 3 4 4 4 4 4 4 4 3 4 4 3 4 3 4 4 3 4 4 5 4 4 3 3 5 1 3 4 3 4 5 4 3 4 4 4 4 3 4 4 4 2 4 4 4 4 3 3 4 4 3 4 5 3 4 4 4 4 4 4 2 3 3 4 3 5 4 4 4 3 3 4 3 4 4 2 3 3 4 4 5 2 3 4 4 4 4 3 4 4 4 4 4 4 4 4 4 3 4 4 5 3 2 3 4 5 4 2 4 3 5 4 3 2 3 3 4 4 3 4 3 4 4 4 4 4 4 3 3 4 3 3 3 3 3 4 3 4 3 4 3 4 3 1 3 3 3 4 3 3 3 3 4 4 3 2 4 4 3 3 4 4 4 3 4 3 4 4 4 4 4 5 4 4 2 3 2 4 3 3 4 5 3 2 3 3 3 3 2 3 5 2 3 4 3 4 4 4 4 4 4 4 2 3 2 5 3 3 5 3 4 4 5 4 3 4 4 5 4 2 3 4 4 3 4 3 3 4 3 4 4 4 3 3 4 4 4 5 4 4 4 4 3 3 3 4 3 4 5 4 3 2 4 5 4 4 4 3 4 4 4 4 4 5 2 4 3 4 4 2 3 4 5 4 4 3 2 4 4 2 3 4 2 4 4 3 4 5 4 3 4 None 3 4 4 4 4 3 3 2 4 4 4 3 3 4 3 4 4 2 4 4 3 3 3 3 5 4 4 3 2 1 2 3 2 4 2 4 2 3 3 5 4 3 3 4 3 3 4 3 4 4 4 5 4 4 4 4 4 4 4 2 3 3 4 4 4 5 4 3 4 3 3 3 1 3 4 3 5 4 3 4 3 3 4 2 3 3 3 4 4 5 4 4 4 4 4 4 4 4 4 4 5 2 3 3 3 3 3 4 3 4 4 3 4 3 2 3 3 4 3 4 2 1 4 4 4 3 2 3 3 3 4 1 4 4 
33 31 29 35 27 19 13 15 14 16 14 17 21 11 4 4 4 4 4 4 5 4 4 3 4 3 3 4 4 4 4 5 5 3 4 4 4 4 4 3 3 4 4 4 3 2 4 4 5 5 4 4 4 4 4 6 4 4 4 3 4 5 6 4 4 4 4 4 4 4 3 4 4 4 4 2 4 4 5 4 4 4 4 3 5 4 3 4 5 4 4 4 4 4 5 4 4 2 4 3 4 4 2 4 3 4 4 4 5 5 3 5 3 4 4 4 4 4 5 3 2 5 4 4 4 3 4 4 4 4 3 3 4 4 4 4 3 5 4 4 4 4 4 4 3 4 3 4 3 3 4 4 3 4 4 4 3 4 3 4 4 4 4 5 4 4 4 4 3 5 4 4 3 5 4 4 3 3 4 4 4 4 4 4 5 3 3 4 4 3 3 3 3 4 4 5 2 3 4 3 4 3 4 4 4 4 4 4 3 3 4 4 4 4 4 3 3 4 4 4 4 4 4 3 3 4 3 4 1 3 3 4 4 3 4 4 4 5 4 3 5 4 4 4 4 4 3 4 2 3 4 2 4 4 3 5 4 3 3 4 5 4 3 3 5 3 3 3 3 4 4 5 4 4 4 5 3 2 3 5 4 4 4 1 3 2 4 3 5 3 4 4 4 4 3 5 4 4 5 5 4 4 5 3 4 5 4 3 5 2 3 3 5 5 4 2 3 4 3 4 4 3 4 4 4 2 4 5 5 4 3 3 3 3 5 5 5 4 1 4 3 4 3 4 4 5 4 4 4 2 3 4 4 4 4 3 2 3 4 4 3 5 4 4 4 3 None 3 4 4 2 3 3 4 4 1 4 4 4 4 4 5 4 4 4 3 2 4 3 4 4 4 3 4 4 4 3 4 5 3 4 4 2 2 3 5 3 4 4 5 3 3 3 4 4 4 5 2 5 4 3 4 4 4 5 3 4 3 4 2 4 5 4 3 4 3 2 5 2 4 4 3 4 4 4 4 4 4 3 4 3 4 3 4 3 6 3 5 4 4 4 4 3 4 5 4 5 3 4 4 3 4 2 5 5 4 4 3 4 1 2 3 3 3 3 4 3 3 4 4 4 4 3 4 5 5 3 3 4 4 
33 31 29 35 27 19 13 15 14 16 14 17 21 11 4 4 4 4 4 2 3 2 5 3 4 5 4 4 5 3 5 3 4 3 2 4 5 3 3 3 3 4 5 3 3 3 5 3 4 4 5 4 4 1 4 4 3 3 3 4 3 4 4 2 3 3 3 2 4 4 4 3 2 3 4 4 5 3 2 4 2 3 4 3 3 4 2 3 4 3 3 4 4 3 4 4 4 4 3 3 3 5 4 5 4 4 3 5 6 3 3 5 2 4 3 3 3 4 4 4 3 3 3 4 2 4 3 4 4 4 4 4 4 3 4 3 4 4 4 6 6 4 4 3 5 4 4 5 5 4 3 3 4 5 3 4 3 3 4 5 4 2 4 4 3 4 3 4 3 4 3 4 4 2 1 2 3 3 4 5 4 3 3 4 5 3 3 4 3 4 3 4 4 3 2 2 4 3 3 4 3 2 4 3 3 3 5 3 4 4 4 3 4 4 4 4 3 4 1 5 4 3 4 3 4 4 2 3 4 3 4 3 3 3 5 5 4 3 4 3 5 3 4 5 4 5 4 5 4 2 2 4 4 4 4 5 4 4 4 5 3 4 4 5 4 3 2 2 4 4 4 5 3 3 4 3 4 3 4 4 4 5 5 4 4 4 5 4 4 2 3 4 4 4 3 4 3 3 2 3 4 4 4 4 4 4 5 4 4 4 4 2 4 4 4 4 3 4 4 3 5 3 4 4 4 3 5 5 4 4 4 5 3 4 4 3 3 4 2 4 4 5 4 3 3 4 4 4 3 4 5 3 5 3 4 3 4 4 2 4 4 4 3 1 2 4 3 None 1 5 4 4 4 5 3 4 4 4 4 4 5 4 3 4 4 3 3 4 3 5 3 4 4 3 3 3 2 3 4 4 4 2 4 1 4 5 4 4 3 4 4 4 5 4 4 4 2 5 4 4 4 3 4 4 4 4 4 4 4 3 4 4 3 4 4 4 3 4 3 3 3 2 4 5 4 5 4 4 3 3 4 5 3 3 4 4 4 4 3 5 4 5 4 4 3 3 3 4 2 4 3 3 3 2 5 4 3 4 4 4 4 3 4 3 4 3 4 4 4 4 3 4 3 5 2 2 4 4 3 4 
33 31 29 35 27 19 13 15 14 16 14 17 21 11 4 3 4 5 3 3 4 3 5 4 4 5 3 4 4 4 5 4 4 4 3 5 4 2 2 2 4 4 4 4 4 4 4 3 4 4 4 4 5 2 4 5 4 4 2 4 4 4 3 3 4 4 4 3 4 5 4 2 3 3 3 4 5 4 3 3 3 4 4 4 3 5 3 3 4 4 4 4 4 4 3 5 4 4 4 4 4 4 5 4 5 4 2 4 5 4 3 4 3 3 4 4 4 4 5 4 4 4 3 3 1 4 3 5 4 5 3 4 4 4 4 2 5 3 4 6 6 4 4 3 5 4 4 4 4 4 4 4 3 5 4 3 4 4 5 5 3 1 5 4 4 3 4 4 2 3 4 4 4 3 2 3 4 2 5 4 4 2 3 5 4 3 3 3 4 3 4 4 3 4 3 3 3 4 3 3 2 3 4 4 2 2 4 3 3 5 4 4 3 4 4 5 4 3 2 4 4 4 4 2 3 3 3 2 3 3 5 4 4 4 4 5 4 3 3 4 5 4 5 4 3 5 4 4 4 3 3 5 4 4 4 4 4 4 4 4 4 3 5 5 5 2 3 3 5 4 4 5 4 4 5 3 4 3 4 4 4 4 4 4 3 4 4 4 3 1 4 3 4 3 4 4 4 4 3 3 4 4 4 3 5 4 5 3 4 3 3 3 5 4 3 4 4 3 4 4 4 3 4 5 4 4 4 5 4 5 3 5 4 4 4 4 2 5 3 5 4 4 5 4 4 3 4 4 4 4 4 4 4 4 5 3 5 4 3 5 4 5 4 2 3 4 4 1 None 4 4 4 4 5 4 4 3 5 3 3 5 5 3 4 4 4 4 4 4 5 3 4 4 4 2 3 3 4 3 4 3 1 4 2 3 5 3 3 3 4 4 4 5 4 4 4 3 4 4 4 4 3 5 4 3 4 4 4 3 4 4 4 4 4 4 5 4 3 3 4 4 3 4 4 4 5 3 5 3 4 4 4 4 3 3 5 3 3 4 4 4 4 3 3 2 2 4 4 1 5 4 4 2 3 5 4 4 4 4 4 3 2 3 4 4 4 4 3 3 4 4 5 4 4 2 1 5 3 2 3 
33 31 29 35 27 19 13 15 14 16 14 17 21 11 4 4 4 4 5 4 5 3 5 3 5 4 5 4 4 4 2 5 4 3 4 5 3 5 4 4 4 5 4 5 4 4 5 4 3 4 4 4 5 4 2 5 4 3 4 4 4 4 6 5 4 3 3 4 3 4 4 4 3 4 5 4 4 4 4 3 4 3 3 3 4 4 5 5 4 5 4 4 1 5 5 4 5 2 5 4 4 5 4 4 5 4 4 5 5 5 4 5 3 2 4 3 3 4 5 3 4 5 3 5 3 4 4 4 4 5 3 4 3 2 5 4 3 4 3 4 6 4 2 3 5 3 4 3 4 4 4 4 4 5 4 4 4 2 4 4 4 4 4 5 4 3 4 3 2 4 4 4 4 3 4 4 4 4 4 4 4 4 5 5 3 4 3 3 4 1 5 4 4 4 4 5 3 5 5 4 5 3 5 3 4 4 3 4 3 5 4 5 4 4 4 5 5 4 5 5 4 4 5 5 4 4 4 4 3 4 3 6 4 5 4 5 3 4 3 4 3 4 5 4 4 3 5 4 2 4 4 4 4 4 3 5 4 3 4 5 4 4 5 3 6 4 5 5 3 3 2 5 4 4 4 5 4 4 4 3 3 3 4 4 5 4 5 2 5 5 5 4 4 4 5 5 5 4 5 5 4 3 4 4 4 3 4 2 5 3 4 3 5 5 5 4 4 3 4 3 5 4 4 4 3 4 5 6 4 5 4 5 5 5 3 4 3 3 4 4 3 2 3 4 3 5 5 4 4 5 5 4 5 4 3 3 5 4 3 4 5 5 4 4 5 4 4 5 4 None 2 3 3 3 4 4 5 2 3 3 4 4 5 3 5 4 5 4 4 4 2 5 3 4 3 4 4 5 4 4 4 5 4 4 4 4 4 4 4 4 4 3 3 4 5 4 5 5 1 2 4 5 4 4 4 4 4 4 5 4 5 5 3 3 3 5 4 5 4 4 5 4 5 5 5 3 4 3 4 4 3 4 4 5 4 5 5 4 4 2 4 4 5 4 5 4 6 3 5 4 2 5 4 3 1 3 4 4 4 4 4 4 4 5 4 4 5 3 5 4 4 4 3 4 4 5 3 3 3 4 
32 30 28 34 26 18 12 14 13 15 13 16 20 10 3 3 4 2 4 3 4 5 5 4 4 5 4 4 4 2 4 5 4 3 3 5 5 4 5 3 4 4 4 4 4 4 5 2 3 5 4 3 5 4 3 5 4 4 4 3 5 4 4 4 4 4 5 5 4 4 4 4 4 4 4 3 4 4 4 4 4 3 5 4 3 4 4 4 3 4 5 5 3 5 5 5 5 4 5 4 5 4 4 4 3 5 2 3 4 3 5 4 4 4 2 4 5 5 4 2 3 3 3 5 4 3 4 4 4 4 5 3 2 4 5 3 4 5 4 2 6 4 3 3 4 4 5 4 5 4 4 4 4 4 5 2 4 4 4 5 5 4 5 4 5 4 3 3 4 4 3 4 5 5 4 4 4 5 4 5 3 4 4 4 4 5 4 4 3 3 3 5 3 4 2 5 4 4 4 5 4 5 5 3 3 4 5 4 4 4 2 4 4 3 5 4 4 4 4 4 4 5 4 4 2 5 4 4 3 4 4 6 4 3 3 4 5 4 2 4 3 5 4 3 4 5 4 5 4 4 3 4 4 3 4 5 3 4 5 5 5 4 4 4 4 4 5 4 4 4 3 5 4 3 6 5 4 4 4 4 5 4 5 3 4 4 6 4 5 3 4 5 3 4 4 4 4 5 5 3 4 4 4 3 4 4 5 4 3 4 4 4 4 4 5 4 3 4 4 4 5 4 3 5 4 4 5 5 3 3 4 5 4 4 4 4 5 4 3 5 5 3 4 4 4 3 3 3 4 4 4 3 4 4 4 1 4 2 4 3 5 4 5 3 4 4 2 4 4 2 None 1 4 4 4 3 5 4 4 5 4 4 5 4 4 3 4 4 4 4 4 5 4 3 3 4 3 3 4 4 3 5 4 4 4 5 3 2 4 4 4 1 4 4 4 4 4 4 3 4 2 3 5 4 4 4 4 3 3 3 4 4 4 4 4 5 3 4 4 5 4 4 5 5 4 4 4 4 3 5 2 3 4 4 5 5 3 4 5 4 4 5 4 4 5 5 5 5 4 5 4 3 4 4 3 4 3 3 2 3 3 4 4 5 4 4 4 5 4 5 4 3 2 3 4 4 5 5 5 4 
32 30 28 34 26 18 12 14 13 15 13 16 20 10 3 4 3 3 4 3 4 4 4 5 4 4 5 3 3 3 4 4 3 4 2 4 4 3 5 4 3 5 5 4 3 3 5 3 2 4 4 3 4 4 2 5 4 4 3 2 4 3 5 4 4 3 4 4 5 3 3 3 3 4 3 2 4 4 4 3 3 4 4 3 4 3 5 4 4 4 4 4 3 4 4 4 4 4 4 3 5 4 4 3 4 4 3 4 5 4 5 3 3 4 3 4 5 4 5 3 4 4 2 4 4 2 4 4 4 3 4 4 3 3 4 3 4 4 3 3 5 3 4 4 3 3 4 5 4 3 3 3 4 4 4 3 4 3 4 4 4 3 4 4 4 3 4 3 4 4 4 4 4 4 4 4 4 4 3 4 4 5 4 4 5 4 3 4 4 3 4 4 4 4 3 4 4 3 3 4 3 4 5 2 4 4 5 5 4 4 2 4 4 4 4 5 3 3 4 3 3 4 4 3 1 4 4 4 3 4 3 5 3 3 4 3 4 3 3 4 3 4 4 4 4 5 4 4 4 4 2 4 5 3 4 4 4 3 4 4 5 4 4 3 5 4 4 5 5 3 2 4 3 2 5 5 3 5 5 4 4 4 4 3 4 3 5 4 4 4 3 5 2 4 3 4 3 4 5 3 4 4 4 2 4 4 5 3 2 4 3 3 4 4 5 4 4 4 4 3 4 3 3 4 4 4 4 4 4 4 4 5 3 3 4 3 4 3 4 5 4 4 4 3 3 4 3 2 3 5 3 2 3 4 3 2 4 3 5 2 5 3 4 4 4 3 3 4 4 3 1 None 3 4 5 3 4 4 4 5 5 3 4 5 5 4 4 3 4 3 4 4 4 3 2 3 4 3 4 4 2 4 4 5 3 4 2 1 4 3 3 2 4 3 4 3 3 4 4 3 3 3 4 4 3 4 3 4 2 2 4 5 3 3 3 4 3 4 4 4 5 3 5 4 3 4 5 4 4 4 1 2 3 3 4 4 3 3 4 4 4 4 3 4 5 4 5 4 4 5 4 4 4 5 4 3 2 4 3 3 2 5 3 5 4 4 5 4 4 4 4 2 1 4 4 5 4 4 4 3 
32 30 28 34 26 18 12 14 13 15 13 16 20 10 3 4 3 4 3 3 4 4 4 4 2 4 4 1 3 5 4 2 4 3 4 4 4 3 4 3 3 4 3 3 3 3 3 3 4 5 3 2 5 4 3 3 3 3 4 4 2 4 5 3 4 4 4 3 3 4 4 2 4 4 3 2 4 3 4 4 3 4 4 3 4 4 3 2 3 4 3 4 2 4 2 3 4 4 5 4 2 3 4 4 4 1 4 4 3 4 4 4 3 3 4 2 4 4 4 4 3 4 2 3 3 3 3 3 3 4 4 3 4 4 5 3 2 3 4 4 3 1 4 3 4 2 3 4 5 5 3 4 4 4 4 4 4 4 4 2 3 4 4 4 3 4 4 4 3 3 4 3 3 3 4 3 4 3 3 4 3 3 2 4 4 3 3 4 3 4 2 4 3 1 4 4 3 3 3 4 4 3 4 3 4 3 4 3 4 4 4 3 4 3 4 2 4 4 3 5 3 3 3 4 3 4 3 4 3 3 3 4 3 2 4 4 3 3 2 3 4 3 4 4 4 4 4 3 3 4 3 4 4 3 2 4 3 3 4 4 4 4 4 4 4 3 4 3 3 4 4 4 2 4 4 5 3 3 2 4 3 3 4 4 3 4 4 3 4 4 3 5 2 4 4 5 3 4 4 3 3 2 3 3 4 4 5 3 4 4 4 2 4 4 4 1 4 4 5 3 5 1 3 3 2 4 4 5 3 2 4 4 3 3 4 4 4 4 4 4 4 1 4 4 4 4 2 3 4 4 3 4 4 3 3 4 4 4 4 2 3 3 4 3 2 3 3 4 4 3 4 3 None 1 3 4 4 3 3 2 2 4 4 4 4 3 3 2 3 4 3 4 4 3 3 4 4 4 4 2 3 4 4 4 2 4 2 3 3 4 3 3 4 2 3 3 4 4 3 3 3 4 3 1 3 4 3 3 4 3 4 4 4 3 4 4 5 2 3 4 4 4 4 3 3 3 4 2 3 4 4 4 3 3 4 4 2 4 3 3 3 4 3 3 4 4 6 3 4 3 3 3 3 4 4 3 1 2 3 4 3 4 3 4 3 4 3 4 4 1 2 4 3 3 4 4 3 3 4 4 
33 31 29 35 27 19 13 15 14 16 14 17 21 11 4 4 2 5 3 3 4 5 4 4 3 5 4 2 4 4 3 3 3 3 5 4 5 3 5 3 4 4 2 4 4 4 4 4 4 4 4 3 4 5 3 2 2 2 4 3 3 4 5 3 3 4 4 4 4 3 4 3 3 4 3 3 4 4 5 3 4 4 5 3 5 4 4 3 4 3 2 4 3 5 3 4 3 3 5 3 3 4 3 4 3 2 3 3 2 3 5 5 4 3 3 3 4 3 3 3 4 4 3 4 4 4 4 2 3 3 4 3 3 4 4 4 3 3 4 5 3 2 3 2 4 3 2 3 5 4 4 4 4 3 4 4 4 4 4 3 4 4 4 3 2 4 5 3 3 4 5 2 4 4 4 4 3 3 3 4 3 4 3 4 4 3 2 4 4 4 3 4 3 2 4 3 2 4 4 3 4 4 5 4 5 4 4 4 4 4 4 2 3 4 5 3 3 3 4 4 4 3 2 4 4 4 4 5 4 4 4 5 4 3 4 4 3 2 3 2 4 4 3 4 4 4 3 4 4 3 3 4 3 4 3 4 3 3 4 3 3 4 4 5 4 4 5 4 4 4 4 4 3 3 4 5 4 2 1 4 4 4 3 4 2 3 5 4 4 4 4 4 3 4 4 4 3 4 5 4 4 3 4 4 4 3 4 4 5 4 4 3 3 3 3 2 4 5 4 4 4 2 3 2 1 3 4 4 4 3 4 4 4 3 3 4 5 4 3 3 3 2 3 4 4 3 3 3 4 5 4 4 4 4 3 3 4 4 4 3 4 4 4 4 3 2 4 5 5 3 4 4 1 None 2 3 4 4 4 3 1 4 5 3 5 3 4 3 4 4 3 4 5 2 4 3 3 4 3 3 4 4 3 4 3 4 3 4 4 5 4 4 3 3 4 4 4 4 2 2 3 4 3 2 4 4 4 2 4 4 4 4 3 4 3 4 4 3 2 4 3 3 4 4 4 4 4 3 4 4 5 4 4 4 4 5 3 4 3 4 4 4 4 4 5 3 5 3 5 4 4 3 4 4 4 3 2 1 2 4 4 5 4 3 4 3 2 3 4 2 3 3 4 2 4 5 3 3 4 3 
31 29 27 33 25 17 11 13 12 14 12 15 19 9 2 3 3 4 4 5 5 5 5 4 4 4 4 4 4 4 4 4 4 4 4 5 5 4 4 3 3 4 4 5 4 4 5 4 4 5 5 3 4 4 4 4 4 4 4 4 3 4 5 4 4 4 4 4 3 3 5 5 4 5 4 3 4 4 4 5 4 4 3 4 4 4 4 5 3 2 4 4 4 5 5 3 5 4 4 4 5 4 4 3 1 4 4 3 4 2 4 4 5 4 4 5 4 5 3 2 5 4 4 5 4 5 4 4 1 5 5 3 4 4 5 4 4 4 4 4 5 4 3 4 4 2 3 5 4 5 4 3 4 2 4 4 5 4 2 5 4 4 4 4 4 5 4 2 4 4 3 3 4 4 4 4 3 3 5 4 5 4 3 5 4 4 3 4 4 4 3 5 3 3 4 5 4 4 4 3 3 5 4 4 4 4 5 5 4 4 3 4 4 3 4 5 4 5 4 2 3 3 4 4 5 4 4 5 4 3 4 5 4 2 5 4 4 4 4 4 5 5 4 4 3 5 3 4 3 3 4 4 4 4 5 4 4 4 4 4 5 3 5 3 4 4 5 4 4 5 4 5 4 4 5 5 4 4 3 2 4 3 2 5 4 3 5 4 3 3 4 2 4 4 4 3 4 4 5 4 5 4 3 4 4 4 4 3 4 4 4 4 5 4 3 4 5 4 3 3 5 4 4 3 3 4 3 5 4 3 4 5 4 4 1 5 3 4 4 4 3 4 4 4 5 1 3 4 4 4 4 4 4 4 5 3 5 4 4 4 4 5 4 4 5 4 4 3 4 4 4 5 3 2 None 3 3 4 2 4 3 3 5 4 4 3 4 3 4 3 4 4 4 3 4 5 4 4 5 5 3 3 4 4 4 3 4 4 3 5 4 3 3 4 4 3 3 4 3 3 2 3 4 4 3 4 2 3 5 4 2 3 4 4 4 5 3 4 4 4 3 4 5 5 4 4 2 4 3 5 4 3 4 5 4 3 4 4 4 5 4 3 4 4 4 5 5 4 3 4 3 3 4 5 4 2 3 3 2 4 3 4 5 5 4 2 4 4 3 4 4 3 4 4 4 4 4 5 3 4 
33 31 29 35 27 19 13 15 14 16 14 17 21 11 4 4 4 3 4 5 5 4 3 2 4 4 4 4 4 4 4 5 4 4 3 5 5 4 5 4 4 5 3 3 4 3 5 4 4 4 5 4 5 4 3 5 3 4 4 4 5 4 6 4 5 4 4 5 4 5 2 4 4 5 4 3 5 5 5 3 5 3 3 4 5 4 3 5 4 3 4 5 3 3 5 4 4 3 4 4 3 5 3 3 2 4 5 4 5 4 4 5 4 4 5 4 3 4 4 3 3 5 4 4 3 4 4 5 4 5 4 3 5 4 5 4 4 5 5 5 5 5 4 5 4 3 4 5 4 4 4 5 4 3 4 5 4 3 3 5 4 4 5 5 4 3 3 4 2 5 4 4 4 4 5 4 4 4 4 5 5 5 3 5 5 3 3 4 5 3 4 4 4 5 4 5 1 3 4 4 5 4 4 4 4 4 5 4 4 4 3 3 3 4 4 4 4 3 5 4 4 4 3 4 4 3 3 5 2 4 4 5 5 4 5 4 3 4 5 4 4 3 4 5 4 5 4 5 3 4 3 1 4 5 4 5 4 4 4 4 5 3 4 4 4 4 4 4 4 3 4 4 5 5 5 5 4 3 4 5 5 4 5 2 4 3 4 4 5 4 4 5 4 4 4 5 5 4 4 5 5 4 5 4 4 4 5 2 5 3 4 4 4 4 4 3 2 3 4 4 5 4 5 4 4 3 5 6 5 4 4 4 4 3 4 4 5 4 2 3 2 4 3 3 3 4 4 4 4 3 2 5 5 3 4 4 3 4 4 3 2 4 4 5 5 4 1 4 4 4 3 3 4 3 3 None 5 3 3 3 4 5 4 3 5 4 3 4 4 4 4 4 4 4 3 4 4 4 4 4 5 5 3 3 4 4 4 4 4 4 4 4 4 4 5 4 4 1 5 5 3 4 4 5 4 3 4 4 3 3 3 5 5 4 5 4 3 4 3 4 5 4 4 4 5 5 5 4 4 5 4 3 4 4 2 5 4 4 4 4 4 5 4 3 4 4 4 4 5 5 4 4 3 5 4 4 4 2 3 2 3 4 4 4 3 4 4 4 4 4 4 3 2 4 5 5 4 4 3 4 
32 30 28 34 26 18 12 14 13 15 13 16 20 10 3 4 4 4 4 5 4 4 4 5 4 4 4 4 3 4 5 3 3 3 4 4 4 1 3 5 1 3 4 2 2 3 3 5 4 5 4 3 4 4 4 5 4 4 3 5 4 3 5 3 4 3 4 3 3 4 3 4 3 4 4 4 4 4 4 4 2 5 4 4 4 5 4 2 5 4 4 4 4 4 4 3 5 4 5 3 3 5 4 4 3 4 4 4 5 3 4 3 5 4 4 5 4 3 4 5 4 4 4 4 4 4 4 4 3 5 5 4 4 4 4 3 2 2 2 6 4 4 4 4 5 4 5 5 4 4 3 4 3 4 3 4 4 4 4 4 3 3 4 4 4 5 3 4 5 3 4 3 4 4 4 5 4 3 3 4 4 4 4 4 3 2 5 4 4 4 4 3 5 4 4 4 6 4 2 2 5 4 4 4 4 4 5 3 4 5 4 4 4 4 5 4 3 4 5 5 4 4 5 3 4 2 5 4 4 4 4 5 3 3 4 5 4 2 3 3 3 4 4 4 4 5 4 4 4 3 2 4 5 3 3 1 3 3 3 2 4 4 4 4 4 4 4 4 5 4 3 4 4 4 4 4 3 3 4 4 3 4 3 5 4 4 5 4 4 4 4 1 4 4 3 4 4 4 6 4 4 5 4 4 4 3 4 4 3 4 4 5 4 5 3 4 5 3 4 3 5 3 4 5 5 4 4 6 4 3 3 5 5 5 2 5 2 5 4 4 3 3 4 4 4 4 4 4 5 4 5 4 3 3 5 5 4 5 4 3 3 3 4 5 4 4 4 4 3 5 5 4 4 4 3 5 None 5 4 4 4 4 4 5 4 4 4 3 4 3 4 5 5 4 4 3 4 3 4 3 2 2 5 4 5 4 4 3 4 4 3 4 4 3 4 4 4 5 4 5 4 4 4 4 4 3 3 5 2 5 4 2 3 4 4 4 5 4 4 3 2 5 3 4 3 4 4 4 3 5 3 4 3 4 4 4 4 4 4 4 2 4 4 4 4 3 6 4 4 3 5 3 3 5 6 5 4 5 4 3 2 5 4 4 4 3 3 4 3 3 3 4 3 4 3 3 4 5 3 4 
33 31 29 35 27 19 13 15 14 16 14 17 21 11 4 3 3 5 5 4 4 4 3 1 5 4 4 2 3 5 3 5 3 4 4 4 3 5 5 4 4 5 4 5 4 4 4 4 4 4 3 4 5 3 2 5 4 3 4 4 4 5 6 5 5 3 4 3 3 3 5 5 3 4 3 4 5 3 5 4 4 3 2 3 5 3 4 4 4 5 4 4 1 5 4 4 4 3 4 4 4 4 4 5 5 4 5 5 6 4 5 5 5 2 5 1 3 4 4 4 4 5 3 5 5 4 4 4 3 5 4 2 4 3 5 4 3 3 5 6 6 4 4 4 4 3 4 3 4 4 4 4 4 5 4 4 4 3 5 3 5 4 3 5 4 3 5 4 4 4 4 2 3 3 4 4 4 4 4 5 4 4 5 5 5 4 4 4 4 3 4 4 4 4 4 4 4 5 5 4 4 2 5 4 4 4 3 5 3 5 4 4 3 4 4 5 4 4 4 5 4 4 4 4 5 4 2 4 4 4 5 5 3 4 4 3 3 4 3 4 5 4 4 4 4 3 4 4 3 4 4 4 4 4 3 4 3 4 4 5 5 3 4 4 5 3 5 4 3 4 4 4 4 5 4 4 4 4 3 2 4 4 2 5 5 4 5 2 4 6 4 5 4 4 4 5 3 4 5 4 4 3 4 4 4 4 4 2 5 4 5 5 4 5 5 4 4 3 4 4 3 4 4 4 4 3 5 5 5 4 5 5 3 4 4 3 4 3 4 4 3 2 4 3 3 4 4 4 3 5 5 4 5 4 3 4 5 3 4 3 5 5 3 5 5 3 4 4 5 2 4 4 3 4 4 3 5 None 3 5 5 4 5 3 5 3 3 3 2 4 4 4 3 4 3 4 4 5 4 4 4 5 3 3 4 4 3 4 4 4 4 4 4 4 5 4 4 4 3 4 4 3 4 3 4 3 3 4 4 5 4 5 3 2 4 4 4 4 4 3 4 4 5 4 5 3 4 3 5 3 5 4 4 3 4 6 4 4 3 2 4 4 4 3 4 4 6 4 5 4 3 4 5 4 3 4 4 4 3 4 4 5 4 4 4 3 4 4 4 4 4 4 3 4 4 5 3 2 3 4 
32 30 28 34 26 18 12 14 13 15 13 16 20 10 3 3 3 4 4 4 3 4 4 4 4 4 4 2 4 4 4 3 3 2 3 4 3 3 4 3 3 3 4 3 3 4 5 3 4 4 4 3 4 4 3 4 4 4 3 4 3 2 4 4 4 4 4 4 3 4 4 5 4 4 3 4 4 3 5 3 2 2 4 3 2 5 3 3 1 4 4 4 2 5 4 3 4 3 4 3 4 3 4 3 3 3 4 4 5 4 4 3 4 3 2 3 3 3 4 4 4 3 3 4 4 4 4 3 1 4 3 3 2 4 3 3 3 4 4 6 6 4 3 4 4 2 3 4 4 4 2 4 2 4 4 4 4 3 4 3 2 2 4 4 4 4 3 2 3 4 4 4 3 4 5 2 1 1 3 2 3 4 3 3 4 3 3 3 3 3 3 4 3 3 3 3 4 4 4 3 3 4 3 4 3 3 4 4 3 5 3 4 3 2 2 4 3 4 4 4 2 3 4 3 4 4 3 5 3 2 4 4 3 2 5 4 2 4 4 2 4 3 2 2 1 4 4 4 2 3 3 3 4 3 4 4 3 3 4 4 3 4 4 3 5 3 4 4 3 3 3 4 4 3 5 3 2 4 3 2 4 3 4 5 4 3 5 3 4 3 4 4 3 2 4 5 3 2 5 2 3 4 3 4 3 3 4 1 4 2 3 4 4 3 4 4 4 3 3 4 4 4 2 4 3 4 3 5 3 3 3 5 4 4 3 4 3 3 3 3 2 3 4 3 3 3 4 4 5 4 4 3 4 3 5 3 4 3 3 3 4 4 3 4 3 3 4 4 3 3 4 4 3 4 2 3 4 3 None 2 4 3 3 3 4 4 4 1 2 3 4 4 4 3 2 3 4 3 3 4 2 4 3 4 3 5 3 3 3 3 4 3 3 4 3 4 4 4 4 3 3 2 4 3 1 3 2 4 4 4 4 5 3 3 2 4 4 4 2 2 3 3 4 4 3 2 4 2 3 3 3 4 4 4 4 5 4 4 4 3 4 2 3 3 4 3 6 3 3 3 3 4 3 3 4 4 3 4 3 3 3 2 4 4 3 3 3 3 3 3 4 4 4 3 3 4 4 4 3 4 
33 31 29 35 27 19 13 15 14 16 14 17 21 11 4 5 4 3 4 4 5 4 4 5 4 4 4 3 3 4 4 4 4 4 5 5 4 3 5 3 3 5 4 3 2 3 5 3 3 5 3 4 5 5 3 5 4 4 5 4 3 4 5 3 4 4 3 3 4 4 4 3 4 4 3 4 5 3 4 2 3 2 4 4 4 5 5 4 3 5 4 4 4 4 3 2 5 3 3 3 4 4 3 4 4 1 4 5 5 5 4 3 5 5 4 4 4 4 4 4 5 4 4 4 2 4 5 5 3 5 5 4 4 3 4 4 4 4 3 4 4 3 3 3 3 3 4 5 5 4 4 3 3 5 4 4 4 3 4 3 1 3 5 5 4 2 4 3 1 4 5 4 4 5 5 4 3 2 4 4 4 5 4 5 4 4 2 4 3 2 3 4 3 3 4 5 2 5 3 4 4 4 3 4 3 5 4 4 3 6 4 4 5 4 4 4 4 3 5 5 4 4 4 4 4 4 4 4 4 3 4 5 4 4 5 5 4 4 4 3 4 5 4 4 3 5 5 3 3 5 4 4 4 4 4 4 3 2 3 4 4 4 3 4 5 4 4 3 4 4 3 5 4 5 6 5 4 5 4 4 4 3 5 3 4 4 4 5 4 4 4 5 4 3 5 4 5 3 6 4 4 4 5 4 5 3 4 3 5 3 4 4 5 4 4 2 4 4 4 4 4 3 4 4 3 5 3 6 5 4 4 3 4 5 4 4 4 5 4 4 4 3 4 4 3 4 4 3 5 3 2 4 5 3 5 4 2 5 4 3 4 3 3 5 4 4 4 4 3 3 5 5 2 3 4 3 4 5 2 None 4 4 5 4 4 4 3 3 4 4 5 5 4 4 4 4 3 4 5 2 4 4 3 4 4 5 4 4 4 2 4 4 4 4 4 4 5 4 4 4 5 4 5 3 3 4 4 4 4 4 5 5 3 4 4 4 5 4 3 4 4 5 3 2 4 4 4 4 4 4 4 3 5 4 4 5 3 4 3 5 4 2 5 4 4 3 5 3 4 4 3 5 4 5 4 3 3 3 4 4 4 4 5 4 1 3 4 4 4 3 2 4 4 4 4 4 5 5 4 4 
34 32 30 36 28 20 14 16 15 17 15 18 22 12 5 4 3 5 4 4 5 4 5 4 4 4 3 3 4 4 4 4 3 4 5 4 5 4 4 3 5 4 3 4 4 4 5 4 4 4 5 4 4 4 4 3 3 3 5 3 4 5 5 4 4 5 3 4 4 2 4 4 4 4 4 4 4 5 5 4 5 4 4 4 6 4 5 4 3 4 3 4 4 5 4 5 4 4 4 4 4 5 4 4 4 3 4 2 1 4 5 5 5 4 2 4 3 4 4 3 4 5 4 5 4 4 4 2 4 3 5 3 4 5 5 5 4 4 4 6 2 3 4 3 5 4 3 4 4 5 4 4 5 4 5 5 5 3 5 4 5 5 5 3 3 5 5 4 4 5 4 3 4 5 5 4 3 4 3 4 4 5 4 4 5 3 3 4 5 4 4 3 4 3 4 4 3 5 4 4 5 5 4 4 5 5 4 4 4 5 5 3 4 4 6 4 4 4 5 4 5 4 3 5 4 4 5 5 5 4 4 5 4 3 5 4 2 3 4 3 5 5 4 5 4 3 4 4 5 4 4 3 4 3 4 5 4 3 3 2 4 4 5 5 3 5 4 4 5 5 5 4 4 4 5 5 4 3 2 5 5 4 4 5 3 4 5 4 3 5 5 5 4 5 5 4 3 4 6 5 4 4 5 5 5 4 5 3 4 5 5 4 4 4 4 3 4 4 5 5 5 3 4 3 2 4 5 5 5 4 4 3 5 4 4 5 6 3 3 3 2 3 4 5 5 4 4 4 5 4 5 5 5 3 4 3 4 3 4 4 4 5 4 5 4 3 4 5 5 4 4 5 2 1 3 4 4 5 4 4 None 5 6 4 6 4 4 4 4 3 4 5 5 3 4 4 4 5 4 4 4 5 4 4 3 5 4 5 5 4 5 4 4 4 4 5 5 5 3 3 3 4 4 3 5 3 4 3 4 5 5 4 4 5 3 4 4 4 2 4 4 4 4 5 5 4 4 4 5 5 5 5 5 5 4 4 4 5 4 4 5 5 4 3 4 4 5 3 5 3 4 4 5 5 5 4 3 2 3 5 4 5 4 4 4 4 1 4 3 3 4 4 5 3 5 6 4 4 5 4 
34 32 30 36 28 20 14 16 15 17 15 18 22 12 5 4 4 5 4 5 5 3 4 3 4 5 5 4 3 4 5 4 4 3 4 5 4 3 5 5 4 3 3 4 4 5 5 5 4 5 4 4 5 5 5 6 5 5 4 3 4 4 6 3 4 3 5 5 4 4 4 5 4 5 4 5 4 4 5 2 4 5 3 4 5 2 5 4 4 5 2 4 5 5 3 5 4 4 5 3 5 5 5 4 4 5 5 5 6 4 4 3 4 4 4 5 4 4 4 5 4 5 4 4 4 4 3 4 2 5 4 2 4 3 4 5 4 4 4 6 6 4 4 4 5 4 4 5 5 4 4 5 5 5 3 5 4 2 5 5 5 4 5 5 4 4 5 3 3 5 5 4 4 4 5 5 4 4 4 5 4 5 5 4 4 4 4 5 4 3 2 4 4 4 4 3 4 4 3 2 4 4 4 1 4 5 6 4 3 5 4 5 4 5 5 5 3 4 4 4 4 4 4 3 4 3 4 5 5 4 4 5 3 3 4 3 5 4 5 3 5 4 5 5 4 5 4 5 4 4 4 4 4 3 4 5 4 4 5 5 6 5 4 5 5 4 5 5 4 4 3 4 3 5 4 5 4 3 3 3 4 4 4 4 4 4 5 4 5 5 5 3 5 4 5 5 5 5 5 4 4 3 4 5 5 2 3 4 4 5 5 2 4 5 5 3 5 5 4 4 5 5 5 4 4 5 4 5 4 4 5 5 4 5 4 5 4 5 4 4 3 5 4 4 5 4 4 4 4 5 5 3 4 4 4 4 4 5 4 5 4 4 4 5 4 4 5 4 5 4 4 3 4 4 3 5 4 4 3 4 5 None 3 5 5 4 3 3 4 5 3 5 5 4 4 5 5 5 4 4 2 4 5 5 5 6 4 3 4 4 4 5 4 4 5 5 5 6 4 3 5 5 4 5 4 4 1 5 4 3 4 4 3 4 5 5 4 5 4 4 4 5 5 4 3 4 5 5 4 5 2 4 4 4 5 6 4 4 3 5 4 3 4 3 4 3 6 4 5 5 4 4 4 5 5 5 3 4 3 4 3 4 4 4 5 5 4 5 4 4 5 3 4 3 4 5 3 5 5 5 
33 31 29 35 27 19 13 15 14 16 14 17 21 11 4 4 5 5 4 4 4 5 4 4 4 4 3 4 4 4 4 3 3 3 5 4 3 4 3 4 3 4 4 3 3 3 6 4 4 4 4 3 4 2 4 4 4 4 4 4 4 3 5 2 3 4 4 4 4 5 5 4 3 2 3 2 5 4 5 4 4 4 4 3 4 4 3 4 4 4 5 5 4 4 4 4 5 3 6 3 4 5 4 3 4 4 4 4 5 4 5 4 5 4 4 4 4 2 4 4 4 3 4 4 3 4 5 4 4 5 4 4 4 4 2 3 2 5 4 6 6 4 4 4 5 4 5 4 4 4 4 4 3 4 4 3 5 5 5 3 4 4 4 4 4 4 4 4 4 5 4 4 2 4 4 4 4 3 4 4 4 3 4 5 5 3 4 2 3 4 3 5 4 4 3 4 4 1 2 3 3 3 4 4 2 3 3 4 4 4 5 4 4 4 4 5 4 4 3 5 4 4 4 4 4 4 3 3 3 4 3 3 4 3 3 4 4 4 4 3 4 4 4 3 2 5 5 4 4 3 4 5 5 5 5 5 3 4 3 4 3 3 4 5 4 4 2 3 4 4 5 4 3 4 5 2 4 4 4 5 3 3 5 3 4 4 5 5 4 4 4 4 4 3 5 5 4 3 4 2 3 3 3 4 4 5 5 4 4 2 3 5 5 4 4 4 4 4 4 5 5 3 3 4 4 4 3 5 5 4 4 5 4 3 5 4 5 5 3 5 4 3 4 4 3 4 4 4 4 4 5 5 5 3 4 4 4 4 4 4 4 4 4 4 4 4 4 3 3 5 5 4 4 5 5 4 4 5 3 5 6 3 None 4 4 4 3 3 3 3 4 5 5 3 4 3 3 4 4 3 4 3 4 2 4 5 3 4 4 3 2 4 4 4 3 4 3 3 5 5 3 4 4 5 4 3 4 4 4 4 4 4 4 4 3 5 4 4 4 3 4 5 4 5 4 4 4 4 3 4 4 4 4 3 2 5 5 4 4 5 5 4 3 4 3 4 6 5 2 4 3 4 4 3 4 5 5 5 4 3 3 1 3 4 5 4 5 3 3 5 4 5 5 5 1 2 4 5 3 4 
33 31 29 35 27 19 13 15 14 16 14 17 21 11 4 3 3 2 4 4 3 4 4 4 4 3 4 3 4 3 4 4 4 4 5 5 4 5 4 4 4 4 4 3 4 4 5 5 4 4 3 3 4 4 4 3 2 1 5 4 3 3 5 4 4 4 2 3 3 3 3 5 4 4 3 4 4 4 4 4 4 4 4 3 4 5 2 4 3 4 4 5 3 4 2 4 4 4 5 3 4 4 3 5 5 5 5 5 4 4 5 4 4 2 4 2 3 4 4 4 3 4 4 5 4 5 4 4 3 4 4 4 4 3 4 4 4 4 3 6 3 5 3 4 4 4 3 5 4 4 4 3 4 6 4 4 4 3 4 4 4 3 3 4 3 4 3 4 3 4 4 4 4 5 5 3 4 4 2 5 5 4 4 5 4 4 3 2 3 2 4 4 3 4 4 4 4 4 4 5 5 3 4 4 4 4 3 3 3 5 4 4 3 4 3 4 4 3 5 4 3 4 4 4 4 4 4 5 4 3 4 3 4 4 5 5 3 4 4 5 4 5 4 3 2 5 4 4 3 3 3 2 4 4 3 5 3 2 3 4 3 3 4 4 5 2 4 4 4 4 3 5 4 4 5 4 4 5 4 4 4 4 4 3 4 3 5 4 3 5 4 5 5 3 3 4 4 1 4 4 4 3 3 5 4 4 3 4 5 4 4 5 3 4 5 5 1 3 3 4 5 4 3 3 2 2 4 5 5 5 4 2 4 4 5 4 4 4 4 4 3 3 4 2 3 5 5 4 4 4 4 4 4 3 4 4 3 4 2 3 3 4 4 3 4 2 4 4 4 3 4 5 4 3 4 3 5 3 3 4 4 5 4 None 4 4 4 4 3 5 4 4 5 3 4 3 2 4 3 4 4 5 4 3 4 5 3 4 5 3 4 3 4 4 4 4 4 4 3 3 4 4 3 5 4 4 4 3 4 4 5 5 3 2 3 4 5 4 3 3 4 3 5 3 5 4 5 2 5 2 4 3 4 4 4 5 5 4 3 4 4 4 4 4 4 3 3 4 4 3 1 3 4 3 3 4 5 3 4 3 4 3 4 3 3 4 4 3 5 4 4 4 4 4 5 5 4 1 3 4 
32 30 28 34 26 18 12 14 13 15 13 16 20 10 3 4 3 5 4 4 5 5 5 5 2 2 3 4 5 4 4 3 5 4 4 5 5 5 4 4 4 5 3 3 3 4 5 3 5 5 4 5 4 4 4 5 4 5 4 4 3 4 6 2 3 5 5 4 5 4 5 4 3 2 3 4 5 2 5 4 4 4 4 4 6 5 5 4 3 3 5 4 5 4 4 3 4 4 5 3 4 4 4 4 4 4 2 4 5 4 4 5 6 5 4 4 4 4 4 4 4 3 3 4 5 4 4 5 3 5 3 4 4 4 4 4 5 4 4 4 4 4 4 3 4 4 5 4 5 3 3 5 4 5 4 4 5 5 5 5 4 5 5 4 5 4 4 2 4 3 4 4 4 4 4 3 4 5 4 4 4 4 2 4 5 4 3 5 5 5 3 3 3 5 4 5 5 5 4 4 4 3 3 5 5 2 5 5 4 4 3 4 4 3 4 5 4 5 5 5 4 4 4 4 4 4 4 3 4 4 3 5 4 4 3 4 4 4 5 3 4 4 4 4 4 5 4 5 4 3 4 4 5 5 4 5 3 4 3 4 4 5 4 4 4 4 5 2 3 4 5 5 3 4 5 4 4 5 4 4 4 3 4 4 6 5 5 5 5 3 2 3 4 5 5 5 4 5 6 4 4 4 5 3 3 3 4 5 5 4 5 5 5 5 4 4 5 4 3 4 5 3 3 4 4 4 1 6 5 4 4 3 4 4 4 4 4 4 4 5 5 5 5 4 4 3 4 4 4 2 5 5 4 4 5 3 3 4 4 3 3 4 4 5 4 4 4 4 4 5 4 5 4 5 4 5 4 5 4 4 6 5 4 4 None 3 3 4 4 5 4 5 5 3 4 4 4 4 3 5 4 5 5 3 3 5 5 4 5 5 2 4 3 4 4 4 4 6 4 3 4 3 4 5 5 4 4 4 5 4 5 4 4 5 5 5 5 4 5 4 2 5 3 4 5 4 4 4 1 4 4 4 4 5 5 4 4 3 4 5 5 2 5 5 4 5 4 4 3 4 5 4 3 5 6 4 5 4 4 4 3 4 3 4 4 4 5 5 4 3 3 4 4 4 3 4 4 5 6 5 
32 30 28 34 26 18 12 14 13 15 13 16 20 10 3 4 4 4 3 3 4 5 4 4 4 4 3 3 4 3 3 4 2 2 4 3 4 4 4 3 4 3 3 4 3 2 3 3 3 4 3 4 5 4 3 5 4 4 3 4 3 5 5 4 4 4 4 4 2 4 3 5 3 3 5 3 5 4 3 4 5 4 4 2 4 4 3 3 4 2 3 4 3 5 5 4 4 3 4 3 4 4 1 3 3 4 3 4 5 4 4 5 5 3 3 4 3 4 2 4 3 3 2 4 4 3 4 3 4 4 5 4 3 3 4 4 3 2 3 5 5 3 4 3 4 4 3 4 4 4 4 2 3 4 3 3 5 4 4 4 4 3 3 4 4 4 4 4 4 4 4 1 4 5 4 4 3 4 4 4 3 4 4 5 5 3 4 3 2 4 4 5 4 4 1 4 4 4 4 3 4 4 4 3 4 5 4 4 3 4 4 3 2 3 5 4 3 4 3 4 4 4 3 2 4 4 4 5 4 3 4 4 3 4 4 4 3 4 3 3 4 4 5 4 4 4 3 4 3 3 3 4 3 4 4 3 2 2 3 4 4 2 4 4 3 3 3 4 4 4 3 3 4 4 4 4 4 2 2 5 4 5 4 2 3 4 3 3 4 4 5 3 4 3 2 3 4 3 4 2 3 4 4 3 3 4 5 3 4 4 5 4 4 3 3 3 3 4 3 3 4 4 3 3 4 2 4 5 2 3 4 4 4 3 2 5 4 3 3 4 3 2 2 4 4 4 4 4 4 4 4 4 4 4 3 2 3 3 3 4 5 4 3 2 3 4 3 3 4 4 3 4 3 3 3 4 4 3 4 4 4 4 4 4 3 None 4 3 3 4 4 3 4 3 2 3 4 4 4 3 4 4 4 4 3 5 4 3 2 4 4 4 4 3 2 1 4 4 4 3 4 4 4 4 5 4 4 3 3 3 4 4 4 3 4 4 3 3 3 4 4 3 4 4 5 4 4 3 4 4 3 4 4 4 4 4 2 4 3 4 4 4 4 3 4 3 5 4 4 5 4 4 3 4 5 5 4 3 3 3 3 4 4 4 3 1 4 4 3 4 3 3 4 3 3 4 4 3 4 4 
33 31 29 35 27 19 13 15 14 16 14 17 21 11 4 4 3 4 4 4 4 4 5 2 5 3 4 3 2 3 4 4 4 4 4 4 2 3 5 3 3 4 4 3 4 4 4 4 3 4 3 4 4 3 4 5 2 3 4 4 4 4 6 4 5 4 5 4 4 4 4 3 5 4 3 4 4 4 4 4 4 4 3 4 5 4 2 4 3 4 4 2 4 5 4 3 3 3 5 3 4 4 4 3 4 2 4 5 5 3 5 3 5 3 4 3 4 4 5 3 2 4 3 2 4 3 4 4 3 4 3 1 4 4 4 4 4 4 4 5 5 3 3 4 4 3 4 3 4 4 3 4 3 3 4 4 4 4 4 2 4 4 4 5 2 5 4 3 4 4 3 3 1 3 4 4 3 4 4 4 4 5 4 4 4 3 4 3 3 4 3 3 3 3 4 4 4 4 4 3 4 3 4 3 4 4 4 4 2 3 4 3 2 3 4 3 1 4 4 4 3 3 4 3 4 4 3 3 3 4 2 5 3 3 2 2 4 4 5 3 4 4 4 4 5 3 3 3 4 3 3 4 3 3 3 5 3 3 3 3 4 4 4 4 6 3 5 3 4 5 4 4 2 5 4 4 3 2 3 4 4 2 2 3 5 3 4 3 5 5 4 4 5 3 4 4 4 4 5 4 3 2 3 4 4 4 4 4 3 4 4 4 3 3 3 4 3 4 3 3 5 4 4 4 3 3 2 6 4 3 4 4 4 4 5 4 4 4 1 4 3 4 4 4 4 3 3 3 3 4 4 4 4 4 3 3 4 3 5 4 4 4 4 4 3 3 2 3 4 5 4 4 3 4 4 3 4 3 4 3 4 3 3 4 3 4 None 3 2 2 4 3 3 4 3 2 3 4 3 3 2 4 3 2 3 5 4 4 4 4 1 4 3 3 4 4 4 4 5 4 5 4 3 4 4 3 2 4 4 3 4 3 4 4 4 3 2 4 2 3 4 3 4 3 3 4 4 3 4 3 3 4 3 4 4 5 3 5 4 4 4 3 3 2 3 5 5 3 4 4 4 3 4 4 5 4 4 3 2 3 2 4 3 1 4 4 3 4 4 3 3 4 4 4 4 4 3 4 4 4 
31 29 27 33 25 17 11 13 12 14 12 15 19 9 2 3 3 3 4 4 3 4 4 3 4 5 3 1 4 3 4 3 3 3 3 3 3 2 3 4 3 4 3 3 3 4 5 4 4 3 3 3 4 3 4 4 4 4 3 4 3 3 5 3 3 3 4 3 3 3 3 4 3 3 3 3 3 2 4 4 2 3 3 4 3 4 2 3 2 3 4 3 3 5 3 4 5 4 4 2 4 2 3 4 4 3 4 3 4 4 3 2 4 4 3 2 4 4 3 4 3 4 4 3 4 4 4 4 2 4 4 3 3 4 3 3 4 4 3 5 5 3 4 4 4 3 4 5 3 3 1 3 3 4 4 3 3 4 3 2 3 3 4 4 3 4 2 3 4 3 4 3 2 4 4 3 2 2 3 3 4 3 3 3 5 3 4 3 2 4 3 4 3 3 2 3 5 4 3 3 4 3 3 3 4 4 4 4 2 4 3 4 3 3 3 4 2 4 3 3 1 2 3 4 3 3 2 4 3 1 3 3 2 3 4 4 3 3 4 3 3 4 3 3 2 3 3 4 3 3 2 4 3 2 3 4 2 2 3 4 4 4 3 4 4 3 4 3 4 4 3 3 4 4 4 3 3 4 4 3 3 4 4 4 4 3 5 2 3 3 3 4 4 2 3 4 3 3 4 1 2 3 4 4 4 4 5 2 3 3 4 4 3 4 4 3 3 3 4 4 4 3 3 3 4 4 4 5 4 4 3 4 3 3 3 4 3 4 4 3 3 3 4 2 3 4 4 3 4 4 4 3 3 3 4 3 3 4 4 2 4 4 2 3 3 3 4 4 4 4 4 3 2 3 3 4 3 3 1 3 4 3 3 4 4 3 3 None 1 3 4 3 3 4 3 3 4 2 4 3 1 3 2 3 4 6 2 3 4 3 4 4 4 4 4 3 3 5 4 4 4 3 3 3 2 3 2 3 3 4 4 5 3 3 3 4 4 4 3 2 4 4 4 4 2 1 3 3 4 2 2 4 4 3 4 4 3 4 3 4 4 3 2 3 4 3 5 4 4 3 4 3 2 3 5 5 3 4 3 4 3 3 4 3 3 4 4 2 2 3 3 4 3 4 2 3 3 3 4 5 
32 30 28 34 26 18 12 14 13 15 13 16 20 10 3 4 3 4 3 3 2 4 3 2 3 4 2 2 4 4 4 4 2 3 3 3 2 3 4 3 4 4 2 4 4 4 4 3 3 4 2 3 3 2 4 4 3 4 4 3 3 3 4 4 3 4 3 3 4 2 4 5 3 2 2 3 4 3 4 3 3 3 3 3 4 4 3 4 3 3 3 4 3 4 3 4 4 3 5 3 4 3 3 3 4 4 4 3 4 4 4 3 4 4 4 1 4 3 4 4 4 3 4 4 4 5 3 4 3 5 3 3 4 3 4 4 4 3 3 6 5 4 4 4 4 4 4 4 4 3 2 3 2 3 4 2 4 4 4 2 4 3 3 4 3 4 3 4 4 4 4 2 1 3 4 2 3 3 4 3 5 3 3 4 4 4 4 3 3 4 4 4 3 4 3 2 4 4 4 4 4 2 4 4 3 3 4 3 3 3 4 3 3 4 2 5 3 4 2 4 2 3 4 3 4 4 1 4 2 2 4 4 3 4 4 4 3 4 4 4 4 3 2 3 3 4 4 3 3 2 3 4 4 3 4 3 1 2 3 3 3 3 4 4 4 3 3 4 3 3 4 3 4 4 4 2 3 4 3 4 4 4 4 4 4 3 4 3 4 4 4 3 4 3 4 4 3 3 3 2 3 4 3 5 4 3 4 3 3 3 4 4 4 3 3 4 4 2 3 4 4 4 4 3 3 3 4 4 4 5 3 4 2 4 4 3 2 4 3 4 4 4 4 3 4 5 5 4 3 3 4 4 4 3 3 4 4 3 3 3 4 5 3 4 4 3 3 3 4 4 4 4 3 4 4 4 4 2 2 4 4 4 3 3 4 3 2 1 None 2 4 3 4 4 4 4 4 3 4 3 2 4 1 3 4 6 3 4 4 4 3 3 3 4 4 4 3 5 4 4 3 2 3 4 2 3 3 2 3 4 5 4 3 2 4 3 4 4 3 1 3 3 4 4 3 2 4 4 4 1 3 3 3 2 4 5 4 4 2 4 3 3 3 4 4 4 6 4 4 2 3 3 3 3 4 4 3 3 4 4 4 4 3 3 3 3 4 2 3 3 4 4 4 4 3 4 3 2 4 4 
33 31 29 35 27 19 13 15 14 16 14 17 21 11 4 5 4 5 4 4 4 4 5 4 4 5 4 3 3 3 4 4 4 3 4 5 2 3 4 3 3 3 4 5 4 4 5 4 1 4 4 4 3 4 4 4 4 4 4 4 4 4 6 4 3 4 3 3 4 4 3 4 3 3 4 3 4 4 5 4 4 4 4 3 5 3 4 2 4 3 4 3 4 4 5 4 5 3 5 4 3 4 3 1 2 4 5 4 4 3 4 3 5 3 4 3 3 3 4 4 3 4 3 4 4 4 3 3 3 4 4 3 4 2 5 4 4 4 4 6 5 4 4 4 5 5 4 4 5 4 4 2 4 1 4 4 4 4 3 2 3 4 5 5 4 3 4 4 4 5 4 4 1 3 4 3 2 4 5 4 4 3 4 2 4 4 3 3 4 3 5 2 5 4 4 4 4 2 4 4 3 3 3 4 4 5 4 4 4 5 4 4 4 4 4 4 3 4 4 5 4 4 4 3 4 4 3 5 4 3 4 4 3 3 4 4 4 4 5 3 3 4 4 4 4 4 4 1 3 4 3 4 3 3 2 3 3 3 2 1 3 4 5 4 5 5 3 5 4 5 4 3 4 5 4 4 1 3 3 4 3 4 4 4 5 4 2 4 4 5 5 4 4 4 4 3 4 4 4 4 4 4 4 4 2 3 4 4 1 4 4 4 4 3 4 4 5 3 4 4 4 3 4 4 4 4 4 5 4 4 3 4 4 4 4 5 4 3 3 4 4 5 2 4 3 3 3 2 4 3 4 4 4 3 4 4 4 3 4 4 5 4 4 5 4 3 4 5 5 4 4 3 4 4 3 4 3 4 3 4 3 5 3 5 5 4 2 3 2 None 4 5 4 4 3 4 4 2 4 3 4 4 3 4 4 6 3 2 4 2 3 4 3 5 3 4 4 3 5 4 3 4 3 5 4 3 4 4 3 4 3 4 3 4 4 5 4 4 3 3 4 4 5 4 3 4 2 4 4 3 3 3 3 3 2 3 3 4 4 4 3 4 4 4 4 5 6 4 4 2 4 3 4 5 5 4 5 5 4 3 2 4 4 3 3 3 2 2 4 3 5 4 3 3 4 4 3 4 3 3 
33 31 29 35 27 19 13 15 14 16 14 17 21 11 4 4 4 4 3 4 3 4 5 4 4 5 3 4 3 4 2 4 4 3 4 4 5 3 4 4 4 4 4 3 4 4 5 4 4 5 4 5 4 4 3 5 5 4 2 3 4 2 4 3 4 3 5 5 4 4 4 5 1 2 4 3 4 4 4 4 4 5 3 2 4 3 5 4 4 5 4 2 3 5 4 4 4 4 5 4 4 4 4 4 4 4 3 4 5 4 5 3 3 3 5 5 4 4 3 3 5 3 3 4 4 4 2 5 4 5 1 4 4 3 5 3 4 4 3 6 5 4 4 4 5 3 4 2 4 4 3 5 3 5 3 4 4 3 4 4 4 2 4 3 4 4 3 3 4 4 4 4 5 3 2 3 4 3 4 4 4 3 3 5 4 3 4 4 5 3 4 3 4 4 4 3 3 4 4 4 4 4 4 2 4 2 5 2 4 4 4 5 4 4 2 5 3 4 4 4 4 4 3 3 3 3 4 5 4 4 3 4 5 5 3 4 4 2 4 5 3 2 3 4 3 3 3 4 4 4 3 5 3 4 4 5 3 4 3 4 4 5 5 5 4 3 3 4 4 1 2 5 3 3 4 4 5 4 4 3 4 4 5 3 5 3 3 4 3 4 4 4 4 3 4 5 4 4 5 4 4 4 3 4 3 2 3 4 5 4 5 1 5 4 4 4 4 4 4 3 4 4 4 4 3 5 4 5 4 4 3 4 3 4 3 5 3 4 5 5 4 4 4 3 2 5 5 4 4 3 5 4 5 4 3 4 4 4 4 3 4 3 2 4 5 5 4 3 3 2 4 4 3 3 4 4 4 4 4 5 4 3 4 4 4 4 4 4 4 4 None 5 3 2 3 4 3 4 3 4 4 3 4 4 4 4 4 4 4 4 4 4 3 3 4 4 4 4 1 2 4 3 4 4 3 4 4 3 4 2 3 5 3 4 4 5 4 3 4 4 4 4 4 4 3 5 5 4 3 3 3 4 4 3 3 5 4 3 3 3 3 3 4 3 4 4 4 3 3 4 4 4 4 3 3 4 2 4 5 5 4 4 3 5 5 4 5 4 4 4 4 4 4 3 3 4 3 4 3 4 
32 30 28 34 26 18 12 14 13 15 13 16 20 10 3 4 3 5 4 3 4 5 6 3 5 5 4 4 4 3 5 5 3 4 5 4 5 4 5 3 4 5 4 5 4 4 4 3 4 5 4 4 5 3 4 5 4 3 5 4 4 5 5 4 4 4 6 5 4 5 4 4 4 4 5 4 4 4 4 5 5 4 4 4 5 3 4 5 3 4 4 3 4 5 5 4 3 4 5 4 4 3 4 5 3 4 4 3 4 4 5 4 5 3 4 4 4 4 3 4 3 4 3 3 4 4 5 4 4 5 4 3 4 5 5 5 5 3 5 6 5 4 5 4 5 4 4 4 4 5 4 4 4 4 5 4 5 4 2 5 5 3 4 4 3 5 5 4 4 5 4 2 4 4 4 4 5 4 4 5 4 4 3 5 5 3 3 4 5 5 4 4 3 3 4 4 4 4 5 5 5 4 4 4 5 4 5 3 3 5 4 2 1 2 4 4 2 5 4 4 2 1 2 4 5 5 4 4 3 4 4 6 4 4 3 4 4 5 5 4 4 4 4 4 5 4 4 5 4 3 4 4 3 4 4 4 3 4 4 5 4 4 4 3 4 2 5 4 5 5 4 4 5 4 3 3 4 4 3 5 4 4 3 5 5 3 5 3 5 5 4 5 5 3 4 5 4 5 5 4 3 2 3 4 5 5 4 3 5 5 5 4 3 3 5 5 4 5 4 3 5 5 4 5 4 4 4 5 4 5 4 4 5 5 4 5 4 5 4 2 3 5 5 3 4 5 5 4 5 5 5 5 3 4 3 4 5 4 5 3 4 6 4 5 4 4 4 4 4 5 5 4 4 4 4 4 5 4 4 5 5 5 5 4 5 3 3 3 3 5 5 None 5 3 4 3 2 4 4 4 3 5 2 3 4 5 5 4 4 5 4 5 4 4 3 4 4 3 5 4 4 4 4 5 5 4 4 3 4 4 4 5 4 5 5 4 4 4 4 4 4 5 4 5 4 4 4 4 5 4 4 5 4 4 4 5 4 5 4 5 4 5 3 4 5 4 6 4 5 5 5 4 4 4 5 4 5 3 4 5 5 5 3 4 4 3 4 3 4 4 5 4 4 4 4 5 2 3 4 5 
33 31 29 35 27 19 13 15 14 16 14 17 21 11 4 3 4 4 4 3 4 4 5 3 5 4 4 4 5 4 2 4 4 4 5 5 4 4 3 4 4 5 4 5 4 4 4 3 3 4 4 5 5 4 3 5 4 4 3 3 4 4 6 4 5 4 5 4 4 4 5 4 2 3 3 4 3 3 4 5 3 4 2 3 5 3 4 5 5 4 5 4 2 6 4 3 4 4 5 4 5 5 5 4 4 5 4 3 4 4 5 5 5 3 5 4 4 4 2 2 3 2 4 4 3 3 4 3 5 2 4 4 4 4 5 3 4 3 5 5 6 5 5 4 6 4 5 4 4 5 2 4 2 5 4 4 3 3 5 5 3 4 5 2 5 4 4 4 4 4 3 3 4 4 3 3 4 3 4 3 5 5 4 5 4 4 4 4 5 4 5 5 4 5 4 4 4 5 4 4 4 4 4 4 3 4 4 4 3 2 4 5 4 4 4 4 4 4 4 3 4 4 3 5 4 4 3 5 4 4 4 4 5 5 3 4 3 3 4 4 5 3 4 4 3 3 4 5 4 4 3 5 4 4 4 4 3 4 4 5 4 4 4 4 4 5 5 4 3 3 4 5 4 3 5 5 4 3 4 4 4 4 5 4 3 4 5 3 2 5 4 5 5 4 4 5 4 4 5 4 5 4 5 5 4 5 5 3 5 3 4 4 5 5 5 5 4 4 5 4 5 5 4 4 4 4 5 4 5 5 3 5 4 5 4 4 5 2 2 5 4 3 5 3 3 5 5 5 5 5 5 4 4 5 4 4 5 4 3 5 5 5 1 4 5 4 3 4 4 3 4 4 4 5 4 4 5 3 4 4 5 5 5 5 5 4 3 3 4 4 3 5 None 3 4 4 4 4 3 4 4 4 5 3 4 5 4 4 4 4 4 3 4 4 5 4 3 5 3 4 4 4 4 5 4 3 5 4 5 5 4 5 4 4 2 4 1 4 3 5 4 5 5 5 4 4 5 4 4 4 3 4 5 2 4 5 4 4 4 1 3 4 4 3 4 2 4 3 4 5 4 4 4 5 4 5 3 4 5 4 4 4 4 4 4 3 4 4 3 5 4 4 4 4 4 5 4 4 4 4 
32 30 28 34 26 18 12 14 13 15 13 16 20 10 3 2 2 3 1 3 3 5 4 4 3 5 3 3 4 2 4 2 2 1 3 3 4 3 4 4 3 4 2 2 2 3 5 4 3 3 4 3 4 3 3 4 3 2 2 1 2 2 5 1 2 4 3 3 2 2 4 3 1 2 4 3 2 3 4 4 3 4 3 2 3 2 4 4 4 3 3 4 3 4 4 5 4 2 4 2 4 3 4 4 4 4 3 2 3 3 5 3 4 3 4 4 4 4 2 1 4 3 3 4 4 3 3 3 4 4 3 4 3 4 3 3 2 4 4 4 5 3 4 3 4 4 3 4 4 3 3 4 3 4 3 3 4 4 3 4 3 3 5 1 2 4 3 3 3 4 3 3 4 3 2 3 2 3 3 4 4 4 3 4 5 3 2 4 3 3 2 4 3 4 2 3 3 4 3 3 3 4 4 3 4 2 5 4 3 3 3 3 4 4 3 4 3 2 4 2 3 2 1 2 2 4 4 3 3 4 4 4 3 4 4 4 3 2 3 3 4 2 3 4 3 4 4 4 4 2 3 4 2 3 4 5 3 3 3 4 4 4 3 3 3 4 4 3 4 3 4 3 4 1 4 3 3 3 2 3 3 4 3 4 4 4 5 3 3 4 3 4 3 3 4 4 3 4 5 3 4 3 4 3 3 4 4 3 4 3 4 3 4 4 4 3 4 4 4 4 4 4 4 2 1 4 4 4 3 4 3 4 3 3 4 4 4 4 3 3 4 3 4 3 2 4 4 3 4 3 3 4 4 3 2 3 3 4 4 3 3 3 2 3 3 3 4 3 4 4 3 3 3 2 3 4 4 4 3 4 3 4 3 3 3 3 4 4 4 4 2 3 3 None 2 3 3 3 3 4 3 3 3 3 3 2 4 3 2 4 4 2 3 3 3 4 2 4 3 2 3 3 3 4 4 4 3 2 3 3 4 4 3 4 2 5 2 3 3 3 3 3 4 5 4 4 5 4 2 4 4 3 4 3 3 5 4 3 3 4 4 5 4 3 4 5 4 3 3 4 4 3 4 4 5 3 4 2 3 4 3 4 3 4 4 3 3 4 3 3 3 3 4 3 2 3 3 4 4 4 
32 30 28 34 26 18 12 14 13 15 13 16 20 10 3 4 4 5 3 3 4 3 3 4 5 4 4 3 3 3 4 4 3 2 4 3 4 3 4 4 3 4 4 4 4 4 4 3 2 4 4 3 4 4 3 4 2 3 1 3 4 4 3 3 4 3 4 4 3 4 3 3 2 3 3 3 4 4 3 2 3 2 4 3 4 4 3 3 3 4 3 4 2 4 3 3 3 3 4 3 4 4 3 3 4 4 3 4 5 3 4 4 5 3 3 4 3 4 4 3 2 3 2 4 3 4 4 4 3 4 4 4 4 3 4 3 3 4 4 5 5 3 4 4 4 2 3 4 5 4 3 3 3 4 4 4 4 3 4 4 3 1 4 3 4 4 4 4 3 4 4 3 4 4 3 3 3 2 3 4 4 4 2 4 3 3 3 2 2 4 4 4 3 4 1 2 4 4 4 3 4 4 4 3 4 3 3 3 4 4 4 4 3 3 3 3 4 3 3 4 4 4 3 2 3 4 3 4 4 3 5 5 4 4 5 4 2 3 4 3 4 3 4 4 3 4 4 4 4 3 2 3 4 4 3 4 4 4 4 4 3 4 4 4 3 2 4 4 5 4 3 4 4 3 4 4 4 3 4 3 3 3 4 4 4 5 4 3 3 3 5 3 3 2 3 4 3 4 4 2 3 3 2 3 4 3 4 1 2 3 3 4 3 4 5 4 4 3 3 3 4 4 3 3 3 2 5 5 4 4 4 4 4 2 4 4 2 3 3 3 2 3 4 4 3 4 3 2 4 5 3 4 4 3 4 2 4 3 3 4 3 5 3 2 3 2 4 3 2 3 3 2 3 4 4 3 4 3 2 4 4 4 4 4 4 2 3 3 4 3 3 4 4 2 None 1 2 3 2 3 3 2 4 3 1 3 2 1 3 3 4 4 4 4 4 3 4 4 4 3 4 4 3 4 3 3 3 4 2 4 5 4 4 3 4 5 3 4 3 3 4 1 4 4 3 4 4 4 4 4 3 2 4 3 3 4 4 3 3 3 2 4 4 3 4 3 5 4 3 4 3 3 4 4 4 3 3 3 3 3 3 3 4 3 3 3 4 3 4 3 5 3 3 3 3 3 4 3 2 3 
33 31 29 35 27 19 13 15 14 16 14 17 21 11 4 3 4 5 4 3 4 2 4 4 4 5 3 4 4 2 4 4 3 3 3 2 4 3 4 3 2 4 4 4 3 4 5 3 3 4 4 4 3 4 3 3 3 2 2 3 4 4 4 4 3 2 3 4 4 4 4 4 3 2 4 4 4 3 4 3 3 3 4 4 4 4 4 4 4 4 4 4 3 4 4 4 2 2 4 2 4 3 4 4 4 4 4 4 5 3 3 4 5 3 4 3 4 4 3 4 3 2 3 4 3 4 4 4 4 5 3 3 3 3 3 2 3 4 3 5 5 4 4 4 4 3 2 4 4 3 2 4 3 5 4 3 4 3 3 4 3 2 4 4 3 4 4 3 3 4 3 4 3 5 4 3 3 2 3 4 4 3 3 4 4 3 2 1 2 3 4 4 3 4 2 3 4 4 3 3 4 3 3 4 3 2 2 2 3 4 3 3 3 4 3 4 3 2 2 4 3 4 4 3 4 4 4 4 4 3 4 4 4 4 4 3 3 2 3 4 4 4 5 4 3 4 4 4 3 3 1 4 4 4 4 4 3 3 3 4 2 4 3 4 4 2 3 3 4 4 3 4 4 4 3 4 3 4 3 4 2 4 4 4 5 4 4 4 4 4 4 4 4 1 2 4 4 4 3 2 3 3 2 4 5 3 4 2 3 3 3 5 4 3 4 4 4 4 3 3 4 4 4 4 3 3 4 5 3 3 3 4 4 3 5 4 3 4 3 4 3 4 3 3 2 4 4 3 4 4 2 4 5 2 4 3 3 4 3 3 4 5 3 3 4 1 4 3 3 4 4 3 4 3 5 4 3 4 3 4 4 5 3 3 4 3 2 3 4 4 4 3 4 3 1 None 1 2 1 3 3 3 3 2 2 4 3 2 4 4 3 4 3 3 4 3 3 4 4 3 4 3 4 3 4 3 4 4 3 4 4 4 4 3 4 4 4 4 2 4 4 2 4 4 4 4 4 3 3 3 4 3 3 3 3 4 3 3 4 4 3 4 4 4 4 4 5 3 3 4 2 4 4 3 4 3 4 4 4 4 3 2 3 3 3 4 3 2 3 4 4 3 2 2 3 4 4 2 3 3 
33 31 29 35 27 19 13 15 14 16 14 17 21 11 4 4 3 4 4 4 3 3 5 4 4 5 4 4 3 1 3 4 4 3 4 3 5 3 5 3 3 5 4 3 4 4 5 3 4 4 4 4 4 3 4 4 2 1 3 4 4 4 5 4 3 3 4 4 3 4 5 3 4 3 3 4 4 3 3 3 4 3 4 3 4 3 4 4 4 3 3 4 3 5 4 4 4 2 4 3 3 4 5 3 3 4 3 5 4 4 4 4 4 2 3 3 4 3 4 4 3 3 4 3 2 4 4 4 3 5 4 4 4 3 4 3 4 4 4 5 5 4 3 4 5 4 3 4 4 4 3 3 4 4 3 4 4 4 2 3 4 3 4 4 3 3 4 2 2 3 2 4 4 4 3 4 4 3 2 4 5 2 4 4 4 2 1 2 3 3 4 4 3 4 3 2 3 4 4 4 4 2 3 4 3 3 3 1 4 4 3 3 3 4 4 4 4 3 3 3 4 3 4 4 4 4 3 3 4 3 3 5 3 4 4 5 3 3 4 4 4 4 4 3 4 5 3 4 4 2 2 4 3 3 3 5 4 4 4 5 3 4 4 5 5 3 4 2 4 4 4 5 4 4 4 4 4 3 4 4 3 3 4 4 4 3 5 4 4 4 3 3 5 2 3 5 3 3 4 3 4 3 3 4 4 3 4 3 3 3 4 4 3 2 4 3 3 3 2 3 5 4 4 3 2 3 4 4 4 4 2 4 4 4 4 4 4 3 2 4 3 4 4 3 3 4 3 2 3 4 3 4 4 3 4 2 4 3 4 3 4 4 3 3 4 2 3 2 3 4 3 4 4 3 4 4 4 4 4 3 4 5 3 2 4 4 3 4 4 4 3 2 4 3 2 1 None 2 2 4 4 4 4 1 3 4 4 3 4 4 3 4 3 4 4 4 4 5 4 3 4 4 3 4 4 3 4 3 4 4 3 4 3 4 3 4 3 3 3 3 3 3 3 3 3 5 4 4 3 4 5 3 4 2 4 5 4 4 4 4 4 4 4 4 5 3 5 2 4 4 3 3 3 3 4 2 4 3 3 4 4 3 4 3 4 4 4 3 4 4 3 2 3 3 4 3 4 3 3 4 
31 29 27 33 25 17 11 13 12 14 12 15 19 9 2 3 3 5 4 4 5 4 5 5 5 4 4 3 4 1 5 3 4 4 3 4 4 3 4 4 2 4 4 3 3 4 5 3 3 4 4 3 5 4 3 5 4 3 4 4 3 4 6 2 1 2 5 4 4 5 4 4 3 4 4 4 5 3 3 4 3 4 4 3 4 3 4 4 4 4 4 4 4 4 5 4 3 4 4 4 4 4 3 3 4 4 3 4 5 4 3 4 5 4 3 4 4 4 4 4 4 3 3 4 4 4 3 3 4 4 4 4 3 3 5 2 3 4 3 5 4 4 4 4 4 5 4 4 4 4 2 3 4 3 4 4 5 5 4 4 4 4 4 4 3 4 4 4 4 3 2 4 3 5 4 4 4 4 4 4 4 3 3 4 4 3 3 3 2 4 3 4 3 4 3 3 5 4 3 3 4 4 2 4 5 3 4 2 3 5 3 4 4 3 3 5 4 4 4 3 3 4 4 4 4 4 4 4 3 1 3 4 4 4 4 4 4 2 3 4 4 4 4 4 3 4 2 3 3 4 1 5 4 4 4 3 3 2 3 3 4 5 4 4 4 4 4 3 4 4 3 5 4 3 5 4 3 3 4 4 2 4 4 4 5 4 4 4 4 3 4 4 5 3 2 4 4 3 5 3 3 4 4 4 4 4 4 4 1 5 4 4 4 4 3 4 4 5 4 3 5 4 4 4 3 3 4 4 3 4 1 3 4 5 3 3 5 3 4 4 4 4 4 3 4 4 4 3 3 3 4 5 5 3 4 2 4 3 5 3 4 4 3 4 4 3 4 3 4 5 3 3 4 4 4 4 3 5 3 4 5 5 4 4 5 4 4 2 3 2 4 4 4 3 3 2 2 None 2 3 3 4 3 3 4 4 3 2 5 4 3 4 3 4 4 3 4 5 5 4 3 4 4 3 4 3 4 2 3 4 3 4 4 4 2 5 5 4 3 4 5 4 4 4 4 3 4 4 4 4 4 3 4 4 4 5 3 3 4 4 4 3 3 4 4 4 4 4 3 4 4 3 2 3 6 4 5 4 3 4 3 4 4 5 3 4 4 2 3 4 4 2 2 3 3 4 4 4 5 4 
32 30 28 34 26 18 12 14 13 15 13 16 20 10 3 4 4 4 4 4 4 3 5 4 3 4 3 4 4 3 5 4 3 4 3 3 5 4 3 3 3 4 4 3 4 4 4 2 4 3 4 4 4 3 4 4 4 3 3 4 4 4 5 3 3 3 4 4 4 5 3 4 3 2 4 4 4 4 5 4 3 3 4 4 3 4 5 5 3 4 3 3 3 4 4 4 1 3 5 3 4 4 3 3 4 5 3 4 5 3 4 5 5 4 4 3 4 4 2 4 4 1 4 4 4 3 3 3 4 4 2 3 2 3 4 3 4 3 4 5 6 4 3 3 5 3 3 3 5 4 3 3 4 4 4 4 5 4 4 5 4 3 5 4 4 5 3 3 4 5 4 3 4 4 4 2 3 3 4 5 4 4 2 4 4 4 3 2 3 4 4 4 4 5 3 4 4 4 4 4 3 4 4 5 4 1 3 3 4 4 4 2 3 3 3 5 4 3 3 5 4 4 3 4 4 3 3 4 4 3 3 4 3 4 3 2 3 3 4 3 4 4 5 4 4 4 4 5 4 3 2 4 4 4 4 4 3 4 3 4 3 4 4 4 5 3 4 3 4 4 4 4 3 3 4 4 4 3 2 4 3 3 5 4 5 5 4 4 4 4 3 4 4 2 3 4 3 4 4 3 3 4 3 4 4 2 3 2 3 3 2 4 3 3 4 3 4 5 4 4 4 4 5 4 4 3 3 6 3 2 3 5 4 4 4 4 4 3 4 4 3 4 2 4 3 4 4 4 5 3 3 4 4 3 4 3 4 4 3 4 3 4 3 4 4 2 5 4 3 4 4 4 4 3 5 4 4 4 3 5 4 4 4 3 3 4 3 4 4 4 3 4 3 3 2 1 2 2 None 4 4 4 4 3 3 5 4 3 4 5 2 3 4 2 4 3 2 3 4 4 3 2 4 3 4 4 4 4 4 4 5 4 3 4 4 5 4 4 3 4 3 3 4 5 4 4 4 4 2 3 4 3 4 4 3 4 2 2 3 4 4 3 3 3 3 4 4 4 2 5 3 3 3 2 4 4 3 3 3 4 3 3 3 4 4 3 4 3 4 3 4 4 3 1 3 4 5 2 4 4 
32 30 28 34 26 18 12 14 13 15 13 16 20 10 3 4 4 5 3 4 4 4 4 3 4 5 4 2 3 4 5 4 4 3 4 5 3 4 3 4 2 3 4 3 3 4 5 4 4 5 3 2 4 3 5 4 4 4 4 4 4 4 5 3 4 3 4 4 4 5 4 4 4 3 4 4 5 3 4 2 4 4 3 4 4 4 5 4 4 3 4 2 4 5 4 4 3 4 5 4 4 5 3 4 4 1 4 3 4 4 4 5 4 3 3 3 5 4 4 5 5 4 4 4 4 4 4 5 4 5 3 3 4 3 5 4 3 4 3 6 4 3 3 3 4 4 4 4 3 5 3 4 4 4 4 4 4 4 4 1 3 3 3 4 4 4 4 4 3 4 4 3 2 4 5 4 4 4 4 3 4 4 4 5 4 4 4 2 1 4 4 3 4 3 2 4 4 4 1 2 5 4 4 4 4 4 3 3 4 4 4 2 3 4 4 4 3 5 5 4 4 3 4 2 3 3 2 4 4 2 4 3 4 4 5 4 5 3 4 3 4 4 5 4 4 3 4 4 3 3 3 4 5 4 4 4 3 3 4 4 3 3 4 4 4 4 4 3 4 4 3 5 4 4 4 3 4 3 4 5 4 4 4 2 5 4 5 4 3 4 4 3 4 4 4 5 4 4 4 3 3 2 3 4 5 2 3 4 4 4 4 4 3 3 4 3 5 5 5 4 5 3 4 2 3 5 4 5 4 4 4 4 3 3 4 5 4 4 4 4 4 3 4 4 5 5 4 4 5 4 4 4 5 3 3 3 3 4 4 3 4 3 4 3 4 4 3 4 4 4 4 4 2 3 5 4 3 4 4 2 4 4 3 4 5 3 3 3 3 3 4 4 4 4 3 3 4 3 4 None 4 4 4 4 4 6 3 4 4 4 4 4 3 4 5 4 4 5 5 4 3 3 4 3 4 4 3 4 5 3 5 4 3 2 4 4 5 3 4 4 4 4 4 4 3 4 5 3 4 4 4 5 4 3 5 5 4 5 1 5 4 3 5 4 5 5 6 5 4 4 3 3 3 4 5 4 3 3 4 4 3 3 3 4 3 4 4 3 2 3 2 4 4 3 2 3 4 4 4 5 
32 30 28 34 26 18 12 14 13 15 13 16 20 10 3 4 3 4 4 4 3 4 4 3 4 4 4 2 3 4 4 3 2 2 2 3 4 1 3 4 3 3 3 3 4 4 5 3 3 3 4 4 4 3 4 5 3 4 2 4 4 2 5 3 4 3 3 3 3 4 3 3 3 4 3 4 2 3 4 4 2 4 4 4 4 3 3 2 3 4 4 2 4 4 2 4 4 3 5 1 3 3 4 3 4 4 4 4 5 4 4 1 3 3 2 3 4 3 4 4 4 4 3 2 4 3 4 4 2 5 3 2 3 3 2 4 3 4 3 5 4 4 4 4 3 3 4 4 4 2 2 4 4 3 3 4 2 3 4 3 3 4 4 3 2 3 3 3 4 4 4 3 3 4 4 4 3 3 4 4 4 4 4 2 4 2 3 4 3 3 2 3 4 4 3 4 5 4 3 2 4 2 4 2 3 4 4 3 3 4 3 3 2 3 4 4 1 3 4 4 2 3 4 3 3 2 3 3 3 2 3 4 1 3 4 3 3 2 4 4 4 4 4 4 3 3 4 3 2 3 3 4 4 1 2 3 3 3 4 3 5 4 2 3 4 3 5 4 3 3 2 2 3 3 4 4 3 3 4 3 4 4 4 3 5 4 4 3 4 4 4 3 4 3 4 4 3 4 5 2 3 3 4 4 4 3 4 3 4 4 4 3 2 3 5 2 3 3 4 3 3 3 4 4 3 4 4 4 4 4 4 3 3 3 4 3 4 4 3 4 3 4 4 2 3 4 3 2 3 3 4 2 2 4 3 3 2 4 4 3 3 3 3 3 3 2 4 4 3 4 3 2 3 4 3 5 2 4 2 4 4 2 4 4 4 4 2 1 2 4 4 3 4 3 3 3 4 3 4 4 None 2 3 3 4 5 3 3 3 2 3 4 3 4 4 3 4 4 4 3 4 3 3 4 3 3 1 4 2 4 4 4 3 3 4 3 3 4 3 3 4 4 3 3 1 2 4 4 4 3 1 4 3 4 4 5 2 3 4 4 3 4 3 3 4 4 5 4 4 4 4 3 3 4 5 4 3 4 3 3 2 4 3 3 3 4 4 3 3 3 4 4 3 3 3 3 4 3 4 4 
33 31 29 35 27 19 13 15 14 16 14 17 21 11 4 4 4 5 4 4 5 4 5 5 4 6 4 4 4 5 5 3 3 4 4 4 4 1 3 3 3 4 5 4 4 5 5 4 4 5 4 4 4 3 4 5 4 5 1 4 4 4 4 3 4 4 4 3 3 5 3 3 2 3 3 3 4 4 4 4 2 4 4 3 2 5 4 2 5 5 4 4 4 4 4 5 5 4 5 3 3 4 5 5 4 5 3 5 6 5 4 3 4 4 4 5 4 3 4 4 4 4 4 3 2 4 4 4 4 5 4 4 5 4 4 3 4 4 4 6 6 4 4 4 5 4 4 5 5 3 3 5 4 4 4 4 4 4 5 5 3 2 5 4 4 4 4 4 3 4 5 4 5 4 3 4 4 3 5 5 5 2 4 4 4 2 4 4 4 4 4 4 4 5 3 4 4 4 3 3 3 4 5 4 3 3 5 3 4 4 5 5 4 5 5 4 3 4 3 5 3 4 4 3 4 2 4 2 4 4 5 5 3 5 4 5 4 2 4 4 5 3 4 5 4 5 3 5 4 4 3 4 4 3 4 3 4 5 4 3 5 4 4 5 4 3 4 3 5 4 4 4 4 4 4 3 3 2 3 5 4 4 5 5 4 5 5 4 4 2 5 3 4 4 4 5 5 5 4 3 4 5 4 4 4 3 4 3 4 3 2 4 4 4 4 4 5 3 4 4 4 3 5 5 4 4 5 6 4 5 4 5 5 4 4 4 3 5 3 4 3 4 4 4 3 4 4 4 5 5 4 4 4 4 5 4 4 5 4 4 3 5 3 3 4 4 4 2 1 5 5 4 4 4 3 5 2 5 4 4 5 4 3 5 5 4 4 3 4 4 3 5 4 3 2 3 4 4 4 4 2 None 4 3 3 5 4 3 4 4 5 4 5 4 5 5 4 5 4 5 4 4 5 5 4 3 3 4 2 5 4 4 3 4 5 5 3 3 4 4 4 3 3 5 3 4 4 5 4 4 3 3 4 4 4 6 4 4 4 5 4 4 2 3 3 3 5 5 2 4 5 3 3 3 5 4 5 5 4 4 4 3 4 5 5 4 4 3 4 4 4 4 4 4 2 1 4 4 3 3 
32 30 28 34 26 18 12 14 13 15 13 16 20 10 3 4 3 4 4 4 3 4 4 3 4 4 3 3 4 4 4 4 3 4 4 4 3 4 4 4 4 5 3 4 3 4 5 4 4 4 3 3 4 3 4 5 3 3 4 3 3 4 5 3 2 4 4 4 5 3 5 4 3 3 3 2 3 4 4 4 4 3 3 2 4 4 3 3 4 4 4 3 4 5 4 3 5 3 4 3 5 3 4 4 3 4 4 3 4 5 3 4 3 3 5 2 4 4 5 4 3 4 4 5 3 4 4 4 4 5 4 4 4 4 4 4 5 4 4 5 5 4 4 4 4 4 5 5 3 4 3 4 3 4 3 3 5 4 3 3 4 4 4 4 3 5 4 3 4 5 5 3 2 4 4 3 3 4 4 3 5 2 4 3 4 4 3 3 3 3 4 3 2 4 4 3 4 3 4 4 5 3 3 5 4 4 4 3 3 4 4 4 3 4 3 4 4 3 3 5 3 3 4 3 4 3 2 4 1 2 4 4 4 4 5 5 4 4 4 4 4 4 3 4 4 4 3 4 2 3 4 4 4 4 4 4 2 3 3 4 4 4 4 3 4 3 3 3 3 4 4 4 3 4 5 3 2 4 4 4 5 3 4 3 3 2 5 4 5 3 5 4 4 4 5 5 4 4 4 3 4 4 4 5 3 4 3 4 4 4 4 4 4 4 4 4 4 3 4 4 4 3 5 3 2 4 4 3 4 5 2 4 3 3 4 4 3 4 3 4 3 4 5 4 4 5 4 4 4 4 3 4 3 2 3 5 3 4 4 4 4 5 4 5 4 2 2 4 4 4 4 4 4 3 4 3 5 3 3 3 4 5 4 4 5 4 3 2 1 3 4 2 5 3 4 3 4 3 4 4 3 4 None 3 4 5 3 4 4 4 4 3 2 5 4 4 4 4 3 3 2 3 2 4 3 2 4 1 4 3 4 5 4 3 3 4 4 3 3 2 4 4 5 3 4 3 5 3 4 2 4 4 4 3 4 6 3 4 3 5 4 4 3 4 5 4 5 4 5 3 4 4 2 4 5 4 4 4 4 3 3 4 3 4 2 4 4 1 4 4 4 4 4 4 3 3 4 3 4 5 
32 30 28 34 26 18 12 14 13 15 13 16 20 10 3 4 4 4 4 3 4 3 4 4 3 4 3 3 4 2 4 4 3 2 3 3 4 4 4 3 4 4 4 3 3 4 4 3 3 5 4 3 3 2 4 4 3 2 4 4 3 4 5 3 4 4 4 3 3 5 4 4 3 4 4 4 5 2 3 4 3 2 4 4 4 4 3 4 4 2 3 4 4 4 5 4 3 3 4 3 4 4 4 4 3 3 3 4 5 4 3 4 3 3 4 2 4 4 4 3 2 4 4 3 3 4 4 3 4 4 4 3 5 2 4 4 3 3 4 6 6 5 4 3 5 4 4 5 4 4 3 2 5 4 4 4 4 4 3 4 4 3 4 4 4 4 4 3 3 3 3 4 3 3 2 3 3 4 3 4 4 3 4 4 4 3 2 3 3 3 4 3 3 4 3 3 4 3 4 3 3 1 4 4 4 3 4 2 4 3 4 2 3 4 4 3 3 4 2 4 3 4 4 4 5 4 3 2 3 2 4 4 2 4 4 4 3 4 5 3 4 4 3 4 4 4 3 5 3 1 3 4 4 4 4 4 4 3 3 4 4 4 4 4 5 4 3 1 4 4 3 4 4 4 4 3 4 2 3 5 3 4 4 3 5 4 4 3 5 3 2 3 4 3 4 5 2 4 3 4 5 4 4 4 4 3 4 3 4 4 3 3 3 3 3 4 3 3 3 3 5 4 3 3 3 3 4 5 4 4 3 5 4 4 4 4 4 4 1 4 4 4 3 2 3 4 4 3 2 3 4 3 4 4 4 3 4 3 3 3 4 3 4 2 3 3 2 1 2 4 4 5 4 4 4 3 4 3 4 4 4 5 2 3 3 4 2 3 3 4 4 3 3 3 3 2 1 3 3 4 3 3 3 None 3 5 3 4 3 4 3 4 4 4 4 3 3 4 5 4 4 4 4 4 3 3 4 4 3 4 4 4 2 3 4 3 2 4 2 2 2 3 4 4 4 4 4 4 2 4 4 4 4 3 4 5 3 4 4 4 3 4 4 4 4 4 4 3 3 3 4 2 2 3 5 3 4 3 3 3 4 3 4 2 3 3 3 3 3 4 2 3 4 4 3 3 3 3 4 5 
31 29 27 33 25 17 11 13 12 14 12 15 19 9 2 3 4 4 3 4 4 4 2 4 4 5 4 3 4 4 4 4 2 3 4 3 4 4 3 4 4 4 4 3 4 4 3 3 3 5 5 4 4 5 3 4 3 3 2 4 3 3 4 4 4 4 4 4 4 5 4 4 3 3 4 2 4 4 4 3 4 3 3 3 5 4 2 4 3 3 4 4 3 3 4 4 4 4 5 4 3 4 4 4 4 3 4 4 4 4 5 4 4 4 4 4 4 4 4 4 1 3 3 5 4 3 4 4 4 4 3 4 4 4 5 4 4 4 5 5 5 3 3 4 3 3 2 4 5 5 4 3 4 4 4 5 4 3 3 4 4 2 5 4 4 4 4 4 4 4 3 3 4 4 4 2 3 3 2 3 4 4 1 3 4 4 4 3 3 4 4 5 4 3 2 3 5 3 4 3 4 4 5 4 5 2 4 4 5 4 3 4 3 2 4 2 4 4 4 5 4 4 4 2 4 3 4 4 3 3 4 5 3 4 5 4 1 4 4 4 4 4 5 4 3 4 3 4 4 4 3 3 5 4 3 5 4 4 4 5 3 3 4 3 4 3 4 3 4 4 4 3 4 3 4 5 4 3 3 4 3 3 4 4 4 4 5 4 4 4 4 4 4 3 3 4 3 4 4 3 4 3 3 4 4 4 5 2 3 4 4 4 3 4 4 3 3 4 3 4 4 3 3 2 3 2 4 6 4 4 4 4 3 1 3 5 3 2 2 3 3 3 5 3 2 5 4 3 4 4 4 5 4 4 4 3 4 2 3 3 2 4 4 3 4 3 3 4 3 4 4 3 2 3 4 4 5 4 3 4 3 5 4 4 3 3 3 4 4 4 4 4 4 3 1 2 3 4 3 4 4 3 4 3 None 2 3 2 2 4 4 4 4 4 3 4 4 4 5 4 3 3 4 3 4 2 4 4 3 3 4 5 4 4 4 4 3 3 3 4 4 2 5 5 3 4 5 4 3 3 4 3 4 4 3 3 4 2 3 3 3 5 3 4 4 4 5 4 3 5 4 4 4 5 5 4 3 4 4 3 3 4 3 3 4 3 4 3 4 2 4 4 4 4 4 4 4 3 3 3 
33 31 29 35 27 19 13 15 14 16 14 17 21 11 4 4 4 5 3 4 4 6 4 5 5 5 5 5 4 3 5 4 4 3 4 5 5 5 5 5 4 6 4 4 4 5 5 5 5 5 6 5 5 5 2 5 5 4 4 3 4 4 6 3 4 5 5 5 4 4 4 5 3 4 5 4 4 5 4 5 5 5 5 4 5 4 4 6 5 5 5 5 3 5 6 6 5 4 5 4 5 5 5 5 4 5 5 4 5 5 6 5 6 4 5 5 5 4 4 3 3 5 3 4 5 5 5 5 4 6 5 5 5 5 5 5 4 4 5 6 6 4 5 5 5 5 4 5 4 5 5 4 5 5 5 5 6 5 5 6 5 4 6 3 4 3 5 5 4 4 3 5 6 5 4 4 4 5 4 5 6 6 3 5 6 5 4 5 5 5 4 6 5 5 4 5 5 5 5 5 5 6 3 5 6 4 5 5 5 5 4 4 5 4 5 4 5 4 5 4 5 4 3 4 4 5 6 5 5 5 4 6 5 5 6 6 3 4 5 5 5 4 5 4 5 5 5 5 6 4 4 3 4 5 5 3 5 5 5 6 5 5 5 5 5 5 5 5 5 5 6 5 5 3 6 5 5 5 4 5 5 5 5 6 6 5 6 4 5 6 5 5 5 4 5 6 5 6 6 5 4 5 5 4 5 5 6 4 5 5 6 5 5 3 6 5 4 5 5 5 6 5 4 4 3 4 5 6 5 4 4 6 5 3 4 5 5 4 4 5 4 4 4 4 3 4 6 5 5 5 5 6 6 4 4 4 5 4 5 4 4 5 4 5 5 5 5 5 5 4 5 4 4 4 3 4 4 4 5 5 5 6 5 5 5 5 5 6 6 6 4 5 5 2 3 4 4 4 5 6 5 5 5 5 2 None 5 4 4 4 5 4 5 4 5 4 4 5 5 4 5 5 5 3 5 4 5 4 5 5 4 6 5 6 4 6 4 5 5 5 5 4 6 5 5 5 5 5 4 5 5 5 5 5 4 5 4 4 5 4 5 4 5 5 6 5 6 5 5 5 6 5 5 6 5 4 5 4 5 5 5 6 5 5 6 4 5 5 5 4 5 4 3 5 4 5 5 5 5 5 
32 30 28 34 26 18 12 14 13 15 13 16 20 10 3 2 3 4 5 3 4 5 3 4 3 4 4 1 3 4 4 4 3 3 3 4 3 3 3 3 3 4 4 4 3 4 3 4 2 4 2 3 4 4 3 4 4 4 3 4 4 4 5 4 4 3 3 3 3 4 3 3 3 4 3 1 3 4 4 3 3 4 4 2 4 3 4 3 3 3 3 4 4 5 4 4 4 4 5 4 4 4 5 3 3 3 4 3 4 5 4 4 4 3 4 2 4 3 4 3 4 3 2 4 4 4 4 2 4 3 4 4 4 3 5 1 4 2 4 5 5 3 4 4 4 4 4 5 4 5 3 3 3 4 3 4 4 4 4 2 4 3 2 4 4 4 4 4 4 4 4 3 3 5 4 2 3 3 3 4 3 4 3 4 4 4 3 3 4 3 4 3 4 3 3 4 5 2 2 3 3 3 5 3 4 3 4 4 3 5 4 3 4 4 4 4 4 4 4 4 3 4 4 4 3 4 3 5 2 3 4 4 4 4 6 5 4 3 2 4 4 4 4 4 3 5 4 4 2 2 2 4 4 3 4 3 3 4 5 4 3 2 4 3 4 3 3 4 3 3 3 4 4 4 4 4 4 4 3 3 4 5 4 4 3 3 5 4 4 4 3 4 3 4 3 5 1 4 5 3 4 4 4 3 3 3 4 3 2 4 3 4 4 4 4 3 4 4 5 3 4 2 3 3 4 4 5 3 4 4 4 5 4 2 4 4 4 4 4 5 4 3 4 3 4 4 3 2 3 4 3 3 4 4 4 4 5 4 3 2 4 5 4 4 3 4 3 4 3 4 3 2 2 3 4 4 4 3 3 4 4 4 3 3 5 4 4 2 3 3 4 5 4 4 2 3 4 3 4 3 3 4 3 3 3 5 None 1 3 3 5 3 4 3 4 3 4 4 4 3 2 2 3 3 4 4 4 3 2 4 4 5 2 1 3 3 4 4 4 3 3 3 5 4 3 3 4 3 4 3 3 2 5 3 3 4 4 4 2 3 4 4 2 3 3 3 5 4 2 4 2 3 3 5 5 3 3 4 4 4 4 3 4 5 4 3 3 3 3 3 4 3 3 4 3 4 3 3 4 3 
33 31 29 35 27 19 13 15 14 16 14 17 21 11 4 3 4 4 4 2 3 4 4 4 4 3 5 2 2 3 4 3 2 3 3 3 4 2 4 4 4 4 4 4 4 3 4 4 1 3 3 2 4 5 2 5 3 4 2 3 4 4 4 4 3 4 3 4 4 4 2 2 3 4 2 2 4 3 4 3 3 3 4 3 4 3 4 3 4 3 4 3 3 4 3 3 4 3 5 4 4 3 4 2 4 4 3 4 4 4 5 3 4 4 4 3 4 3 4 3 3 4 1 3 3 3 4 3 4 4 4 3 4 2 5 2 4 3 4 4 4 2 3 3 3 3 3 5 4 4 4 2 4 3 4 4 3 3 3 3 3 2 3 4 3 3 3 3 3 3 4 3 3 4 4 3 4 3 4 5 4 4 3 4 4 3 2 3 3 3 5 4 4 3 2 3 4 3 3 3 3 3 4 2 4 4 4 4 4 5 3 4 4 4 4 4 3 3 3 4 4 4 4 3 2 3 4 4 3 3 4 5 3 3 5 4 3 3 3 4 4 4 5 4 3 4 4 3 3 3 3 3 4 4 3 3 4 3 4 3 4 3 4 4 4 3 4 5 4 4 3 3 3 3 4 5 3 4 4 4 3 4 5 4 4 4 4 4 4 4 4 4 3 3 3 5 2 4 4 3 4 4 3 2 3 3 4 2 1 3 2 3 4 3 4 4 3 4 4 4 3 3 2 4 3 3 4 4 3 4 3 4 4 3 4 3 3 4 3 4 3 4 3 4 3 4 2 1 4 5 2 3 4 3 4 3 4 3 4 3 4 4 4 3 4 3 4 4 3 4 2 1 3 4 4 4 3 4 3 4 5 3 4 4 4 3 4 3 4 2 4 4 4 3 1 2 3 2 3 4 3 3 4 4 2 4 1 None 4 2 4 3 4 4 3 2 4 4 3 2 3 3 4 4 4 4 4 4 1 3 4 4 3 2 4 4 4 3 4 4 4 2 4 3 2 4 4 3 4 3 2 1 4 4 3 3 3 4 3 4 3 3 3 4 4 4 5 3 3 4 3 3 4 5 4 2 3 4 3 4 3 4 3 4 3 3 4 4 4 4 4 3 2 4 4 4 4 4 3 2 
32 30 28 34 26 18 12 14 13 15 13 16 20 10 3 4 4 5 3 4 4 5 2 4 4 5 4 3 4 4 4 4 3 1 3 4 2 4 5 3 3 5 4 4 4 3 4 4 3 5 4 3 4 4 5 5 5 4 4 3 4 4 4 3 4 5 3 4 2 4 4 4 3 4 4 2 4 4 4 4 4 4 4 3 3 4 4 4 4 3 4 3 4 5 4 4 3 2 4 2 4 5 3 5 4 4 4 4 5 2 5 4 4 4 4 4 4 4 2 3 3 3 4 4 4 4 4 4 4 5 4 3 5 4 3 4 2 3 4 5 5 4 4 4 3 4 4 4 5 3 4 2 3 5 4 4 4 4 4 4 4 2 4 3 4 5 4 4 4 5 5 2 3 5 4 3 2 3 4 4 2 4 3 4 5 3 3 4 3 5 4 4 4 2 2 4 5 3 4 4 4 3 4 5 4 4 5 4 4 4 4 3 3 4 4 4 4 3 3 4 4 4 3 3 3 5 4 5 3 4 4 5 4 3 3 2 3 4 3 3 5 4 4 4 4 2 4 5 4 2 4 3 4 4 5 4 3 3 4 4 4 2 3 5 4 3 4 4 5 4 4 4 4 3 5 4 3 4 3 5 3 5 5 4 4 4 4 3 4 4 4 3 2 4 4 3 3 4 4 3 4 3 3 4 4 4 4 4 5 3 4 4 4 3 4 4 4 4 5 3 4 3 4 2 3 4 5 5 4 4 5 4 3 1 2 4 3 4 4 4 3 3 4 3 4 3 4 4 2 4 4 5 5 4 4 3 3 4 4 4 4 4 3 3 4 3 4 3 3 4 4 4 3 4 3 4 4 4 3 4 5 4 4 5 5 2 4 4 4 4 4 4 4 2 3 4 4 5 4 4 3 4 4 3 2 4 3 4 None 4 4 4 3 4 4 3 3 4 4 4 3 4 4 4 4 4 3 4 4 3 5 3 4 3 4 4 4 5 3 3 3 4 4 4 3 4 4 4 4 4 4 5 5 3 4 3 4 4 3 5 4 5 3 4 5 4 6 3 4 4 4 3 4 4 5 4 4 4 3 4 4 4 4 4 3 1 4 4 4 4 3 3 4 4 4 4 4 4 3 4 
33 31 29 35 27 19 13 15 14 16 14 17 21 11 4 4 5 4 4 4 3 4 6 4 4 5 4 4 4 5 5 4 4 3 4 5 4 3 4 4 3 5 5 3 2 3 5 4 1 4 4 4 4 3 2 4 5 4 4 3 3 2 5 3 4 5 1 2 4 2 4 3 4 3 4 4 3 4 4 3 3 4 3 4 5 4 4 3 4 5 4 4 3 2 4 4 5 4 5 3 4 5 4 3 4 3 5 5 4 5 5 1 5 4 3 4 4 4 4 5 3 4 3 2 3 4 4 5 4 4 5 4 4 2 4 4 4 4 4 5 6 4 4 5 5 4 5 5 4 3 4 2 3 3 4 5 3 4 3 4 1 3 4 4 4 1 4 4 2 4 5 4 3 4 5 4 4 2 4 4 5 4 4 3 3 4 3 3 4 3 4 4 5 4 4 4 3 4 3 4 5 3 4 4 4 5 4 4 4 5 4 4 4 5 5 4 3 4 5 3 4 4 5 4 4 3 4 3 5 3 5 5 3 3 5 5 4 4 4 4 4 4 4 4 3 5 5 3 4 4 4 4 4 2 3 5 4 3 4 3 4 4 4 4 5 4 4 4 4 4 4 3 3 3 5 3 3 5 5 5 3 3 6 4 5 4 4 4 4 5 4 4 4 3 5 5 4 4 6 3 4 4 4 4 4 3 4 4 3 3 4 3 4 3 5 4 4 2 3 3 5 3 4 5 4 4 4 5 5 5 5 5 4 5 4 5 4 5 4 5 4 4 3 4 3 5 4 3 4 4 4 4 4 3 4 4 4 4 3 3 3 3 3 4 4 4 5 4 4 4 4 3 4 5 5 4 4 4 3 2 4 4 3 3 5 4 4 3 4 2 4 5 4 4 3 4 4 4 5 4 2 4 4 4 4 4 3 2 4 None 4 5 4 4 4 4 4 5 5 4 5 5 4 4 4 2 3 5 3 4 5 5 3 3 4 5 5 5 4 3 5 4 3 4 3 4 4 3 4 4 3 3 3 4 4 3 3 4 4 4 2 3 5 4 3 4 6 4 4 3 2 3 4 4 5 4 4 4 4 4 4 4 3 5 3 3 4 3 4 4 4 4 3 4 2 3 5 4 4 4 
33 31 29 35 27 19 13 15 14 16 14 17 21 11 4 5 3 4 3 4 3 3 4 3 4 2 4 4 3 2 4 3 4 4 4 4 3 4 5 4 2 4 4 3 3 3 4 4 4 4 4 4 4 4 4 5 3 4 5 4 4 4 5 4 4 4 4 4 3 5 5 4 4 4 3 4 3 4 3 5 4 4 3 5 4 3 3 3 4 3 5 3 4 5 4 2 3 4 4 4 3 4 4 4 4 3 4 5 6 4 4 4 4 4 4 4 5 4 4 4 3 3 3 3 4 2 4 5 3 5 3 2 3 4 4 4 3 3 3 4 4 2 2 3 5 2 3 2 4 4 4 5 4 4 4 4 5 4 4 3 4 3 5 4 3 4 4 2 4 3 2 4 2 2 3 3 3 4 4 4 5 4 4 3 3 4 3 4 4 3 4 3 3 3 4 5 5 3 3 3 4 4 3 3 3 3 5 4 3 4 3 4 3 4 3 4 2 4 5 4 4 4 4 2 3 3 4 4 4 3 1 5 4 2 1 2 4 4 4 4 4 4 3 4 4 4 3 4 4 4 3 5 4 4 4 4 4 4 4 4 4 5 5 3 5 4 4 4 3 4 3 3 1 4 4 4 2 3 4 4 4 1 3 3 5 3 5 4 4 4 4 4 4 4 4 5 4 5 6 4 4 3 4 4 4 3 4 3 4 3 4 3 4 4 2 4 4 3 3 4 4 4 4 4 4 3 1 5 4 4 4 3 5 4 4 3 4 3 2 4 4 4 4 3 4 4 4 4 4 4 4 3 3 4 3 3 4 4 4 4 4 4 3 4 4 3 3 4 4 4 4 3 3 4 4 4 3 4 4 4 5 4 2 4 2 4 1 4 3 3 4 4 4 4 4 3 3 3 2 4 3 5 4 3 4 5 5 4 4 4 None 3 3 2 4 4 4 5 4 3 4 4 2 4 4 2 3 4 5 2 3 3 4 4 5 4 3 3 3 4 4 4 3 4 4 5 5 4 3 2 2 4 2 4 4 6 3 4 4 4 4 2 3 3 4 4 5 4 4 4 4 4 3 4 5 3 3 4 3 2 1 3 3 2 3 4 4 3 4 4 3 3 4 3 3 4 3 3 4 3 
31 29 27 33 25 17 11 13 12 14 12 15 19 9 2 2 4 1 3 2 3 5 4 4 4 5 3 4 4 3 5 4 4 3 3 4 4 5 4 4 4 3 3 3 4 4 5 3 4 5 3 2 4 4 3 4 4 4 4 3 4 4 3 3 3 4 4 4 4 4 3 4 3 3 4 2 4 3 4 4 4 3 4 3 2 4 3 4 2 3 4 4 3 5 5 4 4 4 5 4 5 3 4 4 2 4 3 2 3 4 4 5 4 4 3 4 4 4 3 1 4 2 3 5 3 3 3 3 3 4 4 4 1 4 5 2 3 4 4 3 6 4 2 3 3 4 4 5 4 4 4 4 3 3 4 1 3 4 3 4 4 4 5 3 4 4 2 2 4 4 3 3 4 4 4 3 4 4 3 4 2 4 3 4 3 4 3 4 3 3 4 4 2 3 3 4 3 3 3 4 3 4 4 4 2 3 5 5 4 3 1 3 4 3 5 5 5 4 3 4 4 4 3 4 3 4 3 5 3 3 3 5 3 4 4 5 4 4 1 3 4 4 5 4 4 4 3 4 4 4 3 3 3 3 4 4 2 3 4 4 4 4 3 4 3 3 4 4 5 4 4 5 4 3 5 5 4 4 3 3 4 3 5 4 4 4 5 4 5 4 4 4 4 4 4 5 3 4 4 4 3 4 5 3 4 3 4 4 4 3 4 4 4 4 4 3 2 3 3 4 4 3 4 4 3 4 4 4 2 3 4 5 3 3 3 4 4 4 3 4 4 2 3 3 4 4 2 3 4 4 4 4 4 4 4 2 4 3 4 3 4 4 4 4 4 3 3 4 4 3 1 2 3 4 3 4 4 4 3 4 4 5 4 3 4 4 4 4 3 4 4 5 3 2 4 4 4 4 3 4 4 4 3 4 4 4 3 3 4 5 3 None 3 4 4 3 3 5 4 3 1 2 4 4 4 4 4 2 4 4 3 4 4 4 4 4 2 3 4 4 4 5 4 5 4 3 5 3 3 4 3 3 4 3 4 5 2 3 4 4 4 4 3 3 4 4 4 4 3 4 4 3 3 3 4 3 4 4 3 4 4 3 4 4 4 4 3 4 3 4 4 3 2 2 4 5 5 4 5 4 
32 30 28 34 26 18 12 14 13 15 13 16 20 10 3 4 3 2 4 4 4 5 5 4 3 3 3 3 2 4 4 3 5 2 4 4 4 4 3 4 4 4 4 4 3 4 4 4 4 3 4 3 3 4 4 5 4 3 4 4 3 3 4 3 2 4 4 4 3 4 4 4 3 2 4 3 4 4 4 4 4 3 3 2 4 4 4 4 4 3 3 1 4 5 4 3 5 1 5 3 4 3 3 4 3 4 3 3 4 4 5 4 5 3 5 4 2 5 4 4 3 3 3 3 4 4 2 4 2 4 2 3 4 3 4 5 3 4 3 5 5 4 3 3 4 3 3 3 3 4 3 3 3 3 3 3 3 4 4 4 4 4 5 4 3 3 3 1 3 4 5 4 3 3 4 4 3 3 3 1 3 4 4 5 4 4 2 3 4 4 4 2 2 4 3 3 4 4 3 3 4 4 3 4 4 3 4 4 3 4 2 4 3 3 3 4 2 4 4 3 3 4 4 4 4 3 4 4 3 3 4 4 4 3 4 4 4 3 4 4 4 3 3 3 4 2 3 4 3 3 4 4 4 4 3 4 3 2 1 2 4 5 4 4 4 3 3 3 2 4 4 5 4 4 4 3 4 3 4 3 4 2 4 4 4 3 4 3 4 4 3 4 4 4 3 4 4 3 5 4 3 4 4 4 3 2 1 4 4 2 3 3 5 4 4 4 3 3 2 4 4 4 4 3 2 2 4 3 4 4 3 4 3 4 4 4 4 4 3 4 3 4 4 4 4 4 4 3 3 3 4 4 3 2 4 4 4 4 3 2 4 5 4 4 4 4 3 5 5 3 4 4 4 3 3 4 4 4 3 4 4 4 4 4 3 4 3 4 3 3 3 4 4 3 4 3 3 3 4 3 3 5 2 4 4 5 4 4 3 4 3 3 None 4 2 3 4 5 3 2 2 3 3 4 2 3 3 1 5 4 4 4 3 4 4 4 3 4 3 2 3 3 4 3 2 4 5 3 2 4 4 4 4 4 4 6 4 4 3 4 4 3 4 4 4 4 5 3 4 1 3 4 4 5 4 3 4 4 4 3 4 3 3 4 3 4 3 3 2 4 4 4 3 3 3 4 3 3 4 4 
33 31 29 35 27 19 13 15 14 16 14 17 21 11 4 5 4 3 4 4 3 4 5 5 4 4 4 3 5 3 4 3 3 4 5 4 5 3 5 3 4 5 3 1 3 4 2 4 4 5 4 4 4 4 5 5 4 3 5 4 3 2 4 2 3 5 4 4 4 4 3 4 4 4 4 4 5 3 3 5 4 4 4 3 5 3 4 4 4 4 4 4 4 3 4 3 3 5 4 4 4 4 4 5 4 3 4 4 5 4 5 3 5 4 5 4 4 5 4 4 4 3 4 3 3 4 3 4 5 5 4 4 3 3 5 4 4 1 3 6 5 3 2 3 5 2 3 4 4 4 4 4 4 5 2 4 4 4 4 4 4 5 4 4 5 5 2 4 4 3 2 2 4 4 4 4 3 5 2 4 4 5 3 5 3 4 4 4 4 3 3 4 3 3 4 4 4 5 4 5 5 4 4 3 4 3 4 4 4 5 5 4 3 3 4 3 4 4 3 4 4 3 4 4 3 2 4 4 4 3 1 5 4 4 3 4 3 4 4 4 4 4 5 4 3 5 4 5 4 4 4 3 4 5 4 2 3 3 3 4 4 4 5 4 4 4 4 3 5 4 4 4 3 3 4 4 4 4 3 5 4 3 5 3 3 3 6 4 5 5 3 4 4 4 4 5 4 4 4 4 5 4 5 4 4 3 4 3 4 5 4 2 5 4 4 3 4 5 5 3 5 3 4 5 4 4 3 5 4 4 5 4 4 4 4 5 5 3 3 4 4 3 4 3 4 4 4 4 4 4 4 5 5 4 5 4 4 5 3 3 2 2 4 4 4 3 4 4 4 4 4 3 2 3 4 4 3 4 4 4 4 4 4 4 4 3 3 4 4 5 3 4 4 3 4 3 4 4 2 4 4 4 5 4 4 4 3 4 4 4 2 4 4 None 2 3 3 5 4 5 3 4 4 3 5 3 4 4 4 2 3 5 4 4 4 4 4 4 2 4 4 5 5 5 3 5 3 4 3 3 4 3 4 3 5 5 4 4 4 3 4 4 4 4 4 2 6 3 4 5 4 4 4 4 5 3 1 3 4 4 3 4 3 4 4 3 3 4 5 3 2 4 4 3 3 4 3 4 4 4 
31 29 27 33 25 17 11 13 12 14 12 15 19 9 2 3 4 4 2 3 3 4 5 4 4 4 3 3 4 4 3 2 4 4 4 4 5 4 4 3 4 3 3 3 3 4 4 2 4 3 3 4 4 4 3 5 5 5 4 4 1 4 6 3 4 4 3 2 4 4 4 4 3 2 5 4 3 2 4 4 3 3 4 4 5 5 5 3 2 2 5 3 4 4 5 4 4 3 5 4 3 4 3 4 3 4 3 4 5 5 4 4 5 4 3 4 2 5 4 4 4 3 2 3 4 3 3 4 3 4 4 4 3 4 5 4 5 3 3 5 5 3 4 4 5 4 4 4 4 4 3 3 4 4 4 4 3 4 4 4 4 4 5 4 3 4 4 3 4 3 4 3 4 4 4 3 4 4 4 3 5 4 2 4 5 4 4 3 4 4 4 3 4 3 3 4 5 4 4 4 4 3 3 5 3 3 4 4 3 4 3 3 2 1 5 5 3 5 4 4 4 4 4 3 4 4 3 4 4 3 3 4 3 4 4 5 4 4 5 4 4 4 4 3 3 4 3 4 3 3 3 4 3 4 3 4 3 2 1 2 4 4 4 2 4 3 3 4 4 4 4 5 4 4 5 4 4 4 4 4 4 4 4 4 5 4 5 4 3 4 5 4 4 4 2 4 4 3 5 4 3 4 4 3 5 4 3 4 4 3 4 4 4 2 3 3 4 4 4 5 5 4 3 3 4 3 5 5 2 3 3 5 2 4 3 4 5 4 3 4 3 4 4 3 4 5 4 4 4 4 4 5 3 2 3 3 4 4 3 4 3 4 4 4 4 4 4 4 4 5 4 4 3 4 4 5 4 5 3 4 4 5 3 4 4 2 4 4 4 3 4 3 5 3 4 4 4 4 4 5 4 5 4 4 3 5 4 3 4 4 4 4 2 2 None 1 4 4 4 3 4 3 4 4 4 4 4 3 4 4 4 4 4 4 4 2 4 3 3 4 4 4 4 4 4 3 4 3 4 4 5 4 4 4 4 4 2 4 4 4 4 4 4 3 3 4 5 4 3 3 4 4 3 4 6 5 3 4 4 4 4 2 3 5 3 3 3 3 3 2 3 5 4 3 3 4 5 4 5 4 
32 30 28 34 26 18 12 14 13 15 13 16 20 10 3 4 3 4 3 2 3 4 4 4 4 3 4 2 4 4 2 3 3 3 4 4 4 4 3 3 3 2 4 4 4 3 4 2 3 4 4 4 4 4 2 4 4 4 4 3 2 4 5 4 4 3 4 3 3 4 4 4 4 3 4 4 4 3 4 4 4 3 3 3 4 4 4 4 3 1 4 4 3 4 5 5 4 4 4 4 4 3 2 4 2 4 3 3 4 4 3 4 4 4 4 3 3 4 3 4 3 3 1 4 4 2 4 4 4 4 5 3 2 4 5 3 4 3 4 6 4 2 3 3 4 4 3 4 3 5 3 3 4 3 4 4 4 4 3 3 5 4 4 4 3 3 4 3 4 4 4 2 4 4 4 4 4 5 4 3 4 3 3 4 4 4 4 4 3 3 3 4 4 4 2 4 5 5 3 3 3 3 4 4 4 4 5 4 3 4 4 3 3 2 4 4 3 4 3 5 4 4 3 3 3 4 4 4 3 3 4 5 2 4 5 4 4 3 4 3 5 3 4 4 3 5 3 3 2 2 2 4 2 4 4 4 3 3 2 3 5 3 5 3 4 4 4 3 3 3 4 4 3 4 4 4 3 3 3 4 4 4 4 3 4 4 4 4 4 3 4 4 3 4 1 4 3 4 4 3 4 3 4 2 4 3 4 4 3 4 4 4 3 3 2 2 4 4 3 4 4 4 2 2 3 2 4 5 1 2 3 4 3 3 3 5 5 3 4 4 3 3 3 3 3 4 3 3 4 4 4 4 3 3 2 3 4 3 4 3 4 3 4 3 4 4 4 4 4 4 4 3 3 4 3 4 4 4 4 4 5 5 4 4 4 1 4 3 4 4 4 4 4 4 3 3 4 3 3 4 3 5 4 3 4 4 3 2 3 4 4 3 3 3 1 None 4 5 3 2 3 4 3 3 4 4 4 4 3 4 3 3 3 3 4 3 4 2 4 3 3 3 5 5 4 4 4 4 3 4 4 3 4 4 4 5 1 3 3 3 4 4 3 2 3 4 5 3 4 4 4 3 2 3 5 4 4 4 3 3 4 3 4 5 4 2 4 3 2 3 4 4 3 2 4 4 4 3 4 3 
31 29 27 33 25 17 11 13 12 14 12 15 19 9 2 2 4 2 3 4 3 4 4 3 5 4 3 4 4 4 5 4 4 3 4 5 3 4 4 3 4 4 4 2 4 4 5 2 4 5 4 4 4 1 4 4 4 3 4 3 4 2 4 3 4 5 4 4 4 4 2 4 3 2 3 5 4 4 4 4 3 3 4 4 3 4 4 4 4 4 5 4 5 3 2 5 3 4 4 4 5 4 4 4 4 4 3 4 5 1 5 3 4 4 3 4 4 4 2 3 5 1 4 4 3 3 4 3 4 2 3 3 4 4 5 3 4 4 5 6 4 5 5 4 4 5 5 4 5 4 4 3 4 5 3 2 4 5 4 5 5 4 5 3 4 5 1 4 4 5 4 4 4 4 3 2 3 4 3 4 5 4 3 4 5 4 4 3 4 4 4 5 3 4 4 4 4 4 3 4 3 4 4 5 2 3 4 4 4 4 3 4 4 3 3 5 3 4 3 4 4 3 3 4 2 4 2 4 4 3 4 2 4 3 5 4 3 4 4 4 5 4 5 4 3 5 3 5 3 4 4 3 4 4 5 5 3 4 3 4 3 4 5 4 4 4 3 4 4 4 5 5 4 1 5 3 4 4 4 3 5 4 5 4 5 4 4 4 4 4 5 3 3 4 5 2 3 4 3 3 4 3 2 3 5 3 4 4 5 4 4 4 5 4 3 4 3 5 5 5 5 4 4 4 3 4 5 5 4 3 3 5 3 4 3 4 4 3 4 4 4 4 3 4 4 2 3 4 5 5 5 5 4 4 4 3 4 4 3 4 3 3 3 3 4 4 5 2 3 5 4 3 4 4 3 4 4 4 4 5 5 5 3 4 4 4 4 3 3 4 4 4 3 2 4 3 4 4 2 4 4 4 4 3 4 4 4 4 3 4 4 3 4 3 4 4 None 4 4 4 4 3 5 4 4 4 4 4 3 3 4 2 4 4 2 5 4 5 4 4 4 4 4 3 4 4 3 4 4 3 4 4 5 3 5 5 3 4 3 4 4 4 4 4 4 4 4 5 4 5 4 3 4 2 5 5 4 3 2 5 4 3 3 4 4 3 4 4 4 4 3 5 4 3 2 3 5 4 5 4 
33 31 29 35 27 19 13 15 14 16 14 17 21 11 4 5 4 4 5 4 5 5 4 3 5 5 5 5 4 4 3 4 4 5 4 5 5 5 5 3 5 5 4 4 5 4 5 4 4 5 4 5 5 5 3 5 4 4 4 5 4 5 5 5 5 5 5 5 4 6 3 5 3 4 4 3 5 4 6 4 5 4 4 4 6 4 4 5 4 4 5 4 4 4 5 5 4 4 5 4 4 4 4 2 3 5 4 5 6 5 5 5 5 3 4 4 4 3 4 4 4 4 4 4 4 4 3 5 4 4 5 4 5 4 5 4 5 4 6 6 5 4 5 5 4 4 4 5 5 5 5 4 5 4 5 5 5 4 4 5 5 3 4 5 3 4 4 5 3 5 5 3 4 5 4 5 5 4 5 6 5 4 4 5 6 4 4 5 5 4 5 4 4 5 4 5 2 2 5 5 4 3 5 5 5 4 5 5 4 5 4 3 2 3 5 5 3 4 4 5 4 4 4 4 5 4 4 4 3 5 5 4 4 4 4 5 4 4 5 4 4 2 3 4 5 4 4 4 4 4 4 2 3 4 4 4 4 5 4 3 5 2 4 4 4 3 3 5 5 4 5 5 5 5 6 4 4 4 4 5 4 5 4 3 5 4 5 5 5 4 5 5 5 3 5 5 5 5 3 4 5 4 5 5 3 5 6 3 4 4 5 4 4 4 5 4 3 4 5 5 4 4 5 5 4 4 6 6 4 5 5 4 4 4 4 5 4 4 3 4 3 5 3 3 2 5 4 3 4 4 3 5 5 4 4 3 3 4 5 4 3 5 4 5 4 5 2 5 4 5 4 4 4 4 4 1 5 4 4 4 5 6 3 4 6 4 4 5 5 3 4 3 5 4 4 4 5 5 3 5 4 5 4 4 4 5 4 4 4 5 5 5 5 5 4 5 4 None 4 5 4 5 4 5 5 4 5 4 4 4 4 6 4 3 5 5 4 3 4 4 5 5 5 5 4 5 4 5 5 5 5 4 5 5 1 6 5 3 4 4 5 5 4 4 5 5 5 4 4 4 4 4 4 5 5 5 5 3 4 3 4 4 5 5 4 3 4 5 5 3 5 4 3 4 4 4 5 4 2 3 
32 30 28 34 26 18 12 14 13 15 13 16 20 10 3 3 3 5 4 3 4 4 5 4 4 4 4 4 4 4 1 4 5 4 5 5 4 4 5 4 5 5 3 4 5 4 6 5 4 4 5 4 5 3 3 4 4 3 3 3 5 3 5 4 4 4 4 4 4 4 4 5 2 3 5 4 4 4 5 3 4 4 4 3 3 4 5 5 5 4 4 3 2 5 4 4 5 3 4 4 5 4 5 4 4 4 4 4 4 5 5 4 2 3 5 4 3 5 4 4 4 4 2 4 4 4 3 4 3 4 2 4 4 3 5 4 4 5 4 5 5 3 3 4 6 4 3 3 5 5 3 4 4 5 4 4 4 3 5 5 5 3 5 4 3 4 4 2 3 5 4 4 5 4 3 4 4 4 4 4 5 4 4 5 4 4 3 4 5 2 4 4 3 4 5 4 4 4 5 4 4 4 4 3 5 3 4 3 4 5 3 4 5 4 3 5 4 4 4 5 5 4 4 4 4 4 4 5 4 4 4 5 5 4 4 5 4 3 4 4 2 3 4 5 4 4 4 4 3 5 4 5 4 5 4 5 4 4 4 5 5 4 4 4 5 4 4 4 4 2 3 5 4 4 5 5 5 4 3 2 4 3 4 4 4 4 4 3 4 5 4 3 5 3 4 6 5 4 4 4 3 3 4 3 3 3 4 3 4 4 5 2 5 5 5 4 4 4 3 4 5 4 3 3 2 4 4 5 4 5 4 5 4 4 2 5 4 3 4 4 4 3 4 4 3 4 5 4 5 4 5 3 4 5 2 4 5 3 4 4 5 4 3 5 4 4 5 4 4 1 3 4 3 2 3 5 4 3 4 4 3 4 5 3 4 4 5 4 4 5 1 5 3 3 4 4 4 5 4 5 4 4 3 5 5 5 4 3 4 5 4 4 3 4 4 3 4 4 None 1 3 4 3 4 4 4 3 3 4 3 4 4 4 4 4 5 4 4 3 5 4 4 5 5 4 4 5 4 3 4 4 4 3 4 3 4 4 4 4 2 4 4 5 4 5 5 5 2 4 4 3 5 5 2 2 4 3 3 4 5 4 5 4 5 5 3 4 4 4 4 5 4 4 4 4 5 4 4 4 4 
32 30 28 34 26 18 12 14 13 15 13 16 20 10 3 4 2 4 3 2 3 3 4 4 3 3 4 4 4 3 2 3 4 3 4 4 5 4 5 5 4 4 2 4 4 3 5 4 3 5 4 3 4 4 2 4 3 2 4 3 4 4 5 3 3 4 4 4 4 4 4 4 3 3 4 3 4 3 5 4 4 3 4 3 4 4 4 5 4 3 4 3 3 4 5 3 5 2 5 4 5 3 4 4 3 4 3 3 4 5 4 4 3 3 4 4 4 4 4 3 3 4 1 3 4 4 4 4 2 3 3 3 4 4 5 4 4 5 4 6 4 2 3 3 5 3 2 4 4 4 4 4 4 4 4 3 5 4 4 5 4 4 5 3 2 3 4 1 3 4 4 4 4 4 4 5 4 3 3 3 5 4 4 4 4 5 2 4 5 3 3 4 2 4 4 4 4 4 4 3 3 4 4 4 4 3 5 4 4 4 2 4 4 4 4 4 3 4 3 4 4 4 3 4 3 4 4 4 4 4 4 5 4 3 4 4 4 3 4 4 3 4 3 4 3 4 4 3 4 4 4 5 4 4 4 5 3 4 3 4 5 5 4 5 4 3 4 3 4 3 4 4 3 3 4 5 4 4 3 3 5 2 3 3 4 4 4 4 5 4 3 4 4 2 3 6 4 4 4 3 4 4 4 2 4 4 3 4 3 3 4 3 4 4 4 4 4 3 2 4 4 4 2 2 1 3 4 4 3 4 5 4 4 3 3 5 4 4 4 3 4 4 5 4 3 4 4 3 4 3 4 4 3 4 3 3 4 2 5 4 4 4 4 4 3 4 4 4 4 2 4 3 3 2 3 5 5 4 3 4 3 3 5 3 3 3 4 4 4 4 2 4 4 2 3 3 3 4 4 4 3 5 3 4 4 4 3 2 4 4 3 3 2 5 3 2 4 5 1 None 2 3 4 4 4 3 2 2 3 4 4 5 5 4 4 4 4 3 4 4 3 4 5 5 4 5 4 4 2 4 4 3 2 5 4 5 3 4 3 3 4 5 4 4 5 5 5 3 4 3 4 4 4 3 3 3 4 3 4 4 3 4 4 4 4 4 4 4 4 4 4 3 3 4 4 5 3 4 4 3 
32 30 28 34 26 18 12 14 13 15 13 16 20 10 3 3 3 2 4 3 4 4 3 3 3 4 2 3 4 4 4 4 5 4 2 4 3 4 3 4 3 4 4 4 4 4 5 4 4 4 4 1 3 3 4 4 4 3 4 4 3 5 3 3 2 4 4 4 5 5 4 3 3 3 4 1 3 4 4 4 4 3 4 2 3 5 4 3 2 2 4 3 4 5 5 5 4 3 5 4 5 3 5 4 1 4 4 1 2 4 4 5 3 3 3 4 4 3 3 2 4 3 3 4 4 4 3 4 3 5 3 4 2 4 5 3 4 4 4 4 5 4 3 4 4 4 4 4 3 5 3 5 3 2 3 2 4 4 2 4 4 4 4 2 3 5 3 3 4 4 3 4 4 5 4 4 4 4 4 3 3 4 3 5 2 4 3 4 4 4 4 4 2 2 4 4 4 2 2 3 4 5 4 5 3 2 5 5 4 4 2 4 4 3 4 5 4 5 4 4 3 3 2 4 4 4 2 5 2 3 4 4 4 3 5 5 4 4 2 4 4 4 4 5 4 4 4 4 3 3 4 4 3 4 4 5 3 4 3 4 4 3 4 4 2 3 3 4 4 5 4 4 5 4 5 4 4 4 3 4 3 4 4 4 3 3 5 4 4 4 4 4 3 4 4 5 3 5 5 4 4 3 4 4 3 4 3 4 4 4 3 4 5 5 3 4 3 4 4 3 3 2 4 3 2 4 5 3 3 4 4 5 2 2 3 3 3 4 4 4 3 3 4 3 3 3 3 3 5 4 5 4 5 3 4 3 5 4 4 4 4 5 4 4 3 4 3 4 4 4 2 3 3 3 2 3 4 4 3 5 3 5 3 4 4 4 5 4 3 3 4 4 4 3 4 4 4 3 3 3 4 4 2 4 3 5 2 3 3 5 4 1 2 3 4 3 4 4 3 2 None 1 4 4 4 4 4 1 4 4 2 4 4 3 5 5 3 4 4 3 4 4 3 5 4 3 4 2 3 4 4 4 4 3 3 5 3 2 3 5 3 5 2 3 4 4 5 4 3 3 3 2 3 4 5 4 4 3 3 4 4 4 4 4 4 4 4 3 2 4 5 4 3 3 3 4 4 4 4 4 
32 30 28 34 26 18 12 14 13 15 13 16 20 10 3 4 4 3 4 4 3 4 4 2 3 4 3 3 3 4 5 4 4 3 1 4 4 4 3 4 4 4 4 4 4 5 5 3 4 3 4 2 4 2 3 5 4 4 5 4 3 4 4 3 3 4 4 4 4 4 5 4 4 4 3 2 4 4 5 3 4 4 3 3 4 4 5 4 1 3 4 2 4 4 4 4 3 4 6 4 4 3 5 5 2 4 3 2 3 4 5 4 4 4 2 3 4 4 4 3 4 3 4 4 4 4 3 4 3 5 2 3 2 4 5 3 4 4 5 5 5 5 3 4 4 4 4 3 4 4 4 4 4 3 4 3 4 4 3 4 4 4 4 3 4 4 4 3 4 5 4 4 3 5 4 3 3 3 4 4 4 5 2 4 3 5 4 4 4 4 4 3 3 3 4 4 5 3 3 4 3 4 4 5 3 1 5 4 3 5 3 4 3 2 3 5 3 4 4 4 4 4 3 5 3 4 1 4 3 4 4 4 4 4 4 4 4 4 3 4 4 3 4 4 3 3 4 4 4 4 3 4 2 3 4 5 3 4 4 4 4 4 3 3 3 4 4 3 4 4 4 5 4 4 5 4 4 4 4 4 3 4 5 5 4 4 4 3 4 4 3 3 2 4 4 5 3 4 4 4 4 4 4 4 4 3 4 3 4 4 4 4 5 4 4 5 4 4 4 4 2 3 4 3 3 4 4 4 3 4 5 5 2 3 2 2 4 5 3 5 4 3 4 4 3 4 4 4 4 3 5 4 5 3 5 3 4 4 4 3 3 5 3 4 4 4 4 3 3 5 3 3 4 4 3 4 4 3 2 4 4 5 4 4 3 4 4 3 2 4 3 4 4 3 4 3 4 4 2 3 3 4 3 4 3 5 2 3 4 5 4 2 3 4 3 4 3 5 4 3 1 None 4 5 3 4 4 2 4 4 3 4 3 3 4 5 4 4 4 3 3 3 4 4 3 2 5 2 2 3 4 4 5 2 4 4 4 2 2 5 4 4 3 4 3 5 6 5 2 4 3 3 4 3 5 4 5 4 4 5 5 3 5 4 5 3 5 4 3 3 4 3 2 3 3 4 4 4 4 3 
33 31 29 35 27 19 13 15 14 16 14 17 21 11 4 3 4 5 4 2 3 5 2 4 4 4 4 2 3 4 4 3 4 4 4 4 3 4 4 4 4 4 3 3 3 3 5 4 4 2 3 4 2 4 4 3 1 2 4 2 4 4 5 2 3 4 4 3 3 3 3 5 3 4 2 4 1 4 4 5 3 4 4 4 5 3 3 3 4 4 3 2 4 3 3 4 4 4 4 4 3 3 4 4 5 4 4 3 4 4 5 4 4 3 3 3 3 3 4 4 4 4 3 4 5 2 2 4 3 5 3 3 4 5 5 4 4 4 4 6 4 2 4 3 3 4 4 4 5 5 4 5 5 4 4 4 4 5 4 3 4 4 4 2 2 5 4 3 4 5 4 5 4 2 3 3 3 4 3 4 4 4 4 3 5 4 4 3 4 4 3 1 3 3 4 4 3 4 4 4 4 4 4 4 4 4 4 4 4 3 4 3 4 3 4 5 3 3 3 5 4 3 3 4 3 3 4 4 3 4 3 5 3 4 3 4 4 4 5 4 4 2 3 4 4 3 3 4 3 3 4 4 3 2 3 4 4 4 3 2 2 4 4 2 4 4 4 4 3 4 3 3 1 4 4 4 2 4 4 2 4 3 5 4 4 4 5 4 4 5 4 3 4 5 4 4 4 4 4 4 3 2 3 4 5 4 4 4 4 4 4 3 2 4 4 4 4 4 4 3 4 4 3 4 3 3 3 5 4 4 4 4 3 3 4 3 4 3 4 4 4 4 4 4 4 4 4 4 4 2 4 3 1 3 1 4 3 4 4 3 4 4 4 3 3 4 4 4 5 4 5 4 3 3 4 4 4 4 4 5 4 4 4 3 4 4 3 3 3 3 4 4 4 3 3 4 3 4 4 4 3 5 2 4 4 5 3 4 4 4 2 4 3 4 4 3 5 4 3 4 4 4 None 4 5 4 3 3 4 3 4 4 2 3 4 2 4 3 4 4 4 2 5 4 3 4 4 4 3 3 4 3 4 4 4 4 3 5 4 4 4 3 4 4 4 5 5 4 4 3 4 3 4 4 5 4 4 2 3 4 3 3 3 2 4 4 3 3 4 4 4 4 4 4 3 4 4 4 4 3 
32 30 28 34 26 18 12 14 13 15 13 16 20 10 3 4 4 5 4 4 4 5 4 4 3 5 5 2 4 4 5 3 4 4 4 5 5 4 4 2 3 3 4 4 4 4 4 3 5 4 4 3 5 5 4 4 3 4 5 5 3 5 4 4 4 3 5 4 4 5 4 3 4 5 2 3 5 4 5 3 3 4 5 4 5 5 4 3 4 4 4 5 3 5 3 4 4 4 5 5 3 4 4 4 5 2 4 5 4 3 4 5 4 4 4 3 4 3 5 5 4 4 3 4 3 4 4 4 4 5 4 3 3 4 4 3 3 4 4 5 4 2 4 4 4 3 3 5 5 5 3 4 3 5 5 4 4 4 5 3 3 3 5 5 4 5 5 5 4 4 5 4 4 4 5 4 3 2 4 3 3 4 3 5 5 4 4 4 3 5 3 5 4 2 4 4 4 4 4 4 4 4 4 4 3 4 5 4 4 5 4 4 5 4 3 3 5 5 4 5 3 4 4 4 4 4 4 5 4 2 4 5 3 3 5 4 4 3 3 2 5 4 4 5 4 5 4 4 4 4 2 5 3 4 3 5 4 3 4 4 5 3 5 4 5 4 4 4 4 4 4 5 3 5 5 4 4 4 3 5 3 4 5 5 4 5 5 4 5 4 4 4 3 3 3 4 4 4 5 4 4 3 4 4 5 3 4 4 4 3 4 3 4 5 5 2 5 4 5 4 5 2 4 4 3 4 4 6 2 1 4 5 4 4 3 3 4 4 4 5 4 2 3 4 4 3 3 4 5 5 4 4 5 3 4 3 5 4 5 3 4 4 4 4 3 4 4 4 4 4 4 4 1 2 4 5 4 3 3 3 3 5 5 5 5 4 4 3 4 5 4 5 5 4 4 3 4 3 3 3 4 5 4 4 3 3 3 4 4 4 4 4 4 3 4 3 4 5 4 4 4 5 4 None 2 4 4 4 5 4 5 4 4 4 4 5 4 3 3 3 3 4 5 4 4 4 3 3 4 3 4 3 4 4 5 5 3 4 4 4 4 3 4 4 5 4 5 4 4 3 4 3 3 4 5 4 2 3 2 4 4 4 4 4 4 4 3 3 4 2 3 4 3 2 5 4 4 4 4 4 
33 31 29 35 27 19 13 15 14 16 14 17 21 11 4 4 3 4 4 4 3 4 3 4 5 5 4 3 4 5 3 4 4 3 4 5 4 4 3 4 4 4 4 4 4 4 5 4 5 4 4 3 4 4 4 5 4 5 4 5 4 3 5 4 4 3 3 4 4 4 5 5 4 4 3 5 5 4 4 4 3 3 3 4 3 4 4 4 2 3 3 3 3 5 4 4 4 3 5 4 5 4 5 4 4 4 3 3 4 3 4 4 4 4 3 3 4 4 5 4 3 4 4 4 4 5 4 4 2 5 2 4 3 4 4 4 4 4 3 6 6 4 4 4 4 3 4 3 3 3 3 5 3 5 5 4 4 4 4 4 3 3 4 4 5 4 4 3 4 4 5 4 3 4 5 3 2 2 4 1 3 4 4 4 4 4 4 3 4 3 4 4 4 4 4 2 4 5 3 4 4 4 4 3 4 3 4 3 4 4 4 3 4 3 1 4 4 5 3 5 3 4 4 4 4 3 3 4 4 3 5 5 4 3 4 5 3 5 4 3 5 3 2 3 2 4 4 4 3 2 4 4 4 4 4 3 3 4 3 3 4 4 5 4 4 4 4 4 4 2 2 4 5 3 5 2 3 5 4 3 5 3 4 5 5 4 4 4 4 2 5 4 4 3 3 4 3 3 4 3 4 3 2 3 4 4 3 2 5 3 4 4 4 4 3 4 4 2 3 3 5 4 3 4 4 4 4 5 4 3 4 5 4 4 4 3 4 4 4 4 3 4 5 3 4 4 5 5 4 3 5 3 5 4 4 4 4 4 4 4 4 4 4 5 4 4 5 4 3 4 4 3 3 4 3 4 4 4 1 3 5 4 4 4 5 5 4 2 2 4 3 5 4 4 3 4 4 4 4 4 3 4 3 3 4 5 4 4 4 4 4 4 2 5 4 4 4 5 4 4 4 3 5 2 None 2 3 3 5 4 5 4 3 4 3 5 3 4 3 1 3 4 5 5 4 3 5 3 4 2 2 4 3 4 5 6 4 4 4 4 3 3 4 4 5 4 6 4 4 2 4 3 3 4 5 5 4 4 4 4 3 3 3 5 4 4 4 3 2 4 4 4 4 4 3 4 4 3 4 5 
32 30 28 34 26 18 12 14 13 15 13 16 20 10 3 4 4 4 4 4 5 3 4 2 4 3 3 4 4 4 4 4 4 4 5 4 3 2 4 4 4 5 4 3 3 4 3 4 3 4 4 4 4 4 4 5 4 4 4 3 3 4 6 4 4 4 3 2 4 4 4 4 3 2 4 4 4 4 2 4 3 4 1 4 5 2 2 3 4 4 4 4 4 3 4 2 5 4 3 3 4 4 4 4 4 4 4 4 4 4 4 3 5 3 4 4 3 4 3 4 1 3 4 4 3 4 4 3 3 4 4 3 3 3 3 5 4 4 3 6 5 4 2 3 5 2 3 4 4 4 3 4 3 4 4 4 3 2 4 4 3 4 4 5 4 3 4 2 4 4 3 4 4 4 4 3 3 4 4 3 5 2 3 3 3 3 3 3 3 3 3 4 3 3 4 3 4 4 4 4 4 4 3 3 3 4 4 3 4 4 3 4 4 4 3 2 4 3 4 4 4 3 4 3 3 1 3 4 3 2 3 4 4 4 3 4 3 3 5 4 4 4 4 3 4 5 3 4 2 4 4 3 4 4 4 4 3 3 3 3 4 4 4 3 5 4 3 4 2 4 4 5 3 4 4 4 2 3 4 4 3 1 4 3 4 3 5 4 3 3 4 4 4 4 3 5 4 4 5 4 3 2 3 4 5 2 3 3 4 4 4 3 5 4 4 4 3 4 3 3 4 4 3 4 4 2 3 5 4 4 4 4 4 3 4 5 5 4 2 3 3 4 4 4 4 4 4 3 4 4 4 4 4 2 3 3 4 2 2 4 2 4 2 3 4 2 3 4 4 4 4 4 4 4 4 3 3 3 3 4 3 4 3 4 4 4 3 3 3 3 4 4 3 4 3 3 3 3 4 4 3 3 2 3 2 4 4 4 4 2 2 4 3 3 4 4 4 4 4 3 4 4 4 4 2 None 4 3 3 2 3 5 4 3 4 4 3 3 3 3 3 3 4 4 4 4 5 3 3 4 3 4 4 3 5 5 3 4 3 4 4 3 3 2 3 3 5 4 4 4 3 4 3 4 5 3 3 4 3 3 3 4 1 3 3 4 2 1 4 4 4 3 4 3 3 3 3 3 4 4 
33 31 29 35 27 19 13 15 14 16 14 17 21 11 4 3 4 5 3 4 4 3 3 2 3 4 4 3 2 4 4 3 3 2 3 4 4 2 4 5 3 2 2 3 3 4 5 4 4 4 3 3 5 4 4 5 4 4 3 4 3 3 5 2 3 2 4 4 3 4 4 4 4 4 4 4 3 4 5 3 3 4 3 3 4 3 4 3 3 4 3 3 4 5 3 4 3 3 4 2 4 4 4 3 3 4 4 4 5 3 4 2 4 3 3 4 4 4 5 4 4 5 3 3 5 3 4 3 1 4 4 1 4 4 3 4 3 5 4 6 5 3 4 4 4 4 4 4 4 3 3 4 4 4 2 4 3 3 4 4 4 3 5 4 3 4 4 2 4 5 5 4 3 3 4 4 3 3 4 4 5 5 5 3 3 3 3 4 3 4 1 4 3 3 3 4 4 4 2 1 3 3 4 2 4 4 5 4 2 5 3 4 3 4 4 4 2 4 5 4 3 3 4 2 4 3 3 4 4 3 4 5 2 2 3 2 4 3 5 4 4 4 4 4 3 4 3 4 3 3 3 4 3 2 3 4 3 3 4 4 5 5 3 4 4 3 4 4 4 4 3 3 2 4 4 4 4 2 3 2 3 3 4 4 5 3 5 4 4 4 4 2 5 4 4 4 4 4 6 3 3 2 3 4 4 3 4 3 5 4 4 3 3 4 4 2 4 4 3 4 4 4 4 4 3 4 3 5 3 3 4 4 4 4 3 4 3 4 3 4 3 4 4 3 4 3 3 3 4 4 5 3 3 4 3 3 3 4 4 4 4 4 4 4 4 3 4 4 4 4 4 3 3 4 2 4 3 3 2 4 4 1 4 4 4 4 2 2 3 4 4 4 5 3 3 4 4 4 4 3 1 3 4 4 4 5 4 4 3 3 3 4 3 4 4 4 4 5 3 2 4 4 3 4 3 4 None 4 3 4 4 3 3 4 4 4 4 4 4 4 3 4 4 3 2 3 4 4 3 4 2 5 4 4 4 5 3 4 4 5 4 4 3 2 3 4 5 4 4 4 3 3 3 5 5 4 3 3 2 4 3 4 3 3 4 4 3 4 3 4 4 3 4 4 3 4 4 4 4 4 
33 31 29 35 27 19 13 15 14 16 14 17 21 11 4 4 2 3 3 4 4 4 4 4 4 4 3 4 3 3 4 3 4 3 3 3 4 4 4 4 4 4 4 3 3 4 5 3 4 4 4 2 4 4 3 4 3 2 3 3 4 4 4 2 1 3 4 5 4 4 5 4 2 3 4 2 4 5 3 4 4 2 4 1 3 4 4 4 3 3 4 2 3 5 5 4 5 2 4 4 4 2 4 3 2 4 4 2 3 5 4 5 4 2 4 3 3 4 4 3 4 4 3 4 4 4 3 4 3 5 3 4 3 4 5 4 4 5 4 5 5 4 4 3 5 4 4 4 3 5 4 4 2 3 2 2 4 4 3 4 4 3 5 3 2 4 4 2 3 5 4 4 3 4 3 4 4 3 3 2 4 3 4 4 3 5 2 3 4 3 3 3 1 3 4 4 4 3 3 4 4 4 4 5 3 3 4 4 3 4 3 4 3 4 4 4 3 4 4 4 3 4 3 4 4 4 3 5 2 3 4 5 5 4 5 5 4 3 3 4 3 3 3 4 5 3 4 4 3 4 3 4 3 4 3 5 3 3 2 3 4 4 4 4 3 2 4 4 3 4 4 4 4 3 4 4 3 4 3 4 4 3 3 4 4 2 5 4 4 4 4 5 4 3 4 5 4 4 5 4 4 3 4 4 2 3 2 3 3 3 4 4 4 5 4 4 4 4 3 4 3 3 4 2 1 3 4 2 4 5 3 5 3 3 4 4 4 3 3 3 4 4 4 3 3 4 4 3 4 4 4 4 4 3 3 4 4 4 4 3 4 4 3 4 3 3 3 4 4 4 3 4 3 2 3 4 5 4 4 4 3 5 4 3 4 3 4 3 2 4 3 3 4 2 4 4 3 2 4 4 4 4 1 4 4 4 3 4 4 5 4 2 1 4 3 4 4 4 3 2 1 2 3 4 3 3 4 None 4 3 3 5 4 4 4 4 3 3 4 3 4 4 4 4 3 4 5 3 3 3 5 4 4 4 4 6 4 3 3 4 4 4 3 4 5 5 5 3 4 2 3 3 3 4 5 3 3 3 4 4 4 4 4 4 3 4 4 2 3 4 4 3 4 4 3 4 3 3 3 4 
34 32 30 36 28 20 14 16 15 17 15 18 22 12 5 4 4 3 4 3 4 5 5 5 4 4 4 3 3 4 5 3 1 4 4 2 4 1 3 5 3 4 4 3 4 4 4 4 2 4 4 3 4 4 3 6 4 4 3 4 4 4 5 4 4 4 4 3 3 5 1 3 3 4 3 3 4 4 5 3 2 4 4 4 4 4 4 2 5 4 4 4 4 4 4 4 5 4 5 3 3 3 3 3 5 4 4 4 5 4 5 3 3 4 4 4 4 3 4 4 4 4 2 4 4 4 5 4 4 5 4 4 4 3 4 3 4 3 4 5 5 3 4 4 4 4 4 5 4 4 3 3 4 4 4 4 4 4 4 4 3 3 4 4 2 4 2 4 4 4 4 2 4 4 4 4 4 3 3 5 5 4 4 4 4 2 3 4 4 4 4 4 4 4 3 4 4 4 4 4 4 3 5 3 5 5 5 3 4 5 4 4 3 4 5 4 3 4 4 5 4 4 4 4 3 2 4 4 4 4 4 5 2 4 4 5 2 2 4 4 5 4 5 5 4 5 4 4 4 4 3 2 4 3 4 3 3 4 4 3 5 4 4 5 3 4 5 4 5 4 4 2 4 4 3 4 3 3 3 4 4 4 5 4 5 4 5 4 4 4 5 3 4 4 4 5 3 5 5 4 4 3 4 3 4 3 4 3 2 4 3 4 3 4 4 4 3 4 5 4 4 3 3 4 3 4 5 4 3 4 4 5 4 4 4 4 4 3 4 4 3 4 2 4 4 5 3 2 4 5 3 2 4 4 3 3 4 4 5 4 3 4 4 4 3 4 4 4 3 5 3 2 4 4 5 3 2 4 4 4 4 4 4 4 5 3 4 3 3 3 4 4 5 3 2 3 4 3 4 5 2 2 4 3 3 5 2 1 4 3 5 4 5 4 4 3 3 4 4 3 4 4 4 5 5 3 3 4 None 3 4 4 3 3 5 5 4 4 4 4 4 3 3 4 3 4 5 4 5 4 3 2 5 5 4 4 3 4 4 4 4 4 4 4 4 4 5 4 4 4 4 4 4 5 5 3 4 5 4 5 4 5 4 5 4 3 4 4 4 4 4 4 3 3 3 3 4 5 4 3 
33 31 29 35 27 19 13 15 14 16 14 17 21 11 4 4 4 5 4 4 4 4 3 4 4 4 3 4 4 3 4 4 3 4 4 2 5 4 4 4 4 4 4 3 4 3 4 4 4 5 3 4 3 4 4 5 4 4 4 2 4 3 6 4 4 4 4 4 5 3 4 4 3 2 5 3 4 4 3 5 3 4 3 4 5 3 4 4 4 4 4 3 4 3 4 4 4 4 4 3 4 3 2 4 3 4 3 4 5 4 4 4 4 3 5 4 4 5 4 4 3 3 3 5 5 2 2 4 5 4 3 3 3 4 4 3 4 3 3 5 4 4 2 3 3 3 4 4 2 4 3 4 4 4 4 4 4 3 2 4 5 4 4 4 4 5 4 4 4 3 2 4 4 4 4 4 5 4 4 4 4 4 4 5 3 4 4 4 4 3 4 2 4 3 4 4 4 4 3 4 3 3 4 2 4 4 4 4 2 4 4 4 5 5 4 4 4 3 3 4 3 3 4 4 1 3 4 4 2 3 1 5 4 4 3 3 4 4 4 5 4 3 4 5 4 4 3 5 3 4 4 4 3 5 4 4 3 3 3 3 4 5 3 4 5 5 4 4 4 3 4 4 3 2 3 4 4 4 4 5 5 3 5 1 3 1 4 4 4 3 5 5 2 4 5 5 5 3 4 3 3 2 3 2 5 4 5 4 4 4 4 1 5 5 4 4 4 5 5 3 4 3 4 3 4 4 3 5 4 5 4 3 3 2 5 5 5 3 3 4 4 4 3 3 4 5 4 3 2 3 4 4 3 4 3 4 2 4 4 4 4 4 4 4 4 4 2 3 4 4 3 2 3 4 4 3 5 5 4 4 5 3 4 4 4 3 3 4 4 4 2 4 5 3 4 4 4 4 4 3 4 5 3 4 3 5 4 3 3 4 2 4 4 2 4 4 3 4 3 4 4 4 3 4 4 2 4 3 3 None 3 5 3 4 3 3 4 4 4 5 5 5 4 4 4 5 5 4 4 4 3 4 4 3 4 6 3 5 4 4 4 4 3 3 4 4 5 5 4 4 3 4 3 5 5 3 2 3 4 3 3 5 1 4 3 4 4 3 3 4 4 3 3 4 3 4 3 5 4 3 
31 29 27 33 25 17 11 13 12 14 12 15 19 9 2 3 4 4 4 4 3 5 5 5 5 5 4 5 5 2 4 4 4 4 4 5 5 3 4 5 3 5 4 4 4 3 5 4 4 5 5 3 2 5 4 4 4 4 4 4 4 4 5 5 4 5 5 4 5 5 4 3 4 5 4 3 5 3 2 5 4 5 4 4 5 4 5 4 4 2 5 4 4 4 5 4 5 5 3 5 5 5 4 4 1 4 3 3 4 3 4 4 5 4 4 5 4 5 5 4 4 4 3 4 4 3 3 5 3 6 4 5 4 4 5 4 4 4 3 6 4 4 3 4 5 4 3 5 4 6 4 5 4 2 5 4 5 4 2 5 5 4 4 4 5 5 3 4 5 2 1 5 4 5 5 3 4 5 4 4 4 2 3 5 4 4 4 4 4 4 4 3 4 4 4 4 4 4 4 4 3 4 5 3 4 4 4 3 4 4 3 4 4 3 5 5 5 4 5 4 4 3 4 5 3 2 4 4 4 3 2 5 4 4 4 5 3 4 3 5 5 4 5 5 4 4 3 4 4 3 4 4 5 5 5 5 5 4 5 4 3 4 4 4 4 5 4 5 5 4 4 5 4 4 5 5 4 4 4 4 4 4 4 4 5 3 5 5 5 4 5 3 4 4 4 4 4 5 6 5 4 4 4 2 5 3 4 4 4 4 4 2 5 4 3 5 5 5 5 3 3 4 4 3 4 4 4 5 4 5 4 5 4 4 3 5 4 2 4 4 3 4 5 4 5 3 5 5 4 4 4 4 4 4 5 3 5 4 4 5 3 5 4 3 4 4 4 4 4 5 4 4 4 4 2 3 4 4 4 5 5 4 4 5 5 4 4 4 5 3 3 4 4 4 5 4 3 3 5 5 4 4 4 4 4 4 4 4 5 5 3 3 4 3 4 3 4 4 4 4 2 3 4 5 5 3 4 3 4 3 None 2 4 5 5 5 5 3 5 4 4 4 5 5 5 5 4 4 4 4 4 3 4 4 4 5 4 4 4 3 4 4 4 4 4 5 5 5 4 5 5 4 4 5 6 4 3 5 4 5 4 3 4 4 5 4 5 3 3 4 4 3 4 4 4 3 4 5 3 2 
32 30 28 34 26 18 12 14 13 15 13 16 20 10 3 4 5 4 4 5 4 4 4 4 4 4 5 5 3 4 5 5 4 4 5 3 4 3 4 4 3 3 4 4 4 5 5 4 5 5 4 4 4 3 5 5 3 4 5 5 4 3 5 4 4 3 4 3 4 4 4 4 5 4 4 4 5 5 4 4 4 5 4 5 6 5 3 2 5 2 4 4 5 6 4 5 5 5 4 5 5 4 5 4 3 5 4 4 5 1 4 4 4 4 4 5 4 4 4 5 4 3 4 5 3 4 3 4 4 4 4 3 5 4 5 5 4 4 4 6 2 4 5 4 4 5 4 4 4 5 4 4 5 4 5 3 4 5 4 5 5 3 6 5 5 5 3 4 4 4 3 4 4 4 5 4 4 4 5 4 4 4 4 4 4 4 4 3 4 5 4 4 4 4 4 4 4 5 3 2 3 5 4 5 2 4 4 4 4 5 4 4 5 4 3 5 4 4 5 5 5 4 4 3 4 4 4 5 4 4 4 4 5 3 4 4 5 4 5 3 4 4 4 4 4 5 2 5 5 3 4 5 5 4 4 3 4 4 5 4 4 4 5 4 5 4 5 4 5 4 4 5 4 3 4 4 3 3 3 5 4 4 5 5 5 5 4 5 5 4 4 1 4 5 4 2 4 5 5 4 4 3 2 4 5 3 4 5 5 4 4 4 4 5 1 5 4 4 5 5 5 3 4 3 4 5 4 5 4 3 3 3 4 4 2 5 2 4 4 5 5 5 5 4 5 2 3 3 4 4 5 4 3 4 4 3 4 4 3 4 5 5 4 4 4 5 5 5 4 5 4 5 4 4 3 5 2 5 5 5 4 4 4 5 4 4 3 5 4 4 5 5 5 4 4 4 4 4 4 4 4 4 5 4 5 6 5 4 3 5 3 4 4 5 4 3 2 6 4 5 4 4 4 4 4 5 3 5 4 5 2 None 5 5 4 4 5 4 4 3 2 4 4 4 3 6 3 4 3 4 5 5 5 3 5 4 4 4 4 5 4 4 4 4 4 4 4 5 4 3 4 3 3 6 6 5 5 3 2 5 4 3 4 2 5 3 5 4 3 5 5 5 5 4 4 5 5 4 4 4 
33 31 29 35 27 19 13 15 14 16 14 17 21 11 4 4 4 5 4 4 3 4 4 4 2 4 4 3 3 4 3 2 4 4 4 5 4 2 4 3 2 3 3 3 1 2 4 4 4 4 2 4 2 4 4 4 3 4 4 4 3 4 5 2 3 2 3 4 4 4 4 4 4 4 4 3 3 3 2 3 1 4 4 4 5 4 5 3 4 4 1 2 4 4 5 4 4 4 3 4 3 4 3 4 3 4 4 4 5 4 4 4 2 4 5 2 4 4 4 4 4 3 4 4 4 3 2 3 4 4 3 4 3 3 4 3 3 3 2 6 5 3 3 3 4 4 3 4 4 4 2 4 3 4 4 4 3 3 2 4 2 3 2 4 4 4 4 4 3 3 3 3 4 4 4 4 4 2 3 4 4 4 3 5 3 3 4 3 4 2 2 1 5 4 3 2 4 4 3 3 4 3 3 3 5 2 4 3 3 4 4 4 4 4 3 3 3 4 3 4 3 3 3 4 3 3 3 4 3 4 4 4 4 4 5 5 4 3 4 3 5 3 4 4 3 3 3 4 2 3 3 4 3 4 3 2 3 3 3 2 3 2 4 3 4 4 3 3 3 2 1 4 3 4 5 4 4 3 2 3 4 4 3 4 5 3 5 4 4 5 3 4 4 3 4 4 3 4 4 4 4 4 4 3 5 3 4 4 4 3 4 3 4 4 4 3 4 3 3 1 4 3 4 3 4 4 5 3 2 3 4 4 3 4 4 4 4 3 3 4 3 3 4 4 4 3 4 4 4 2 5 1 3 2 3 4 3 4 3 2 4 4 3 3 4 4 4 3 4 3 4 3 4 3 4 5 3 3 3 3 4 3 4 3 4 4 4 3 3 3 3 4 4 3 4 4 3 4 3 3 3 3 4 2 4 5 2 3 4 3 4 4 3 4 4 3 4 4 4 5 4 3 2 4 3 4 3 4 3 3 4 5 None 1 3 3 4 3 3 3 4 4 4 4 3 4 2 3 3 3 2 4 4 4 4 5 4 3 2 4 2 4 3 4 4 4 5 3 3 2 2 3 4 5 4 4 4 4 4 4 3 4 4 4 4 3 3 3 3 4 4 3 3 3 3 4 5 3 4 3 
33 31 29 35 27 19 13 15 14 16 14 17 21 11 4 3 3 4 4 4 3 4 3 3 3 3 3 2 4 3 4 3 4 4 4 5 3 3 4 2 3 4 3 4 2 3 4 3 3 4 1 3 3 3 4 4 4 3 4 4 4 3 5 3 4 3 2 3 3 3 4 4 4 3 3 2 3 3 3 2 2 4 3 3 5 3 4 3 3 3 2 3 3 5 4 5 5 5 4 4 4 4 4 4 4 3 4 4 5 4 4 3 3 4 4 1 3 4 3 4 4 4 3 4 3 4 3 3 3 4 4 3 4 3 5 2 4 3 3 5 4 4 3 4 4 4 4 5 4 4 3 3 3 5 3 3 4 3 3 3 3 4 1 4 4 4 3 4 3 4 4 3 3 5 5 3 4 3 4 5 4 3 4 4 4 4 4 2 3 2 3 2 4 3 4 3 4 3 3 4 4 2 4 4 4 3 3 4 2 4 4 4 4 3 3 4 4 3 4 3 3 4 4 4 4 3 2 4 2 3 4 3 3 4 5 4 5 4 3 3 5 4 4 3 2 4 4 5 1 3 3 3 3 4 4 3 2 3 4 3 3 1 5 2 3 3 4 4 2 3 2 5 4 3 4 4 3 4 3 4 4 4 4 3 4 3 5 4 4 4 4 4 4 4 4 5 2 3 4 4 4 4 3 4 4 2 3 4 3 4 4 4 4 4 4 4 3 3 4 2 5 3 3 2 3 3 4 4 3 4 3 4 3 3 3 3 4 4 4 5 4 3 4 4 5 4 4 3 3 3 4 2 3 3 3 3 4 3 2 3 4 4 4 3 4 3 3 4 4 3 4 3 3 4 4 4 4 2 3 4 5 4 4 2 5 3 4 3 2 4 4 5 4 4 3 3 4 4 4 2 3 4 3 3 4 6 1 2 3 3 4 4 4 4 4 3 4 3 4 4 3 3 3 4 4 3 4 4 3 4 5 5 1 None 2 2 5 4 3 3 4 4 5 5 4 4 3 2 4 2 3 3 4 3 4 5 4 4 1 4 3 3 3 4 4 3 4 4 3 3 1 4 3 4 4 4 4 4 4 4 4 3 4 4 4 2 4 2 4 4 4 2 3 3 4 4 4 2 5 4 
32 30 28 34 26 18 12 14 13 15 13 16 20 10 3 4 4 4 3 4 3 4 5 5 5 4 5 4 4 3 4 4 4 3 5 5 5 4 4 4 3 3 4 3 4 4 5 4 4 5 3 4 4 3 4 4 3 2 4 3 4 2 4 3 3 4 4 4 3 4 4 3 3 4 4 4 4 3 5 4 4 4 4 4 4 4 4 5 3 4 3 4 3 5 4 4 5 4 4 4 4 5 4 5 5 5 4 4 4 3 3 3 4 3 4 3 4 4 4 3 4 3 3 2 4 3 3 1 3 2 3 4 3 3 5 4 4 4 4 6 4 4 3 3 4 3 3 4 5 4 4 4 4 4 4 4 5 3 5 4 4 4 3 3 4 4 3 4 3 4 4 3 5 5 4 3 3 3 3 4 4 3 4 5 4 3 4 3 3 2 3 4 5 5 4 3 4 4 4 4 4 4 2 4 3 4 4 2 4 4 4 4 4 4 3 4 3 4 4 4 4 4 3 4 2 5 4 3 3 2 4 4 4 4 5 4 3 4 4 3 4 4 3 2 1 3 2 5 3 3 3 5 4 4 4 5 4 3 3 3 4 3 4 4 4 4 3 3 3 4 3 4 4 1 4 5 4 3 2 4 4 4 5 4 5 4 5 2 4 3 5 4 3 4 4 4 2 2 5 4 3 4 4 3 5 4 5 3 3 3 4 4 4 3 3 4 4 4 5 4 5 4 2 4 3 4 4 5 4 4 1 3 4 5 3 5 5 4 4 5 4 4 4 4 4 4 5 5 5 3 4 4 4 3 4 4 4 3 4 4 4 4 3 5 4 4 4 4 4 3 4 3 4 3 4 5 4 4 2 4 3 5 3 3 5 4 4 3 4 4 4 5 2 2 4 4 3 2 4 4 4 5 3 4 4 4 3 4 4 4 5 4 4 4 4 4 2 5 4 4 5 4 4 4 3 4 4 4 5 3 5 4 3 2 None 3 3 4 3 4 4 4 4 4 5 3 4 4 4 4 4 5 3 4 5 5 3 5 3 3 5 3 5 4 4 4 4 4 3 4 3 4 2 4 4 4 4 4 4 4 4 2 4 4 4 4 2 3 5 5 4 4 4 3 4 4 3 4 4 4 
33 31 29 35 27 19 13 15 14 16 14 17 21 11 4 5 5 5 4 4 3 5 4 4 4 5 3 4 4 5 4 4 4 4 5 5 3 4 5 3 5 4 3 4 4 3 5 4 5 4 1 4 4 5 5 5 3 4 5 4 3 4 5 4 5 5 4 4 5 5 5 5 4 3 4 4 3 4 5 4 4 4 5 4 6 5 4 3 4 4 4 4 4 5 5 4 4 5 6 4 5 4 3 5 5 3 5 4 5 5 5 4 5 5 5 3 4 5 5 4 3 4 4 4 4 2 4 4 4 5 5 3 5 5 5 4 4 4 4 6 5 4 5 4 4 5 4 5 4 5 3 4 3 5 3 3 5 5 4 3 5 5 3 4 4 6 4 3 5 5 4 3 4 4 5 4 3 4 5 5 5 5 4 5 6 4 4 4 5 4 5 3 3 3 5 5 5 5 5 4 5 4 5 5 4 5 4 5 2 3 4 5 4 3 5 4 4 4 5 4 3 4 4 5 3 5 4 3 4 4 4 5 4 4 5 4 4 5 5 4 5 4 5 5 4 5 4 5 3 4 4 5 3 4 5 4 2 3 3 4 4 3 4 4 3 4 4 4 4 5 4 5 3 4 5 5 4 3 3 4 5 4 5 2 5 3 5 4 5 5 5 3 4 5 4 5 4 4 6 4 4 4 5 4 5 4 5 5 5 4 5 4 4 4 4 4 5 5 4 4 4 4 5 4 5 4 5 5 4 5 4 4 4 3 4 5 4 3 2 5 5 5 4 4 5 5 5 5 5 4 4 4 1 4 3 5 3 4 4 4 5 4 4 5 5 3 3 4 5 5 5 4 4 4 5 4 4 4 4 4 4 5 5 4 5 4 3 4 3 5 5 4 4 5 5 4 4 5 5 4 3 5 4 3 4 6 3 4 4 5 4 4 4 4 2 3 5 5 5 4 5 5 2 5 5 4 4 4 5 3 5 4 3 2 3 None 3 5 2 4 4 4 5 4 4 5 4 4 4 4 4 4 5 3 5 6 3 6 3 4 5 5 4 4 5 5 6 3 4 5 3 5 4 5 6 5 4 4 4 4 5 4 4 4 3 4 3 4 4 4 4 4 5 4 4 4 4 4 4 3 
32 30 28 34 26 18 12 14 13 15 13 16 20 10 3 2 4 3 3 2 3 5 4 4 5 5 4 5 4 4 3 3 3 3 4 4 4 4 4 3 4 4 4 4 4 4 4 4 4 4 4 4 4 4 4 4 3 4 2 3 4 4 5 3 4 4 5 5 4 4 5 5 3 3 2 4 4 3 4 4 4 4 3 4 4 4 3 5 4 4 4 3 3 5 3 4 4 4 5 4 4 4 4 5 4 4 4 4 3 5 5 4 4 4 5 4 4 3 3 1 2 3 3 4 4 4 4 4 4 3 4 3 3 4 5 3 4 3 4 5 6 4 4 3 5 5 4 4 4 5 3 4 3 4 5 3 4 4 4 4 4 4 4 3 4 5 4 4 4 4 4 2 3 4 4 4 3 4 5 2 4 5 4 5 5 3 4 4 5 3 4 4 3 5 4 4 3 4 4 3 5 3 4 3 4 4 3 4 4 1 3 4 3 4 4 3 3 4 3 4 5 4 3 4 4 3 3 4 3 4 4 5 4 4 4 4 4 4 3 3 5 4 5 5 4 2 3 5 4 3 4 4 4 4 5 4 3 3 3 4 5 4 5 5 5 4 4 3 4 4 3 4 4 3 4 5 4 2 3 3 5 4 4 3 4 4 6 3 3 5 3 4 5 5 4 5 3 4 4 5 5 4 5 4 4 4 4 4 5 4 4 4 4 4 4 4 4 5 4 3 5 5 4 3 3 3 4 5 4 4 4 5 4 4 4 3 5 3 1 4 4 4 5 4 4 4 4 5 4 4 4 3 3 4 4 4 4 3 4 4 4 4 2 4 4 3 2 3 4 4 3 3 5 4 3 3 5 4 4 5 4 4 4 5 5 3 2 4 4 4 4 4 1 2 3 4 3 5 4 5 3 3 4 2 3 4 4 4 4 5 3 2 3 4 4 4 4 4 4 4 3 4 4 4 3 3 4 3 4 4 5 5 4 5 3 3 None 5 2 4 4 4 4 4 4 4 4 5 4 3 2 3 4 3 5 6 4 4 4 2 4 3 4 4 5 3 5 3 4 4 4 4 4 5 5 4 4 4 4 3 3 5 4 3 4 3 3 4 3 5 4 5 4 4 4 4 3 4 5 4 
32 30 28 34 26 18 12 14 13 15 13 16 20 10 3 4 1 4 3 3 4 5 5 4 4 4 4 3 3 3 4 2 3 4 4 4 4 3 4 4 3 2 4 4 4 4 5 3 4 5 4 4 4 4 3 2 4 3 3 4 2 5 5 3 4 4 4 3 4 4 5 4 2 3 4 4 4 3 5 4 3 4 4 3 5 3 5 2 3 3 4 4 4 4 4 5 5 4 6 4 2 3 4 4 4 3 3 4 5 4 5 4 3 3 4 4 5 4 4 4 4 4 2 3 4 3 2 4 4 4 4 4 2 4 5 4 4 4 4 4 3 1 3 2 5 4 4 5 5 5 4 4 4 5 4 4 4 5 5 4 5 4 5 3 3 4 5 4 4 4 4 4 4 3 3 3 4 4 4 5 4 1 2 4 4 3 3 3 2 4 4 3 4 3 3 3 5 4 4 3 3 4 4 4 4 3 4 2 3 4 4 5 4 3 5 4 4 4 4 3 4 4 3 4 4 4 3 3 4 3 4 4 3 4 4 5 4 3 4 3 4 1 2 3 4 4 3 3 3 4 3 4 2 3 2 5 4 3 4 4 3 3 5 3 4 5 4 4 4 4 4 4 2 4 3 4 3 4 3 4 3 4 2 4 5 4 4 3 4 4 5 4 4 4 3 5 4 4 5 4 4 4 4 3 4 4 4 5 4 4 3 3 4 4 4 3 5 4 4 4 5 3 3 3 2 4 3 4 1 2 3 4 3 4 4 4 5 4 4 4 4 3 4 4 3 4 4 3 3 4 3 4 4 3 4 4 4 4 4 4 3 3 3 4 4 3 5 4 3 5 4 4 2 3 4 4 4 4 4 4 4 5 4 4 4 3 4 4 4 4 3 4 4 3 4 4 3 4 4 3 4 3 3 4 3 5 4 3 5 5 3 3 4 4 3 2 5 3 4 3 4 4 3 3 4 3 4 3 4 4 3 4 3 4 4 5 5 None 4 3 4 5 4 4 4 4 5 4 4 4 4 4 4 4 4 4 3 4 4 5 3 4 3 3 4 5 5 3 4 4 4 4 4 5 6 4 3 4 3 4 4 4 4 5 4 4 5 2 4 1 3 2 3 3 3 2 2 4 4 4 
32 30 28 34 26 18 12 14 13 15 13 16 20 10 3 4 3 5 3 3 4 4 5 4 4 5 3 4 4 4 2 3 3 2 4 4 3 4 3 1 3 4 3 3 4 3 4 2 3 4 3 4 4 4 4 4 4 4 4 3 2 4 5 4 4 4 4 3 3 4 4 3 4 3 4 4 4 3 5 3 4 3 4 4 4 4 3 3 3 4 2 4 4 5 4 3 2 3 5 2 4 4 2 4 4 4 3 3 3 4 4 4 5 4 4 3 3 3 3 3 2 3 4 4 2 4 4 2 3 3 4 3 3 4 3 4 3 3 2 4 4 3 3 2 4 3 2 3 4 3 3 2 3 3 4 3 4 4 4 4 4 4 4 4 4 4 4 3 3 3 4 2 3 5 4 2 1 3 4 4 3 3 3 3 4 3 2 3 3 4 4 3 3 4 3 3 4 4 4 3 3 3 4 5 3 4 2 4 2 3 3 3 3 3 4 3 3 2 4 2 3 3 2 4 3 4 3 4 3 2 3 4 4 3 4 3 4 4 3 2 4 4 4 4 3 4 3 4 3 3 3 4 3 4 4 4 2 1 2 2 3 2 3 4 4 3 4 3 4 3 3 4 4 4 4 5 2 2 1 4 4 4 4 3 4 3 4 3 3 4 4 4 4 3 4 3 3 2 5 4 4 3 4 4 3 3 4 3 4 4 5 4 4 3 3 4 4 4 4 4 4 4 4 4 3 3 4 6 4 3 4 4 3 4 4 5 5 4 1 4 4 4 3 3 4 3 4 3 4 4 3 4 3 3 4 3 3 3 3 4 4 4 4 4 3 1 2 3 3 4 4 4 3 2 4 3 4 4 2 3 2 4 4 3 5 3 2 3 3 3 4 4 3 3 3 2 3 3 3 4 3 4 3 2 3 5 4 4 3 4 3 4 3 2 3 4 4 4 3 4 4 4 4 3 3 3 4 4 4 4 5 4 3 3 3 2 2 4 None 4 3 4 4 3 4 4 2 4 4 3 4 4 4 4 4 5 3 4 4 3 5 4 4 4 4 3 5 1 4 3 4 4 3 4 4 3 3 3 4 3 3 4 4 3 2 3 1 2 4 3 3 3 3 2 4 4 3 2 4 3 
33 31 29 35 27 19 13 15 14 16 14 17 21 11 4 4 2 4 3 3 3 3 4 3 4 4 3 3 4 4 4 4 3 2 4 4 3 4 3 4 4 4 3 4 4 4 4 4 4 5 3 2 3 3 4 4 4 4 4 4 4 4 5 3 4 4 2 3 3 3 4 4 3 3 3 4 5 4 3 4 4 4 3 4 4 4 4 4 3 2 2 3 3 4 4 5 3 3 4 3 4 4 4 4 3 4 4 4 5 4 4 4 4 4 4 2 4 4 5 4 4 4 4 3 3 5 3 3 3 4 3 4 4 4 4 4 3 3 4 6 5 4 4 3 4 4 4 4 4 2 3 4 3 4 4 3 4 4 4 3 4 4 4 4 4 3 4 3 4 5 4 3 2 3 4 3 3 3 5 2 4 3 4 4 3 3 4 4 3 4 4 3 4 3 3 1 4 4 3 4 4 3 4 4 4 4 5 2 4 4 4 2 3 4 2 4 4 4 2 4 3 4 4 4 4 4 2 3 3 3 4 4 4 3 5 4 4 4 3 3 4 2 1 2 3 4 3 4 4 1 4 3 3 4 3 2 2 3 3 2 4 4 4 4 5 4 3 3 3 3 3 3 4 4 4 1 4 4 3 4 4 4 3 4 5 4 5 4 4 3 4 3 4 4 4 4 2 2 3 3 4 4 3 4 4 4 3 3 4 4 3 4 3 3 2 4 3 1 2 3 5 5 4 3 3 3 4 5 4 4 3 4 3 4 4 4 3 5 3 5 4 4 4 2 3 4 4 4 3 2 5 4 5 4 4 4 3 4 4 4 4 4 4 4 4 3 4 3 4 4 5 4 4 4 4 4 3 3 2 4 4 4 3 3 4 4 3 2 1 3 4 4 5 3 3 4 3 4 4 4 3 4 2 2 4 5 3 4 3 3 4 4 2 4 4 3 4 4 5 4 3 3 4 3 1 3 4 3 4 5 4 3 3 3 4 4 4 3 4 None 2 4 4 4 4 3 5 3 3 2 3 4 2 3 4 5 4 4 3 4 2 4 4 4 4 4 5 4 4 1 3 2 4 4 5 4 4 3 3 4 3 4 4 4 4 4 3 3 3 4 3 3 4 4 2 3 3 3 4 5 
32 30 28 34 26 18 12 14 13 15 13 16 20 10 3 4 4 4 4 4 4 4 4 3 2 2 3 4 3 4 5 3 4 2 4 5 4 3 4 4 3 3 3 3 3 4 5 3 4 4 5 3 3 4 4 4 4 4 5 4 4 3 5 2 3 3 4 4 3 4 4 4 4 4 3 4 3 3 4 2 4 4 2 4 4 3 4 4 3 2 3 4 4 4 4 4 3 3 5 3 4 4 4 4 3 4 2 4 5 3 4 4 4 5 4 4 3 2 4 4 4 4 3 4 4 4 4 3 3 4 3 4 4 4 4 4 3 4 4 5 4 4 4 3 3 4 3 4 4 3 4 4 4 4 4 4 3 3 4 5 4 3 4 4 3 4 4 2 3 4 5 3 4 4 4 3 2 3 4 4 2 4 3 4 4 3 3 5 4 4 3 3 3 4 3 3 4 3 3 2 3 3 4 4 4 2 5 4 4 4 3 2 3 3 4 5 4 4 4 4 3 4 3 3 4 4 4 3 4 4 4 5 4 4 5 4 4 4 3 1 2 4 3 4 3 5 4 5 3 1 4 4 4 4 4 3 4 4 4 4 4 4 4 2 4 4 4 2 3 4 4 5 5 4 5 3 3 3 2 4 4 3 5 4 5 5 5 4 4 3 2 1 4 4 4 4 2 4 5 4 3 4 4 3 3 4 4 4 4 4 3 5 3 3 3 4 3 3 3 4 5 3 2 3 4 4 3 6 3 2 4 3 5 4 2 4 2 5 3 4 4 3 4 2 3 4 4 4 4 2 4 4 3 4 4 3 3 3 4 3 4 4 3 3 2 4 4 3 4 5 4 5 4 3 3 5 2 4 3 4 4 4 4 4 2 4 4 4 3 4 4 4 4 3 4 4 3 4 3 4 4 4 4 2 4 5 3 4 3 5 4 4 3 4 4 3 4 5 4 3 4 3 4 3 3 3 3 4 4 5 4 2 4 4 4 4 4 4 3 2 None 4 4 4 4 4 5 4 1 4 4 4 4 4 4 4 4 3 3 5 3 4 4 3 4 5 5 4 3 3 5 2 3 5 6 4 5 3 3 5 4 4 4 4 4 3 4 4 3 4 3 3 4 3 3 4 4 5 4 4 
33 31 29 35 27 19 13 15 14 16 14 17 21 11 4 3 4 5 4 4 4 4 4 3 4 4 5 4 3 4 5 5 4 3 4 4 5 4 4 4 4 5 3 4 5 5 4 4 3 3 5 4 4 3 4 4 1 2 2 4 4 5 4 4 4 4 4 4 4 5 4 4 3 4 2 4 3 4 2 3 4 3 4 4 5 5 3 3 4 4 4 4 3 5 3 4 4 4 3 3 5 4 4 4 5 5 4 4 5 4 4 5 4 3 4 3 3 3 4 4 2 4 3 5 4 4 4 4 3 3 5 4 4 4 4 3 4 4 5 6 4 4 4 4 5 3 2 5 6 4 4 4 4 5 5 4 4 4 4 5 4 2 4 4 3 5 5 3 4 4 3 4 4 4 3 3 4 3 3 4 4 5 3 5 4 4 4 3 3 4 5 3 3 4 2 3 3 4 5 4 4 4 4 4 4 4 4 4 5 5 4 3 4 4 4 3 4 4 3 5 5 4 3 3 4 3 2 5 4 4 4 5 3 3 5 5 3 4 4 3 3 4 5 5 4 5 5 5 5 4 3 4 4 4 4 5 4 5 4 4 4 5 4 4 4 3 4 4 4 5 4 5 3 4 4 5 4 4 3 2 4 4 5 4 4 4 5 4 4 4 5 4 4 3 2 5 4 4 4 3 4 4 3 4 4 4 4 2 3 3 4 4 2 4 5 5 4 3 2 3 4 3 3 4 3 1 4 5 4 4 5 3 3 3 5 3 3 3 3 4 3 4 5 4 4 4 4 3 4 4 4 4 3 4 3 3 4 3 2 4 4 5 4 1 2 3 3 2 3 4 4 3 4 3 4 4 5 4 3 5 4 5 5 3 5 3 3 4 3 4 4 5 5 3 1 2 3 4 3 4 4 3 4 3 2 4 3 2 4 4 4 5 3 5 4 3 4 5 4 4 4 3 2 4 4 3 4 4 3 5 4 4 4 4 4 4 4 5 4 4 4 None 4 4 4 5 5 4 4 3 4 3 4 3 4 5 4 4 3 4 3 3 5 4 4 3 5 5 3 4 3 3 5 4 4 4 4 2 3 2 3 4 4 2 4 4 3 4 5 4 5 4 4 4 4 4 5 2 3 3 
33 31 29 35 27 19 13 15 14 16 14 17 21 11 4 5 4 5 5 5 5 4 5 5 5 3 3 4 4 4 5 4 4 3 5 5 5 2 4 4 4 4 4 5 3 4 6 4 4 4 4 2 5 4 4 5 4 4 4 4 4 5 5 4 4 4 4 4 2 4 4 4 3 2 3 4 5 4 5 4 3 4 4 4 4 4 5 3 4 5 4 5 4 5 4 5 4 4 4 4 2 4 5 5 4 4 5 4 5 5 5 4 6 4 5 5 3 2 4 5 4 3 5 5 3 5 4 4 4 5 4 4 3 4 5 5 4 5 5 5 5 5 4 4 5 4 4 5 5 5 4 4 4 4 4 3 5 3 5 4 2 4 6 5 5 4 5 5 4 5 4 4 5 3 4 4 4 3 5 5 4 3 4 5 3 1 4 4 5 4 5 5 4 3 4 3 5 3 3 3 3 5 4 4 2 5 5 2 5 4 5 5 5 5 5 5 4 4 4 5 5 4 4 4 5 3 4 5 5 4 4 5 4 4 4 5 4 3 4 3 5 4 5 5 4 4 3 4 5 4 4 3 4 4 3 4 3 4 3 4 5 4 5 6 5 5 4 5 4 5 5 5 4 5 4 4 4 2 3 5 3 4 5 5 5 5 5 3 5 5 5 4 5 4 5 6 5 5 5 4 5 4 5 4 4 3 4 3 5 4 4 5 5 5 4 4 4 5 4 5 5 4 5 5 5 5 2 5 4 4 3 4 5 5 4 4 4 5 3 3 2 3 5 4 4 5 5 4 6 5 4 5 5 3 5 5 5 5 4 4 4 5 4 5 4 5 4 4 4 5 5 5 4 4 5 4 3 5 4 3 4 5 4 5 3 4 4 4 4 5 4 4 5 4 4 4 3 4 4 4 3 3 5 4 5 6 5 4 4 3 3 4 4 5 4 5 4 5 5 5 3 4 5 5 5 4 4 4 3 4 5 4 4 5 4 5 4 4 4 4 4 4 None 4 4 4 5 3 4 4 4 4 5 3 4 6 4 4 4 5 4 3 4 3 4 4 5 5 4 5 4 3 4 5 6 5 5 5 4 5 4 3 3 5 4 3 5 4 4 3 4 5 5 4 3 4 3 5 4 5 
33 31 29 35 27 19 13 15 14 16 14 17 21 11 4 5 5 5 4 5 4 4 4 3 5 3 4 4 1 4 5 4 5 4 4 4 5 4 5 4 4 3 4 4 4 4 5 3 4 4 4 4 4 4 3 5 3 4 5 4 3 4 5 5 5 3 4 4 4 3 5 4 5 4 2 5 4 2 4 4 4 2 4 4 6 5 5 5 4 5 4 2 4 5 1 2 4 4 5 3 3 3 3 3 6 3 4 5 6 4 5 4 5 3 4 4 4 3 4 4 5 4 4 4 5 5 4 5 4 5 3 2 4 4 4 5 5 5 3 4 4 4 3 4 3 3 4 4 5 4 3 3 4 5 4 4 4 5 5 4 3 3 5 5 4 4 4 4 3 3 4 4 4 4 5 4 4 4 5 4 4 3 4 4 4 3 3 4 4 4 4 3 3 4 5 3 5 4 3 2 5 3 4 4 5 4 4 2 3 5 5 4 4 4 4 5 3 3 4 5 4 4 5 3 4 5 4 5 4 3 4 5 4 4 4 3 4 5 5 4 4 5 5 4 4 3 4 3 5 5 4 4 4 3 2 5 3 2 3 4 5 4 3 5 6 4 5 4 4 5 4 5 5 4 5 5 5 3 4 5 4 3 4 3 4 4 4 3 5 5 5 3 5 4 5 4 5 3 5 5 4 3 4 5 4 4 4 3 4 5 4 5 4 4 5 4 4 4 5 4 4 4 3 5 4 5 4 6 4 4 3 3 4 5 4 3 4 5 4 4 4 4 4 4 4 4 3 2 4 3 2 4 5 4 4 4 2 4 5 5 5 4 4 5 5 4 4 5 4 5 5 4 3 4 5 4 4 4 4 2 5 4 5 3 4 4 3 4 4 4 4 5 5 5 4 4 3 4 5 4 3 5 3 4 5 5 4 3 4 4 4 5 3 5 4 5 3 5 5 5 5 4 4 4 5 4 3 4 4 4 5 4 4 5 4 4 4 4 3 4 4 4 4 None 3 4 5 5 4 3 4 3 5 4 4 6 4 5 5 5 3 3 4 3 4 5 6 4 5 4 4 4 4 5 6 4 4 4 3 4 4 5 4 4 1 3 4 4 4 3 3 5 4 5 4 4 4 4 4 4 
33 31 29 35 27 19 13 15 14 16 14 17 21 11 4 4 4 4 4 4 4 5 3 4 4 5 5 3 2 4 4 4 3 3 3 4 5 2 4 4 4 4 4 4 3 4 4 4 3 4 5 3 3 4 4 5 4 4 3 5 3 3 5 4 4 4 3 2 4 4 4 4 4 4 4 3 3 3 4 4 3 5 5 4 5 4 4 3 4 4 4 1 4 5 3 3 5 3 5 2 4 3 4 2 5 4 4 5 6 4 5 2 4 4 3 4 4 4 5 5 4 5 3 3 3 4 3 5 3 4 2 3 4 4 3 3 4 4 4 6 5 4 4 5 4 3 4 3 5 3 3 4 5 4 4 3 1 4 5 4 4 4 5 4 3 4 4 3 3 4 5 4 4 5 5 5 4 4 5 3 3 5 4 3 5 3 2 4 4 4 3 2 4 4 4 4 4 4 4 3 3 3 4 3 2 3 5 4 4 5 4 4 3 4 3 5 2 4 4 5 3 4 5 4 4 3 3 4 4 3 4 5 2 4 4 4 4 3 4 3 4 4 4 5 4 2 3 4 3 4 4 4 4 2 3 4 4 4 3 3 4 5 2 4 5 4 5 5 4 4 3 3 4 4 5 5 4 4 4 4 5 4 5 4 5 5 4 3 4 5 5 4 4 3 4 5 4 5 5 3 3 4 4 4 3 4 3 4 3 4 4 3 3 4 4 3 4 4 4 4 3 3 4 3 3 4 5 5 3 4 4 4 2 2 5 4 5 4 4 5 4 4 3 3 4 4 2 1 4 3 4 3 3 4 4 4 3 4 5 4 4 4 4 4 4 3 4 4 4 5 4 3 3 4 4 5 3 5 3 4 5 3 4 5 5 5 3 2 3 3 3 4 4 4 3 4 3 4 4 3 1 3 4 4 3 5 3 2 3 3 4 4 2 3 4 4 4 4 4 4 4 3 3 4 4 4 2 3 3 4 5 3 3 4 5 4 4 4 4 4 4 4 4 3 None 3 5 4 4 4 2 3 4 3 3 5 3 4 4 3 4 5 4 4 3 4 5 3 4 3 4 4 4 5 5 3 2 4 3 4 3 3 3 4 4 4 4 4 4 4 4 5 4 4 4 4 4 4 4 4 
32 30 28 34 26 18 12 14 13 15 13 16 20 10 3 4 3 4 5 5 4 4 4 4 4 6 4 2 3 4 4 4 4 3 3 4 4 3 4 4 4 4 4 4 4 5 6 3 5 4 4 3 5 4 3 5 5 4 4 4 4 4 6 4 4 4 4 4 2 4 4 5 4 4 4 4 4 3 5 4 3 4 4 4 4 3 3 4 1 4 5 3 2 5 4 5 4 4 4 3 4 3 4 5 4 4 4 4 5 5 4 3 5 3 2 3 4 4 4 4 4 4 4 4 5 5 4 4 3 5 4 3 2 5 4 4 4 5 4 6 6 4 3 4 5 4 5 4 4 4 2 4 4 5 5 4 4 5 4 3 4 4 5 5 4 4 3 4 5 4 5 4 3 4 5 4 3 3 4 4 5 4 3 4 4 3 5 4 3 4 4 4 4 4 3 4 6 5 4 4 5 4 3 4 5 3 4 4 3 5 4 4 3 2 4 5 3 5 4 4 2 3 4 5 4 4 3 3 4 2 4 4 3 4 4 3 4 4 4 4 4 5 4 4 3 2 4 5 4 4 3 5 4 3 4 5 3 3 4 5 5 4 4 3 5 4 4 4 5 5 4 4 4 4 3 4 4 4 4 4 4 4 4 5 5 4 6 1 4 4 4 5 4 3 4 5 4 4 5 2 3 4 5 5 4 4 4 3 4 4 5 4 4 5 5 4 4 4 5 5 4 4 4 4 4 5 5 6 3 4 4 5 4 4 4 4 4 4 3 4 4 3 4 3 4 4 5 4 5 4 5 4 4 3 5 3 4 4 4 3 4 5 3 4 4 4 4 5 5 3 4 4 3 4 4 5 4 3 2 4 4 4 4 4 4 4 4 1 2 4 5 4 4 4 4 4 5 3 4 4 2 4 3 4 4 5 3 4 4 4 5 3 4 5 3 4 4 5 4 5 3 2 4 4 3 4 3 4 4 5 5 6 4 4 3 5 4 4 4 3 4 5 4 4 3 None 3 2 3 3 3 5 5 4 5 3 4 4 4 3 5 4 3 4 5 4 6 5 4 4 3 4 3 4 4 4 4 5 4 5 4 4 5 4 4 3 5 3 3 3 4 4 4 3 3 4 2 4 4 5 
33 31 29 35 27 19 13 15 14 16 14 17 21 11 4 5 4 5 5 5 5 3 5 4 4 5 4 4 4 4 4 4 4 4 6 5 4 4 3 1 4 5 4 4 3 4 3 2 3 4 4 4 4 4 4 5 4 5 5 5 4 5 6 4 5 4 5 5 3 5 5 3 5 4 4 5 5 5 4 4 3 3 5 5 6 4 3 4 4 4 3 4 3 6 5 5 4 4 3 4 5 5 4 3 3 5 3 4 5 2 2 5 4 4 4 4 5 5 4 4 4 3 5 4 2 4 4 4 3 5 5 3 5 4 5 4 5 2 4 6 5 5 5 4 4 4 4 4 5 5 4 4 4 3 5 4 5 4 4 4 4 4 4 5 5 4 4 4 3 4 5 3 3 4 4 4 3 4 5 5 5 4 4 4 5 4 4 4 4 4 4 3 4 4 3 4 4 4 4 5 4 5 4 5 3 4 4 5 4 5 5 4 4 3 4 4 5 4 5 4 4 4 4 5 4 4 4 4 4 4 4 5 4 3 5 4 5 5 5 4 4 5 5 6 5 3 5 3 4 4 5 4 4 5 4 3 3 3 4 3 5 2 4 4 4 4 5 4 5 4 3 5 5 4 4 4 3 4 3 4 4 4 4 5 4 4 4 2 4 3 5 4 5 3 5 3 5 4 6 2 3 4 3 4 4 4 5 4 3 5 4 4 5 5 4 4 4 4 5 3 5 4 4 5 5 5 4 5 4 3 4 5 5 4 3 5 5 5 3 5 5 4 4 4 4 1 3 4 6 4 5 3 5 4 4 3 4 4 4 4 5 5 5 4 4 3 4 4 3 4 4 5 4 4 2 5 4 4 4 4 4 5 4 5 4 4 4 3 4 2 5 4 5 5 4 4 4 4 4 5 4 4 5 4 5 5 4 4 4 4 5 5 5 3 4 4 3 4 5 4 4 5 4 3 5 5 4 5 5 5 4 3 2 3 4 4 4 5 2 5 5 5 5 5 5 3 None 5 4 5 4 4 4 4 4 5 3 5 4 4 4 3 5 4 4 3 5 3 3 4 4 3 3 5 5 4 4 3 2 5 4 4 5 4 4 3 3 4 4 5 5 5 5 4 3 4 3 4 5 5 
32 30 28 34 26 18 12 14 13 15 13 16 20 10 3 3 5 4 5 4 4 2 5 4 4 5 4 3 4 4 4 4 5 3 3 5 4 4 4 4 3 4 5 4 2 3 5 3 3 4 3 1 3 3 3 4 3 3 5 4 4 4 5 3 4 3 2 3 4 3 4 4 4 3 4 3 3 4 4 4 4 4 4 4 3 5 3 4 1 4 4 4 2 5 4 5 5 4 4 4 4 5 4 4 3 3 4 3 4 4 3 4 5 3 2 3 3 4 4 4 4 4 4 4 4 4 3 4 3 4 4 3 2 3 5 3 2 4 4 6 5 3 3 4 4 4 5 4 4 4 4 4 4 4 3 4 4 3 4 4 3 4 3 4 4 4 5 4 3 4 3 4 4 4 3 3 3 3 4 4 3 3 3 4 4 3 4 2 3 2 4 4 4 2 4 4 4 3 2 3 5 4 2 4 4 3 3 4 4 5 4 4 3 2 4 4 4 4 3 5 4 4 3 4 4 4 3 5 4 3 4 3 5 3 5 4 4 4 2 3 4 4 4 4 3 4 2 3 3 3 4 3 4 3 3 5 4 3 2 3 3 3 4 3 4 4 2 4 4 3 3 5 4 4 5 4 3 3 4 4 3 4 5 3 4 5 4 3 4 5 4 4 4 4 5 5 4 3 4 4 3 3 3 4 5 4 4 3 4 4 3 4 4 5 3 3 3 3 4 3 4 3 4 4 4 4 4 5 3 4 3 4 4 4 4 4 3 4 4 3 2 1 4 3 4 4 4 3 4 4 5 4 5 1 4 3 4 4 2 3 4 4 5 3 4 3 4 4 5 3 4 4 2 3 4 4 4 3 2 4 4 5 4 2 4 3 3 3 4 4 4 4 4 4 4 3 4 4 4 3 4 5 3 4 4 5 3 3 4 3 4 3 3 4 3 4 4 5 4 4 2 2 4 3 3 3 4 3 4 4 4 4 3 2 4 4 5 4 4 3 4 4 3 5 4 2 5 None 3 3 4 4 3 4 4 5 4 4 3 3 3 3 4 3 4 3 4 5 4 3 1 2 4 2 4 4 3 4 3 5 4 3 4 2 4 4 4 2 3 3 4 4 4 3 3 4 4 3 4 5 
32 30 28 34 26 18 12 14 13 15 13 16 20 10 3 4 3 4 3 3 4 4 4 4 1 3 4 3 4 3 4 2 4 3 3 4 5 4 3 3 3 4 2 2 2 3 4 2 5 5 4 4 3 3 4 5 4 4 4 3 3 3 5 1 2 4 4 4 4 3 4 3 3 3 4 3 4 3 4 3 3 3 3 3 5 4 5 3 2 2 4 3 5 3 3 3 3 3 4 3 4 3 4 3 3 3 1 4 4 4 3 4 5 4 3 4 4 3 4 3 4 3 3 3 4 4 3 4 2 4 2 4 3 4 4 3 4 3 4 5 4 3 3 2 3 3 4 3 4 2 4 4 4 4 3 3 4 4 4 4 3 4 5 3 4 4 3 1 3 4 4 4 5 5 4 3 3 4 3 3 3 3 2 4 4 4 2 4 4 4 2 2 2 4 3 4 4 4 3 3 3 3 4 5 4 1 4 4 4 3 2 3 4 3 3 5 4 4 4 4 3 4 3 4 3 4 3 2 3 3 4 5 4 3 4 4 3 3 4 2 3 4 4 5 4 4 4 5 4 2 4 4 4 4 4 4 3 4 3 3 4 4 3 3 3 3 4 1 4 3 4 5 4 3 4 3 4 4 3 3 3 2 4 3 5 4 4 4 4 2 1 2 3 4 4 5 3 5 5 3 4 5 4 2 2 4 3 4 4 4 4 4 4 4 3 3 4 3 2 4 4 2 3 3 3 3 2 5 4 3 3 3 4 4 3 4 3 4 3 5 4 4 4 3 3 4 3 3 4 1 4 4 3 3 4 2 2 3 4 2 3 3 4 4 3 4 3 3 3 4 3 4 3 4 3 4 3 5 3 4 5 4 3 5 1 4 4 4 4 4 3 5 4 2 4 3 3 3 2 4 4 4 4 2 3 4 4 4 4 4 3 3 2 3 4 3 4 5 3 2 3 2 3 4 4 3 3 3 5 4 4 3 3 4 4 4 4 4 4 3 1 4 4 4 4 3 4 3 None 4 4 4 4 4 4 4 3 2 4 4 4 3 4 4 3 4 5 3 2 3 4 3 2 4 5 3 4 3 3 4 4 3 4 4 3 4 4 4 3 3 2 4 3 3 2 3 4 4 5 4 
32 30 28 34 26 18 12 14 13 15 13 16 20 10 3 4 4 3 4 2 1 4 3 3 4 3 3 3 4 4 3 5 3 3 3 4 3 4 4 4 4 5 3 3 4 5 5 3 4 3 3 4 2 3 4 3 2 3 4 4 4 2 5 4 4 4 4 4 4 3 5 4 4 3 1 4 4 4 4 4 4 4 3 4 5 4 4 4 2 4 4 3 4 4 2 4 4 4 5 3 4 4 4 4 5 5 4 4 5 3 5 3 5 4 3 2 3 2 3 4 3 2 3 3 4 4 4 3 4 4 2 4 3 4 4 4 4 4 4 6 5 4 4 3 3 4 3 3 5 4 3 3 3 4 4 3 5 4 5 3 5 3 3 5 4 4 4 4 5 4 3 3 2 4 4 1 2 4 4 3 4 4 2 4 5 3 4 3 4 4 4 3 3 4 4 3 4 3 5 4 4 3 3 5 4 3 4 4 4 4 4 3 3 3 1 4 4 3 3 4 3 4 4 4 3 4 2 4 3 3 3 5 4 4 3 4 4 5 5 3 5 4 3 3 3 4 4 4 3 3 4 4 5 4 4 4 2 3 4 4 2 3 4 4 4 2 4 5 2 2 3 4 3 3 4 3 3 4 4 5 5 3 5 5 4 4 4 4 3 4 5 4 4 3 3 4 2 3 4 3 4 3 2 4 4 3 3 3 4 4 3 4 3 2 4 4 3 3 3 4 4 4 4 4 4 2 3 3 4 4 4 4 3 4 4 2 3 4 4 5 4 4 5 4 4 4 5 4 4 4 3 4 3 4 4 4 4 4 2 4 3 4 4 3 4 2 4 3 4 4 5 4 4 4 5 5 5 3 3 4 5 5 4 2 4 4 3 2 1 3 3 4 4 4 4 3 4 4 3 4 3 4 2 4 3 5 3 3 4 4 2 4 4 3 4 4 3 5 4 4 4 3 3 3 2 4 4 3 4 4 4 4 3 2 4 4 3 4 3 2 4 3 4 3 4 3 5 3 4 None 4 2 3 3 4 4 4 4 3 4 4 2 4 4 5 3 5 4 4 3 3 4 4 4 3 3 4 3 4 3 3 4 4 3 4 4 4 3 4 3 4 4 4 4 4 3 4 1 4 3 
32 30 28 34 26 18 12 14 13 15 13 16 20 10 3 4 4 4 3 4 4 3 4 4 4 4 4 3 4 4 3 4 3 3 3 4 3 2 4 5 2 4 4 3 3 4 5 4 3 4 4 4 3 4 3 5 4 5 3 3 4 3 4 4 4 2 4 4 4 4 4 4 4 3 4 3 3 4 3 4 3 5 3 4 4 2 4 3 4 4 3 3 4 4 3 4 4 4 4 2 4 4 4 4 4 4 4 5 5 4 4 2 2 4 3 4 4 4 4 3 4 4 3 3 4 3 3 5 3 4 3 3 4 3 3 4 3 4 2 4 5 4 3 4 4 4 4 4 4 3 3 4 4 4 4 4 3 2 3 4 4 3 3 4 3 4 4 3 3 3 4 4 4 4 5 4 3 3 4 3 5 4 4 3 4 3 4 4 4 2 3 3 4 3 3 4 4 4 3 3 4 3 4 1 4 3 5 4 4 3 2 4 3 4 3 5 2 3 5 4 3 4 4 2 2 3 4 4 4 3 3 5 2 2 3 4 4 3 4 4 4 4 3 4 4 4 4 4 3 3 3 4 5 2 3 4 4 3 4 4 4 4 3 3 5 4 4 4 4 2 1 3 3 3 4 4 2 4 4 3 3 3 4 4 4 4 5 4 5 4 4 4 3 4 4 5 4 4 5 3 4 3 4 3 4 4 5 4 3 3 4 2 3 4 4 3 3 3 4 2 4 4 4 4 4 3 3 3 4 4 4 4 3 4 4 4 4 3 3 4 3 4 4 2 3 4 4 3 4 4 3 1 3 4 4 3 3 4 4 3 4 2 4 4 4 3 3 4 4 3 2 1 4 5 4 4 3 5 3 4 5 2 4 4 4 3 3 2 3 3 3 4 3 4 3 4 5 4 4 4 1 3 4 4 4 5 3 2 4 3 2 3 4 4 5 4 4 5 4 4 4 4 4 4 2 3 2 5 3 3 4 5 2 3 4 4 2 4 4 3 4 4 4 4 2 3 4 4 4 4 None 3 2 4 4 5 3 2 4 4 3 4 3 4 5 3 5 4 4 4 3 3 4 5 4 4 3 4 3 2 1 4 2 4 4 4 4 3 4 4 3 3 2 4 4 4 3 4 4 4 
33 31 29 35 27 19 13 15 14 16 14 17 21 11 4 3 4 3 4 3 3 5 3 5 5 4 5 3 3 4 4 4 3 4 3 4 5 3 5 5 5 5 4 4 4 3 3 4 2 3 4 3 4 4 3 4 2 3 2 3 4 4 5 4 4 5 4 4 4 4 3 3 3 4 1 3 4 4 5 4 4 3 5 4 5 4 3 4 4 4 4 4 4 5 2 3 4 3 6 4 4 4 4 3 4 4 4 5 5 4 5 4 5 3 4 4 4 2 5 2 4 4 2 4 4 2 4 4 4 5 4 4 3 3 5 3 4 2 4 5 5 3 2 3 4 3 2 5 4 5 5 3 3 4 5 4 4 4 4 4 4 3 4 4 4 4 4 3 3 4 4 3 4 4 4 3 4 3 4 5 4 3 4 5 3 3 2 4 4 3 5 3 4 4 3 4 4 3 4 4 4 4 3 3 4 4 5 4 4 4 4 4 4 5 3 4 4 2 4 5 4 4 4 4 3 4 4 4 4 4 3 5 4 4 5 5 4 4 4 3 5 4 4 3 4 4 5 3 4 3 4 3 5 5 4 3 4 3 4 4 4 4 3 5 5 4 4 4 4 4 4 4 3 4 5 5 4 4 3 4 4 3 5 4 4 5 4 5 5 5 5 5 4 4 4 5 3 4 5 4 4 4 4 3 4 3 4 3 2 2 1 4 3 4 5 4 2 4 4 4 2 4 3 4 3 3 3 5 4 4 4 4 5 4 4 2 4 3 4 5 4 5 4 3 4 4 3 2 5 4 1 4 3 4 4 4 3 4 4 4 4 5 4 4 4 3 4 5 4 4 3 2 4 4 3 3 4 4 4 3 5 4 4 3 4 4 4 4 3 3 4 5 4 3 2 3 3 3 3 5 4 3 4 4 3 5 2 1 5 3 4 3 4 3 4 3 4 4 4 3 4 4 3 3 4 4 5 4 2 4 3 5 4 3 5 4 3 4 4 4 4 3 4 3 3 5 4 4 4 2 3 None 5 4 3 4 3 5 4 4 3 2 4 4 5 3 4 3 4 5 4 2 4 5 3 1 3 3 3 3 4 3 4 3 2 4 4 4 4 3 4 4 3 4 4 3 5 3 2 1 
34 32 30 36 28 20 14 16 15 17 15 18 22 12 5 4 4 5 3 4 3 1 5 4 4 4 4 4 4 4 4 5 4 4 4 5 3 4 5 4 2 4 4 3 3 4 5 4 4 4 5 4 3 4 4 5 5 4 5 4 4 3 5 4 5 4 2 3 4 3 4 2 4 4 4 4 4 4 4 5 5 5 3 3 2 4 5 3 4 4 4 3 3 5 5 4 4 4 3 3 4 5 5 3 4 4 5 5 6 4 2 2 4 4 5 4 4 5 5 5 4 4 3 1 3 4 4 4 3 5 4 3 5 4 4 4 3 4 3 6 6 4 4 5 5 4 4 4 4 2 4 3 3 4 4 5 4 2 4 5 4 3 4 5 3 4 4 3 4 3 3 4 4 4 4 4 3 4 4 4 4 4 5 3 3 4 4 4 5 3 5 4 4 3 5 3 4 4 3 3 5 5 4 3 4 5 5 4 4 5 4 3 3 4 4 5 2 4 4 6 4 5 4 2 4 4 4 2 4 4 3 6 4 2 3 4 5 4 3 4 3 3 3 3 4 4 5 4 4 3 3 3 4 4 3 4 4 4 4 3 4 5 4 3 6 4 5 3 4 4 3 3 3 4 4 3 2 4 5 3 4 3 4 4 5 5 5 4 5 4 5 4 4 4 4 5 4 4 5 4 4 4 4 4 2 5 5 4 4 3 4 4 4 2 4 4 4 1 2 3 5 3 4 4 3 3 3 5 5 4 4 5 5 5 5 3 4 4 4 4 3 2 4 4 5 3 4 4 5 4 5 3 5 4 4 4 4 4 4 4 4 4 4 4 4 3 3 3 4 4 4 3 3 4 4 4 3 4 4 5 5 4 4 4 4 4 3 4 3 3 4 4 5 4 4 3 4 4 4 4 3 4 4 4 4 5 5 4 5 3 2 4 4 4 4 4 5 5 3 2 4 5 4 4 3 4 4 4 5 4 4 5 4 4 3 5 4 4 4 2 4 4 5 5 4 5 4 3 4 3 2 5 None 3 4 5 4 4 5 4 2 4 3 4 4 4 6 5 5 3 3 3 3 3 5 5 4 4 3 2 1 4 4 4 5 4 4 3 4 4 4 5 4 5 3 3 5 4 4 5 
34 32 30 36 28 20 14 16 15 17 15 18 22 12 5 4 4 4 3 5 4 4 5 2 5 4 4 2 4 3 3 4 4 2 3 4 3 4 3 3 4 4 4 4 4 4 3 3 4 4 2 4 5 2 4 3 4 3 3 3 3 4 4 4 5 4 4 4 3 4 5 3 2 3 4 4 5 3 4 3 3 4 2 3 4 3 5 3 3 4 5 4 4 4 5 2 5 3 5 3 4 4 5 4 4 4 4 4 5 4 5 5 5 3 4 3 5 4 2 4 4 3 4 4 2 3 3 5 4 4 4 3 4 4 4 4 3 2 4 5 5 4 4 5 4 3 4 4 4 4 2 4 4 4 4 2 4 3 4 3 3 4 4 4 5 4 4 4 3 4 4 3 3 4 3 4 3 4 4 4 5 4 4 3 4 4 3 3 4 4 4 4 3 4 3 4 4 3 4 5 2 4 4 3 1 3 4 3 3 4 4 4 4 4 4 4 4 4 4 3 4 4 3 4 2 4 1 5 4 4 4 4 5 4 3 4 5 3 4 4 5 3 4 4 3 5 4 4 4 3 3 5 4 4 4 3 3 4 4 4 4 4 4 5 5 4 4 4 3 4 5 5 4 3 5 4 2 4 4 4 4 3 5 4 4 4 5 4 2 4 4 4 3 4 4 5 4 4 5 4 5 4 4 3 4 3 4 4 4 3 4 2 5 4 4 4 4 4 4 4 4 4 4 3 4 4 5 2 5 5 4 5 2 4 4 4 4 4 3 4 4 4 5 3 3 5 5 4 5 5 4 4 4 4 4 4 4 4 4 3 5 5 1 4 5 4 4 3 3 5 4 3 3 4 5 4 4 3 4 4 5 4 3 4 5 4 4 3 2 3 3 4 2 3 3 3 2 4 4 3 4 4 3 3 4 5 3 4 3 4 4 3 4 3 4 4 3 5 4 5 3 2 4 4 4 3 4 4 5 3 4 3 4 3 4 3 3 4 4 3 4 3 3 4 3 4 4 4 4 3 4 4 3 None 4 6 4 4 2 3 5 4 4 3 4 3 5 4 3 4 4 4 5 3 6 4 3 4 4 4 3 2 4 5 3 3 4 3 3 3 4 4 4 4 3 4 4 4 4 4 
33 31 29 35 27 19 13 15 14 16 14 17 21 11 4 4 4 4 4 4 5 5 4 4 4 4 4 4 3 4 2 3 5 4 4 5 4 4 5 4 5 4 4 4 4 3 5 4 3 5 5 4 4 4 2 5 4 3 3 4 4 5 4 4 4 5 5 5 4 5 3 4 2 3 3 2 4 4 5 4 4 4 4 3 5 3 3 4 5 4 5 4 3 5 4 4 4 4 6 3 4 4 3 1 4 5 5 4 5 5 5 5 4 2 4 5 4 2 4 4 4 4 3 4 4 3 4 4 3 3 4 4 4 3 4 3 4 4 5 5 4 4 5 5 3 4 3 5 4 4 4 4 4 3 4 5 4 4 5 4 4 2 5 4 2 3 4 4 3 5 4 4 3 4 3 5 4 3 4 5 4 4 4 4 5 3 3 4 5 4 5 3 4 4 4 4 3 1 4 4 5 4 4 4 4 3 4 4 4 5 4 4 3 4 4 5 3 5 3 5 3 4 4 3 4 5 5 4 3 5 4 3 5 3 5 5 4 3 4 3 3 3 4 5 4 3 5 3 4 3 4 3 4 3 3 3 4 4 3 2 4 3 3 5 5 3 2 5 4 3 4 4 4 4 5 4 3 4 4 4 3 5 4 3 4 4 4 4 4 4 5 4 4 2 5 4 4 5 2 3 4 3 4 4 2 4 5 4 3 4 4 4 5 5 5 5 3 4 4 4 3 3 4 4 3 4 5 6 4 4 5 3 5 3 3 4 3 3 4 5 4 4 2 2 1 5 3 2 5 3 4 5 4 3 3 4 2 5 5 4 4 4 3 4 3 4 3 4 3 4 5 4 4 4 4 2 4 4 4 4 4 5 2 4 5 4 4 4 4 2 3 4 4 3 3 3 4 4 3 5 4 4 4 4 3 4 3 3 4 4 4 4 4 5 4 4 5 1 3 4 3 4 4 5 5 5 4 4 4 4 4 5 4 4 5 5 5 4 4 4 4 4 4 4 3 5 4 4 4 4 4 3 4 4 None 5 4 2 5 3 4 4 3 4 5 5 5 3 4 3 5 3 4 4 5 4 5 4 4 4 4 3 4 4 3 4 3 4 5 4 4 4 3 3 3 3 4 4 1 2 
32 30 28 34 26 18 12 14 13 15 13 16 20 10 3 4 5 6 5 4 4 6 5 6 5 5 3 5 5 6 5 5 5 4 5 6 5 5 4 5 5 5 5 4 5 5 6 4 2 6 5 5 3 5 5 3 5 6 5 5 4 5 7 5 5 5 4 5 4 4 5 5 5 4 5 5 5 4 5 6 6 5 6 6 6 6 5 5 4 5 5 5 5 4 6 5 5 5 6 5 4 6 5 4 4 5 5 4 4 5 6 4 6 5 5 5 5 6 4 5 4 4 4 5 5 5 5 5 4 6 4 6 5 3 6 5 5 5 5 6 6 5 5 5 6 4 5 5 6 5 5 3 5 4 5 5 5 5 4 5 4 5 5 5 5 4 5 5 5 5 5 4 4 5 5 3 4 5 5 6 5 5 2 4 4 5 5 3 4 4 6 4 5 5 5 4 5 5 5 4 5 4 5 5 5 3 4 5 5 6 4 5 4 3 5 5 5 6 3 5 5 5 5 5 5 4 5 6 6 4 6 5 5 4 6 5 4 6 6 5 6 5 6 5 5 5 4 4 5 5 5 4 6 5 4 5 4 4 5 4 2 4 6 4 5 5 4 5 5 5 5 4 5 6 5 6 4 5 5 5 4 5 5 5 6 5 5 4 5 6 5 3 5 5 6 5 4 5 4 5 5 5 4 5 5 4 5 5 4 5 5 6 6 4 5 5 5 4 5 4 6 5 5 5 5 5 5 6 5 6 5 6 5 4 2 6 4 5 5 6 5 5 4 5 5 4 5 4 5 5 5 5 5 4 5 5 6 5 4 6 3 5 5 5 6 5 6 4 5 5 5 4 4 5 3 5 4 6 5 5 4 6 5 5 4 4 5 4 5 3 5 5 5 5 4 4 5 5 4 5 5 6 6 5 3 5 4 3 3 3 6 5 6 5 4 5 5 6 4 5 5 4 4 5 6 5 5 6 4 6 5 4 5 5 5 6 6 4 5 5 4 5 6 6 5 3 5 5 4 4 5 4 5 6 5 None 4 4 5 5 3 5 5 5 5 5 6 5 4 5 4 4 5 6 6 5 5 6 5 6 5 4 5 6 5 3 5 5 5 3 4 6 5 5 5 6 5 5 4 5 
32 30 28 34 26 18 12 14 13 15 13 16 20 10 3 4 4 3 4 3 4 3 5 3 4 4 4 3 3 3 3 4 2 4 4 3 5 3 3 2 4 3 5 4 3 2 5 1 2 4 4 4 4 3 3 5 3 4 4 3 3 4 5 3 4 4 4 3 4 4 3 3 4 3 4 3 4 3 4 4 4 2 2 4 3 3 4 4 3 2 3 4 4 5 4 4 3 4 3 3 4 4 3 3 3 3 2 4 5 4 2 3 4 4 3 3 3 4 3 3 4 2 2 4 3 1 3 3 4 4 4 2 2 3 4 4 3 4 4 5 5 3 3 3 4 3 3 3 4 4 3 3 5 3 5 3 4 3 3 4 4 4 4 5 4 4 4 4 4 4 3 3 4 3 3 3 4 5 4 4 4 3 3 4 4 3 4 4 3 4 2 4 3 3 3 4 5 4 4 4 3 2 3 4 4 3 5 3 3 4 3 3 3 2 4 4 3 4 4 5 3 4 3 4 2 3 3 3 2 2 4 4 1 4 4 3 3 4 3 3 4 4 5 4 4 5 3 4 3 3 3 3 3 3 4 5 4 3 3 4 4 3 4 3 5 4 3 2 3 4 4 3 2 3 3 5 4 3 2 4 4 4 5 4 4 3 3 5 4 2 4 3 3 4 2 4 4 4 4 4 3 3 4 3 4 2 3 3 4 4 4 3 2 4 3 1 4 5 4 4 3 3 3 3 4 3 3 6 2 2 2 4 4 4 4 4 4 2 4 3 2 3 2 4 4 4 4 4 3 4 4 4 2 3 3 2 3 3 4 4 4 4 3 4 4 4 3 4 3 5 3 3 2 3 4 4 4 4 4 3 4 4 5 5 4 2 3 3 4 3 4 4 4 4 4 3 4 3 2 4 2 4 3 3 4 4 4 3 4 3 3 2 4 4 2 1 3 5 4 3 3 4 3 3 4 3 3 4 3 3 4 4 4 4 3 3 4 3 3 4 4 4 4 4 3 4 3 4 3 4 3 3 4 4 4 4 None 3 3 3 5 3 2 1 2 4 4 4 3 5 5 4 1 2 4 4 3 4 3 4 4 4 4 4 3 3 4 3 3 3 3 4 4 1 4 4 4 4 3 2 
32 30 28 34 26 18 12 14 13 15 13 16 20 10 3 4 5 4 3 4 5 5 4 4 3 5 4 5 4 4 4 4 3 3 3 4 5 4 3 5 3 4 4 4 4 3 5 4 3 5 5 3 5 4 2 5 4 5 3 4 4 5 5 3 2 4 5 4 4 5 4 5 2 3 5 3 4 4 4 4 4 4 4 3 5 4 4 5 3 2 4 3 3 3 5 5 3 4 5 3 4 4 4 3 3 5 3 3 4 5 5 4 4 4 4 4 5 4 4 4 3 3 3 4 4 4 3 4 4 5 2 5 3 2 4 3 2 4 4 5 6 4 4 4 5 4 4 3 4 4 4 4 4 4 4 4 5 4 4 6 4 4 5 4 4 3 4 3 3 5 5 4 5 4 3 3 4 3 4 4 5 5 2 4 4 5 4 4 5 3 4 4 4 4 4 5 4 3 4 3 3 3 5 3 4 1 5 5 4 5 4 4 4 3 3 4 4 4 5 5 3 4 4 4 4 3 3 4 4 4 4 5 4 4 4 4 3 3 4 4 5 3 4 5 4 3 4 5 4 3 4 4 4 3 4 5 4 5 4 4 4 4 4 4 4 3 4 3 4 4 3 2 4 4 5 5 4 4 3 3 1 4 6 5 4 5 4 4 4 4 3 4 4 2 4 5 3 5 4 3 4 5 4 4 4 3 4 3 4 4 4 4 3 5 3 4 3 5 4 4 4 4 4 3 4 4 4 5 4 3 4 5 4 3 4 4 5 4 4 5 4 3 3 2 1 4 5 4 4 3 5 3 5 5 5 4 4 4 4 4 3 4 3 5 5 4 5 4 3 4 4 3 4 4 4 4 4 4 4 4 5 4 4 4 3 4 5 4 4 4 3 5 4 3 3 3 4 3 2 5 3 4 4 4 2 4 4 4 4 4 4 3 4 4 4 3 4 3 4 4 2 2 5 4 4 4 4 3 4 5 4 4 3 4 5 6 4 4 4 4 3 4 4 5 4 4 5 4 2 4 2 5 4 4 2 4 3 None 4 4 4 4 4 4 3 3 5 5 2 5 4 3 4 4 3 4 5 5 4 4 3 3 4 5 5 5 5 5 3 3 4 4 3 2 4 4 5 4 3 4 
33 31 29 35 27 19 13 15 14 16 14 17 21 11 4 4 3 5 4 5 4 4 3 2 4 4 4 3 4 4 5 4 3 4 3 4 3 3 4 3 3 4 4 4 3 4 4 3 3 5 2 3 4 2 4 5 4 3 4 4 3 4 5 4 4 4 3 4 4 4 3 4 4 4 3 3 4 4 4 1 3 4 2 4 4 3 4 4 3 2 3 3 4 4 4 4 4 4 5 5 4 5 4 4 3 2 4 4 5 3 5 4 3 4 4 2 4 3 4 4 4 4 4 5 3 4 3 4 4 5 4 3 3 2 6 3 4 3 4 6 3 4 4 4 4 3 4 5 4 5 4 4 4 4 4 4 4 3 4 2 4 4 2 4 3 3 4 4 2 5 5 2 3 5 4 4 3 4 4 4 3 4 4 5 5 4 3 3 2 3 4 3 4 4 3 4 3 4 2 3 4 3 3 4 3 3 4 3 3 3 4 3 3 4 4 3 4 4 4 4 4 3 4 3 4 2 1 5 3 3 5 2 4 5 4 4 4 4 4 2 5 4 4 4 3 4 4 5 2 3 4 4 4 5 4 4 3 3 3 4 4 2 5 3 4 4 3 4 3 4 3 4 4 4 5 4 4 4 3 5 3 4 4 3 5 4 5 5 4 5 5 4 4 3 4 4 3 4 3 4 4 3 3 5 5 1 2 3 4 4 5 4 4 4 3 4 4 4 5 3 4 4 4 1 2 4 3 4 4 3 4 4 2 2 4 4 4 5 3 4 4 4 3 4 4 4 5 4 4 4 5 3 4 4 4 4 4 4 3 4 3 4 3 4 3 4 4 3 4 4 5 4 3 3 4 4 4 3 4 3 4 3 4 3 4 3 4 3 2 4 3 4 4 3 3 4 4 4 3 1 4 4 3 4 3 5 2 3 3 4 4 4 3 4 4 3 3 4 4 3 3 2 4 4 4 3 4 3 4 4 4 4 2 1 3 3 4 4 4 3 3 3 4 5 4 4 4 3 4 3 4 4 5 2 5 5 3 4 None 5 4 2 4 3 4 4 5 4 4 4 2 4 4 3 5 4 4 4 4 5 4 4 4 5 4 3 5 3 3 3 3 3 3 2 3 4 4 3 5 5 
33 31 29 35 27 19 13 15 14 16 14 17 21 11 4 3 4 5 3 4 5 4 5 3 5 5 5 4 4 3 1 5 3 4 4 4 3 4 4 4 4 5 4 4 4 3 5 4 4 4 4 4 5 5 2 5 3 3 4 4 4 5 6 5 5 3 4 3 3 5 5 4 3 4 4 4 4 4 3 5 4 3 3 3 5 4 5 4 4 4 4 4 1 6 5 4 5 4 4 4 4 4 4 3 4 4 4 4 5 5 5 5 4 2 4 3 3 4 3 3 4 3 3 5 4 2 4 4 4 3 4 4 5 4 5 2 3 4 4 6 6 4 4 5 5 3 4 3 3 4 3 4 3 5 4 4 2 4 4 5 4 4 4 3 5 3 5 3 4 3 2 4 4 3 4 4 4 4 3 4 4 4 4 5 3 4 3 4 4 3 4 5 3 4 3 5 4 4 5 4 4 4 5 4 4 4 3 5 3 3 4 5 4 5 3 5 5 5 4 4 4 4 4 4 3 5 4 4 5 5 3 5 4 5 4 5 2 4 3 4 4 4 5 5 4 3 5 4 4 4 3 4 4 4 3 5 4 4 4 5 5 5 3 5 5 4 4 4 4 2 3 4 3 4 4 5 4 4 4 4 4 4 4 5 4 4 5 2 3 5 5 5 4 4 4 6 4 5 5 4 4 3 4 4 4 4 5 2 5 4 4 3 4 5 5 4 5 3 4 3 4 4 4 5 4 5 4 5 4 5 4 5 5 4 4 4 4 1 3 4 3 2 4 4 3 5 5 4 4 5 5 5 3 4 4 3 4 4 4 4 5 4 2 4 4 4 4 5 4 2 4 4 3 4 5 4 4 2 3 5 4 5 5 4 5 4 4 4 4 4 3 5 1 4 3 4 4 4 4 5 4 5 5 4 3 4 3 4 5 4 4 4 4 3 4 3 4 4 2 3 5 5 4 4 4 4 5 4 4 4 3 5 4 4 3 4 2 5 3 4 5 4 5 5 3 3 4 3 4 4 4 4 4 3 3 5 3 4 5 None 2 5 5 4 4 3 5 2 3 5 4 3 4 4 3 4 2 4 4 5 5 4 4 4 4 4 4 5 4 4 4 4 3 4 5 5 3 4 3 3 
33 31 29 35 27 19 13 15 14 16 14 17 21 11 4 5 4 4 4 4 5 3 5 4 4 5 4 4 2 3 3 4 5 3 5 5 5 3 5 4 3 4 4 4 3 4 4 4 3 4 4 2 4 5 4 3 3 3 3 4 3 4 4 4 4 3 2 3 4 3 4 4 4 5 4 4 3 4 2 4 3 4 3 3 4 4 4 4 4 3 3 3 3 4 4 4 4 4 3 3 2 4 4 4 3 4 4 4 5 3 4 3 4 2 3 4 4 4 4 5 4 5 4 3 3 4 4 4 4 5 4 3 3 4 4 4 4 3 3 5 5 4 2 3 4 4 4 4 4 2 4 4 4 4 4 5 4 2 2 4 3 3 2 4 4 3 5 3 4 4 3 4 4 3 4 4 4 4 4 4 4 4 3 3 1 3 4 3 4 3 4 3 4 3 3 3 4 5 3 3 3 4 5 3 4 4 4 4 4 5 4 3 4 4 3 4 3 4 4 4 3 3 4 4 5 4 4 3 4 4 3 5 4 3 5 4 4 3 3 4 5 4 3 4 5 4 5 2 4 2 3 3 4 2 1 3 4 4 4 3 3 4 4 4 5 4 4 4 4 2 2 4 4 5 4 3 4 4 4 5 4 3 4 4 4 3 3 4 5 5 5 3 4 4 4 4 3 4 5 4 4 3 2 4 4 4 5 3 3 3 2 4 4 4 4 4 3 1 2 1 5 4 5 4 4 3 5 5 4 3 5 4 4 4 4 4 4 3 4 4 3 3 3 2 3 3 3 3 4 4 4 3 5 4 4 3 3 4 4 4 4 4 4 3 4 4 4 4 4 4 4 4 3 4 4 4 2 4 4 4 5 4 5 4 5 4 4 4 3 3 3 4 3 4 2 3 4 4 4 4 3 4 4 3 3 5 4 3 4 2 4 4 4 4 4 4 4 5 4 4 3 4 4 4 3 4 4 4 4 4 4 4 2 3 5 5 4 3 5 2 3 3 4 3 4 5 4 3 4 4 3 3 2 5 4 3 5 4 4 2 None 5 4 4 4 4 5 4 4 3 3 1 5 5 5 3 4 3 2 3 3 4 4 4 4 3 4 5 4 2 4 3 4 4 4 3 5 4 3 4 
33 31 29 35 27 19 13 15 14 16 14 17 21 11 4 5 3 5 5 4 3 5 3 4 4 2 4 4 4 4 4 4 4 4 3 5 4 3 5 4 4 5 4 4 3 4 5 4 3 3 4 4 4 4 3 4 2 3 4 5 5 4 5 4 4 4 4 4 4 5 4 5 4 4 1 4 4 4 5 3 4 4 4 4 4 4 4 4 3 4 4 4 4 4 2 4 4 3 5 4 4 5 4 4 4 3 4 4 5 3 4 4 5 4 4 4 4 2 5 4 4 4 4 5 4 3 4 4 3 5 4 4 3 2 5 5 4 4 5 4 4 3 4 4 4 3 4 4 5 5 4 4 3 5 5 5 4 4 5 4 3 4 4 5 5 2 5 4 3 5 4 4 4 3 4 3 3 3 4 4 4 4 4 4 5 3 4 3 4 3 4 4 4 4 3 4 4 3 4 4 5 3 1 4 4 4 4 3 5 4 5 4 5 4 3 5 4 4 4 5 4 4 4 4 4 2 3 4 4 4 3 4 4 4 3 4 4 4 5 3 3 5 4 4 3 3 3 4 4 3 4 4 5 5 5 5 4 4 3 4 4 4 3 5 3 4 3 4 3 4 4 4 2 4 5 5 3 4 3 4 3 3 4 5 5 5 5 4 5 4 4 5 4 4 5 4 4 4 5 3 2 3 3 5 4 1 2 3 4 2 3 4 3 4 4 4 4 5 5 5 4 5 3 3 4 4 1 5 4 3 2 3 4 4 4 2 5 4 4 4 3 4 3 4 4 2 4 4 4 4 3 5 4 2 4 4 4 4 4 4 3 3 5 4 4 4 4 5 4 4 5 4 4 4 3 5 4 4 2 2 5 3 4 4 2 4 3 3 3 4 3 5 4 5 4 4 4 3 3 3 4 4 4 4 5 4 4 3 5 3 2 4 3 4 4 4 4 5 4 5 5 4 3 3 3 3 4 4 4 4 4 4 4 3 3 5 3 4 4 4 4 3 3 3 5 4 3 3 3 2 4 2 4 4 4 5 3 4 2 5 5 None 5 4 5 5 5 5 4 4 4 4 3 5 5 3 4 3 3 3 3 3 4 3 3 5 5 3 5 5 3 4 4 2 4 3 4 3 4 3 
33 31 29 35 27 19 13 15 14 16 14 17 21 11 4 4 3 4 4 4 3 4 3 3 3 4 4 3 3 3 5 3 4 4 4 3 3 3 4 4 3 4 4 3 3 4 5 3 4 4 3 3 2 4 4 4 5 4 3 3 4 4 5 3 2 4 4 3 4 4 4 3 3 4 4 1 4 4 4 5 4 4 2 2 4 3 4 3 4 4 4 4 4 3 5 5 4 4 4 3 4 2 4 4 3 4 4 3 4 3 4 4 4 3 5 4 3 3 4 3 4 4 3 4 4 3 4 4 3 5 4 2 4 4 4 3 4 4 4 5 4 2 5 4 4 4 5 5 4 4 3 4 3 4 3 4 4 3 3 4 4 4 4 4 4 5 4 4 5 4 4 5 4 4 4 4 4 3 3 5 5 4 3 4 4 3 5 3 4 4 4 3 3 4 4 4 5 2 4 4 3 4 4 4 4 4 4 4 2 5 4 4 4 4 3 5 4 4 4 3 1 2 3 3 4 3 4 4 2 3 4 4 3 3 4 3 4 4 4 4 4 4 4 4 4 5 4 4 3 3 4 3 3 4 4 5 4 3 4 4 3 4 4 4 4 4 3 3 3 4 3 5 3 5 3 5 3 4 4 4 3 4 4 4 3 3 4 4 4 4 3 5 3 4 4 4 3 4 5 3 4 3 2 4 3 4 5 3 4 4 3 3 4 4 5 3 3 4 5 4 4 2 4 3 4 4 4 5 4 4 4 5 4 2 5 4 5 4 4 3 2 4 4 2 3 4 3 4 3 4 5 4 4 3 4 4 4 5 4 2 2 4 3 4 3 4 3 4 3 5 4 3 3 4 4 4 4 4 3 5 4 4 3 4 5 4 3 2 3 4 4 3 4 4 4 4 4 3 3 5 3 2 3 4 3 5 2 3 3 5 3 3 4 4 4 3 4 4 5 4 2 3 4 4 4 3 3 3 4 3 4 4 3 3 5 4 4 3 4 4 4 5 4 4 4 3 5 4 4 4 3 4 3 4 3 5 2 4 4 5 4 5 None 1 2 4 5 4 3 5 4 3 3 4 4 5 4 4 3 3 2 4 4 4 4 4 4 4 4 4 4 2 3 3 4 3 4 4 4 4 
33 31 29 35 27 19 13 15 14 16 14 17 21 11 4 4 4 4 4 4 4 3 4 2 4 3 4 4 2 4 4 3 3 4 5 3 4 3 3 3 4 4 4 4 3 3 5 2 3 3 3 3 3 4 4 5 4 4 4 2 3 5 6 4 3 4 3 2 3 3 3 4 3 3 4 2 4 3 4 4 3 3 1 3 4 2 4 3 3 3 3 3 3 4 4 4 3 3 3 4 3 3 4 4 3 4 3 4 4 3 3 4 4 3 4 4 2 3 3 4 3 3 3 4 4 2 3 4 3 4 4 1 3 4 4 3 4 4 4 6 4 2 4 4 4 3 4 4 4 3 2 4 4 4 4 4 3 2 4 4 4 4 5 4 4 5 4 4 4 4 4 4 3 4 4 4 4 4 4 4 4 4 4 5 4 2 4 3 3 3 3 4 4 3 4 3 4 3 4 3 2 3 3 3 3 3 4 3 2 5 4 4 4 3 4 4 3 3 4 4 2 3 4 4 3 3 3 4 3 3 4 4 2 3 3 2 3 4 4 4 4 4 4 3 4 4 3 4 3 4 3 2 3 4 3 5 4 3 3 4 4 4 4 4 5 5 3 3 2 4 4 4 3 4 2 5 4 3 3 4 4 3 4 4 4 3 4 4 3 3 4 4 4 5 3 4 4 4 5 4 3 2 3 3 4 3 4 2 5 4 4 2 3 4 4 2 3 4 4 5 4 3 4 4 4 4 4 5 3 3 3 4 4 3 4 4 5 3 3 2 1 4 3 3 4 3 3 3 4 5 4 5 3 2 3 3 4 4 3 3 3 4 2 4 4 4 4 4 3 4 4 4 3 4 4 3 4 3 3 4 3 3 4 4 5 3 2 3 4 4 3 4 3 3 3 4 4 4 3 4 3 3 4 4 4 5 3 4 4 4 3 3 4 4 3 2 4 4 4 4 3 4 4 4 4 2 2 4 4 3 4 4 4 4 4 4 4 3 4 4 3 4 3 3 4 4 4 3 4 4 4 4 4 3 4 5 1 4 3 4 4 4 1 None 1 3 5 4 2 5 4 3 2 3 3 5 3 3 2 4 3 3 3 3 4 3 3 3 3 4 4 3 4 2 4 4 3 5 4 3 
33 31 29 35 27 19 13 15 14 16 14 17 21 11 4 3 5 5 3 5 5 4 5 3 4 4 3 3 3 4 5 3 4 4 4 4 4 3 2 4 4 5 4 5 4 4 4 3 4 4 4 4 4 4 5 5 4 5 4 3 2 4 5 4 4 4 2 1 4 3 4 4 3 2 4 3 5 3 3 5 4 4 2 4 5 3 5 2 4 4 4 4 4 5 5 5 3 4 4 3 4 4 4 5 4 5 4 4 5 4 4 4 5 4 5 3 3 4 4 4 4 3 4 3 3 3 4 4 4 3 3 2 4 5 4 2 5 3 4 6 5 3 5 4 5 4 4 4 4 2 3 4 4 5 5 4 2 3 5 4 3 3 5 5 4 4 5 4 4 4 3 4 4 5 4 4 4 4 5 4 4 4 3 4 4 3 5 3 4 4 4 4 5 4 4 4 5 4 4 4 2 4 4 4 3 2 4 4 3 4 5 4 5 4 4 5 4 3 4 4 3 4 4 4 4 4 4 4 4 4 4 5 3 4 4 3 4 4 3 4 5 4 5 4 3 5 4 4 4 5 3 3 3 5 4 4 3 3 3 4 4 3 3 5 5 4 4 4 3 4 4 5 4 5 3 4 3 4 4 4 4 4 5 5 3 4 4 5 3 3 4 5 4 5 4 4 4 4 4 4 4 3 4 3 5 4 5 3 5 3 4 3 4 4 5 3 4 3 4 4 4 3 4 5 5 5 5 6 4 4 4 5 3 4 5 5 4 4 4 3 2 4 4 4 4 3 4 4 4 4 4 5 4 3 3 4 4 5 3 4 4 4 3 4 4 4 5 3 2 5 5 5 4 5 4 4 4 4 4 4 4 4 3 4 4 4 3 4 4 4 4 5 4 4 4 4 5 4 3 5 4 3 5 4 4 6 3 4 5 3 4 4 4 4 3 3 4 5 5 5 4 3 4 5 5 3 3 5 4 4 4 4 4 4 4 5 5 4 4 4 4 4 4 4 3 5 4 4 3 5 5 5 4 4 5 5 2 3 4 4 4 5 2 1 None 2 5 5 1 5 3 4 3 4 4 5 4 4 3 4 4 2 3 4 4 4 4 4 3 3 4 4 4 3 3 3 4 4 4 4 
33 31 29 35 27 19 13 15 14 16 14 17 21 11 4 4 5 5 4 5 4 4 5 5 4 5 3 3 5 4 4 5 3 4 5 4 5 4 4 2 4 5 4 3 5 4 2 3 4 3 4 4 4 4 4 4 4 4 4 4 4 4 5 4 3 5 3 3 4 4 5 2 4 4 4 3 4 4 3 3 5 3 4 4 5 3 4 4 4 4 4 5 3 4 4 4 5 4 4 4 5 5 3 5 5 4 4 4 5 5 5 4 5 4 5 4 2 5 4 4 4 3 5 3 1 4 3 4 4 4 5 4 4 3 5 4 3 1 3 6 5 5 4 4 5 3 4 5 4 4 4 3 4 5 4 3 4 3 4 4 4 3 4 4 4 3 4 4 2 3 4 2 5 5 4 2 3 4 4 5 5 4 3 5 4 4 3 3 4 3 5 4 4 5 3 5 3 4 5 4 3 4 5 2 2 4 4 4 4 4 4 4 3 4 4 3 4 5 4 5 4 3 4 4 5 4 4 4 3 4 3 6 4 4 5 5 3 5 4 4 6 4 5 5 4 5 4 5 4 4 5 4 5 5 5 2 3 4 3 4 3 3 5 5 5 4 5 3 4 5 4 4 5 5 5 5 4 4 3 4 2 4 5 4 1 3 5 4 4 3 5 4 4 5 5 6 3 4 5 4 5 4 4 4 5 4 4 2 4 4 4 3 4 4 3 5 4 3 4 3 5 3 5 5 4 4 5 5 5 5 5 4 4 4 4 4 4 4 4 4 3 3 4 5 4 4 4 4 5 5 4 4 5 4 5 4 5 5 1 4 4 4 3 2 3 4 4 3 2 4 5 4 4 3 5 4 3 4 3 3 4 3 4 3 5 3 5 3 4 5 4 4 2 5 3 4 3 4 4 5 4 3 4 4 4 5 3 4 4 4 4 4 4 2 4 4 4 5 5 5 4 5 5 4 4 3 4 4 4 4 5 4 4 3 4 5 3 5 3 4 5 3 4 5 4 4 3 3 4 3 3 3 4 3 5 5 4 3 4 3 4 5 4 3 2 None 4 4 3 4 2 5 4 5 5 4 3 4 5 5 4 3 4 5 4 3 4 3 4 4 4 4 5 4 4 3 4 4 4 4 
32 30 28 34 26 18 12 14 13 15 13 16 20 10 3 4 5 3 5 5 6 5 6 5 5 6 5 5 5 5 6 6 5 5 5 5 6 5 6 4 5 5 6 5 6 5 6 4 6 6 5 5 5 4 5 6 5 4 4 5 5 6 6 5 5 5 5 4 5 6 4 4 3 4 5 5 6 4 5 5 5 5 4 4 6 5 3 5 5 4 5 4 5 5 5 6 5 5 5 4 4 5 4 5 5 6 5 6 6 5 5 6 5 5 6 5 5 5 5 5 4 5 6 5 3 5 3 3 6 2 5 6 4 5 5 5 6 5 4 7 6 5 5 4 5 5 4 4 6 5 5 6 5 5 4 5 5 5 5 6 6 5 3 5 6 5 4 5 4 3 4 5 5 3 2 5 6 6 5 6 4 5 4 5 6 4 5 5 5 5 5 4 4 5 5 5 5 5 5 4 5 5 4 5 4 5 6 4 5 6 4 5 5 4 6 5 5 6 4 6 4 5 5 5 6 5 5 6 5 4 5 6 5 6 5 6 6 4 5 5 6 4 5 6 5 5 2 6 5 4 5 3 5 6 5 6 5 5 5 5 6 5 5 5 6 5 5 5 5 5 5 6 4 5 6 6 5 3 4 5 6 6 6 5 5 6 6 6 5 5 6 5 5 5 5 6 4 4 5 5 5 6 6 6 5 4 5 5 5 5 5 4 6 6 3 5 2 5 5 4 6 5 5 5 5 4 5 7 5 4 3 5 4 5 4 6 6 5 4 5 4 5 4 3 4 6 6 5 6 5 5 6 6 5 6 5 5 5 5 5 4 6 4 4 5 5 5 3 4 6 5 5 6 5 5 4 6 6 6 5 5 6 6 3 4 5 5 5 6 6 4 6 4 4 5 5 5 4 4 6 5 5 5 4 5 6 5 5 6 6 5 4 5 6 5 5 4 5 5 5 5 6 5 5 6 5 5 5 5 5 5 4 5 4 4 6 5 5 5 5 5 5 5 6 5 6 5 4 5 5 5 4 6 5 5 6 4 5 5 5 5 5 5 5 5 4 None 6 5 5 4 4 4 5 6 5 5 6 5 5 6 5 5 4 6 5 4 5 5 5 5 6 5 3 5 5 5 4 6 5 
33 31 29 35 27 19 13 15 14 16 14 17 21 11 4 5 3 5 4 4 4 5 5 4 4 5 4 4 3 3 1 3 4 3 4 5 4 5 4 2 3 5 4 4 4 4 5 3 3 4 4 4 5 5 4 5 4 3 5 4 3 5 6 4 4 4 5 4 4 4 5 4 4 4 4 5 4 4 5 3 4 4 4 4 5 5 4 4 4 4 2 4 3 6 5 4 3 2 6 3 5 4 3 3 5 4 4 4 4 5 5 5 4 4 3 4 3 4 4 4 3 4 3 4 3 4 5 3 3 4 4 4 4 4 4 4 4 4 3 5 4 2 3 3 5 4 3 4 5 4 4 2 4 4 5 4 4 4 4 5 4 5 5 4 3 3 5 2 2 4 4 3 4 4 5 3 2 4 4 4 4 4 4 4 4 4 1 3 4 3 5 4 3 4 4 3 3 4 4 4 4 4 5 5 4 4 3 3 3 4 3 4 4 4 3 4 4 3 4 3 4 4 3 5 4 5 4 4 4 3 4 5 4 4 5 4 4 4 4 3 4 4 4 4 4 5 4 5 4 4 4 5 4 4 4 5 3 2 3 3 4 3 4 5 5 4 4 4 5 2 3 5 3 4 5 5 3 3 2 4 5 3 4 4 4 4 5 4 4 5 4 5 5 4 4 4 4 3 5 5 5 4 4 4 4 4 4 4 4 3 4 4 5 3 4 4 5 4 3 4 5 4 4 3 2 4 4 5 4 4 4 5 4 4 4 5 5 3 2 4 4 4 4 4 4 4 3 2 5 4 4 4 4 4 4 4 4 4 4 4 5 4 3 5 4 2 3 4 4 3 5 4 3 3 4 4 4 4 3 3 3 4 5 4 4 4 3 4 4 4 3 4 3 3 4 3 2 4 4 5 4 5 4 3 4 5 4 3 3 4 4 4 3 3 4 3 5 4 2 3 4 5 4 4 4 4 4 3 4 5 5 5 3 4 4 3 3 3 1 4 4 5 5 4 3 5 3 5 3 4 4 3 5 4 3 5 4 5 4 2 4 5 4 4 5 4 6 None 5 4 4 5 4 4 4 2 4 4 4 4 4 4 4 4 3 3 2 3 5 4 3 4 3 3 5 5 4 3 4 4 
32 30 28 34 26 18 12 14 13 15 13 16 20 10 3 2 5 4 4 4 4 4 5 4 3 5 4 3 4 4 4 4 5 4 3 5 5 3 1 3 3 4 4 4 4 3 5 4 4 3 3 4 4 3 4 4 4 4 3 3 3 3 4 3 4 3 3 2 4 4 5 3 4 3 4 3 4 4 4 4 3 5 3 4 4 4 4 3 3 3 4 3 4 4 4 5 3 3 5 4 4 4 4 5 4 5 3 3 4 3 4 4 4 4 4 4 4 4 4 3 4 3 3 4 2 4 3 4 3 4 2 3 4 4 3 1 4 4 4 5 6 4 4 4 4 4 3 3 3 3 3 4 3 5 5 3 3 4 4 4 4 2 4 4 4 4 4 3 3 4 4 4 4 4 3 3 3 3 4 3 3 3 2 4 3 4 4 2 3 4 3 4 4 5 4 4 4 3 3 4 1 3 4 5 2 1 3 4 2 5 4 4 4 3 3 5 4 2 3 3 3 4 4 3 3 4 3 3 4 4 5 4 4 4 4 4 4 3 2 4 5 3 4 3 2 4 4 3 4 4 2 4 3 5 4 5 4 3 4 5 3 2 4 4 4 3 4 3 4 3 4 5 3 4 4 4 4 4 4 3 3 4 5 5 4 3 3 5 2 2 3 4 4 4 3 3 3 3 3 4 5 4 3 2 4 4 4 4 4 2 3 4 5 4 4 4 5 4 4 4 4 4 3 4 4 4 4 5 4 4 4 5 4 4 4 4 3 4 4 4 3 3 4 4 3 2 4 4 3 3 3 4 5 3 4 4 4 4 4 4 3 5 3 3 4 3 4 2 1 5 4 4 4 5 3 5 4 5 3 4 5 5 2 4 3 4 4 4 4 4 3 5 4 3 3 3 4 3 2 4 4 2 5 3 3 5 2 3 4 4 4 3 4 4 3 4 4 4 4 4 3 2 4 4 4 4 4 4 4 4 4 4 3 3 3 4 4 4 4 4 3 3 4 5 4 4 3 4 2 4 4 4 5 3 4 4 3 2 4 3 4 4 3 2 1 3 5 5 None 5 3 4 3 4 5 4 5 4 3 3 4 1 4 5 4 3 4 4 2 3 4 4 3 3 3 2 5 4 3 4 
33 31 29 35 27 19 13 15 14 16 14 17 21 11 4 4 3 3 4 4 4 4 5 4 4 4 4 4 3 4 5 4 4 3 5 5 4 3 4 4 4 3 4 5 3 4 5 5 3 4 4 3 3 4 3 4 4 4 5 5 4 4 5 4 3 4 3 4 4 4 5 5 4 3 4 4 4 4 4 4 3 4 4 3 5 4 5 4 4 3 3 2 4 5 5 4 4 2 5 3 3 4 4 3 4 4 4 4 4 4 5 4 4 4 5 3 3 4 5 4 4 4 4 4 4 4 3 3 3 4 3 4 5 4 4 4 4 4 4 6 5 4 4 4 5 4 4 4 4 3 4 4 4 3 4 4 4 4 4 4 4 5 4 5 4 2 4 2 3 5 5 4 3 2 3 4 4 4 4 2 4 4 5 4 4 4 3 3 4 3 4 2 3 3 4 2 4 4 4 4 5 3 4 5 5 4 4 3 4 5 3 3 4 4 3 5 3 4 3 4 4 5 5 4 5 4 3 4 4 4 5 5 4 2 5 5 5 4 4 4 5 3 2 3 4 3 4 3 4 2 5 4 4 5 4 3 3 3 2 1 3 4 4 5 5 4 4 4 3 4 3 4 3 5 5 2 3 4 4 4 5 3 4 4 5 4 4 4 4 4 4 4 5 5 4 3 3 3 4 4 4 4 4 5 4 3 2 4 3 3 4 4 4 4 3 4 4 2 3 3 5 4 5 4 3 3 5 4 4 4 4 5 4 5 5 5 4 5 4 5 4 4 4 3 4 4 4 4 2 3 5 3 4 3 4 4 4 5 3 3 5 4 5 4 5 3 4 4 5 4 5 5 3 4 4 5 3 4 3 4 3 5 4 3 4 5 4 3 2 2 4 5 5 4 4 4 4 4 5 4 4 4 3 3 5 5 4 4 4 3 4 4 1 5 3 4 5 4 4 3 3 4 3 3 2 4 4 2 4 4 5 3 2 3 4 5 4 4 3 1 3 4 5 4 3 4 4 3 3 3 4 5 3 4 3 5 5 5 4 5 3 4 5 5 5 4 5 4 5 None 2 3 5 5 5 4 4 4 3 4 3 4 4 4 4 4 2 3 3 4 4 3 4 4 3 4 4 4 4 4 
32 30 28 34 26 18 12 14 13 15 13 16 20 10 3 2 4 3 4 4 4 3 4 4 4 4 4 3 4 4 4 4 5 3 4 4 4 4 4 3 4 5 4 4 3 4 4 4 3 3 2 2 3 4 4 3 3 2 4 3 3 4 5 4 4 3 1 2 4 2 4 4 4 4 4 3 4 4 3 3 3 4 3 3 4 4 3 3 2 4 3 4 3 4 3 4 4 4 4 4 4 4 3 4 4 4 4 4 5 3 4 3 4 3 3 2 2 5 3 3 4 3 4 4 3 5 4 4 2 3 4 4 3 2 5 3 3 3 3 6 4 4 2 3 4 4 4 4 5 3 4 4 4 5 4 4 3 2 4 4 3 4 2 5 4 3 4 3 2 4 4 4 4 4 4 2 3 4 3 4 4 4 3 4 3 4 3 1 2 1 4 3 3 3 3 4 3 4 3 4 4 3 3 3 3 4 2 4 3 4 4 5 4 3 3 5 5 4 4 4 3 4 4 5 4 4 3 4 3 3 3 4 4 3 5 5 4 4 3 4 5 4 4 4 3 5 3 4 2 4 3 3 4 4 4 4 3 3 3 3 2 2 4 3 4 3 3 5 3 3 2 5 4 4 5 4 3 4 4 3 3 3 5 2 3 4 4 4 4 5 5 5 4 3 4 4 3 2 5 4 4 3 2 4 4 3 4 4 4 3 4 4 4 5 4 4 2 2 3 3 5 4 4 3 3 3 4 5 4 5 4 3 4 4 4 4 4 4 4 4 3 2 3 3 4 4 5 4 4 4 4 3 4 2 4 4 3 4 1 4 4 3 4 2 3 3 3 3 4 2 4 4 3 4 3 4 5 3 3 3 4 4 3 1 5 4 4 4 3 4 4 5 4 4 3 2 3 4 3 3 4 5 4 4 4 6 2 3 4 2 4 4 3 4 4 4 4 4 3 4 3 3 4 4 4 3 3 3 4 3 5 4 2 1 3 3 4 4 4 3 5 3 4 4 4 3 4 1 4 3 3 4 3 4 5 4 5 4 2 4 3 4 4 4 3 2 4 4 3 2 None 3 4 3 3 3 4 4 4 4 4 2 4 3 4 3 3 3 4 4 4 3 4 4 4 4 5 2 4 5 
33 31 29 35 27 19 13 15 14 16 14 17 21 11 4 4 4 3 4 5 4 4 4 3 3 4 3 4 3 2 4 4 4 2 4 4 5 4 4 4 3 4 3 4 4 4 4 3 4 4 4 1 3 4 3 2 2 3 4 4 4 5 5 3 3 4 3 4 3 4 4 4 3 4 3 3 4 4 3 4 4 3 4 4 3 4 3 4 3 2 4 4 4 5 4 4 3 3 4 2 3 3 4 4 3 4 3 3 4 2 5 4 3 3 3 4 4 4 3 4 4 4 4 4 4 4 4 3 3 4 5 2 4 4 3 4 3 4 4 5 5 4 3 4 3 4 4 5 4 3 4 4 3 4 3 4 4 3 3 4 4 4 3 4 5 4 4 4 4 4 3 4 4 4 4 3 3 3 4 4 4 3 4 4 2 4 4 4 4 4 4 3 4 2 3 3 3 4 2 3 4 3 4 4 4 4 5 4 3 5 4 2 3 3 4 3 4 4 4 4 2 3 3 4 4 5 4 4 4 3 3 5 4 2 4 3 5 4 4 3 4 4 3 4 4 4 4 3 4 1 4 3 4 3 2 4 4 4 4 4 3 5 3 4 4 4 4 3 3 3 3 5 4 4 5 3 4 4 4 4 4 3 5 4 5 4 4 4 4 4 4 3 4 3 4 3 2 4 5 4 4 3 3 4 5 4 5 4 2 2 1 5 3 3 3 4 2 2 3 2 4 3 4 3 4 4 5 5 3 2 4 4 4 4 4 4 3 4 3 4 3 3 3 1 2 2 2 3 4 4 3 4 4 3 4 2 3 3 4 3 4 5 3 4 4 3 4 3 4 5 3 4 3 3 3 4 3 4 4 5 4 4 4 3 4 4 3 3 3 3 4 4 4 3 3 4 3 3 3 3 3 3 4 2 4 5 3 3 3 3 4 3 4 4 4 3 3 4 5 4 2 3 3 3 3 4 3 3 4 4 4 3 3 4 4 5 4 4 4 2 2 3 3 4 4 4 3 2 3 4 3 2 3 4 3 4 4 3 4 3 1 4 3 3 4 5 4 5 4 3 3 None 4 4 5 3 4 2 1 3 3 3 4 3 4 4 4 4 3 3 4 3 4 3 3 4 5 4 4 3 
31 29 27 33 25 17 11 13 12 14 12 15 19 9 2 3 4 4 4 4 5 2 4 4 3 3 4 3 4 3 4 4 3 4 4 4 4 4 2 3 3 4 4 3 4 3 4 2 3 5 4 3 5 4 4 5 4 4 4 3 3 4 5 3 3 4 5 4 4 4 4 4 4 4 4 2 4 3 3 4 4 3 3 3 4 4 3 4 4 3 4 4 5 5 5 4 4 4 2 4 4 4 3 4 4 3 2 4 5 4 1 4 3 4 4 4 4 4 4 4 4 3 3 3 3 2 3 3 4 4 4 3 3 4 5 4 4 3 3 5 4 4 4 3 5 4 4 4 3 4 3 3 4 4 4 4 5 3 3 4 5 3 4 5 5 5 4 3 4 4 4 4 4 4 4 4 4 4 4 4 4 3 3 3 5 3 4 3 2 3 2 4 4 4 3 3 4 3 4 3 4 3 2 4 4 3 4 2 3 5 3 4 4 3 3 5 4 4 4 4 3 4 4 4 3 4 4 2 1 1 3 5 2 4 4 4 3 4 4 4 4 4 5 4 3 4 2 5 2 3 3 4 4 4 5 4 3 2 3 4 4 4 4 3 4 4 4 1 3 4 4 4 3 3 4 5 3 3 3 4 4 4 5 3 3 2 4 4 3 1 3 2 4 4 3 4 4 3 5 3 3 4 4 3 4 3 4 4 3 4 4 4 3 4 3 2 4 4 4 4 4 3 4 4 4 4 2 5 3 3 1 3 3 3 3 5 3 3 3 4 3 4 3 4 5 3 4 5 4 3 4 4 3 3 4 3 4 4 5 4 4 3 4 4 4 3 2 3 2 4 4 4 3 4 4 3 3 5 3 4 5 4 4 4 3 3 4 2 3 4 4 4 4 4 4 4 3 2 3 3 3 3 2 2 4 5 3 4 4 4 3 3 4 4 3 2 4 4 5 4 3 4 4 3 3 3 3 3 4 3 4 3 4 3 2 4 4 4 3 4 3 5 4 4 4 3 3 4 2 4 4 4 3 5 4 5 1 4 4 4 5 3 3 2 3 4 4 4 3 5 4 4 None 3 5 5 4 4 3 3 4 4 3 4 3 4 4 2 3 4 2 4 4 2 4 3 5 4 4 3 
32 30 28 34 26 18 12 14 13 15 13 16 20 10 3 4 4 4 5 4 5 4 5 3 5 6 4 4 5 4 3 4 4 3 4 5 5 4 4 4 4 5 5 4 4 4 6 3 4 5 5 3 5 1 5 6 3 2 4 3 4 4 5 3 4 5 4 4 4 4 4 5 4 3 4 4 5 5 4 3 4 4 4 3 1 4 4 5 3 4 5 4 4 3 4 5 3 4 5 4 5 5 4 5 5 5 4 5 5 3 4 5 4 3 3 4 5 5 4 4 5 3 4 4 4 3 4 5 4 4 4 4 4 5 5 5 4 5 4 6 6 5 5 5 6 5 5 3 5 5 4 4 4 5 4 4 5 5 4 5 5 3 5 5 4 5 3 4 4 5 5 5 4 4 3 4 4 4 3 5 5 4 4 5 6 5 4 4 3 4 4 5 5 4 4 4 5 4 3 4 5 4 4 5 4 3 5 4 4 5 4 4 4 4 4 6 3 4 3 6 4 3 4 4 4 5 2 4 4 2 4 3 3 5 4 4 4 4 4 4 4 5 5 5 4 5 4 5 4 4 4 5 5 4 4 6 4 3 4 5 5 5 5 5 5 4 4 4 5 4 5 5 4 3 5 3 4 5 4 4 5 5 5 5 6 5 5 5 5 4 5 5 5 4 4 4 5 4 2 3 4 4 4 5 4 4 5 4 4 5 4 4 4 5 5 3 4 4 5 5 5 5 5 4 3 5 5 5 4 4 4 5 3 5 4 5 4 4 4 4 4 3 4 5 5 4 5 5 5 4 5 5 4 3 4 4 5 5 4 4 4 5 4 3 4 4 5 2 3 3 4 5 4 4 5 5 5 4 3 5 5 5 3 3 5 4 4 3 3 5 3 4 5 4 4 3 3 3 2 4 4 3 4 3 5 6 5 5 4 4 4 3 5 4 4 3 2 5 2 3 4 3 4 4 4 4 5 4 5 5 5 4 5 4 4 5 5 5 4 4 5 4 5 5 5 4 5 2 4 4 5 5 3 3 4 6 2 4 3 4 5 5 4 3 4 5 5 4 4 5 3 4 3 None 4 5 5 4 4 5 4 4 4 4 4 5 5 3 4 4 4 5 5 3 2 3 5 4 4 4 
34 32 30 36 28 20 14 16 15 17 15 18 22 12 5 5 5 5 6 5 4 4 5 4 6 5 5 4 5 5 3 5 5 4 5 6 4 6 5 5 5 6 5 5 5 5 6 5 4 5 5 5 5 4 3 6 5 4 5 4 5 5 6 4 5 4 4 5 4 5 5 5 4 4 4 5 5 5 5 4 5 4 4 4 5 5 5 6 5 5 5 5 2 6 5 5 5 3 6 4 5 5 5 5 5 5 5 6 6 5 5 6 4 3 5 3 4 5 4 4 4 5 4 6 4 5 5 5 5 5 4 4 4 3 5 5 4 5 4 5 6 5 3 4 6 4 4 4 5 5 5 5 5 6 5 5 5 3 5 5 5 4 5 6 5 4 5 4 3 5 5 5 5 4 5 4 5 5 5 5 5 5 5 6 4 5 3 4 5 2 5 5 4 5 5 6 4 5 4 5 5 4 6 4 5 4 4 5 4 6 5 5 4 5 4 5 5 3 6 5 5 5 5 5 5 5 5 5 4 5 4 6 5 6 5 5 4 5 4 5 4 5 5 4 5 4 6 5 3 5 5 5 5 5 4 6 5 4 5 6 5 5 5 4 6 3 6 6 4 4 3 5 5 5 5 4 5 5 4 4 4 4 5 5 6 5 6 3 4 6 6 5 5 4 4 6 5 4 6 4 5 4 4 5 5 4 4 3 5 4 4 4 6 5 6 5 4 4 4 4 5 5 5 5 4 3 6 6 5 6 5 5 6 6 4 5 4 4 5 5 4 3 4 5 4 5 4 4 5 6 4 5 6 5 4 4 5 5 4 5 6 6 5 5 5 3 5 5 5 1 3 4 4 4 4 4 6 3 4 4 5 5 4 3 6 5 5 5 4 5 3 5 4 5 4 4 4 6 4 5 5 5 5 5 5 5 5 4 5 5 5 4 4 5 6 5 5 5 2 3 5 5 5 5 5 5 5 5 5 5 6 6 4 4 4 6 5 6 4 5 6 4 6 6 5 4 5 4 5 3 4 3 5 6 5 6 4 3 5 3 5 5 4 3 4 5 6 4 5 5 3 5 5 4 None 2 4 5 5 4 5 5 5 6 5 5 5 4 5 5 5 5 4 5 3 4 4 2 4 4 
33 31 29 35 27 19 13 15 14 16 14 17 21 11 4 4 3 4 4 3 4 4 4 5 4 4 5 4 3 3 3 4 4 3 4 5 5 4 5 4 5 4 5 4 5 4 4 4 3 4 5 4 5 5 2 5 3 3 3 4 5 4 6 4 4 4 4 5 4 4 4 4 4 4 2 4 5 4 4 3 5 4 4 4 5 4 4 4 3 4 4 4 3 5 3 3 5 2 5 4 5 4 5 3 3 4 3 5 5 4 5 5 5 4 3 5 5 3 5 3 3 5 3 4 3 3 4 4 3 4 5 4 2 3 5 3 4 3 4 6 6 4 1 2 4 3 3 5 4 4 5 4 4 4 5 4 4 3 4 3 4 4 5 4 3 3 5 2 2 4 3 4 4 5 5 4 4 4 4 4 5 4 5 5 2 4 1 3 4 2 4 4 3 4 4 4 3 4 5 4 4 4 4 4 4 4 4 3 5 4 3 4 5 4 4 4 4 3 4 4 5 5 4 5 4 3 5 5 4 4 2 4 4 4 4 5 5 4 4 4 5 4 3 2 3 3 5 4 3 4 4 4 4 4 4 4 4 4 4 4 4 5 4 4 6 4 5 4 3 4 3 5 4 4 5 5 5 4 3 4 4 2 4 4 4 4 5 4 5 4 4 4 3 4 4 5 4 4 5 5 5 5 4 4 4 4 4 4 3 3 2 3 4 3 5 4 3 4 3 4 3 3 4 3 2 4 4 5 3 4 4 5 5 4 3 3 5 4 4 4 4 4 4 4 3 3 2 2 5 4 2 5 4 4 4 4 4 4 4 4 4 4 5 4 3 4 4 4 4 3 4 3 3 3 2 4 5 4 4 3 4 5 5 4 4 5 4 5 4 4 4 4 5 3 3 3 2 4 4 4 4 4 4 3 4 4 3 2 4 4 3 3 3 3 5 4 5 5 4 3 4 4 4 4 5 3 4 3 3 3 4 5 4 4 4 5 4 4 3 4 4 4 5 4 3 4 4 4 3 3 4 1 5 4 4 5 4 4 4 4 3 3 5 5 5 4 5 2 4 4 3 3 5 5 2 None 2 4 3 4 4 4 4 4 3 4 3 4 5 4 3 4 3 3 5 4 4 4 3 2 
33 31 29 35 27 19 13 15 14 16 14 17 21 11 4 5 4 4 4 3 4 4 5 5 3 5 3 2 4 4 3 3 4 4 4 4 5 4 5 4 4 4 3 2 4 3 3 4 4 5 3 3 4 4 4 4 3 4 4 4 3 3 5 3 4 5 5 4 4 5 4 3 3 3 4 3 5 3 4 5 4 3 4 4 5 3 3 3 4 5 4 3 3 4 3 2 4 4 5 4 3 3 4 4 4 2 4 4 4 4 5 4 4 4 5 3 4 5 4 5 4 4 3 4 4 4 2 4 4 5 3 4 4 4 5 4 3 2 4 5 4 2 3 3 5 1 2 4 4 5 4 4 3 5 3 3 3 3 4 3 4 4 5 5 4 5 3 3 4 4 3 3 4 4 4 4 4 4 3 5 4 4 3 5 4 4 3 4 4 4 2 3 2 2 4 3 3 4 4 4 4 4 5 2 4 4 5 4 4 5 4 3 4 4 4 3 4 5 2 5 4 4 3 5 3 3 4 4 4 4 2 4 3 3 3 3 3 4 3 4 5 3 4 4 3 4 3 4 4 4 4 4 3 4 3 3 2 3 4 4 4 5 4 5 5 3 3 3 4 3 4 5 3 4 4 5 4 4 3 5 4 2 5 3 4 3 5 4 4 5 4 5 3 3 4 5 4 4 3 4 4 3 4 4 5 3 4 2 4 4 4 1 4 4 4 2 4 5 4 4 4 2 4 4 3 3 4 5 4 3 4 5 3 4 4 5 5 3 4 4 3 2 5 4 4 4 3 3 4 4 4 4 5 4 4 4 4 5 4 3 3 3 4 4 3 4 4 3 4 4 3 2 1 2 3 4 4 4 3 3 3 3 5 5 5 4 4 3 3 5 2 5 3 4 3 4 4 5 3 3 3 5 4 4 3 5 3 3 4 4 3 4 4 1 3 4 4 5 3 4 4 5 4 2 4 3 3 3 4 2 3 5 4 4 4 4 4 3 3 4 5 4 5 4 2 4 4 3 4 4 3 3 4 3 5 5 3 5 4 2 4 4 4 3 4 3 5 4 5 4 4 4 4 5 4 2 None 2 3 4 4 4 3 4 3 4 4 4 5 2 2 4 3 4 4 5 3 4 4 3 
33 31 29 35 27 19 13 15 14 16 14 17 21 11 4 4 3 5 2 4 3 5 4 3 2 5 3 3 3 3 4 4 4 3 4 4 5 4 4 2 4 4 1 3 4 3 5 3 4 3 3 3 4 4 4 3 1 2 4 3 3 4 5 3 4 5 5 4 4 4 4 4 3 3 2 4 3 4 4 3 5 4 4 4 5 4 3 3 4 3 3 4 4 5 3 4 2 4 5 4 4 3 2 4 4 3 3 2 3 2 5 4 5 3 3 4 4 3 2 3 4 3 4 3 3 4 4 3 3 4 5 2 4 4 5 5 4 4 4 5 4 3 4 3 3 3 3 4 3 5 4 3 3 4 4 3 4 4 3 4 4 4 5 3 3 3 4 4 2 5 4 3 4 4 4 4 4 4 3 4 4 5 4 5 4 4 3 4 4 3 4 3 3 3 3 4 1 4 4 4 5 4 4 4 4 4 5 4 3 5 3 1 2 3 4 4 3 4 4 4 3 2 1 3 4 5 4 4 3 3 4 5 3 2 4 3 4 3 4 3 5 3 4 3 4 5 4 4 4 2 4 3 2 4 4 4 2 3 4 4 4 3 4 4 3 3 4 4 4 3 4 5 3 3 4 4 4 3 2 4 4 3 4 3 3 2 4 5 4 4 4 4 4 4 4 3 3 4 5 4 4 3 3 4 5 4 5 4 4 4 3 3 2 2 4 3 4 4 4 4 5 3 3 3 2 3 4 5 3 2 5 5 4 4 4 3 5 3 4 3 4 3 3 3 4 2 2 3 4 4 4 5 3 3 3 2 4 3 4 4 4 4 3 3 4 3 3 4 4 4 3 4 2 1 3 2 5 4 4 3 2 4 5 3 4 3 3 4 3 5 4 3 4 2 3 4 3 4 3 3 4 5 4 3 4 4 4 4 4 4 4 4 4 3 4 4 3 3 3 3 3 4 2 3 4 4 3 3 5 3 5 3 4 4 4 4 4 4 3 3 3 2 5 4 4 5 3 4 3 3 4 3 4 4 4 6 4 5 4 4 3 3 4 3 4 4 6 4 4 4 4 2 4 4 5 4 2 None 1 4 3 5 4 2 4 3 3 4 3 3 4 4 4 3 4 4 4 4 4 4 
32 30 28 34 26 18 12 14 13 15 13 16 20 10 3 4 4 4 3 4 4 4 3 2 3 4 4 4 2 2 5 5 4 3 5 5 4 4 4 3 3 3 2 4 3 4 5 2 3 4 3 2 4 3 4 3 2 3 4 4 4 4 6 4 4 4 4 4 4 4 4 3 4 4 3 3 4 4 4 3 4 3 3 4 4 4 4 3 3 3 4 3 4 5 4 3 3 4 4 3 4 4 3 3 3 4 2 3 4 1 4 4 4 3 2 4 4 3 3 4 3 3 4 4 4 4 5 4 2 4 4 1 3 4 4 4 4 4 4 4 4 4 3 3 2 3 3 4 4 4 3 4 4 4 4 4 4 4 4 4 4 4 4 4 4 4 3 3 3 4 3 4 3 4 4 4 3 4 4 5 3 4 4 4 3 4 3 3 3 4 3 4 4 2 2 4 2 3 3 3 4 4 3 3 4 4 4 3 2 4 4 2 3 3 3 4 3 5 4 4 3 3 2 3 4 4 3 4 4 2 4 4 4 1 3 2 4 4 4 2 4 4 4 4 4 4 4 3 4 2 4 4 3 3 3 5 3 3 3 3 4 4 4 4 4 4 3 4 4 4 4 5 3 3 4 4 3 4 3 3 5 2 4 4 4 3 4 4 5 3 4 3 3 4 3 2 3 4 5 3 3 2 2 3 4 3 4 4 3 3 2 4 3 3 3 4 3 3 4 3 5 2 3 4 3 4 4 6 2 1 4 4 4 4 3 4 4 4 3 4 3 4 3 2 3 1 1 2 4 4 4 4 4 2 3 1 3 2 4 3 5 5 4 3 3 4 4 4 4 4 2 3 3 2 2 3 4 3 3 4 3 3 4 4 4 3 2 3 4 4 5 4 5 3 3 4 3 3 3 4 3 4 4 3 4 5 4 3 3 4 3 3 4 4 4 3 2 4 4 4 3 4 3 2 4 3 2 4 4 4 4 2 4 4 4 4 4 3 4 3 3 3 4 3 3 4 2 3 3 4 3 3 3 4 4 5 3 4 4 4 2 3 3 2 3 5 5 4 3 3 4 1 3 4 5 3 3 1 None 3 2 4 3 3 4 4 3 3 4 4 4 3 4 2 4 4 5 4 4 4 
34 32 30 36 28 20 14 16 15 17 15 18 22 12 5 4 4 5 3 5 4 3 5 4 5 4 4 4 3 4 5 4 5 3 5 5 3 4 4 4 2 4 4 5 3 3 4 5 4 5 4 4 5 5 5 5 3 4 4 4 4 4 5 4 5 4 4 4 4 5 4 4 4 4 4 3 4 5 4 5 3 5 4 3 4 4 3 3 4 4 4 4 4 5 5 4 3 2 5 4 3 5 3 4 4 5 5 5 6 4 4 4 4 3 4 3 5 5 5 4 2 5 4 3 4 4 5 4 3 3 4 3 3 5 4 4 3 5 3 5 4 4 4 4 4 3 2 4 4 4 4 5 2 4 4 4 4 4 4 5 3 3 5 5 4 5 5 3 4 4 4 4 4 4 5 4 3 2 5 4 5 4 4 3 4 4 3 3 4 4 4 4 4 3 4 5 3 4 3 3 4 4 3 3 3 4 4 5 4 4 4 4 4 4 4 3 4 4 5 5 4 5 4 2 4 3 4 4 2 4 3 5 4 2 3 4 4 4 5 4 4 4 3 4 3 5 4 3 3 4 3 3 5 3 2 4 3 4 4 4 4 5 4 3 5 3 4 3 4 4 3 5 3 5 4 5 2 3 3 4 4 3 4 2 4 3 4 4 4 4 5 4 3 3 2 5 5 4 5 4 4 4 4 4 4 4 4 4 4 1 2 4 4 4 4 3 4 3 2 4 4 4 4 5 4 1 3 5 4 4 4 3 4 4 5 5 4 5 2 4 4 4 4 4 4 4 4 4 5 3 4 3 5 4 5 4 3 3 4 4 4 4 5 3 3 3 1 4 4 4 3 3 4 4 4 2 3 4 3 4 5 4 3 3 4 3 3 4 4 3 5 5 4 4 3 4 4 4 4 4 3 4 3 3 3 5 4 4 4 4 2 4 3 4 4 3 5 3 5 4 4 5 4 4 4 3 4 4 5 3 5 5 4 4 4 4 3 4 3 4 5 2 5 4 4 5 5 5 4 3 2 3 2 4 4 6 4 4 5 5 3 3 3 4 4 5 5 4 3 4 4 3 3 5 4 4 4 4 3 None 1 2 4 4 4 4 4 3 4 3 4 5 4 4 4 5 4 2 4 3 
33 31 29 35 27 19 13 15 14 16 14 17 21 11 4 4 3 5 2 4 4 2 4 3 4 3 5 4 3 3 4 4 4 3 4 5 2 3 4 4 1 3 3 4 2 3 5 4 3 4 4 3 4 4 4 5 4 4 4 4 3 3 4 3 4 3 3 3 4 4 5 3 4 4 4 3 3 4 4 4 4 5 4 4 3 3 4 2 4 3 4 4 4 5 4 3 4 3 4 3 4 4 4 3 3 4 4 4 5 3 3 3 3 4 4 4 5 4 4 4 3 4 4 2 4 3 4 4 2 4 4 2 4 4 4 3 2 4 2 5 5 3 3 4 4 3 3 3 4 3 3 4 3 3 5 4 4 3 4 4 3 2 4 4 4 5 5 3 4 3 3 4 3 3 4 3 2 3 4 4 4 3 4 2 4 4 4 3 4 3 4 4 4 2 4 4 4 3 2 2 4 4 3 2 4 4 4 4 3 4 3 4 4 3 4 4 3 3 4 5 3 4 3 1 3 4 4 3 3 3 2 5 3 1 2 3 4 3 4 3 3 3 2 3 4 5 4 3 3 4 2 4 4 3 3 3 4 3 4 3 4 5 4 2 5 3 4 4 4 3 2 4 2 4 4 4 1 3 4 3 3 2 3 3 5 4 4 5 4 4 4 3 4 4 3 4 4 4 5 4 4 3 4 4 3 4 5 4 3 2 3 3 4 3 3 4 4 2 3 3 5 3 5 4 4 2 2 4 4 3 3 4 4 4 4 4 3 4 3 5 4 3 4 3 4 3 3 4 5 3 4 2 4 3 4 3 4 4 4 3 4 3 4 3 4 2 2 4 3 4 3 2 3 4 3 3 2 4 3 4 4 3 3 4 3 3 2 3 4 2 4 5 4 3 3 3 4 3 3 3 2 4 3 4 3 5 4 3 4 4 1 4 4 3 4 4 4 4 4 3 4 5 3 4 3 3 3 4 4 3 4 4 3 4 4 5 3 4 3 3 4 3 4 4 3 4 4 4 4 3 1 4 1 3 4 5 4 3 4 5 3 3 2 3 4 4 6 4 4 3 4 3 4 4 5 4 4 3 2 1 None 3 3 3 4 4 3 2 3 3 3 4 3 4 3 4 4 3 3 4 
33 31 29 35 27 19 13 15 14 16 14 17 21 11 4 3 4 4 4 4 3 4 5 4 4 4 4 4 5 4 5 4 4 3 4 4 4 4 2 3 4 3 4 3 3 4 5 4 4 4 4 4 3 3 4 3 4 4 4 4 3 2 4 3 4 4 3 3 4 4 5 3 4 3 4 3 4 3 5 4 3 4 4 3 4 5 4 4 3 4 5 4 4 5 4 4 4 2 5 4 4 4 4 4 4 4 4 4 5 3 5 3 4 4 4 4 4 3 3 4 4 4 3 4 2 3 4 3 3 4 3 4 3 4 3 2 3 4 4 6 5 3 4 5 4 3 4 4 4 4 4 4 2 5 4 2 4 4 5 4 3 3 4 5 4 4 4 4 3 4 4 4 3 3 4 3 3 2 4 4 4 4 3 4 4 4 3 1 2 3 4 4 3 4 3 5 4 2 3 4 2 4 3 4 1 2 2 4 3 4 4 4 4 3 3 4 5 3 4 4 4 4 4 4 4 4 3 4 4 3 4 4 5 4 4 5 4 4 3 4 5 4 3 2 1 5 4 4 4 4 3 4 4 5 4 4 3 3 3 4 2 3 5 4 5 4 3 4 3 4 4 4 2 3 5 3 3 4 4 4 4 3 5 4 4 4 4 4 3 3 4 4 3 3 4 4 4 2 4 3 4 3 2 3 4 4 4 3 5 1 2 4 5 3 4 5 4 4 4 5 5 4 2 4 4 3 4 4 4 5 3 5 4 4 5 4 4 4 4 4 3 4 5 4 4 3 5 4 4 4 4 4 4 2 4 4 4 3 3 4 4 4 3 4 3 3 3 3 2 4 4 5 4 5 4 4 5 5 2 4 5 4 1 3 4 4 4 3 4 4 4 5 4 4 3 2 3 4 3 3 4 3 4 3 4 6 3 4 4 4 3 3 3 4 2 3 3 4 5 4 4 3 3 4 3 4 4 4 5 5 3 3 4 3 2 4 5 4 4 4 4 4 3 5 3 4 4 3 3 4 4 3 4 2 3 4 4 3 4 4 4 3 4 3 2 3 5 4 1 4 2 3 4 4 5 4 4 5 4 2 3 None 4 5 4 4 4 3 3 4 4 5 4 4 2 3 4 4 4 4 
33 31 29 35 27 19 13 15 14 16 14 17 21 11 4 5 4 4 4 4 5 4 4 3 4 4 2 4 3 4 5 4 4 4 5 3 4 3 4 4 4 5 3 4 4 4 4 3 4 4 3 3 4 3 4 4 4 3 3 3 4 4 5 3 4 4 4 3 4 4 3 5 2 1 4 4 4 4 3 5 4 4 2 3 5 3 3 4 4 5 5 4 3 2 3 3 4 4 4 4 4 4 3 3 4 4 3 3 4 3 4 4 4 2 5 4 3 4 3 4 2 2 4 5 4 3 3 4 4 5 4 2 4 4 4 4 5 4 4 6 5 4 3 3 4 3 4 5 3 5 4 4 3 5 4 3 4 3 3 4 4 4 5 4 3 4 3 3 4 4 3 3 4 3 3 3 4 4 4 4 5 3 3 4 4 3 3 3 4 4 4 3 3 2 4 4 5 3 3 4 4 4 3 3 4 4 4 4 3 3 4 5 4 4 3 3 4 4 4 5 3 2 3 4 2 2 4 4 3 3 2 5 4 3 4 3 4 3 5 5 3 3 4 4 5 5 4 4 3 4 4 4 4 4 3 4 2 3 2 3 4 5 3 4 4 4 4 4 3 4 3 5 4 3 3 3 3 4 4 5 4 2 4 2 4 2 4 4 4 2 4 5 3 4 4 4 4 4 5 3 2 1 2 3 4 3 4 4 4 4 5 2 5 5 5 4 4 5 4 4 3 4 4 4 4 3 4 5 4 4 4 4 4 3 5 4 5 4 3 3 4 4 4 4 3 4 3 2 3 4 5 3 4 3 2 4 3 3 3 4 3 4 3 4 4 3 3 4 3 4 4 3 3 4 5 4 4 4 4 5 4 4 3 4 3 4 3 4 3 4 3 3 4 3 4 3 4 4 3 3 3 4 3 4 3 5 4 3 4 3 3 4 3 3 3 4 3 5 4 4 4 5 3 4 3 1 3 4 4 1 4 4 4 4 4 4 4 4 4 4 4 4 3 4 3 5 5 4 4 4 2 4 4 4 4 5 4 4 4 4 4 4 4 3 3 4 5 4 4 4 4 4 3 4 5 4 3 4 3 4 3 4 None 4 4 4 3 2 4 4 4 4 4 4 2 3 4 4 3 4 
34 32 30 36 28 20 14 16 15 17 15 18 22 12 5 5 4 3 4 4 4 4 4 3 4 4 5 4 3 4 5 5 4 4 4 5 3 4 5 3 4 5 3 4 4 5 4 4 4 3 4 3 4 4 5 4 1 2 4 4 5 5 6 4 5 5 4 4 4 5 4 4 5 5 2 4 3 4 4 5 5 4 4 4 5 4 1 3 3 4 5 3 4 5 3 4 4 4 5 4 5 4 4 4 5 3 5 4 5 3 5 4 5 3 4 4 4 3 4 4 2 5 4 3 4 4 3 4 4 3 4 2 4 4 5 4 4 4 5 6 4 4 4 5 5 3 4 4 5 5 4 4 4 4 5 4 4 4 5 3 5 4 5 4 3 5 4 4 4 4 4 3 2 4 4 4 4 5 3 4 5 5 4 5 5 4 4 4 4 4 4 3 3 3 3 5 3 3 4 4 5 3 4 4 4 5 5 4 3 4 5 3 3 4 4 3 2 5 4 4 4 4 3 4 5 4 4 4 3 4 3 5 3 4 3 3 4 5 4 4 5 4 5 5 4 4 4 4 4 3 4 3 4 4 4 5 4 4 4 4 4 4 5 4 5 4 4 3 5 5 5 5 3 5 5 5 4 3 4 4 4 3 3 4 4 4 4 4 5 5 4 3 5 4 4 4 4 4 5 4 4 3 4 5 5 4 5 4 4 5 4 4 2 4 3 5 2 5 4 4 5 4 3 4 3 3 3 6 5 4 5 5 4 4 4 3 4 3 2 4 4 3 5 3 4 4 4 4 2 4 4 5 3 3 3 4 5 3 4 4 4 5 5 3 4 4 3 3 4 5 5 5 4 3 5 4 4 4 4 4 4 4 4 3 4 4 1 3 3 3 5 4 4 4 3 3 3 5 4 4 3 5 4 2 3 5 5 4 4 5 2 4 4 4 5 5 4 5 5 4 4 4 2 4 5 3 3 4 5 4 4 2 4 4 4 4 3 5 3 4 4 2 5 4 4 4 4 2 4 3 4 3 4 5 4 6 4 5 5 4 4 3 4 3 4 5 4 4 5 4 3 3 4 4 6 4 4 2 3 4 3 5 4 None 5 4 4 4 5 4 4 3 4 5 5 4 4 4 4 4 
32 30 28 34 26 18 12 14 13 15 13 16 20 10 3 4 5 4 3 5 4 5 3 4 4 3 3 4 2 4 4 3 4 3 5 4 4 4 5 3 3 4 3 4 3 3 5 2 3 4 3 4 4 5 4 4 4 4 4 3 2 4 5 4 4 4 4 3 3 4 4 4 4 3 3 4 5 3 3 3 4 1 4 4 5 4 4 4 4 5 4 3 3 4 2 1 4 4 4 2 4 3 2 4 5 2 3 4 5 4 4 4 5 4 4 4 3 4 3 4 4 3 4 4 3 4 4 4 4 5 4 3 4 4 3 5 4 4 2 3 3 4 3 4 2 2 3 4 4 3 3 2 3 4 5 3 3 4 4 4 2 4 4 5 4 3 5 3 2 3 4 3 4 5 4 4 3 3 4 4 3 4 4 5 4 4 3 4 3 3 4 3 2 4 4 4 3 4 4 3 4 4 4 5 4 4 3 3 2 5 4 4 4 3 4 4 4 2 4 4 3 4 4 4 3 4 4 5 3 2 4 4 4 4 4 4 3 5 4 4 4 4 4 3 3 4 4 2 4 4 4 3 3 4 3 4 2 1 2 3 5 3 2 4 5 3 4 4 4 4 3 5 4 4 5 5 4 4 3 5 5 2 5 2 4 3 3 4 4 4 4 4 4 4 5 3 5 2 5 4 3 4 5 4 5 4 4 2 4 4 3 4 5 3 5 3 4 4 4 3 3 4 4 5 4 4 4 5 4 5 4 2 3 4 3 4 5 4 3 3 3 4 3 3 4 5 4 3 5 2 1 5 4 3 4 3 1 4 4 4 4 4 4 4 5 3 3 4 4 4 4 4 3 4 4 3 4 4 3 1 4 5 5 3 4 3 4 3 3 3 5 4 4 4 3 3 4 3 4 3 3 5 2 3 4 6 4 3 3 3 3 4 3 4 3 4 4 4 5 4 4 5 4 4 4 3 4 3 4 3 5 5 4 4 4 3 4 4 2 4 4 4 4 1 4 4 4 4 3 4 4 2 5 3 3 5 3 5 4 4 4 3 4 4 4 4 6 3 4 4 4 4 3 4 5 3 3 4 4 4 4 4 4 5 None 2 3 3 4 3 3 5 4 4 4 5 4 4 4 3 
31 29 27 33 25 17 11 13 12 14 12 15 19 9 2 3 4 5 4 3 3 4 3 4 4 5 3 3 4 4 4 4 2 2 4 3 3 3 4 2 4 4 3 3 4 3 3 3 2 4 3 4 4 4 4 4 4 3 4 4 3 4 5 4 5 4 4 4 1 3 4 4 3 3 4 3 5 3 3 4 4 3 3 3 4 3 3 4 4 3 3 4 3 5 4 3 4 3 3 3 3 4 2 4 3 3 4 3 4 3 4 4 4 4 4 3 3 3 1 4 4 2 3 3 3 4 4 3 3 4 4 4 4 3 4 4 3 2 3 5 5 4 4 3 4 4 3 4 5 4 3 1 2 4 4 3 5 3 3 4 4 3 3 4 4 4 4 4 4 4 4 1 4 4 4 3 2 3 4 5 3 3 3 4 4 2 4 3 3 4 5 4 4 3 2 3 4 4 4 3 4 4 4 4 4 4 4 3 3 4 3 3 2 3 4 3 3 4 2 4 4 3 2 3 4 4 4 4 4 3 4 4 3 4 4 3 3 4 4 3 4 4 4 3 4 3 3 4 3 3 4 3 3 4 4 3 2 2 3 3 3 1 4 4 3 3 3 3 4 3 3 3 3 4 4 4 3 3 2 4 4 4 4 3 4 4 4 2 3 5 4 2 3 4 3 4 4 3 3 3 4 4 4 4 3 4 5 3 4 3 4 5 4 2 4 4 4 4 4 2 5 4 3 3 4 3 4 5 3 4 4 4 4 2 1 5 3 4 4 3 2 3 3 4 4 3 5 4 3 4 3 4 4 3 4 3 3 4 4 4 4 3 2 3 4 4 4 3 4 4 4 4 4 3 2 4 3 3 3 3 4 5 4 4 4 1 4 4 3 3 4 3 3 3 3 4 4 4 3 4 4 4 4 3 3 4 3 3 1 3 4 4 4 3 3 2 3 3 3 4 4 3 4 4 4 4 4 4 3 4 4 3 3 2 4 4 3 4 3 4 3 4 3 3 4 3 3 4 4 4 4 4 4 3 4 3 3 5 3 4 3 5 4 3 4 3 5 3 3 4 3 4 4 5 5 4 4 3 4 4 4 4 4 4 2 None 4 4 4 4 2 4 4 3 4 4 3 4 3 4 
33 31 29 35 27 19 13 15 14 16 14 17 21 11 4 3 4 4 4 4 4 5 5 3 5 5 4 4 3 5 3 4 4 3 5 5 4 3 3 2 4 3 4 4 4 4 5 3 3 4 4 4 3 5 5 4 4 4 5 4 3 4 4 4 5 5 4 4 4 3 5 4 4 3 4 4 4 4 4 4 4 4 3 5 5 4 4 4 4 4 3 3 5 5 5 4 3 4 5 3 5 5 3 3 4 4 4 3 2 4 5 5 5 4 3 4 3 4 4 2 3 4 5 4 3 5 3 1 3 2 4 2 3 4 4 4 4 4 3 5 3 4 4 3 4 4 3 4 5 4 4 3 4 3 5 4 5 4 4 4 5 5 5 4 4 4 5 4 4 4 5 3 3 4 5 3 2 4 4 4 4 4 4 4 5 4 3 4 4 4 3 2 4 3 4 4 4 4 4 4 4 4 4 4 4 5 3 4 3 4 4 2 3 4 5 4 4 3 5 3 4 3 3 4 4 3 4 5 4 3 4 5 4 2 4 3 3 4 4 3 5 4 4 4 3 4 4 3 4 3 4 4 4 4 4 4 3 2 2 1 3 3 4 5 4 4 4 4 4 4 4 5 4 3 5 4 3 3 2 4 5 3 5 4 4 4 4 4 2 5 5 4 3 4 5 3 2 3 5 5 4 3 4 5 4 4 4 4 3 5 5 4 3 3 4 4 5 3 4 4 5 4 4 4 3 4 5 6 4 4 3 4 4 5 5 5 5 4 2 4 3 4 4 4 4 4 4 4 4 3 4 4 4 3 4 4 4 4 4 5 4 4 3 4 4 2 3 4 4 5 4 5 3 2 4 4 3 4 3 4 1 4 5 4 5 4 3 4 4 2 5 4 4 3 4 3 4 4 4 4 4 4 4 3 4 5 3 4 4 4 4 3 3 3 3 4 4 4 4 4 4 5 3 3 4 2 3 4 4 4 5 5 3 4 2 3 3 5 1 3 4 3 5 4 4 5 3 4 4 4 4 4 4 4 3 5 4 5 5 4 4 5 4 3 4 4 4 2 4 2 3 4 4 5 5 3 4 3 3 4 3 4 3 4 3 4 None 3 4 4 4 4 4 3 4 5 4 3 4 4 
31 29 27 33 25 17 11 13 12 14 12 15 19 9 2 3 3 4 3 4 4 4 5 3 4 3 4 3 4 3 4 3 4 3 4 4 2 3 4 3 3 4 4 4 2 3 4 3 3 4 3 3 3 3 4 4 4 4 4 3 2 5 5 3 3 3 4 3 4 4 4 3 4 3 4 3 3 3 3 4 4 4 2 3 4 3 3 2 3 3 4 4 4 4 5 3 4 4 4 2 4 4 3 3 4 3 4 4 5 4 3 4 4 4 4 3 3 4 4 4 2 4 4 4 2 4 4 4 4 5 4 4 4 3 3 4 4 4 3 6 5 3 3 4 4 3 4 5 4 3 3 3 4 3 4 3 4 3 4 4 3 3 3 4 4 4 3 3 3 4 4 4 3 4 5 3 2 4 4 4 4 1 3 2 4 3 4 2 2 2 4 4 3 3 3 3 4 3 3 3 4 4 2 4 3 4 3 2 3 5 3 5 4 3 3 3 4 2 3 4 3 4 4 2 4 2 3 3 2 1 3 3 4 3 4 5 4 4 4 3 4 3 4 3 4 4 3 3 1 4 3 3 4 3 4 5 3 2 2 3 3 3 3 2 4 3 2 3 2 4 3 5 4 4 4 3 1 3 3 4 4 2 4 4 4 3 4 4 4 3 4 4 4 3 4 4 4 3 4 3 3 3 3 4 4 3 4 3 3 4 3 4 5 4 4 4 4 4 4 4 4 3 4 4 3 3 4 4 3 4 3 4 3 4 3 5 4 5 3 3 2 3 4 3 4 4 4 4 5 4 3 4 4 1 4 4 3 3 3 3 3 4 3 4 4 1 3 4 3 3 5 4 4 3 4 4 4 4 3 4 4 5 3 3 5 4 4 2 2 2 4 3 4 4 3 2 3 2 3 3 3 3 1 3 3 5 3 4 4 3 3 4 3 4 3 3 4 5 4 4 3 4 3 3 3 1 4 2 4 3 3 4 3 2 3 4 4 2 2 3 4 4 4 4 4 3 4 2 4 3 3 4 3 3 4 5 3 5 3 5 5 3 4 3 4 3 5 3 4 3 3 4 2 3 4 4 4 4 3 3 2 3 2 4 3 4 3 None 4 3 4 4 3 4 2 2 4 2 4 5 
33 31 29 35 27 19 13 15 14 16 14 17 21 11 4 4 4 4 4 4 4 4 4 3 4 4 2 3 3 4 4 3 4 3 4 3 4 3 1 3 2 3 4 4 3 4 5 4 5 4 3 2 3 3 3 5 4 4 4 4 3 3 5 3 4 3 5 4 4 5 4 4 3 3 5 3 3 2 5 4 2 5 3 4 4 4 4 4 4 1 4 3 4 5 5 5 4 3 5 4 5 4 4 5 2 3 4 1 2 4 4 4 4 5 3 4 4 5 3 4 3 4 3 4 4 4 4 4 4 5 4 3 4 4 5 3 3 5 3 5 5 4 5 4 4 5 4 4 1 3 1 4 4 3 4 4 5 4 3 3 4 4 5 2 4 4 4 3 5 3 4 4 4 5 4 4 4 3 5 1 3 4 3 4 4 4 4 4 3 4 4 4 4 3 4 4 4 4 1 2 3 3 4 5 3 3 4 5 2 4 4 3 4 4 3 4 3 4 5 3 3 3 2 3 3 4 4 4 3 3 4 3 4 4 4 4 5 3 4 4 5 4 4 5 4 4 3 4 4 2 2 4 3 4 4 4 3 3 3 4 4 4 4 4 2 5 4 4 4 4 4 5 5 4 4 3 3 3 3 5 4 4 5 4 4 2 3 4 2 4 4 3 3 4 3 5 3 4 4 3 4 4 4 4 4 4 3 4 4 4 4 4 4 4 2 4 4 4 4 4 3 4 3 2 3 4 5 5 3 4 4 5 4 3 4 5 4 5 4 4 4 4 5 3 4 4 5 4 4 4 5 4 5 4 4 4 5 4 3 4 4 4 2 4 5 4 4 4 3 5 4 4 4 4 3 4 3 4 3 4 3 4 3 5 4 3 4 2 3 4 4 4 3 3 4 3 4 3 4 2 3 4 4 3 4 5 3 4 4 4 4 3 2 5 3 2 4 5 4 4 2 3 4 4 2 4 3 3 4 3 3 3 3 4 5 4 3 4 4 3 3 5 4 4 4 3 4 3 3 4 4 4 4 3 5 5 3 3 3 4 4 5 4 3 3 4 5 5 2 3 4 3 3 4 5 5 5 3 4 4 3 3 4 5 4 4 4 4 None 4 3 4 3 4 2 3 5 4 5 4 
31 29 27 33 25 17 11 13 12 14 12 15 19 9 2 3 2 5 2 4 4 5 4 3 3 4 4 2 2 4 5 2 4 4 4 4 5 3 3 4 2 3 3 3 3 4 4 3 4 4 4 3 4 3 4 3 4 3 4 4 1 4 6 3 3 4 3 2 3 4 4 3 3 3 4 3 3 2 4 4 3 4 4 3 5 4 4 3 2 4 4 3 3 3 3 4 4 5 5 4 1 3 3 4 4 2 4 5 4 5 5 4 4 2 3 3 4 3 4 4 3 3 3 4 4 4 3 4 3 4 3 3 3 3 5 4 3 4 3 3 4 2 4 3 5 3 4 4 5 4 3 3 4 4 4 4 3 4 4 3 4 4 4 4 4 5 4 4 4 3 4 4 4 2 3 2 3 4 4 5 4 2 1 3 3 2 4 4 3 4 3 4 4 2 4 4 4 4 3 3 4 3 5 3 4 2 4 3 3 4 3 4 3 2 4 3 4 3 4 4 4 4 4 3 4 3 2 4 4 3 4 3 4 3 5 4 3 4 3 4 5 2 3 4 4 4 3 2 4 4 3 3 3 2 1 4 3 2 3 4 3 4 4 3 4 4 4 4 4 4 4 5 3 4 4 5 4 3 3 4 2 4 3 4 4 4 3 4 3 5 4 4 3 5 4 4 3 3 4 4 4 3 4 4 4 4 4 4 4 4 4 3 4 4 4 2 4 3 4 3 5 2 3 4 3 4 4 5 2 3 4 5 2 3 3 4 5 4 4 4 3 2 3 4 4 5 3 3 4 4 2 5 5 4 4 4 4 4 3 3 2 4 4 4 3 4 4 4 4 4 5 4 1 2 4 4 3 4 3 3 3 4 5 4 3 4 3 3 3 3 4 4 5 3 3 4 4 4 3 3 3 4 4 4 2 4 3 4 4 4 4 4 4 3 2 3 4 3 4 4 4 3 4 2 4 4 4 4 4 4 4 5 4 4 5 4 5 1 3 4 4 4 3 3 4 3 5 3 3 3 4 3 4 3 4 3 3 3 3 4 2 5 4 4 3 4 5 4 3 4 4 3 4 4 5 4 2 3 4 3 3 4 4 4 3 4 4 3 4 None 3 3 4 4 4 3 3 4 3 4 
33 31 29 35 27 19 13 15 14 16 14 17 21 11 4 4 2 3 3 2 3 4 4 5 3 3 4 3 4 3 4 3 4 4 4 5 5 4 4 4 4 5 3 1 3 4 4 3 4 5 3 4 3 4 4 3 4 3 5 4 2 2 3 2 3 4 3 3 3 4 3 3 4 3 4 4 4 1 4 4 3 4 4 3 5 3 5 4 4 4 3 4 4 3 4 4 5 3 4 3 4 4 3 4 4 1 2 4 5 4 3 3 5 4 4 3 5 4 3 3 4 4 3 3 4 4 4 3 4 3 4 4 3 3 4 4 4 3 3 5 4 3 2 1 3 3 3 4 4 4 2 3 4 4 2 5 4 4 4 3 3 5 5 4 4 4 2 3 3 2 3 3 4 4 4 3 4 4 2 4 2 4 3 5 3 4 2 3 3 3 3 4 4 3 4 4 4 5 3 4 4 2 3 4 5 3 4 4 3 5 4 4 4 3 4 4 4 5 3 3 3 4 3 4 4 3 4 2 3 3 3 4 3 4 4 5 3 4 3 3 4 4 3 4 3 5 4 5 3 3 3 3 4 5 4 4 4 3 4 4 2 3 3 4 4 5 4 1 4 3 4 5 4 3 4 4 4 3 2 5 4 3 3 3 4 4 5 4 4 3 3 4 4 4 4 5 4 4 4 4 4 4 4 3 4 4 5 4 5 4 4 3 4 4 4 2 4 4 4 4 4 3 2 4 3 4 2 5 4 4 3 3 3 4 3 5 5 4 3 4 4 3 4 4 3 5 4 3 3 3 4 4 5 3 5 3 2 3 4 3 2 1 3 4 4 4 4 3 4 4 4 4 2 3 4 4 3 4 4 2 4 5 4 4 3 3 3 3 4 5 4 5 4 3 5 4 3 4 4 2 4 4 4 2 4 5 4 4 3 4 3 4 4 2 3 4 3 5 5 4 5 4 4 3 4 4 4 4 4 4 4 5 4 4 4 4 4 3 3 3 3 5 4 3 4 4 5 4 2 4 3 4 4 4 4 4 3 4 3 4 4 3 4 4 4 4 5 3 4 4 4 4 2 4 5 3 2 4 4 4 3 4 4 4 3 2 4 4 3 3 None 2 3 3 3 3 3 4 4 4 
32 30 28 34 26 18 12 14 13 15 13 16 20 10 3 4 1 4 4 3 4 4 4 3 5 4 5 3 4 1 5 4 4 3 2 4 4 4 3 4 3 4 5 3 3 4 5 3 4 4 3 4 4 5 2 4 4 3 4 2 4 4 5 3 3 3 4 5 4 3 5 4 4 4 4 3 4 3 3 3 4 4 2 4 5 1 4 4 4 4 4 5 3 5 5 5 5 4 4 4 4 4 4 3 4 3 3 4 5 4 5 5 5 4 3 3 4 3 3 4 4 4 3 5 4 4 4 4 3 4 4 4 4 3 4 3 4 4 4 3 5 3 3 2 3 5 4 5 4 5 3 5 5 4 4 4 4 3 3 4 4 4 3 3 3 3 4 3 4 3 2 4 4 4 5 4 3 4 3 5 3 3 4 4 4 4 3 4 3 4 2 4 4 5 2 4 4 4 4 4 4 2 4 2 4 4 4 3 4 5 2 4 4 4 5 5 4 3 4 1 3 4 4 4 3 4 4 4 4 3 3 4 3 4 4 5 4 3 4 2 3 3 2 3 4 4 4 4 3 4 2 4 4 4 4 5 4 4 5 4 4 3 4 4 4 4 4 3 3 4 3 5 4 4 3 4 3 4 3 4 4 4 2 4 5 4 3 3 2 4 3 4 4 3 3 5 4 4 5 3 4 4 4 4 4 4 4 4 3 5 4 3 4 4 5 3 5 4 4 2 5 4 4 3 2 4 3 5 3 3 3 5 5 4 4 3 5 3 4 4 4 4 4 4 3 4 4 4 1 5 4 4 4 4 3 2 4 3 4 2 4 3 3 3 3 3 4 4 5 4 3 2 4 3 3 3 4 4 4 4 4 3 5 4 4 3 4 4 4 4 4 4 4 3 3 3 2 2 4 4 4 4 4 3 4 4 3 3 3 4 3 3 4 4 5 4 5 4 4 3 4 3 4 4 4 3 3 3 4 3 3 5 3 2 4 4 5 2 3 3 3 4 5 5 5 4 5 4 4 4 3 4 5 4 4 6 4 4 3 4 3 4 2 3 4 4 6 4 4 3 3 3 4 5 5 4 4 4 3 5 4 5 4 3 5 4 4 4 4 3 2 None 1 4 4 4 2 4 4 5 
31 29 27 33 25 17 11 13 12 14 12 15 19 9 2 3 2 3 5 3 3 4 3 4 4 4 5 2 3 2 4 4 4 3 1 4 3 3 4 4 2 4 5 3 2 3 5 4 3 3 4 4 4 4 1 4 4 3 4 3 4 4 5 3 3 2 4 4 4 4 4 4 3 4 3 3 3 3 4 2 3 4 3 4 4 2 4 3 3 4 4 4 2 5 4 4 4 3 5 3 4 3 4 4 4 4 4 4 5 4 5 4 4 3 4 3 4 3 4 3 3 4 2 5 4 3 4 5 3 4 3 4 3 4 3 2 3 5 3 4 5 3 4 3 2 4 3 4 3 4 2 4 5 4 4 3 4 4 4 3 3 4 4 4 3 2 4 2 3 4 3 5 4 4 4 4 3 4 2 4 3 4 3 3 5 4 2 3 4 4 3 4 3 4 3 5 3 4 3 3 4 3 4 3 3 3 4 4 3 4 1 3 4 3 4 4 4 3 4 2 2 3 4 4 2 4 3 5 4 3 4 4 4 4 4 4 3 2 3 3 2 4 3 4 4 4 3 4 4 4 1 3 4 4 4 4 4 4 4 4 4 4 4 4 4 4 3 4 4 4 3 5 4 3 4 5 2 4 4 4 4 3 3 4 5 4 4 3 3 5 2 4 3 3 2 5 4 5 5 4 3 4 3 3 3 4 4 3 3 4 4 4 4 4 4 4 4 4 3 3 4 4 3 4 3 3 4 5 3 4 3 4 4 4 3 2 5 4 4 4 4 3 5 3 2 5 4 3 2 4 4 3 4 3 4 3 3 2 5 1 4 4 3 4 4 2 3 3 4 3 2 1 3 4 4 2 3 3 4 4 5 4 5 4 4 4 4 3 4 3 4 4 4 4 3 2 3 2 3 4 3 4 4 4 4 3 3 2 4 3 4 2 3 4 4 3 4 3 4 3 3 2 4 3 4 4 4 4 3 3 4 5 3 3 4 5 4 3 3 4 4 4 5 4 4 4 5 4 3 4 2 3 4 4 3 5 4 3 3 3 4 4 3 4 4 5 5 3 3 4 4 4 4 5 4 3 3 4 4 4 3 4 4 4 4 4 4 3 3 4 3 1 None 4 4 5 3 3 4 4 
33 31 29 35 27 19 13 15 14 16 14 17 21 11 4 4 3 3 4 3 4 4 5 4 3 4 4 4 4 4 4 5 2 4 4 3 5 3 4 3 3 3 4 4 4 3 4 2 3 4 4 4 4 4 4 4 4 4 4 4 4 3 5 4 4 4 5 4 4 4 2 4 4 3 3 4 4 4 5 3 4 3 3 4 4 4 4 4 2 3 2 4 4 4 4 4 2 4 4 4 4 4 2 2 4 4 3 3 4 3 3 4 5 4 3 4 4 3 3 3 4 2 3 5 4 2 3 2 4 3 3 3 1 2 5 4 4 3 4 5 5 4 2 2 4 3 2 3 5 5 4 4 4 3 5 3 4 4 4 4 5 4 4 4 4 4 3 4 4 5 4 2 4 4 4 3 3 4 4 4 3 4 3 4 3 3 4 3 4 3 3 4 4 4 4 3 4 4 4 3 4 3 3 4 4 2 4 3 4 3 3 3 3 3 4 5 4 4 4 4 4 3 2 4 3 2 3 4 3 3 3 4 2 3 4 3 3 4 3 2 3 4 4 5 4 4 3 4 4 4 3 3 3 3 3 4 3 3 4 4 4 4 3 4 4 4 4 3 4 4 4 3 3 4 4 5 4 2 1 3 3 3 4 3 4 4 4 4 5 3 4 4 4 3 3 4 3 4 5 3 2 3 3 4 3 1 2 3 4 3 3 4 3 4 3 2 4 5 4 4 4 4 4 3 3 3 3 6 2 1 3 4 4 4 4 4 5 3 3 4 3 4 1 3 3 3 3 3 4 4 4 4 3 4 4 3 4 4 4 4 3 4 4 4 3 3 4 5 4 4 3 4 3 2 4 4 4 4 3 4 3 3 5 4 4 3 4 4 4 3 3 4 4 3 3 2 3 3 1 3 3 4 4 4 4 5 4 4 4 4 3 2 3 3 3 2 3 4 4 4 3 3 4 2 4 3 4 4 3 4 4 4 3 3 3 4 4 3 2 4 3 4 4 5 4 3 4 3 3 4 4 4 5 4 3 5 1 2 2 4 4 2 3 2 3 4 3 3 3 4 4 3 2 3 5 3 4 3 2 4 4 4 4 5 4 3 3 4 4 4 3 4 4 None 4 5 4 3 4 3 
33 31 29 35 27 19 13 15 14 16 14 17 21 11 4 4 4 4 3 4 4 4 4 3 3 4 2 3 3 4 5 2 2 3 4 3 4 3 2 4 2 3 3 2 2 3 5 3 3 3 3 2 4 1 4 4 4 4 3 3 3 3 5 1 2 3 3 4 4 4 4 4 2 1 3 3 4 4 4 4 3 4 4 3 3 4 4 4 4 3 4 4 4 3 4 5 4 4 5 4 4 4 4 4 4 3 3 3 4 3 5 3 4 4 3 4 3 3 3 3 4 2 4 3 3 4 4 4 4 4 4 4 4 4 3 4 3 4 3 6 5 3 4 3 5 5 5 4 3 4 3 4 3 5 3 3 4 5 4 3 3 3 5 3 4 3 3 3 4 4 4 3 3 4 3 3 4 3 3 3 5 2 3 4 4 3 4 3 3 4 2 4 4 3 2 3 5 2 1 2 4 4 3 5 3 3 4 3 4 3 4 4 3 4 4 5 3 3 3 4 3 3 3 3 3 4 2 2 4 3 4 4 3 4 3 4 3 3 5 4 3 3 3 4 3 5 4 5 3 3 3 4 4 4 4 4 2 3 2 3 4 4 3 4 3 3 3 3 4 4 4 3 4 3 4 1 3 3 4 5 3 4 5 4 5 4 4 4 3 3 3 3 4 2 4 4 4 4 4 1 2 3 4 4 4 4 4 4 4 3 4 4 4 4 4 3 4 3 4 4 4 4 4 4 3 5 4 5 4 4 4 5 3 3 4 4 4 4 4 4 4 4 5 3 3 3 5 4 5 3 4 4 4 3 4 3 4 4 4 3 3 3 3 3 3 3 5 2 2 4 4 4 4 4 4 5 3 4 3 4 5 4 1 5 3 3 4 2 3 4 3 4 4 2 3 3 4 3 3 2 3 2 3 3 4 4 3 4 4 2 3 4 3 3 3 4 2 4 4 4 3 3 3 5 3 3 3 3 3 3 4 4 3 4 4 4 4 3 4 2 3 4 3 4 4 3 3 3 2 4 4 4 3 3 3 5 4 4 3 5 4 4 4 4 3 4 5 5 3 3 4 3 4 2 3 5 4 4 4 4 3 2 2 5 4 4 4 2 2 4 3 4 4 4 None 1 5 4 3 4 
33 31 29 35 27 19 13 15 14 16 14 17 21 11 4 4 3 5 4 4 4 4 4 4 4 5 3 4 4 4 5 3 3 4 4 4 4 2 3 3 3 4 4 3 3 4 5 3 4 4 4 3 4 2 5 4 3 4 2 3 4 4 4 2 3 4 3 4 4 4 4 3 3 2 2 4 5 4 4 4 3 4 4 4 3 4 4 3 5 4 4 4 4 4 3 5 5 5 5 4 4 5 5 4 4 4 3 4 5 4 4 3 3 3 4 4 4 3 4 4 4 3 4 2 2 4 4 5 5 5 4 4 4 5 4 3 4 4 4 6 5 3 5 4 5 5 4 4 4 3 4 4 4 5 4 4 5 5 5 4 4 2 5 4 4 4 4 4 3 4 4 3 4 4 3 4 4 3 4 4 5 1 4 4 4 3 4 4 4 4 3 5 4 4 3 3 4 3 2 3 3 4 4 5 3 3 5 2 3 4 5 4 4 4 4 5 3 4 3 5 4 4 4 3 4 3 3 1 4 3 5 5 4 5 3 4 4 3 4 4 4 3 4 4 4 4 4 5 3 4 4 4 4 4 4 4 3 4 3 4 5 3 4 4 4 3 4 2 4 5 4 4 4 4 5 2 3 3 4 5 4 4 4 5 4 4 5 3 4 2 4 4 5 3 5 5 5 5 4 2 3 4 5 4 5 4 5 4 5 4 3 4 4 3 4 4 5 2 3 4 4 4 5 5 4 4 4 6 3 4 3 5 4 4 4 3 3 5 4 5 4 3 5 4 4 4 5 5 5 4 4 4 3 3 4 3 5 4 4 4 4 4 4 3 4 3 5 2 1 5 4 5 4 5 4 5 3 5 4 4 6 5 2 5 4 4 4 3 4 4 4 5 5 3 3 4 3 4 4 3 3 1 3 3 4 5 4 4 4 3 4 5 4 4 4 4 3 4 5 5 4 4 4 4 4 3 4 4 3 4 3 5 4 4 4 4 4 2 4 3 4 4 4 4 4 4 4 4 3 3 4 3 3 4 3 6 4 4 4 5 3 3 3 4 3 3 5 5 2 4 4 4 3 3 4 4 5 4 4 5 4 3 3 4 5 4 5 2 3 3 3 4 5 5 1 None 4 4 2 3 
34 32 30 36 28 20 14 16 15 17 15 18 22 12 5 5 1 5 4 3 4 4 4 3 5 4 5 2 3 3 4 4 3 3 4 2 3 3 5 4 5 4 5 4 4 5 5 4 4 5 5 5 5 5 3 4 4 3 5 2 4 5 5 4 4 4 4 4 2 3 5 5 4 4 4 4 4 4 3 5 4 4 2 4 5 1 4 3 3 4 4 3 2 6 5 5 5 4 4 4 3 3 4 3 5 4 3 4 5 5 5 5 5 3 4 3 4 3 3 4 3 4 4 4 4 4 3 4 5 4 4 4 4 4 5 4 4 4 4 5 5 3 3 2 5 4 4 4 4 5 4 4 5 4 4 4 5 3 4 3 5 5 5 3 3 4 5 4 4 4 3 4 2 2 3 4 4 4 4 4 5 3 4 4 4 2 3 5 4 4 4 4 4 4 4 4 5 4 5 4 4 4 4 2 3 5 4 3 4 4 4 4 3 4 5 4 4 3 4 3 4 3 4 4 3 4 4 3 4 4 2 6 4 5 4 5 4 4 4 4 5 3 2 3 4 2 4 4 4 4 4 4 4 5 4 5 4 3 4 4 5 4 5 5 5 4 5 4 3 4 4 4 3 4 1 4 4 3 3 5 5 4 2 4 5 4 5 1 4 4 4 5 4 5 5 5 4 4 5 4 4 3 4 4 4 3 2 3 4 5 5 2 5 4 4 4 5 4 3 4 6 4 5 3 2 4 3 5 3 4 4 4 4 4 4 5 5 4 2 4 3 3 4 4 4 4 4 4 3 5 4 4 5 4 3 4 5 4 5 3 5 4 3 4 4 4 3 4 5 3 5 4 3 3 4 4 4 3 4 5 4 3 4 4 4 4 3 3 3 3 3 2 4 3 4 4 4 4 5 4 4 4 4 3 4 5 3 4 4 5 3 5 3 3 5 4 5 5 4 3 4 4 4 4 4 3 4 3 4 3 4 5 5 4 3 4 3 2 3 3 4 5 3 4 4 2 3 4 4 4 3 5 5 4 4 5 4 5 4 3 5 4 4 3 4 4 5 4 5 4 5 5 5 5 4 4 3 4 5 4 4 4 4 4 4 3 4 4 5 3 3 2 3 4 5 4 None 4 4 5 
33 31 29 35 27 19 13 15 14 16 14 17 21 11 4 4 4 3 4 3 2 4 3 3 5 4 4 2 5 4 4 5 4 3 4 4 4 4 3 3 4 5 4 4 4 5 4 4 4 4 3 4 3 4 4 4 3 2 4 3 4 3 4 4 4 4 3 3 4 4 4 5 4 4 2 4 5 3 4 4 4 3 4 4 5 4 3 4 3 4 4 4 3 5 3 4 3 4 5 2 4 3 4 5 5 4 4 5 5 3 5 4 5 3 4 1 4 3 4 5 2 3 4 4 4 4 4 4 4 3 3 4 4 3 3 4 4 4 4 5 4 4 4 4 4 3 2 4 5 3 4 4 4 5 5 3 4 4 4 3 4 2 3 5 4 5 4 3 4 4 4 3 3 5 5 2 3 3 3 4 5 3 3 4 5 4 4 3 4 3 3 4 2 4 4 4 5 4 4 4 4 2 4 5 4 3 4 4 4 5 4 3 2 3 2 3 3 2 4 3 4 4 4 3 4 3 3 4 4 3 4 4 3 4 4 4 4 4 5 4 5 5 4 4 3 5 5 5 3 4 3 3 4 4 4 5 3 3 4 4 3 3 3 4 5 1 4 4 3 3 4 5 4 4 4 4 3 4 3 4 4 4 4 4 5 4 4 4 2 4 4 4 5 2 2 4 3 2 5 3 4 3 2 5 5 3 2 4 5 3 4 5 4 3 5 4 2 3 2 4 4 4 4 4 3 1 4 4 4 4 5 3 4 4 5 3 3 4 3 4 4 4 4 3 3 4 4 4 3 4 3 4 4 3 3 4 3 3 3 3 4 5 3 3 4 1 3 4 3 3 5 4 3 3 5 4 5 2 4 5 4 5 5 1 5 3 4 3 2 4 4 3 4 4 3 2 3 4 2 4 3 4 3 3 3 5 3 4 4 4 3 4 3 4 4 3 4 4 4 4 4 4 4 4 3 3 4 3 5 5 5 4 3 2 4 4 4 4 2 3 5 2 5 4 4 4 4 3 4 1 4 3 4 4 4 5 4 4 3 4 4 3 4 5 4 4 4 3 4 4 2 4 4 4 2 4 4 4 4 2 3 4 4 4 4 4 3 2 4 4 4 4 3 3 4 4 4 None 3 3 
32 30 28 34 26 18 12 14 13 15 13 16 20 10 3 4 4 5 3 5 5 5 5 3 5 5 5 4 3 4 3 4 5 4 4 5 4 4 4 4 4 4 4 4 4 3 4 4 4 4 5 4 4 4 3 5 3 2 3 4 4 5 3 4 4 4 5 5 4 4 4 4 3 4 3 3 4 5 5 4 3 4 4 2 4 3 4 5 4 5 4 4 2 5 3 4 5 4 6 4 3 4 4 2 4 5 4 5 5 4 5 5 5 1 4 4 4 3 4 4 4 5 4 4 3 2 4 4 4 4 4 3 5 4 4 4 4 3 5 6 5 4 4 4 4 3 2 4 4 5 4 4 3 4 3 4 4 5 4 5 3 1 5 5 3 4 5 4 4 5 4 4 4 4 4 5 4 2 3 5 5 3 4 4 4 4 4 4 4 4 4 3 3 3 3 4 4 2 4 3 4 5 4 4 4 4 4 4 4 5 4 4 3 4 4 5 4 4 4 5 4 3 4 2 3 5 4 3 4 4 5 4 4 4 5 4 4 4 4 4 4 4 5 5 4 4 4 3 5 4 4 4 5 3 2 2 4 5 4 3 5 4 3 5 5 2 3 4 5 4 5 5 3 4 4 4 4 4 3 5 4 4 3 4 5 5 4 3 5 3 5 3 4 3 4 5 4 4 3 4 3 2 3 4 3 5 5 3 4 3 3 4 4 5 5 4 4 4 4 4 2 4 5 4 3 3 5 5 5 4 5 4 5 4 2 3 2 3 5 4 4 3 3 3 2 4 4 3 5 4 3 4 3 4 3 4 3 5 5 4 5 3 4 4 4 4 4 3 2 3 5 4 4 4 3 3 3 3 3 4 5 5 3 3 6 4 4 4 4 3 3 4 4 4 2 3 3 5 4 4 4 3 4 4 3 5 4 3 3 4 4 5 4 4 5 4 5 2 4 4 4 4 4 4 4 4 4 3 4 4 3 4 4 5 4 4 5 4 4 4 4 3 4 4 4 4 5 4 5 4 4 2 4 4 1 4 3 3 5 3 3 4 4 4 4 4 6 4 3 4 4 4 4 4 4 3 4 4 4 4 3 4 3 4 4 3 4 4 5 3 4 4 4 4 3 2 4 3 None 1 
33 31 29 35 27 19 13 15 14 16 14 17 21 11 4 4 4 4 4 4 4 5 4 4 4 5 5 4 4 4 4 4 4 4 4 5 5 4 5 4 4 5 5 5 3 2 4 3 3 4 4 4 3 3 4 5 3 3 2 3 5 4 4 4 3 5 5 4 4 4 4 4 3 4 2 4 4 5 4 4 4 4 4 3 5 4 4 4 4 4 3 3 3 5 3 3 5 4 5 3 4 5 3 3 3 4 4 4 5 5 4 5 5 2 5 4 5 3 4 3 3 4 3 5 4 1 3 3 5 4 4 4 4 4 4 4 3 3 5 6 5 3 3 3 4 2 1 4 3 4 5 4 4 4 4 5 3 5 4 5 4 2 4 5 4 5 5 4 4 4 3 3 4 3 4 4 4 3 4 5 4 4 4 5 4 4 3 4 5 4 4 2 4 4 4 4 5 3 4 4 3 4 4 4 4 4 5 5 4 4 5 5 4 4 4 4 4 3 4 5 5 4 3 3 2 4 4 4 4 4 4 4 3 4 4 4 3 4 4 3 4 4 5 4 4 4 4 2 5 4 4 4 4 4 3 3 4 4 4 3 4 5 2 5 5 3 3 4 5 5 4 4 2 3 5 5 4 3 2 5 4 3 4 4 4 4 3 4 4 4 5 4 3 4 3 5 4 5 4 4 3 3 4 3 4 4 5 3 3 3 2 4 4 5 4 3 3 4 3 4 1 4 4 5 4 2 4 6 4 3 4 4 4 4 3 3 3 2 4 5 4 4 4 4 3 5 4 3 5 3 2 4 2 4 4 4 3 4 5 4 5 4 4 4 4 4 4 4 3 4 4 3 4 3 4 4 4 4 4 4 4 5 4 4 5 4 4 5 4 3 4 5 4 4 3 3 4 4 4 5 4 3 5 5 3 5 3 2 4 4 3 4 4 4 4 3 4 3 4 3 4 3 3 4 5 4 4 4 3 3 2 4 3 4 4 3 4 4 3 5 4 3 5 4 4 5 5 5 4 3 4 1 5 4 2 5 2 4 5 3 4 3 4 3 4 4 5 4 4 4 5 3 3 4 4 2 3 4 4 3 4 4 4 4 3 4 4 5 4 4 4 5 4 3 4 3 5 3 1 None 
