11101001001010110111110111100000010100001110000100011110001010111001101001110001011001100001110101100000010000111110011000010101111100101010010000001100101011111110011001000011001000000010111101011100001110000100011011110011010101000110001110111100110100000100010110101011011000010110111010001111111110001010110111010100000010101111001110010101101101010001110001000000110010111111010110111100000001100111000111110011001000011001000101001110001000001101101011011000101001111100111111010110110000110101111001101111101000100111101000000010011000011111100011011010101100110111100100010100111000101100110000111010110000001000011101010001100010010111
100100001100100010100111000100000011001011111101011011110000000110011100010010110001010001010110100000010001010011100011011110011001010111100000110001001011100101010111011000011000011100011101011010000101111000010101000110001001011100110010000110010001010011100010110001010001010100100011001001101011111010110100101101110
0000111001101100000010100000010101011101100101000000111100100101111110111101011111111001101000001010100000010001010011100011101111000101011010010110110001111010010000001100111000100110010000110011011110011010101000110001110111100010100001001111110000001100010010111001010101110110000111111000010001111011000101011110011100100110110110010000111000010
000110010010000101000111011110011100100000011001011111101011011110000000110011100010011011110000001110001010110001011110000000110011100011111101000100111101010010011010111111010000001111110101101111101111000000101000011100001000101001010111110010001010001010010011111100000000010000110101011011001101001101010001
1001010000010000100111111000000111000100001110101011111100000110001001011111110100011000010010001010011100010110011000011101011000000100001110101000110001001011100110010000110011100000011010100011110001100001110000100011011110011010101000110001110111100010100110011011100001000111101001011100010101011010010101011101100
1110111101011000110001110001010110100101000010011111100000011000100101111010000001111110101111000100100101011111001000101001010100010011010111111100110000100001110011011001000101001110001010000101110011110011011111111001100100001100100000001010100000100001000011100001010100000010101011101100001000101001110
1101111000101011010010110110001111010010000001100111000100110010000110010000000101101111101011111100100011001001111001001011100011011100101101001111001001011111110001101110101111000001100010010111001100110110010001100100110000111011001000111000101000111000101101010101110110000110100110011010101110110001011011100011011111010001
111010010010101101111101111000000101000011100001000101001010111110011010011101100111001010101110011101111111111001110001100001010110100111001101110000000110011100010011000011100100010100111000101100110111011110011011001010000000000110011100010011001000011001000101001110001010011010100000001010111
110011111101110001011100101110000001100111000100100001110011011001111110010010000000101011100000100011110011001110001101011011100011011110010001010010101000100110000001111100110000000000100001001101100010101011111100110001100011110011001000011000111001110010000111001101100001010010001000111001111010001001111010000000100110001111
0101011100110000000000100001101011010100011000111011110001101111000000111000101011000101111000000011001110001001100001110010001010011100010100000110101010111011110000111000010001010101110110000111000000110101101110010101000110001001011100110010000110010111110010110110110100000100011101110111101011000001000100001110011011000000
10010000110011110010010111111100011011101011110000011000100101111010001001111010010010101101111101111000000101000011100001000101000100101111100111011111111110011100011000010101101001010100010010001010011100010110001010100010011100110010000110010100110001111000110011011000001010100000010101011101100001111110010000001100011001000011
0001010011100010000001001111100010011111100000001001111000000011100011100010101110001001111111100100011001110001100000001110001110000101100100011111110010011110111101011100011011110011110010011010101101011000010111110111011110101100101001010111101111000110100111011001110011000000000010000011011100000001100111000111001100
0100010110101111000110000001001011110010001001000011100110110010001010011100011110010010111000110111000101001101010001100010010111001100100001100111111010110111110111100000010100001110000101010001001111010000000111110010100001011100001111110010000100000101011010010000001001011001101011011100110101111111011110010101101111000110000111001000101001110
00001110001100110101100111100110010000110010001101101010111111101000010011011000101010001100010010111101000000110100110101100001101011001000011100001010100000010101010000010000100110110001100010010111000000110011100010011001000011001011010101011101100101000000101010111011000011110010010000000000001010101111000111000101000110001001011111111010001
11101000000010011000111100100000111000101011000000111000101000010111001101001010110100101101110001000101001010100010011111101011011111011110000001010000111000010001010010101011000011000000111110011001101110000000101000011100110000111001010101111110010001100111000100100000110110000100000010010000000110100010011110101001001110
11101000101011110010100010010100011111000000101011010100000010000110000110010000110010000011100111010011010100001110101001010100010011110100010100001000111100101001010001001011111001101001101011000011010001001010110100110011010100010010100011011010001101000000110010000011001001000001111011101001111010000001010001101011101001101110100110001000011110110000100101101100101110000100010101011101100001010001100000000001111111010001110001000011110110000100101001100000001001001101000100111101000000011111001011111001011011011010000010001010000110101100001111011100000100111110000011100010101010110111100111110111111110010101011101100
011110011011000101001111010001111111001101010001010010011001101110001100111000101010001100010010111001010100001100001110001011000000001000101001110001010101111110010001100111000100100000110110000100000010010000000110000101011111110011110010010000000000000101011101100001100100001100111111010110111110111100000010100001110000101010001
0000011011111011100001100110011111100110001100100001100111111001000000110001000011100110110000000011001000011001101001100110101011101100010110110000010001111110101101111101111000000101000011100001000101011111001110010110110110100000100010101111100101000111001000110000000000110010000011001001000001111011101001110010100101011111
10100111011001110010000111001101010111011000011000011100100010100111000100001111010110001100001101110001111011010101101011011100000010111100101010111011000010100000110101011000011111110011001000011001000101001110001111010101000000010101110001111101000000100000110111010101000001001101101010001110111110100000010101011101100001000001111110100001101110
10111000111011110101111111010001001111010011101101010100000100010001010110100101101110000111110011001000011001000101001110001111010010010101000000110101110000101011111110011111010011001010001000110111101110010011011011001111001100100001100101101010101110110000100000011001011111101011011110000000110011100010010101011101100
0100000110101010111111100110010000110011110010000001100011011110010101011101100001011111001011011101001000001000101010000101011100011100101010110100011010110110101011010010101101111001011111101000100100000111101001101010111011000101101100000100011111000110010111110111100100000001011011111010111000011100001000101101010101110110000101000001101100100011111
01001010111101111000110100111011001110010100001011110111111010111110111100110010100010011110101001001110101111000110001111001010100110111100100001011110111111001110001010100011000100101110011001000011001011010101011101100001000000110010111111010110111100000001100111000100110010111001000101001110001010001001010110101101
1001000011001010100100011001000000101001001010100010011110101001001110101001110111100111110100110010100010100001110000100010100111001010110000101010111011000011011110010110110011110001001010110000111000000110011100100000011001011111101011011100001110000100010101
000010101101011000011100001110001100110101100001010001010000001010010010100010010010101000100101010100000100001100101101111110010001100100110100111000101010011011100101000011000101000101000000101001001111010110111100100011111001100110110010000000101101111101011111100101010001001101010111100000001110011011000000001100001110001110101111101101010110111111010001
11101010010011101011110001100011110011111100100000011000111011101110000110011001111110011000100010100101010001001100001110010101011000110010000001100010010111001000110010010101001000000010110111110101111001100001111001001101101100101000000101000101001100101100110011100110111001011001111
010001011010111100011010111111100110000110100100000100010001010011100010000011011000010000001001000000011000010101111111001000011100110110010110010001111000101010111111001100010000001100101111110101101111000000011001110001101000100111101010010011101011110001100011110010111100100110111101110010011011011000011001000011
0101011100000100010101011100001001101110111010001100000011001011111101011011100001110000100011000011111110001101110101000000110011100011111101000000110100110101000100100010100111010111100010100010010111110010101001011011101110111100110100111100100101111111100011110001100001110000100011001000011001010100111101111010110001100011100010101101
0100010100110010110011001110010000011101111010001100001110110101000000110001010001010000001010010010101001010000011011010100000010100100110100110011010010011111101010100000100001001101100011100110000101010001001000101001110001010000110010111101011001100100001100100010100111000100000111010011111100100100010100101010001001100000011111
11100100110110110000101001101010111000010001010000010111110001001010101110011000011101100100011100010100011001101110100000011001101100110000111011001100000011010101000000110010111001000101001110001010011001101110000100011110100101110001010101101001101001010110111010001001111010100100111000110000111011001100000011010001111001001101010110101100
101001110001010000101110010100001101011011010000010001010000011010101111001100110000110100100000100011111000101010111011001000011100001000100010100111000101100110111011100011100110001100101110010001010001010010011111101010100000100001001101100011111001010100010010101010000010000101110010000011010100000000001010001110011010000010
000101001110001111101010000001100011100110111011101101010001100010010111101000000100000001011011111010111000011100001000100010100111000101000010011111100000011000100101110011001000011001000101001110001111001001101101100101000000110111101110111101011111110000111000010001000101001110001000001110110100000010101011101100
0000000101111010111000011100001000101010011111100000000010000110101011011001000000010110111110101110100010010000011100110010101101000011010001001010000010001101001110000101000101101100111001000101001110001000101000101001001000000010110111110101111110010100010100110101011010110000110100111000100010100111000111100100110111011110111000001
01000001101010111100110001000011100110110010001010011100011000011101100110000001101010100010011110101001001101011111101000000101000101000000101001001000101001110100010110011111100000000001000001101110001011001101110111000111001101111101000000100010100111000101010111111001000110011100010010000011011000010000001001000000011000010101111111
01000101101011110001010110100101101110001000110010010000001100101111110101101111000101101010101110110000101011011110010111111010000001101111001000001101010111100110001010000101110010100001101011000100000100011110010011011011111010111111001011011001111100010010100010010011100111001000101001110001000001111110100001101110
1110010011110111101011110011000010001010011100010000000101101111101011110101111110010100010100000010100100111111000011010001001011001010110111000011100001000100001101101100110010110011111010000001010101110110000110100110101100001101011000010001010011100010100110101000010110001010000000001010110101000000100001100111100100011001
110000001101001011110000010010110010000000001100111111110001001011111111010001
1110101001001110001111010001010111101101110101111110011010111111100110000101010010000111001101100000000110010000110010110110010000100010110110000111110001000011100110110011011110111001001101101100100001110000100010001010011100010110010001111000101010111111001101111001101110101011100100001110111001000000
010000100110000111000100100011001001010000100110000111000100101010110110010111000010001000101001110001111001001010111110001001010001001001100001101110001000000010111101011100001110000100010001010011101000101100111110110110010100010001111011100100000100101000010110111100100001110111001000000001000101001110001111010000011101100101011111
00011001001000101001110001010001111101101011111110000101011100111101000101010101101000011001010110100110011010100010010000011100101010001101111101001100010000011110111010011110100010011110101001001110001000000010100001001111100001100011100001111001001000000010000010111111111001010001001011111001101001101110011010100001001001000100100011001001000101001110
00000110001110111100010011010010000010001000001110110110101101001001000110110101011001101011111100110000111001000101001110001010001110010001101100010100100111100110011100011010110110000010001000001110101000110011101000100111101010010011100010101111100011011100101101010110100111000101000100101111100110000111000110111001011001010111100110011000011010010000010
000101001110001111010001010111101101110101111110011000011100100010100111000101000110110111011000011110011001110001101011011000001000100000111101110100111101000100100000111010111001100001111111000110111010100000011001110001001000011100110110010000001100101111110101101110000111000010001000101001110001010101101000110000001101010110011011110011001000011
1111000101011011111110100000011001101100100010100111010001011001010101110000100110111000110010000110011100110111011101101010001100010010111001010110100110011110111100010001010011100010100110011011100001000111101001011110100000010001100110011110101100100010100111000100001110011011000000001100100001100101010010000101011010101100101010101000111001100
010110111110000111111010111110100001100111011001100110000100001110111001000000001010100101001010101110110011101000110100111001101011000011110010011011011001010001001000001110100101000010001110111001000111001100001010000100110000111000111010110010001010010101000100100000010011110111100110000110011110111101011001000101001110
00001010110101011001010101010001100010010111111100101000100101111100101000010011000011100011100110000101010001001000101001110001111100010101101110100010011110101001001110001100001111111000110111010100000011001110001001010001001011111001011110010001001101011111110011000010000111001101100101110101101010001100011100010101101
111110101101111101111000000101000011100001000100001110011011001111111011101111010110101011010011110011001110001101011011100011011111010000001101111000000001011000011110000111000010001010100111111110010001100111000110000000111000111000010101100001100001100101110110100000101010001
1110101001001110001111010001010111101101110101111110010101011011111100100101000010011111111110001010010110100000100011001101110000000101000011101010001110011000010001010011100011010111111100011001000011001000101001110001000010101110010000000101101000000101010010110011011101110001110011000110101111111001100
00011001001110111100010101101001011011000111101001001101110000000100100100010010101011100001001101110111110100000011010011010100010010000011000001001000000010101110011111101011011111011110000001010011011111100100000001010110011000110000001001010100111110001010101110110001011011011000010001100110010110110100010011110100000001001010001001011111
000000010101100110001100100001100101010010100110011011100001000111101001011100010101011010010100010100110010110011001110011110010111001111111110010100001000111011100100011100110000101010001001000101001110001000000100001100011000110111000101010111011000011111101010100000100001001101100011100110000100001110111001000000
010110100110011110111101010001001111010010111011100100000000100010100111000111001110110000110010000110011100101111000100100110010000110010001010011100010000111001101011011001010110110000001111001010011010101110000100010101001010000011011010100000010100100110100110011010011010001001000001111000000100011111100000001001001000110000111000010
0101011011001011100001000111001011110001001001010000010110001011001100100001100101000001101101010000001010010011010011001101001001111001001101101100111100110000111001000110101101101111010000001000101001110001101110000000100100100010010101011100001001101110001111001001101010110101100001101001110001110111100010101101001011011000111101001110011001010001
111010100100111000101100110111011100011100110001111001001101010110101100001101001110001010101100111010010101010111110001110011000010001100100101010010100001011110111001000111111000110111000000010010010001001010101110000100110111000110100100000100011001101001111111010111110111000011100001000100010100111000111110101000000110
0101011100001001101110001010100001100011101011001000110101101101111000011100001000100010100111000101100110111011100011100110001010101000001000010111001000001101010000000000101000111001101000001000101000111111000001100110100010010000011110000001000111110100110000000110001100001110000100011001011111000110010000110010001010011100011110010011011011001111
0001100100100010101111010111100011010101000000101001010101101000011001000101001110001110101110111001101110100000010101001010000110101100001111011100000100101010111000010011011100010100010100110101011010110000110111101111101010110100011010001
0000011101101001100110101000100101000111011101001100010000011110111010011100100010100111000100000110000010010000000101011100101011011111000100110000001110111000001001010101110110000111001110000101000011111011010110010000011100100100000011011101011110111000101011111001000000100110101011100011100110000101010010110101011011000010110
0100010010011101100110100110010000110011110101101111001010001001110011110010001011111001010100000000001111010111100111111001100011000011100101010011111000000010101101011010010000111011010100000011010100000011000011100100000010101111000100100100010100111000111110101000000110001000011010111110100110001001011100101011111
0001010011100010100010010011101100110100110001111001000000100110101011100011100110000110010111001010100101000100100111011001101101001010110111011100101000100000011111010010100010010011100111001100000010010100010010111110010100001010111110100111001100001010101101100101110000100010001010011100010000101011100110101011101100
10100100000100010100101010111011000011000000100101011010100011001000000010100011000111000101011010110100000100010110010111001010000010000110011000010101001010000110101001101001011011100011000011100011001001010100111100100101110001010110000111110101100101010001001110010111100010010011011110111011100101101101010001100010010111000001111101
0000101000111011100001110000100010101001000000110010111111010110111100011001000011001000101001110001011001000111100010101011111100110001000110110101111011110011011100110010100010011110100000001001010001001011111101000000110000111001110000011000011110111000001101000000100010100111000100001110001011111100010011001011001001000000110000111010111010001
1110101001001110001010001001010001110101100101101110111011110011010011110010010111111110001111000111001100001100100001100111010000001010011101011001010100100011011100110101000010010010011001101100101010010001101011010011100010001101011011011111001100001101010100000100010010110110110000101010001
000101001110001110011101100111100101010111011000010000111000011010110111001100001010001010000001010010010100010010100011101011101000100100000111010001001110010111100010010011100111011000010001010011101011110001010001001011111001010100111111000000010010010001001000000010101100110001100100001100111100101110011111111111001100
01001100110111000010001111010010111000101010110100101010111011000011110111101011000110001110001010110100111110110110000001111110100010010000011000101001110011100100010100111011111100010100010110101111000101101100001111100110000110101010000001111010010101010111110001001010110100110011110111100010001010011100010100010010100011101011
011011101110111100110110100000010001010011100011111100000001001001000111110010110011000011101011000000100001111100110000101010010110111011101111001101001011011000011111000101011110011100101011011010100011100011100111100110101000010010010010001100100111011110001010110100101101100011110100100100010100111000100001010110101011001101111
100100001100100010100111000110111001000000010101110010101000001110001010111001100101011110000011111101000100111101000001110010110101010000010100001110000100011001101010001001000101001110100010110010000101011110010100010011011100101010110000111110000010111100011100000001010000001000101001110001000001100000100100000001010111111100101011011110
111101011000011000010001100100101001010111101111000110101111111001100001000101001110001010000011010101011111000100010101101001011011101010001001111010000000100111100100101111111100011110001111100110010000110010101001011001011010101000101000011100001000110100110010101101101100001000000100110101011100011100110000110010111
01010010001101110000100001001011000011001101100110010001010011101011001111100010101101001011011100011111101010100000100001001101100010010101011101100001100100001100101010011111000110110101100000001001001000111001100000010110001101011111101010101011010110100000100010100010100000010100100111111000000010010010001111100100001110011011
01011110011100101011011010100011100010101100000000000100011001001000101001110001100110100111101001010110111000001111100100011001001101001110001000000010101000001000011001100001010101101100101110000100010100010010011000111000100100101101100001111101111
010110111100010110010110101010001001111010001001111010000000100101000100101111100100010100111000100001110001011111100010010110011011101110001110011000111100010101000001011010010110111000110010000110011011110111001001101101100100001110000100011001101100111011110001010110100101101100011110100110000111000010001010101110000100110111011111010001
00000110000110101000111010110010101011000101010000000101010001100010010111111100110010000110010001010011100010100000110101010111110001000101011010010110111000101001010101100001000000010100001001111100001100011100001111001001000000010000010111111111110111100101010001000101011110001001110011001010001
01000111110011010101011111000100010101101001011011101111001010001011010111100011000011100110101111111000110000111001000001101110101101110010100001100011000011100100010100111000101000111001000110010000101001001111001100111000110101101100000101010000001010101110110000100010100111000101000010111000011111100100001000001101110
1001000011001000010101101010100000100110001110000100011011100001010111000010101010110101010001100010010111001010101110110000110000111000111010111111110111000001100010010111001010001001011111001010000101101011110000011000111001100110000110100100000100011111101011011111011110000001010011011111110100010011110100000111001010001110010001100100100011101110100110
0000011000110000110101101110101001101110011011011000011110100100011111001101011011010000001010100101000110011101010001111000100100100000001010001010011100000000101000110001110010000101011110100000010000001100101111110101101111001100001010101110010101101111100001100100001100100000011010111000011001000010101110011010010000010
100001111111000110111010100000011001110001010101101001000110111000010101110000101010101101010100011000100101111010001001111010000011100101000111001000110010010001101100000110010010001010011100010000011011011100001001101100011110100100100000001010001010011100000000101000110001110010000101011100100000110110110000000010101011101100001111010001010101011100011101011
0110011011101111001101100101000011001100001010100111111010110111110111100000010100001110000100011110001001010110000111101000000101000100100110001110001001001010001001011111001111110101010000110101111111100110011001100001100101110110100000100011010010000010001000101001110001111100011101100110100100010101010000110
1010011100000101000011101111000011100001000110000111001000101001110001011010101000111000101000111001000111111000101001001111001100111000110101101100000101010001
11101010010011100011111000110101011000000010001100100001100101011111000110111001011110010000000000010001101111011111010101101000111001100001100001110010001010011100010110011011101111001101100101000000000011001110001001100100001100101010111000010011011101110100011101111001010110010000111000010
0110011011101110001110011011110010001010010101000100101000101101011110001101001010111111100110000110010111001010110111110011110011001000011001011010101101100001011000110110101011001000100010100000010000000101111010111000011100001000111111010111100010010011000011111110001101110101000000110011100011111001000110011001
0110101011011000010110001000011100110110010000111000110011010110000110101111111010100010010000011000110000001010010010001010011100010100001010110100101101100011100010100011000100101110011001000011001011011001000010010110111000000101001000000100011100001000101011010010110111011110011000011100101000111001000110010010001101100000110011010000001010000100110110001010110100101101110
01010111000010011011101110100011000000110010111111010110111000011100001000110000111111100011011101010000001100111000111110011110001010000001100011000011100011001001101011111110101000100111101010010011100000010001010001011010111100011110001010110101101110011000010001100101000010010000101011010101000001001100011100
1000011111110001101110101000000110011100011111101000000110011011001000101001110100101100100101101100000011101111101000100111101010010011100000010001100001111110001101101010110011001100001010000100011101110010001110011000010101101100000011110010000111001101100111111000000010010010001100001110000100010101011101100
11100100110101011010110000110100111000110101111111001100001000011100110110010000001100101111110101101110000111000010001101001100100010100100101001100110111000010001111010010111000101010110100101010111011000011110111101011000110001110001010110100101010111000010011011101111101000100101000110001010100001001111100001100011100
111001001000000010000010111111111110111100100000001010000010001010010101111011110001101001110110011100110000111111000110110101011001100110000110010111001111110010000001101010001
111010100100111000111101111010110111100011010111010000001010101110010101101010000011010100001101100001011011000001000111111110001010110111000101000011010110000001000000100011000011100001000100000010011011110001010111100111001010110110101000111000110111100101011001000011100001011111010000
000101001110001000000100011100101110010000001100001110101100100000010001110010111001111111100100101000011010100000010001110011011101111111001001010000100011100001111110000000100100100011111101000000101010111011000011111010000100010111000000100101101110111011110011011111
00101000101101011110001010101101011010011000011111100100110110100001001101101010001110011000011000011100100010100111010010110010010110110000001110111100110100100000100010101101001100110101000100101000111001000110100100011011000001100110100010011110100100000101010110010000101001010010101100010111111
0100010110101111000100001110001011111100010010101010000010000011011000110011000011010010000010001000001111100010100000011011110010000011000101010001000100110000111001010001110010001101001000110100100011101010001001111010100100111000101100110111011110011011001010000000000110011100010011001000011001000101001110001111001000101111100011011100110010001110111000011001000011100001000111001110000101000011111000101011010011001101010001001010001110010001101001000110101110100110101000000101010010110011011101110001110011000100001110011011001011001000111011100001100100001110000100010101001111001000101111100011011100011000011100011001001011001100000101011110110111100101000101000000101001
00001010111100101000100101011110011100101011011010111100000001010100000011010011011100110101000010010010001001100101111100011001000011001000101001110001000010101111001010001110111100010010101011001110110101011111100110111100110000111001111110101101111101111000000101000011100001000100000011000010100110010110011111010000
01011111001100000010011100111010110100101101110011000010101011100001001101110001000000110010111111010110111100000001100111000111110010001100100110100111000100000001010110011000101000101000000101001001010000100110110001010110100101101110001100001111111000110111010100000011001110001111100100001101011011
000000100110111100010101111001110010101101101010001110011010000010001000101001010101110010100101010110000101000010111101110111000100110101111101101000001000110100111011001110010100001001111111111000101001011011101010001
010001100011001011001101011011100111111010110111110111100000010100001110000100011110001010111001101001110001111101011000011000010001100100101001010111101111000110100111000001010101011100110100100000100010001010011100010110101010001110001010001110000001111111000101001001111001100111000110101101100000101010001
00000110000100111110001100100001100100010100111000100000010011111000100101111001000101011010010110111000111001011011011010000010001000011110010100011111001100100001100111111010110111110111100000010100110111111001010001001011111001000101001110001000000110010111111010110111100000001100111000100110000111001000101001110
010001110010001101001000111111000001100111110011001000011001000101001110001000000110101110000110010000101011100100001110111001000000001000001111001011011111001100110110010111010110100000011110100100010000010110000111101000000100011001001010001100111010101111110101110001011111010111010000001111010010111011010101111110011010100000011010010000010001000101000101001
111010010111011110011111100010010011100111000010100001111101101011111110100000010000011111001100101011100101000110011110011010101000000101001101111000101010111011000010100011111010001101011101111000101000110001110111000100101011000011110100000010001100100111011110001010110100101101100011110100100100010100111000110100101011111100011100
1010101111000000100100001110011011001000101001110001000000110000110111000111000011111000001011110001110000000001100100001100100000011001011111101011011110000000110011100011010001
01000110001010101110000010001100000000001000010111001111011110000000110011100011111001010101110110000110111100000111000011111000000011001110001111100101001010111101111000110100111011001110011000011111100100110110100001001101101010001110011000011000011100101010110101101001000101001110
1010010101111110001110000111111010110111110111100000010100001110000100011000011111110001101110101000000110011100011111101000100111101010010011101111110001010010101111011110001101111011111010101101000111001100001100001110011000011111100101111001011111110011000010101111001110010101101101011110000000100010101011101100
1111010000110110011000011001000011001100101000011010110101000110001001011111110010101011101100001100101000011001111100110000110101010000001010000100111111111100010100110000110110000001100011011110010000111001101100110000000000100001011100111101111001100001000000110000101001100101100111100110000111001000101001110
00001110001100110101100101000100111101000001110010101011000110010000001100010010111001000110010010000001001011001000000011100011100010100011000100101110011001000011001110000001101010001111000110000111000010001100001111111000110111010100000011001110001111110100000010001010001010010011011110111011100101101101010001100010010111010110110000010
0000000101010000010000100001110000100010101011101100001111110101101111101111000000101000011100001000111100010010101011100001011011110010100010110101111000110000111000110111001011001010111100110011000100011000010010100000100110010001100100001010110101000000000000110000110110000010101000000110011011001000000010101000001000010000111000010
000011101110010000000010101110101110000101011010010100000100110010001100100001010110101010000010011111101000000101010111011000011100110111011100000110111001011110001110000101100100011110001010101111110011000100000011001011111101011011110000000110011100011010000
100001111110001101101010110010000111000010001000101001110001010101100100101000000011000100101110011001000011001000101001110001011010101111111010110010000111001101100100010100110001111001010000101011011010000100111111100010101111100101000101100110101101001010111110010000111001101100101010110110000000100111000000110011100011010001001111010000000000010000100110110001010101110001001000111011100010010111100101101100100001010001110001010110100101100110111011110011011001010000000000110011100011111001111100010101101100011000011100001000110000111001000101001110001011010101000111000101000110110000011001000101001
11100110011100011010110110000010001100001111110001101101010110011000100010100111000110101111111000110010000110011111010100011100110101101100000011101111001010111110011011110000011110101111001111110011000101000010011000011100011111001000011100110110010000101101001011001100001100011100001111110101101111101111000000101111
01010111011000011100110111011100000110111001011110001110000111100100100000001000010101000111010111111001000110010011111010000110110011000010001010011100010100001011100111100110111111111000011100001000101010111011000011011110111001001101101100100001110000100011001000011001111110101101111101111000000100010110001010001010111101001001010110111110111100000010100001110000100011110001010111001101001110001011001100001110101100000010000111110011000010101111100101010010000001100101011111110011001000011001000000010111101011100001110000100011011110011010101000110001110111100110100000100010110101011011000010110111010001111111110001010110111010100000010101111001110010101101101010001110001000000110010111111010110111100000001100111000111110011001000011001000101001110001000001101101011011000101001111100111111010110110000110101111001101111101000100111101000000010011000011111100011011010101100110111100100010100111000101100110000111010110000001000011101010001100010010111
100100001100100010100111000100000011001011111101011011110000000110011100010010110001010001010110100000010001010011100011011110011001010111100000110001001011100101010111011000011000011100011101011010000101111000010101000110001001011100110010000110010001010011100010110001010001010100100011001001101011111010110100101101110
0000111001101100000010100000010101011101100101000000111100100101111110111101011111111001101000001010100000010001010011100011101111000101011010010110110001111010010000001100111000100110010000110011011110011010101000110001110111100010100001001111110000001100010010111001010101110110000111111000010001111011000101011110011100100110110110010000111000010
000110010010000101000111011110011100100000011001011111101011011110000000110011100010011011110000001110001010110001011110000000110011100011111101000100111101010010011010111111010000001111110101101111101111000000101000011100001000101001010111110010001010001010010011111100000000010000110101011011001101001101010001
1001010000010000100111111000000111000100001110101011111100000110001001011111110100011000010010001010011100010110011000011101011000000100001110101000110001001011100110010000110011100000011010100011110001100001110000100011011110011010101000110001110111100010100110011011100001000111101001011100010101011010010101011101100
1110111101011000110001110001010110100101000010011111100000011000100101111010000001111110101111000100100101011111001000101001010100010011010111111100110000100001110011011001000101001110001010000101110011110011011111111001100100001100100000001010100000100001000011100001010100000010101011101100001000101001110
1101111000101011010010110110001111010010000001100111000100110010000110010000000101101111101011111100100011001001111001001011100011011100101101001111001001011111110001101110101111000001100010010111001100110110010001100100110000111011001000111000101000111000101101010101110110000110100110011010101110110001011011100011011111010001
111010010010101101111101111000000101000011100001000101001010111110011010011101100111001010101110011101111111111001110001100001010110100111001101110000000110011100010011000011100100010100111000101100110111011110011011001010000000000110011100010011001000011001000101001110001010011010100000001010111
110011111101110001011100101110000001100111000100100001110011011001111110010010000000101011100000100011110011001110001101011011100011011110010001010010101000100110000001111100110000000000100001001101100010101011111100110001100011110011001000011000111001110010000111001101100001010010001000111001111010001001111010000000100110001111
0101011100110000000000100001101011010100011000111011110001101111000000111000101011000101111000000011001110001001100001110010001010011100010100000110101010111011110000111000010001010101110110000111000000110101101110010101000110001001011100110010000110010111110010110110110100000100011101110111101011000001000100001110011011000000
10010000110011110010010111111100011011101011110000011000100101111010001001111010010010101101111101111000000101000011100001000101000100101111100111011111111110011100011000010101101001010100010010001010011100010110001010100010011100110010000110010100110001111000110011011000001010100000010101011101100001111110010000001100011001000011
0001010011100010000001001111100010011111100000001001111000000011100011100010101110001001111111100100011001110001100000001110001110000101100100011111110010011110111101011100011011110011110010011010101101011000010111110111011110101100101001010111101111000110100111011001110011000000000010000011011100000001100111000111001100
0100010110101111000110000001001011110010001001000011100110110010001010011100011110010010111000110111000101001101010001100010010111001100100001100111111010110111110111100000010100001110000101010001001111010000000111110010100001011100001111110010000100000101011010010000001001011001101011011100110101111111011110010101101111000110000111001000101001110
00001110001100110101100111100110010000110010001101101010111111101000010011011000101010001100010010111101000000110100110101100001101011001000011100001010100000010101010000010000100110110001100010010111000000110011100010011001000011001011010101011101100101000000101010111011000011110010010000000000001010101111000111000101000110001001011111111010001
11101000000010011000111100100000111000101011000000111000101000010111001101001010110100101101110001000101001010100010011111101011011111011110000001010000111000010001010010101011000011000000111110011001101110000000101000011100110000111001010101111110010001100111000100100000110110000100000010010000000110100010011110101001001110
11101000101011110010100010010100011111000000101011010100000010000110000110010000110010000011100111010011010100001110101001010100010011110100010100001000111100101001010001001011111001101001101011000011010001001010110100110011010100010010100011011010001101000000110010000011001001000001111011101001111010000001010001101011101001101110100110001000011110110000100101101100101110000100010101011101100001010001100000000001111111010001110001000011110110000100101001100000001001001101000100111101000000011111001011111001011011011010000010001010000110101100001111011100000100111110000011100010101010110111100111110111111110010101011101100
011110011011000101001111010001111111001101010001010010011001101110001100111000101010001100010010111001010100001100001110001011000000001000101001110001010101111110010001100111000100100000110110000100000010010000000110000101011111110011110010010000000000000101011101100001100100001100111111010110111110111100000010100001110000101010001
0000011011111011100001100110011111100110001100100001100111111001000000110001000011100110110000000011001000011001101001100110101011101100010110110000010001111110101101111101111000000101000011100001000101011111001110010110110110100000100010101111100101000111001000110000000000110010000011001001000001111011101001110010100101011111
10100111011001110010000111001101010111011000011000011100100010100111000100001111010110001100001101110001111011010101101011011100000010111100101010111011000010100000110101011000011111110011001000011001000101001110001111010101000000010101110001111101000000100000110111010101000001001101101010001110111110100000010101011101100001000001111110100001101110
10111000111011110101111111010001001111010011101101010100000100010001010110100101101110000111110011001000011001000101001110001111010010010101000000110101110000101011111110011111010011001010001000110111101110010011011011001111001100100001100101101010101110110000100000011001011111101011011110000000110011100010010101011101100
0100000110101010111111100110010000110011110010000001100011011110010101011101100001011111001011011101001000001000101010000101011100011100101010110100011010110110101011010010101101111001011111101000100100000111101001101010111011000101101100000100011111000110010111110111100100000001011011111010111000011100001000101101010101110110000101000001101100100011111
01001010111101111000110100111011001110010100001011110111111010111110111100110010100010011110101001001110101111000110001111001010100110111100100001011110111111001110001010100011000100101110011001000011001011010101011101100001000000110010111111010110111100000001100111000100110010111001000101001110001010001001010110101101
1001000011001010100100011001000000101001001010100010011110101001001110101001110111100111110100110010100010100001110000100010100111001010110000101010111011000011011110010110110011110001001010110000111000000110011100100000011001011111101011011100001110000100010101
000010101101011000011100001110001100110101100001010001010000001010010010100010010010101000100101010100000100001100101101111110010001100100110100111000101010011011100101000011000101000101000000101001001111010110111100100011111001100110110010000000101101111101011111100101010001001101010111100000001110011011000000001100001110001110101111101101010110111111010001
11101010010011101011110001100011110011111100100000011000111011101110000110011001111110011000100010100101010001001100001110010101011000110010000001100010010111001000110010010101001000000010110111110101111001100001111001001101101100101000000101000101001100101100110011100110111001011001111
010001011010111100011010111111100110000110100100000100010001010011100010000011011000010000001001000000011000010101111111001000011100110110010110010001111000101010111111001100010000001100101111110101101111000000011001110001101000100111101010010011101011110001100011110010111100100110111101110010011011011000011001000011
0101011100000100010101011100001001101110111010001100000011001011111101011011100001110000100011000011111110001101110101000000110011100011111101000000110100110101000100100010100111010111100010100010010111110010101001011011101110111100110100111100100101111111100011110001100001110000100011001000011001010100111101111010110001100011100010101101
0100010100110010110011001110010000011101111010001100001110110101000000110001010001010000001010010010101001010000011011010100000010100100110100110011010010011111101010100000100001001101100011100110000101010001001000101001110001010000110010111101011001100100001100100010100111000100000111010011111100100100010100101010001001100000011111
11100100110110110000101001101010111000010001010000010111110001001010101110011000011101100100011100010100011001101110100000011001101100110000111011001100000011010101000000110010111001000101001110001010011001101110000100011110100101110001010101101001101001010110111010001001111010100100111000110000111011001100000011010001111001001101010110101100
101001110001010000101110010100001101011011010000010001010000011010101111001100110000110100100000100011111000101010111011001000011100001000100010100111000101100110111011100011100110001100101110010001010001010010011111101010100000100001001101100011111001010100010010101010000010000101110010000011010100000000001010001110011010000010
000101001110001111101010000001100011100110111011101101010001100010010111101000000100000001011011111010111000011100001000100010100111000101000010011111100000011000100101110011001000011001000101001110001111001001101101100101000000110111101110111101011111110000111000010001000101001110001000001110110100000010101011101100
0000000101111010111000011100001000101010011111100000000010000110101011011001000000010110111110101110100010010000011100110010101101000011010001001010000010001101001110000101000101101100111001000101001110001000101000101001001000000010110111110101111110010100010100110101011010110000110100111000100010100111000111100100110111011110111000001
01000001101010111100110001000011100110110010001010011100011000011101100110000001101010100010011110101001001101011111101000000101000101000000101001001000101001110100010110011111100000000001000001101110001011001101110111000111001101111101000000100010100111000101010111111001000110011100010010000011011000010000001001000000011000010101111111
01000101101011110001010110100101101110001000110010010000001100101111110101101111000101101010101110110000101011011110010111111010000001101111001000001101010111100110001010000101110010100001101011000100000100011110010011011011111010111111001011011001111100010010100010010011100111001000101001110001000001111110100001101110
1110010011110111101011110011000010001010011100010000000101101111101011110101111110010100010100000010100100111111000011010001001011001010110111000011100001000100001101101100110010110011111010000001010101110110000110100110101100001101011000010001010011100010100110101000010110001010000000001010110101000000100001100111100100011001
110000001101001011110000010010110010000000001100111111110001001011111111010001
1110101001001110001111010001010111101101110101111110011010111111100110000101010010000111001101100000000110010000110010110110010000100010110110000111110001000011100110110011011110111001001101101100100001110000100010001010011100010110010001111000101010111111001101111001101110101011100100001110111001000000
010000100110000111000100100011001001010000100110000111000100101010110110010111000010001000101001110001111001001010111110001001010001001001100001101110001000000010111101011100001110000100010001010011101000101100111110110110010100010001111011100100000100101000010110111100100001110111001000000001000101001110001111010000011101100101011111
00011001001000101001110001010001111101101011111110000101011100111101000101010101101000011001010110100110011010100010010000011100101010001101111101001100010000011110111010011110100010011110101001001110001000000010100001001111100001100011100001111001001000000010000010111111111001010001001011111001101001101110011010100001001001000100100011001001000101001110
00000110001110111100010011010010000010001000001110110110101101001001000110110101011001101011111100110000111001000101001110001010001110010001101100010100100111100110011100011010110110000010001000001110101000110011101000100111101010010011100010101111100011011100101101010110100111000101000100101111100110000111000110111001011001010111100110011000011010010000010
000101001110001111010001010111101101110101111110011000011100100010100111000101000110110111011000011110011001110001101011011000001000100000111101110100111101000100100000111010111001100001111111000110111010100000011001110001001000011100110110010000001100101111110101101110000111000010001000101001110001010101101000110000001101010110011011110011001000011
1111000101011011111110100000011001101100100010100111010001011001010101110000100110111000110010000110011100110111011101101010001100010010111001010110100110011110111100010001010011100010100110011011100001000111101001011110100000010001100110011110101100100010100111000100001110011011000000001100100001100101010010000101011010101100101010101000111001100
010110111110000111111010111110100001100111011001100110000100001110111001000000001010100101001010101110110011101000110100111001101011000011110010011011011001010001001000001110100101000010001110111001000111001100001010000100110000111000111010110010001010010101000100100000010011110111100110000110011110111101011001000101001110
00001010110101011001010101010001100010010111111100101000100101111100101000010011000011100011100110000101010001001000101001110001111100010101101110100010011110101001001110001100001111111000110111010100000011001110001001010001001011111001011110010001001101011111110011000010000111001101100101110101101010001100011100010101101
111110101101111101111000000101000011100001000100001110011011001111111011101111010110101011010011110011001110001101011011100011011111010000001101111000000001011000011110000111000010001010100111111110010001100111000110000000111000111000010101100001100001100101110110100000101010001
1110101001001110001111010001010111101101110101111110010101011011111100100101000010011111111110001010010110100000100011001101110000000101000011101010001110011000010001010011100011010111111100011001000011001000101001110001000010101110010000000101101000000101010010110011011101110001110011000110101111111001100
00011001001110111100010101101001011011000111101001001101110000000100100100010010101011100001001101110111110100000011010011010100010010000011000001001000000010101110011111101011011111011110000001010011011111100100000001010110011000110000001001010100111110001010101110110001011011011000010001100110010110110100010011110100000001001010001001011111
000000010101100110001100100001100101010010100110011011100001000111101001011100010101011010010100010100110010110011001110011110010111001111111110010100001000111011100100011100110000101010001001000101001110001000000100001100011000110111000101010111011000011111101010100000100001001101100011100110000100001110111001000000
010110100110011110111101010001001111010010111011100100000000100010100111000111001110110000110010000110011100101111000100100110010000110010001010011100010000111001101011011001010110110000001111001010011010101110000100010101001010000011011010100000010100100110100110011010011010001001000001111000000100011111100000001001001000110000111000010
0101011011001011100001000111001011110001001001010000010110001011001100100001100101000001101101010000001010010011010011001101001001111001001101101100111100110000111001000110101101101111010000001000101001110001101110000000100100100010010101011100001001101110001111001001101010110101100001101001110001110111100010101101001011011000111101001110011001010001
111010100100111000101100110111011100011100110001111001001101010110101100001101001110001010101100111010010101010111110001110011000010001100100101010010100001011110111001000111111000110111000000010010010001001010101110000100110111000110100100000100011001101001111111010111110111000011100001000100010100111000111110101000000110
0101011100001001101110001010100001100011101011001000110101101101111000011100001000100010100111000101100110111011100011100110001010101000001000010111001000001101010000000000101000111001101000001000101000111111000001100110100010010000011110000001000111110100110000000110001100001110000100011001011111000110010000110010001010011100011110010011011011001111
0001100100100010101111010111100011010101000000101001010101101000011001000101001110001110101110111001101110100000010101001010000110101100001111011100000100101010111000010011011100010100010100110101011010110000110111101111101010110100011010001
0000011101101001100110101000100101000111011101001100010000011110111010011100100010100111000100000110000010010000000101011100101011011111000100110000001110111000001001010101110110000111001110000101000011111011010110010000011100100100000011011101011110111000101011111001000000100110101011100011100110000101010010110101011011000010110
0100010010011101100110100110010000110011110101101111001010001001110011110010001011111001010100000000001111010111100111111001100011000011100101010011111000000010101101011010010000111011010100000011010100000011000011100100000010101111000100100100010100111000111110101000000110001000011010111110100110001001011100101011111
0001010011100010100010010011101100110100110001111001000000100110101011100011100110000110010111001010100101000100100111011001101101001010110111011100101000100000011111010010100010010011100111001100000010010100010010111110010100001010111110100111001100001010101101100101110000100010001010011100010000101011100110101011101100
10100100000100010100101010111011000011000000100101011010100011001000000010100011000111000101011010110100000100010110010111001010000010000110011000010101001010000110101001101001011011100011000011100011001001010100111100100101110001010110000111110101100101010001001110010111100010010011011110111011100101101101010001100010010111000001111101
0000101000111011100001110000100010101001000000110010111111010110111100011001000011001000101001110001011001000111100010101011111100110001000110110101111011110011011100110010100010011110100000001001010001001011111101000000110000111001110000011000011110111000001101000000100010100111000100001110001011111100010011001011001001000000110000111010111010001
1110101001001110001010001001010001110101100101101110111011110011010011110010010111111110001111000111001100001100100001100111010000001010011101011001010100100011011100110101000010010010011001101100101010010001101011010011100010001101011011011111001100001101010100000100010010110110110000101010001
000101001110001110011101100111100101010111011000010000111000011010110111001100001010001010000001010010010100010010100011101011101000100100000111010001001110010111100010010011100111011000010001010011101011110001010001001011111001010100111111000000010010010001001000000010101100110001100100001100111100101110011111111111001100
01001100110111000010001111010010111000101010110100101010111011000011110111101011000110001110001010110100111110110110000001111110100010010000011000101001110011100100010100111011111100010100010110101111000101101100001111100110000110101010000001111010010101010111110001001010110100110011110111100010001010011100010100010010100011101011
011011101110111100110110100000010001010011100011111100000001001001000111110010110011000011101011000000100001111100110000101010010110111011101111001101001011011000011111000101011110011100101011011010100011100011100111100110101000010010010010001100100111011110001010110100101101100011110100100100010100111000100001010110101011001101111
100100001100100010100111000110111001000000010101110010101000001110001010111001100101011110000011111101000100111101000001110010110101010000010100001110000100011001101010001001000101001110100010110010000101011110010100010011011100101010110000111110000010111100011100000001010000001000101001110001000001100000100100000001010111111100101011011110
111101011000011000010001100100101001010111101111000110101111111001100001000101001110001010000011010101011111000100010101101001011011101010001001111010000000100111100100101111111100011110001111100110010000110010101001011001011010101000101000011100001000110100110010101101101100001000000100110101011100011100110000110010111
01010010001101110000100001001011000011001101100110010001010011101011001111100010101101001011011100011111101010100000100001001101100010010101011101100001100100001100101010011111000110110101100000001001001000111001100000010110001101011111101010101011010110100000100010100010100000010100100111111000000010010010001111100100001110011011
01011110011100101011011010100011100010101100000000000100011001001000101001110001100110100111101001010110111000001111100100011001001101001110001000000010101000001000011001100001010101101100101110000100010100010010011000111000100100101101100001111101111
010110111100010110010110101010001001111010001001111010000000100101000100101111100100010100111000100001110001011111100010010110011011101110001110011000111100010101000001011010010110111000110010000110011011110111001001101101100100001110000100011001101100111011110001010110100101101100011110100110000111000010001010101110000100110111011111010001
00000110000110101000111010110010101011000101010000000101010001100010010111111100110010000110010001010011100010100000110101010111110001000101011010010110111000101001010101100001000000010100001001111100001100011100001111001001000000010000010111111111110111100101010001000101011110001001110011001010001
01000111110011010101011111000100010101101001011011101111001010001011010111100011000011100110101111111000110000111001000001101110101101110010100001100011000011100100010100111000101000111001000110010000101001001111001100111000110101101100000101010000001010101110110000100010100111000101000010111000011111100100001000001101110
1001000011001000010101101010100000100110001110000100011011100001010111000010101010110101010001100010010111001010101110110000110000111000111010111111110111000001100010010111001010001001011111001010000101101011110000011000111001100110000110100100000100011111101011011111011110000001010011011111110100010011110100000111001010001110010001100100100011101110100110
0000011000110000110101101110101001101110011011011000011110100100011111001101011011010000001010100101000110011101010001111000100100100000001010001010011100000000101000110001110010000101011110100000010000001100101111110101101111001100001010101110010101101111100001100100001100100000011010111000011001000010101110011010010000010
100001111111000110111010100000011001110001010101101001000110111000010101110000101010101101010100011000100101111010001001111010000011100101000111001000110010010001101100000110010010001010011100010000011011011100001001101100011110100100100000001010001010011100000000101000110001110010000101011100100000110110110000000010101011101100001111010001010101011100011101011
0110011011101111001101100101000011001100001010100111111010110111110111100000010100001110000100011110001001010110000111101000000101000100100110001110001001001010001001011111001111110101010000110101111111100110011001100001100101110110100000100011010010000010001000101001110001111100011101100110100100010101010000110
1010011100000101000011101111000011100001000110000111001000101001110001011010101000111000101000111001000111111000101001001111001100111000110101101100000101010001
11101010010011100011111000110101011000000010001100100001100101011111000110111001011110010000000000010001101111011111010101101000111001100001100001110010001010011100010110011011101111001101100101000000000011001110001001100100001100101010111000010011011101110100011101111001010110010000111000010
0110011011101110001110011011110010001010010101000100101000101101011110001101001010111111100110000110010111001010110111110011110011001000011001011010101101100001011000110110101011001000100010100000010000000101111010111000011100001000111111010111100010010011000011111110001101110101000000110011100011111001000110011001
0110101011011000010110001000011100110110010000111000110011010110000110101111111010100010010000011000110000001010010010001010011100010100001010110100101101100011100010100011000100101110011001000011001011011001000010010110111000000101001000000100011100001000101011010010110111011110011000011100101000111001000110010010001101100000110011010000001010000100110110001010110100101101110
01010111000010011011101110100011000000110010111111010110111000011100001000110000111111100011011101010000001100111000111110011110001010000001100011000011100011001001101011111110101000100111101010010011100000010001010001011010111100011110001010110101101110011000010001100101000010010000101011010101000001001100011100
1000011111110001101110101000000110011100011111101000000110011011001000101001110100101100100101101100000011101111101000100111101010010011100000010001100001111110001101101010110011001100001010000100011101110010001110011000010101101100000011110010000111001101100111111000000010010010001100001110000100010101011101100
11100100110101011010110000110100111000110101111111001100001000011100110110010000001100101111110101101110000111000010001101001100100010100100101001100110111000010001111010010111000101010110100101010111011000011110111101011000110001110001010110100101010111000010011011101111101000100101000110001010100001001111100001100011100
111001001000000010000010111111111110111100100000001010000010001010010101111011110001101001110110011100110000111111000110110101011001100110000110010111001111110010000001101010001
111010100100111000111101111010110111100011010111010000001010101110010101101010000011010100001101100001011011000001000111111110001010110111000101000011010110000001000000100011000011100001000100000010011011110001010111100111001010110110101000111000110111100101011001000011100001011111010000
000101001110001000000100011100101110010000001100001110101100100000010001110010111001111111100100101000011010100000010001110011011101111111001001010000100011100001111110000000100100100011111101000000101010111011000011111010000100010111000000100101101110111011110011011111
00101000101101011110001010101101011010011000011111100100110110100001001101101010001110011000011000011100100010100111010010110010010110110000001110111100110100100000100010101101001100110101000100101000111001000110100100011011000001100110100010011110100100000101010110010000101001010010101100010111111
0100010110101111000100001110001011111100010010101010000010000011011000110011000011010010000010001000001111100010100000011011110010000011000101010001000100110000111001010001110010001101001000110100100011101010001001111010100100111000101100110111011110011011001010000000000110011100010011001000011001000101001110001111001000101111100011011100110010001110111000011001000011100001000111001110000101000011111000101011010011001101010001001010001110010001101001000110101110100110101000000101010010110011011101110001110011000100001110011011001011001000111011100001100100001110000100010101001111001000101111100011011100011000011100011001001011001100000101011110110111100101000101000000101001
00001010111100101000100101011110011100101011011010111100000001010100000011010011011100110101000010010010001001100101111100011001000011001000101001110001000010101111001010001110111100010010101011001110110101011111100110111100110000111001111110101101111101111000000101000011100001000100000011000010100110010110011111010000
01011111001100000010011100111010110100101101110011000010101011100001001101110001000000110010111111010110111100000001100111000111110010001100100110100111000100000001010110011000101000101000000101001001010000100110110001010110100101101110001100001111111000110111010100000011001110001111100100001101011011
000000100110111100010101111001110010101101101010001110011010000010001000101001010101110010100101010110000101000010111101110111000100110101111101101000001000110100111011001110010100001001111111111000101001011011101010001
010001100011001011001101011011100111111010110111110111100000010100001110000100011110001010111001101001110001111101011000011000010001100100101001010111101111000110100111000001010101011100110100100000100010001010011100010110101010001110001010001110000001111111000101001001111001100111000110101101100000101010001
00000110000100111110001100100001100100010100111000100000010011111000100101111001000101011010010110111000111001011011011010000010001000011110010100011111001100100001100111111010110111110111100000010100110111111001010001001011111001000101001110001000000110010111111010110111100000001100111000100110000111001000101001110
010001110010001101001000111111000001100111110011001000011001000101001110001000000110101110000110010000101011100100001110111001000000001000001111001011011111001100110110010111010110100000011110100100010000010110000111101000000100011001001010001100111010101111110101110001011111010111010000001111010010111011010101111110011010100000011010010000010001000101000101001
111010010111011110011111100010010011100111000010100001111101101011111110100000010000011111001100101011100101000110011110011010101000000101001101111000101010111011000010100011111010001101011101111000101000110001110111000100101011000011110100000010001100100111011110001010110100101101100011110100100100010100111000110100101011111100011100
1010101111000000100100001110011011001000101001110001000000110000110111000111000011111000001011110001110000000001100100001100100000011001011111101011011110000000110011100011010001
01000110001010101110000010001100000000001000010111001111011110000000110011100011111001010101110110000110111100000111000011111000000011001110001111100101001010111101111000110100111011001110011000011111100100110110100001001101101010001110011000011000011100101010110101101001000101001110
1010010101111110001110000111111010110111110111100000010100001110000100011000011111110001101110101000000110011100011111101000100111101010010011101111110001010010101111011110001101111011111010101101000111001100001100001110011000011111100101111001011111110011000010101111001110010101101101011110000000100010101011101100
1111010000110110011000011001000011001100101000011010110101000110001001011111110010101011101100001100101000011001111100110000110101010000001010000100111111111100010100110000110110000001100011011110010000111001101100110000000000100001011100111101111001100001000000110000101001100101100111100110000111001000101001110
00001110001100110101100101000100111101000001110010101011000110010000001100010010111001000110010010000001001011001000000011100011100010100011000100101110011001000011001110000001101010001111000110000111000010001100001111111000110111010100000011001110001111110100000010001010001010010011011110111011100101101101010001100010010111010110110000010
0000000101010000010000100001110000100010101011101100001111110101101111101111000000101000011100001000111100010010101011100001011011110010100010110101111000110000111000110111001011001010111100110011000100011000010010100000100110010001100100001010110101000000000000110000110110000010101000000110011011001000000010101000001000010000111000010
000011101110010000000010101110101110000101011010010100000100110010001100100001010110101010000010011111101000000101010111011000011100110111011100000110111001011110001110000101100100011110001010101111110011000100000011001011111101011011110000000110011100011010000
100001111110001101101010110010000111000010001000101001110001010101100100101000000011000100101110011001000011001000101001110001011010101111111010110010000111001101100100010100110001111001010000101011011010000100111111100010101111100101000101100110101101001010111110010000111001101100101010110110000000100111000000110011100011010001001111010000000000010000100110110001010101110001001000111011100010010111100101101100100001010001110001010110100101100110111011110011011001010000000000110011100011111001111100010101101100011000011100001000110000111001000101001110001011010101000111000101000110110000011001000101001
11100110011100011010110110000010001100001111110001101101010110011000100010100111000110101111111000110010000110011111010100011100110101101100000011101111001010111110011011110000011110101111001111110011000101000010011000011100011111001000011100110110010000101101001011001100001100011100001111110101101111101111000000101111
01010111011000011100110111011100000110111001011110001110000111100100100000001000010101000111010111111001000110010011111010000110110011000010001010011100010100001011100111100110111111111000011100001000101010111011000011011110111001001101101100100001110000100011001000011001111110101101111101111000000100010110001010001010111101001001010110111110111100000010100001110000100011110001010111001101001110001011001100001110101100000010000111110011000010101111100101010010000001100101011111110011001000011001000000010111101011100001110000100011011110011010101000110001110111100110100000100010110101011011000010110111010001111111110001010110111010100000010101111001110010101101101010001110001000000110010111111010110111100000001100111000111110011001000011001000101001110001000001101101011011000101001111100111111010110110000110101111001101111101000100111101000000010011000011111100011011010101100110111100100010100111000101100110000111010110000001000011101010001100010010111
100100001100100010100111000100000011001011111101011011110000000110011100010010110001010001010110100000010001010011100011011110011001010111100000110001001011100101010111011000011000011100011101011010000101111000010101000110001001011100110010000110010001010011100010110001010001010100100011001001101011111010110100101101110
0000111001101100000010100000010101011101100101000000111100100101111110111101011111111001101000001010100000010001010011100011101111000101011010010110110001111010010000001100111000100110010000110011011110011010101000110001110111100010100001001111110000001100010010111001010101110110000111111000010001111011000101011110011100100110110110010000111000010
000110010010000101000111011110011100100000011001011111101011011110000000110011100010011011110000001110001010110001011110000000110011100011111101000100111101010010011010111111010000001111110101101111101111000000101000011100001000101001010111110010001010001010010011111100000000010000110101011011001101001101010001
1001010000010000100111111000000111000100001110101011111100000110001001011111110100011000010010001010011100010110011000011101011000000100001110101000110001001011100110010000110011100000011010100011110001100001110000100011011110011010101000110001110111100010100110011011100001000111101001011100010101011010010101011101100
1110111101011000110001110001010110100101000010011111100000011000100101111010000001111110101111000100100101011111001000101001010100010011010111111100110000100001110011011001000101001110001010000101110011110011011111111001100100001100100000001010100000100001000011100001010100000010101011101100001000101001110
1101111000101011010010110110001111010010000001100111000100110010000110010000000101101111101011111100100011001001111001001011100011011100101101001111001001011111110001101110101111000001100010010111001100110110010001100100110000111011001000111000101000111000101101010101110110000110100110011010101110110001011011100011011111010001
111010010010101101111101111000000101000011100001000101001010111110011010011101100111001010101110011101111111111001110001100001010110100111001101110000000110011100010011000011100100010100111000101100110111011110011011001010000000000110011100010011001000011001000101001110001010011010100000001010111
110011111101110001011100101110000001100111000100100001110011011001111110010010000000101011100000100011110011001110001101011011100011011110010001010010101000100110000001111100110000000000100001001101100010101011111100110001100011110011001000011000111001110010000111001101100001010010001000111001111010001001111010000000100110001111
0101011100110000000000100001101011010100011000111011110001101111000000111000101011000101111000000011001110001001100001110010001010011100010100000110101010111011110000111000010001010101110110000111000000110101101110010101000110001001011100110010000110010111110010110110110100000100011101110111101011000001000100001110011011000000
10010000110011110010010111111100011011101011110000011000100101111010001001111010010010101101111101111000000101000011100001000101000100101111100111011111111110011100011000010101101001010100010010001010011100010110001010100010011100110010000110010100110001111000110011011000001010100000010101011101100001111110010000001100011001000011
0001010011100010000001001111100010011111100000001001111000000011100011100010101110001001111111100100011001110001100000001110001110000101100100011111110010011110111101011100011011110011110010011010101101011000010111110111011110101100101001010111101111000110100111011001110011000000000010000011011100000001100111000111001100
0100010110101111000110000001001011110010001001000011100110110010001010011100011110010010111000110111000101001101010001100010010111001100100001100111111010110111110111100000010100001110000101010001001111010000000111110010100001011100001111110010000100000101011010010000001001011001101011011100110101111111011110010101101111000110000111001000101001110
00001110001100110101100111100110010000110010001101101010111111101000010011011000101010001100010010111101000000110100110101100001101011001000011100001010100000010101010000010000100110110001100010010111000000110011100010011001000011001011010101011101100101000000101010111011000011110010010000000000001010101111000111000101000110001001011111111010001
11101000000010011000111100100000111000101011000000111000101000010111001101001010110100101101110001000101001010100010011111101011011111011110000001010000111000010001010010101011000011000000111110011001101110000000101000011100110000111001010101111110010001100111000100100000110110000100000010010000000110100010011110101001001110
11101000101011110010100010010100011111000000101011010100000010000110000110010000110010000011100111010011010100001110101001010100010011110100010100001000111100101001010001001011111001101001101011000011010001001010110100110011010100010010100011011010001101000000110010000011001001000001111011101001111010000001010001101011101001101110100110001000011110110000100101101100101110000100010101011101100001010001100000000001111111010001110001000011110110000100101001100000001001001101000100111101000000011111001011111001011011011010000010001010000110101100001111011100000100111110000011100010101010110111100111110111111110010101011101100
011110011011000101001111010001111111001101010001010010011001101110001100111000101010001100010010111001010100001100001110001011000000001000101001110001010101111110010001100111000100100000110110000100000010010000000110000101011111110011110010010000000000000101011101100001100100001100111111010110111110111100000010100001110000101010001
0000011011111011100001100110011111100110001100100001100111111001000000110001000011100110110000000011001000011001101001100110101011101100010110110000010001111110101101111101111000000101000011100001000101011111001110010110110110100000100010101111100101000111001000110000000000110010000011001001000001111011101001110010100101011111
10100111011001110010000111001101010111011000011000011100100010100111000100001111010110001100001101110001111011010101101011011100000010111100101010111011000010100000110101011000011111110011001000011001000101001110001111010101000000010101110001111101000000100000110111010101000001001101101010001110111110100000010101011101100001000001111110100001101110
10111000111011110101111111010001001111010011101101010100000100010001010110100101101110000111110011001000011001000101001110001111010010010101000000110101110000101011111110011111010011001010001000110111101110010011011011001111001100100001100101101010101110110000100000011001011111101011011110000000110011100010010101011101100
0100000110101010111111100110010000110011110010000001100011011110010101011101100001011111001011011101001000001000101010000101011100011100101010110100011010110110101011010010101101111001011111101000100100000111101001101010111011000101101100000100011111000110010111110111100100000001011011111010111000011100001000101101010101110110000101000001101100100011111
01001010111101111000110100111011001110010100001011110111111010111110111100110010100010011110101001001110101111000110001111001010100110111100100001011110111111001110001010100011000100101110011001000011001011010101011101100001000000110010111111010110111100000001100111000100110010111001000101001110001010001001010110101101
1001000011001010100100011001000000101001001010100010011110101001001110101001110111100111110100110010100010100001110000100010100111001010110000101010111011000011011110010110110011110001001010110000111000000110011100100000011001011111101011011100001110000100010101
000010101101011000011100001110001100110101100001010001010000001010010010100010010010101000100101010100000100001100101101111110010001100100110100111000101010011011100101000011000101000101000000101001001111010110111100100011111001100110110010000000101101111101011111100101010001001101010111100000001110011011000000001100001110001110101111101101010110111111010001
11101010010011101011110001100011110011111100100000011000111011101110000110011001111110011000100010100101010001001100001110010101011000110010000001100010010111001000110010010101001000000010110111110101111001100001111001001101101100101000000101000101001100101100110011100110111001011001111
010001011010111100011010111111100110000110100100000100010001010011100010000011011000010000001001000000011000010101111111001000011100110110010110010001111000101010111111001100010000001100101111110101101111000000011001110001101000100111101010010011101011110001100011110010111100100110111101110010011011011000011001000011
0101011100000100010101011100001001101110111010001100000011001011111101011011100001110000100011000011111110001101110101000000110011100011111101000000110100110101000100100010100111010111100010100010010111110010101001011011101110111100110100111100100101111111100011110001100001110000100011001000011001010100111101111010110001100011100010101101
0100010100110010110011001110010000011101111010001100001110110101000000110001010001010000001010010010101001010000011011010100000010100100110100110011010010011111101010100000100001001101100011100110000101010001001000101001110001010000110010111101011001100100001100100010100111000100000111010011111100100100010100101010001001100000011111
11100100110110110000101001101010111000010001010000010111110001001010101110011000011101100100011100010100011001101110100000011001101100110000111011001100000011010101000000110010111001000101001110001010011001101110000100011110100101110001010101101001101001010110111010001001111010100100111000110000111011001100000011010001111001001101010110101100
101001110001010000101110010100001101011011010000010001010000011010101111001100110000110100100000100011111000101010111011001000011100001000100010100111000101100110111011100011100110001100101110010001010001010010011111101010100000100001001101100011111001010100010010101010000010000101110010000011010100000000001010001110011010000010
000101001110001111101010000001100011100110111011101101010001100010010111101000000100000001011011111010111000011100001000100010100111000101000010011111100000011000100101110011001000011001000101001110001111001001101101100101000000110111101110111101011111110000111000010001000101001110001000001110110100000010101011101100
0000000101111010111000011100001000101010011111100000000010000110101011011001000000010110111110101110100010010000011100110010101101000011010001001010000010001101001110000101000101101100111001000101001110001000101000101001001000000010110111110101111110010100010100110101011010110000110100111000100010100111000111100100110111011110111000001
01000001101010111100110001000011100110110010001010011100011000011101100110000001101010100010011110101001001101011111101000000101000101000000101001001000101001110100010110011111100000000001000001101110001011001101110111000111001101111101000000100010100111000101010111111001000110011100010010000011011000010000001001000000011000010101111111
01000101101011110001010110100101101110001000110010010000001100101111110101101111000101101010101110110000101011011110010111111010000001101111001000001101010111100110001010000101110010100001101011000100000100011110010011011011111010111111001011011001111100010010100010010011100111001000101001110001000001111110100001101110
1110010011110111101011110011000010001010011100010000000101101111101011110101111110010100010100000010100100111111000011010001001011001010110111000011100001000100001101101100110010110011111010000001010101110110000110100110101100001101011000010001010011100010100110101000010110001010000000001010110101000000100001100111100100011001
110000001101001011110000010010110010000000001100111111110001001011111111010001
1110101001001110001111010001010111101101110101111110011010111111100110000101010010000111001101100000000110010000110010110110010000100010110110000111110001000011100110110011011110111001001101101100100001110000100010001010011100010110010001111000101010111111001101111001101110101011100100001110111001000000
010000100110000111000100100011001001010000100110000111000100101010110110010111000010001000101001110001111001001010111110001001010001001001100001101110001000000010111101011100001110000100010001010011101000101100111110110110010100010001111011100100000100101000010110111100100001110111001000000001000101001110001111010000011101100101011111
00011001001000101001110001010001111101101011111110000101011100111101000101010101101000011001010110100110011010100010010000011100101010001101111101001100010000011110111010011110100010011110101001001110001000000010100001001111100001100011100001111001001000000010000010111111111001010001001011111001101001101110011010100001001001000100100011001001000101001110
00000110001110111100010011010010000010001000001110110110101101001001000110110101011001101011111100110000111001000101001110001010001110010001101100010100100111100110011100011010110110000010001000001110101000110011101000100111101010010011100010101111100011011100101101010110100111000101000100101111100110000111000110111001011001010111100110011000011010010000010
000101001110001111010001010111101101110101111110011000011100100010100111000101000110110111011000011110011001110001101011011000001000100000111101110100111101000100100000111010111001100001111111000110111010100000011001110001001000011100110110010000001100101111110101101110000111000010001000101001110001010101101000110000001101010110011011110011001000011
1111000101011011111110100000011001101100100010100111010001011001010101110000100110111000110010000110011100110111011101101010001100010010111001010110100110011110111100010001010011100010100110011011100001000111101001011110100000010001100110011110101100100010100111000100001110011011000000001100100001100101010010000101011010101100101010101000111001100
010110111110000111111010111110100001100111011001100110000100001110111001000000001010100101001010101110110011101000110100111001101011000011110010011011011001010001001000001110100101000010001110111001000111001100001010000100110000111000111010110010001010010101000100100000010011110111100110000110011110111101011001000101001110
00001010110101011001010101010001100010010111111100101000100101111100101000010011000011100011100110000101010001001000101001110001111100010101101110100010011110101001001110001100001111111000110111010100000011001110001001010001001011111001011110010001001101011111110011000010000111001101100101110101101010001100011100010101101
111110101101111101111000000101000011100001000100001110011011001111111011101111010110101011010011110011001110001101011011100011011111010000001101111000000001011000011110000111000010001010100111111110010001100111000110000000111000111000010101100001100001100101110110100000101010001
1110101001001110001111010001010111101101110101111110010101011011111100100101000010011111111110001010010110100000100011001101110000000101000011101010001110011000010001010011100011010111111100011001000011001000101001110001000010101110010000000101101000000101010010110011011101110001110011000110101111111001100
00011001001110111100010101101001011011000111101001001101110000000100100100010010101011100001001101110111110100000011010011010100010010000011000001001000000010101110011111101011011111011110000001010011011111100100000001010110011000110000001001010100111110001010101110110001011011011000010001100110010110110100010011110100000001001010001001011111
000000010101100110001100100001100101010010100110011011100001000111101001011100010101011010010100010100110010110011001110011110010111001111111110010100001000111011100100011100110000101010001001000101001110001000000100001100011000110111000101010111011000011111101010100000100001001101100011100110000100001110111001000000
010110100110011110111101010001001111010010111011100100000000100010100111000111001110110000110010000110011100101111000100100110010000110010001010011100010000111001101011011001010110110000001111001010011010101110000100010101001010000011011010100000010100100110100110011010011010001001000001111000000100011111100000001001001000110000111000010
0101011011001011100001000111001011110001001001010000010110001011001100100001100101000001101101010000001010010011010011001101001001111001001101101100111100110000111001000110101101101111010000001000101001110001101110000000100100100010010101011100001001101110001111001001101010110101100001101001110001110111100010101101001011011000111101001110011001010001
111010100100111000101100110111011100011100110001111001001101010110101100001101001110001010101100111010010101010111110001110011000010001100100101010010100001011110111001000111111000110111000000010010010001001010101110000100110111000110100100000100011001101001111111010111110111000011100001000100010100111000111110101000000110
0101011100001001101110001010100001100011101011001000110101101101111000011100001000100010100111000101100110111011100011100110001010101000001000010111001000001101010000000000101000111001101000001000101000111111000001100110100010010000011110000001000111110100110000000110001100001110000100011001011111000110010000110010001010011100011110010011011011001111
0001100100100010101111010111100011010101000000101001010101101000011001000101001110001110101110111001101110100000010101001010000110101100001111011100000100101010111000010011011100010100010100110101011010110000110111101111101010110100011010001
0000011101101001100110101000100101000111011101001100010000011110111010011100100010100111000100000110000010010000000101011100101011011111000100110000001110111000001001010101110110000111001110000101000011111011010110010000011100100100000011011101011110111000101011111001000000100110101011100011100110000101010010110101011011000010110
0100010010011101100110100110010000110011110101101111001010001001110011110010001011111001010100000000001111010111100111111001100011000011100101010011111000000010101101011010010000111011010100000011010100000011000011100100000010101111000100100100010100111000111110101000000110001000011010111110100110001001011100101011111
0001010011100010100010010011101100110100110001111001000000100110101011100011100110000110010111001010100101000100100111011001101101001010110111011100101000100000011111010010100010010011100111001100000010010100010010111110010100001010111110100111001100001010101101100101110000100010001010011100010000101011100110101011101100
10100100000100010100101010111011000011000000100101011010100011001000000010100011000111000101011010110100000100010110010111001010000010000110011000010101001010000110101001101001011011100011000011100011001001010100111100100101110001010110000111110101100101010001001110010111100010010011011110111011100101101101010001100010010111000001111101
0000101000111011100001110000100010101001000000110010111111010110111100011001000011001000101001110001011001000111100010101011111100110001000110110101111011110011011100110010100010011110100000001001010001001011111101000000110000111001110000011000011110111000001101000000100010100111000100001110001011111100010011001011001001000000110000111010111010001
1110101001001110001010001001010001110101100101101110111011110011010011110010010111111110001111000111001100001100100001100111010000001010011101011001010100100011011100110101000010010010011001101100101010010001101011010011100010001101011011011111001100001101010100000100010010110110110000101010001
000101001110001110011101100111100101010111011000010000111000011010110111001100001010001010000001010010010100010010100011101011101000100100000111010001001110010111100010010011100111011000010001010011101011110001010001001011111001010100111111000000010010010001001000000010101100110001100100001100111100101110011111111111001100
01001100110111000010001111010010111000101010110100101010111011000011110111101011000110001110001010110100111110110110000001111110100010010000011000101001110011100100010100111011111100010100010110101111000101101100001111100110000110101010000001111010010101010111110001001010110100110011110111100010001010011100010100010010100011101011
011011101110111100110110100000010001010011100011111100000001001001000111110010110011000011101011000000100001111100110000101010010110111011101111001101001011011000011111000101011110011100101011011010100011100011100111100110101000010010010010001100100111011110001010110100101101100011110100100100010100111000100001010110101011001101111
100100001100100010100111000110111001000000010101110010101000001110001010111001100101011110000011111101000100111101000001110010110101010000010100001110000100011001101010001001000101001110100010110010000101011110010100010011011100101010110000111110000010111100011100000001010000001000101001110001000001100000100100000001010111111100101011011110
111101011000011000010001100100101001010111101111000110101111111001100001000101001110001010000011010101011111000100010101101001011011101010001001111010000000100111100100101111111100011110001111100110010000110010101001011001011010101000101000011100001000110100110010101101101100001000000100110101011100011100110000110010111
01010010001101110000100001001011000011001101100110010001010011101011001111100010101101001011011100011111101010100000100001001101100010010101011101100001100100001100101010011111000110110101100000001001001000111001100000010110001101011111101010101011010110100000100010100010100000010100100111111000000010010010001111100100001110011011
01011110011100101011011010100011100010101100000000000100011001001000101001110001100110100111101001010110111000001111100100011001001101001110001000000010101000001000011001100001010101101100101110000100010100010010011000111000100100101101100001111101111
010110111100010110010110101010001001111010001001111010000000100101000100101111100100010100111000100001110001011111100010010110011011101110001110011000111100010101000001011010010110111000110010000110011011110111001001101101100100001110000100011001101100111011110001010110100101101100011110100110000111000010001010101110000100110111011111010001
00000110000110101000111010110010101011000101010000000101010001100010010111111100110010000110010001010011100010100000110101010111110001000101011010010110111000101001010101100001000000010100001001111100001100011100001111001001000000010000010111111111110111100101010001000101011110001001110011001010001
01000111110011010101011111000100010101101001011011101111001010001011010111100011000011100110101111111000110000111001000001101110101101110010100001100011000011100100010100111000101000111001000110010000101001001111001100111000110101101100000101010000001010101110110000100010100111000101000010111000011111100100001000001101110
1001000011001000010101101010100000100110001110000100011011100001010111000010101010110101010001100010010111001010101110110000110000111000111010111111110111000001100010010111001010001001011111001010000101101011110000011000111001100110000110100100000100011111101011011111011110000001010011011111110100010011110100000111001010001110010001100100100011101110100110
0000011000110000110101101110101001101110011011011000011110100100011111001101011011010000001010100101000110011101010001111000100100100000001010001010011100000000101000110001110010000101011110100000010000001100101111110101101111001100001010101110010101101111100001100100001100100000011010111000011001000010101110011010010000010
100001111111000110111010100000011001110001010101101001000110111000010101110000101010101101010100011000100101111010001001111010000011100101000111001000110010010001101100000110010010001010011100010000011011011100001001101100011110100100100000001010001010011100000000101000110001110010000101011100100000110110110000000010101011101100001111010001010101011100011101011
0110011011101111001101100101000011001100001010100111111010110111110111100000010100001110000100011110001001010110000111101000000101000100100110001110001001001010001001011111001111110101010000110101111111100110011001100001100101110110100000100011010010000010001000101001110001111100011101100110100100010101010000110
1010011100000101000011101111000011100001000110000111001000101001110001011010101000111000101000111001000111111000101001001111001100111000110101101100000101010001
11101010010011100011111000110101011000000010001100100001100101011111000110111001011110010000000000010001101111011111010101101000111001100001100001110010001010011100010110011011101111001101100101000000000011001110001001100100001100101010111000010011011101110100011101111001010110010000111000010
0110011011101110001110011011110010001010010101000100101000101101011110001101001010111111100110000110010111001010110111110011110011001000011001011010101101100001011000110110101011001000100010100000010000000101111010111000011100001000111111010111100010010011000011111110001101110101000000110011100011111001000110011001
0110101011011000010110001000011100110110010000111000110011010110000110101111111010100010010000011000110000001010010010001010011100010100001010110100101101100011100010100011000100101110011001000011001011011001000010010110111000000101001000000100011100001000101011010010110111011110011000011100101000111001000110010010001101100000110011010000001010000100110110001010110100101101110
01010111000010011011101110100011000000110010111111010110111000011100001000110000111111100011011101010000001100111000111110011110001010000001100011000011100011001001101011111110101000100111101010010011100000010001010001011010111100011110001010110101101110011000010001100101000010010000101011010101000001001100011100
1000011111110001101110101000000110011100011111101000000110011011001000101001110100101100100101101100000011101111101000100111101010010011100000010001100001111110001101101010110011001100001010000100011101110010001110011000010101101100000011110010000111001101100111111000000010010010001100001110000100010101011101100
11100100110101011010110000110100111000110101111111001100001000011100110110010000001100101111110101101110000111000010001101001100100010100100101001100110111000010001111010010111000101010110100101010111011000011110111101011000110001110001010110100101010111000010011011101111101000100101000110001010100001001111100001100011100
111001001000000010000010111111111110111100100000001010000010001010010101111011110001101001110110011100110000111111000110110101011001100110000110010111001111110010000001101010001
111010100100111000111101111010110111100011010111010000001010101110010101101010000011010100001101100001011011000001000111111110001010110111000101000011010110000001000000100011000011100001000100000010011011110001010111100111001010110110101000111000110111100101011001000011100001011111010000
000101001110001000000100011100101110010000001100001110101100100000010001110010111001111111100100101000011010100000010001110011011101111111001001010000100011100001111110000000100100100011111101000000101010111011000011111010000100010111000000100101101110111011110011011111
00101000101101011110001010101101011010011000011111100100110110100001001101101010001110011000011000011100100010100111010010110010010110110000001110111100110100100000100010101101001100110101000100101000111001000110100100011011000001100110100010011110100100000101010110010000101001010010101100010111111
0100010110101111000100001110001011111100010010101010000010000011011000110011000011010010000010001000001111100010100000011011110010000011000101010001000100110000111001010001110010001101001000110100100011101010001001111010100100111000101100110111011110011011001010000000000110011100010011001000011001000101001110001111001000101111100011011100110010001110111000011001000011100001000111001110000101000011111000101011010011001101010001001010001110010001101001000110101110100110101000000101010010110011011101110001110011000100001110011011001011001000111011100001100100001110000100010101001111001000101111100011011100011000011100011001001011001100000101011110110111100101000101000000101001
00001010111100101000100101011110011100101011011010111100000001010100000011010011011100110101000010010010001001100101111100011001000011001000101001110001000010101111001010001110111100010010101011001110110101011111100110111100110000111001111110101101111101111000000101000011100001000100000011000010100110010110011111010000
01011111001100000010011100111010110100101101110011000010101011100001001101110001000000110010111111010110111100000001100111000111110010001100100110100111000100000001010110011000101000101000000101001001010000100110110001010110100101101110001100001111111000110111010100000011001110001111100100001101011011
000000100110111100010101111001110010101101101010001110011010000010001000101001010101110010100101010110000101000010111101110111000100110101111101101000001000110100111011001110010100001001111111111000101001011011101010001
010001100011001011001101011011100111111010110111110111100000010100001110000100011110001010111001101001110001111101011000011000010001100100101001010111101111000110100111000001010101011100110100100000100010001010011100010110101010001110001010001110000001111111000101001001111001100111000110101101100000101010001
00000110000100111110001100100001100100010100111000100000010011111000100101111001000101011010010110111000111001011011011010000010001000011110010100011111001100100001100111111010110111110111100000010100110111111001010001001011111001000101001110001000000110010111111010110111100000001100111000100110000111001000101001110
010001110010001101001000111111000001100111110011001000011001000101001110001000000110101110000110010000101011100100001110111001000000001000001111001011011111001100110110010111010110100000011110100100010000010110000111101000000100011001001010001100111010101111110101110001011111010111010000001111010010111011010101111110011010100000011010010000010001000101000101001
111010010111011110011111100010010011100111000010100001111101101011111110100000010000011111001100101011100101000110011110011010101000000101001101111000101010111011000010100011111010001101011101111000101000110001110111000100101011000011110100000010001100100111011110001010110100101101100011110100100100010100111000110100101011111100011100
1010101111000000100100001110011011001000101001110001000000110000110111000111000011111000001011110001110000000001100100001100100000011001011111101011011110000000110011100011010001
01000110001010101110000010001100000000001000010111001111011110000000110011100011111001010101110110000110111100000111000011111000000011001110001111100101001010111101111000110100111011001110011000011111100100110110100001001101101010001110011000011000011100101010110101101001000101001110
1010010101111110001110000111111010110111110111100000010100001110000100011000011111110001101110101000000110011100011111101000100111101010010011101111110001010010101111011110001101111011111010101101000111001100001100001110011000011111100101111001011111110011000010101111001110010101101101011110000000100010101011101100
1111010000110110011000011001000011001100101000011010110101000110001001011111110010101011101100001100101000011001111100110000110101010000001010000100111111111100010100110000110110000001100011011110010000111001101100110000000000100001011100111101111001100001000000110000101001100101100111100110000111001000101001110
00001110001100110101100101000100111101000001110010101011000110010000001100010010111001000110010010000001001011001000000011100011100010100011000100101110011001000011001110000001101010001111000110000111000010001100001111111000110111010100000011001110001111110100000010001010001010010011011110111011100101101101010001100010010111010110110000010
0000000101010000010000100001110000100010101011101100001111110101101111101111000000101000011100001000111100010010101011100001011011110010100010110101111000110000111000110111001011001010111100110011000100011000010010100000100110010001100100001010110101000000000000110000110110000010101000000110011011001000000010101000001000010000111000010
000011101110010000000010101110101110000101011010010100000100110010001100100001010110101010000010011111101000000101010111011000011100110111011100000110111001011110001110000101100100011110001010101111110011000100000011001011111101011011110000000110011100011010000
100001111110001101101010110010000111000010001000101001110001010101100100101000000011000100101110011001000011001000101001110001011010101111111010110010000111001101100100010100110001111001010000101011011010000100111111100010101111100101000101100110101101001010111110010000111001101100101010110110000000100111000000110011100011010001001111010000000000010000100110110001010101110001001000111011100010010111100101101100100001010001110001010110100101100110111011110011011001010000000000110011100011111001111100010101101100011000011100001000110000111001000101001110001011010101000111000101000110110000011001000101001
11100110011100011010110110000010001100001111110001101101010110011000100010100111000110101111111000110010000110011111010100011100110101101100000011101111001010111110011011110000011110101111001111110011000101000010011000011100011111001000011100110110010000101101001011001100001100011100001111110101101111101111000000101111
01010111011000011100110111011100000110111001011110001110000111100100100000001000010101000111010111111001000110010011111010000110110011000010001010011100010100001011100111100110111111111000011100001000101010111011000011011110111001001101101100100001110000100011001000011001111110101101111101111000000100010110001010001010111101001001010110111110111100000010100001110000100011110001010111001101001110001011001100001110101100000010000111110011000010101111100101010010000001100101011111110011001000011001000000010111101011100001110000100011011110011010101000110001110111100110100000100010110101011011000010110111010001111111110001010110111010100000010101111001110010101101101010001110001000000110010111111010110111100000001100111000111110011001000011001000101001110001000001101101011011000101001111100111111010110110000110101111001101111101000100111101000000010011000011111100011011010101100110111100100010100111000101100110000111010110000001000011101010001100010010111
100100001100100010100111000100000011001011111101011011110000000110011100010010110001010001010110100000010001010011100011011110011001010111100000110001001011100101010111011000011000011100011101011010000101111000010101000110001001011100110010000110010001010011100010110001010001010100100011001001101011111010110100101101110
0000111001101100000010100000010101011101100101000000111100100101111110111101011111111001101000001010100000010001010011100011101111000101011010010110110001111010010000001100111000100110010000110011011110011010101000110001110111100010100001001111110000001100010010111001010101110110000111111000010001111011000101011110011100100110110110010000111000010
000110010010000101000111011110011100100000011001011111101011011110000000110011100010011011110000001110001010110001011110000000110011100011111101000100111101010010011010111111010000001111110101101111101111000000101000011100001000101001010111110010001010001010010011111100000000010000110101011011001101001101010001
1001010000010000100111111000000111000100001110101011111100000110001001011111110100011000010010001010011100010110011000011101011000000100001110101000110001001011100110010000110011100000011010100011110001100001110000100011011110011010101000110001110111100010100110011011100001000111101001011100010101011010010101011101100
1110111101011000110001110001010110100101000010011111100000011000100101111010000001111110101111000100100101011111001000101001010100010011010111111100110000100001110011011001000101001110001010000101110011110011011111111001100100001100100000001010100000100001000011100001010100000010101011101100001000101001110
1101111000101011010010110110001111010010000001100111000100110010000110010000000101101111101011111100100011001001111001001011100011011100101101001111001001011111110001101110101111000001100010010111001100110110010001100100110000111011001000111000101000111000101101010101110110000110100110011010101110110001011011100011011111010001
111010010010101101111101111000000101000011100001000101001010111110011010011101100111001010101110011101111111111001110001100001010110100111001101110000000110011100010011000011100100010100111000101100110111011110011011001010000000000110011100010011001000011001000101001110001010011010100000001010111
110011111101110001011100101110000001100111000100100001110011011001111110010010000000101011100000100011110011001110001101011011100011011110010001010010101000100110000001111100110000000000100001001101100010101011111100110001100011110011001000011000111001110010000111001101100001010010001000111001111010001001111010000000100110001111
0101011100110000000000100001101011010100011000111011110001101111000000111000101011000101111000000011001110001001100001110010001010011100010100000110101010111011110000111000010001010101110110000111000000110101101110010101000110001001011100110010000110010111110010110110110100000100011101110111101011000001000100001110011011000000
10010000110011110010010111111100011011101011110000011000100101111010001001111010010010101101111101111000000101000011100001000101000100101111100111011111111110011100011000010101101001010100010010001010011100010110001010100010011100110010000110010100110001111000110011011000001010100000010101011101100001111110010000001100011001000011
0001010011100010000001001111100010011111100000001001111000000011100011100010101110001001111111100100011001110001100000001110001110000101100100011111110010011110111101011100011011110011110010011010101101011000010111110111011110101100101001010111101111000110100111011001110011000000000010000011011100000001100111000111001100
0100010110101111000110000001001011110010001001000011100110110010001010011100011110010010111000110111000101001101010001100010010111001100100001100111111010110111110111100000010100001110000101010001001111010000000111110010100001011100001111110010000100000101011010010000001001011001101011011100110101111111011110010101101111000110000111001000101001110
00001110001100110101100111100110010000110010001101101010111111101000010011011000101010001100010010111101000000110100110101100001101011001000011100001010100000010101010000010000100110110001100010010111000000110011100010011001000011001011010101011101100101000000101010111011000011110010010000000000001010101111000111000101000110001001011111111010001
11101000000010011000111100100000111000101011000000111000101000010111001101001010110100101101110001000101001010100010011111101011011111011110000001010000111000010001010010101011000011000000111110011001101110000000101000011100110000111001010101111110010001100111000100100000110110000100000010010000000110100010011110101001001110
11101000101011110010100010010100011111000000101011010100000010000110000110010000110010000011100111010011010100001110101001010100010011110100010100001000111100101001010001001011111001101001101011000011010001001010110100110011010100010010100011011010001101000000110010000011001001000001111011101001111010000001010001101011101001101110100110001000011110110000100101101100101110000100010101011101100001010001100000000001111111010001110001000011110110000100101001100000001001001101000100111101000000011111001011111001011011011010000010001010000110101100001111011100000100111110000011100010101010110111100111110111111110010101011101100
011110011011000101001111010001111111001101010001010010011001101110001100111000101010001100010010111001010100001100001110001011000000001000101001110001010101111110010001100111000100100000110110000100000010010000000110000101011111110011110010010000000000000101011101100001100100001100111111010110111110111100000010100001110000101010001
0000011011111011100001100110011111100110001100100001100111111001000000110001000011100110110000000011001000011001101001100110101011101100010110110000010001111110101101111101111000000101000011100001000101011111001110010110110110100000100010101111100101000111001000110000000000110010000011001001000001111011101001110010100101011111
10100111011001110010000111001101010111011000011000011100100010100111000100001111010110001100001101110001111011010101101011011100000010111100101010111011000010100000110101011000011111110011001000011001000101001110001111010101000000010101110001111101000000100000110111010101000001001101101010001110111110100000010101011101100001000001111110100001101110
10111000111011110101111111010001001111010011101101010100000100010001010110100101101110000111110011001000011001000101001110001111010010010101000000110101110000101011111110011111010011001010001000110111101110010011011011001111001100100001100101101010101110110000100000011001011111101011011110000000110011100010010101011101100
0100000110101010111111100110010000110011110010000001100011011110010101011101100001011111001011011101001000001000101010000101011100011100101010110100011010110110101011010010101101111001011111101000100100000111101001101010111011000101101100000100011111000110010111110111100100000001011011111010111000011100001000101101010101110110000101000001101100100011111
01001010111101111000110100111011001110010100001011110111111010111110111100110010100010011110101001001110101111000110001111001010100110111100100001011110111111001110001010100011000100101110011001000011001011010101011101100001000000110010111111010110111100000001100111000100110010111001000101001110001010001001010110101101
1001000011001010100100011001000000101001001010100010011110101001001110101001110111100111110100110010100010100001110000100010100111001010110000101010111011000011011110010110110011110001001010110000111000000110011100100000011001011111101011011100001110000100010101
000010101101011000011100001110001100110101100001010001010000001010010010100010010010101000100101010100000100001100101101111110010001100100110100111000101010011011100101000011000101000101000000101001001111010110111100100011111001100110110010000000101101111101011111100101010001001101010111100000001110011011000000001100001110001110101111101101010110111111010001
11101010010011101011110001100011110011111100100000011000111011101110000110011001111110011000100010100101010001001100001110010101011000110010000001100010010111001000110010010101001000000010110111110101111001100001111001001101101100101000000101000101001100101100110011100110111001011001111
010001011010111100011010111111100110000110100100000100010001010011100010000011011000010000001001000000011000010101111111001000011100110110010110010001111000101010111111001100010000001100101111110101101111000000011001110001101000100111101010010011101011110001100011110010111100100110111101110010011011011000011001000011
0101011100000100010101011100001001101110111010001100000011001011111101011011100001110000100011000011111110001101110101000000110011100011111101000000110100110101000100100010100111010111100010100010010111110010101001011011101110111100110100111100100101111111100011110001100001110000100011001000011001010100111101111010110001100011100010101101
0100010100110010110011001110010000011101111010001100001110110101000000110001010001010000001010010010101001010000011011010100000010100100110100110011010010011111101010100000100001001101100011100110000101010001001000101001110001010000110010111101011001100100001100100010100111000100000111010011111100100100010100101010001001100000011111
11100100110110110000101001101010111000010001010000010111110001001010101110011000011101100100011100010100011001101110100000011001101100110000111011001100000011010101000000110010111001000101001110001010011001101110000100011110100101110001010101101001101001010110111010001001111010100100111000110000111011001100000011010001111001001101010110101100
101001110001010000101110010100001101011011010000010001010000011010101111001100110000110100100000100011111000101010111011001000011100001000100010100111000101100110111011100011100110001100101110010001010001010010011111101010100000100001001101100011111001010100010010101010000010000101110010000011010100000000001010001110011010000010
000101001110001111101010000001100011100110111011101101010001100010010111101000000100000001011011111010111000011100001000100010100111000101000010011111100000011000100101110011001000011001000101001110001111001001101101100101000000110111101110111101011111110000111000010001000101001110001000001110110100000010101011101100
0000000101111010111000011100001000101010011111100000000010000110101011011001000000010110111110101110100010010000011100110010101101000011010001001010000010001101001110000101000101101100111001000101001110001000101000101001001000000010110111110101111110010100010100110101011010110000110100111000100010100111000111100100110111011110111000001
01000001101010111100110001000011100110110010001010011100011000011101100110000001101010100010011110101001001101011111101000000101000101000000101001001000101001110100010110011111100000000001000001101110001011001101110111000111001101111101000000100010100111000101010111111001000110011100010010000011011000010000001001000000011000010101111111
01000101101011110001010110100101101110001000110010010000001100101111110101101111000101101010101110110000101011011110010111111010000001101111001000001101010111100110001010000101110010100001101011000100000100011110010011011011111010111111001011011001111100010010100010010011100111001000101001110001000001111110100001101110
1110010011110111101011110011000010001010011100010000000101101111101011110101111110010100010100000010100100111111000011010001001011001010110111000011100001000100001101101100110010110011111010000001010101110110000110100110101100001101011000010001010011100010100110101000010110001010000000001010110101000000100001100111100100011001
110000001101001011110000010010110010000000001100111111110001001011111111010001
1110101001001110001111010001010111101101110101111110011010111111100110000101010010000111001101100000000110010000110010110110010000100010110110000111110001000011100110110011011110111001001101101100100001110000100010001010011100010110010001111000101010111111001101111001101110101011100100001110111001000000
010000100110000111000100100011001001010000100110000111000100101010110110010111000010001000101001110001111001001010111110001001010001001001100001101110001000000010111101011100001110000100010001010011101000101100111110110110010100010001111011100100000100101000010110111100100001110111001000000001000101001110001111010000011101100101011111
00011001001000101001110001010001111101101011111110000101011100111101000101010101101000011001010110100110011010100010010000011100101010001101111101001100010000011110111010011110100010011110101001001110001000000010100001001111100001100011100001111001001000000010000010111111111001010001001011111001101001101110011010100001001001000100100011001001000101001110
00000110001110111100010011010010000010001000001110110110101101001001000110110101011001101011111100110000111001000101001110001010001110010001101100010100100111100110011100011010110110000010001000001110101000110011101000100111101010010011100010101111100011011100101101010110100111000101000100101111100110000111000110111001011001010111100110011000011010010000010
000101001110001111010001010111101101110101111110011000011100100010100111000101000110110111011000011110011001110001101011011000001000100000111101110100111101000100100000111010111001100001111111000110111010100000011001110001001000011100110110010000001100101111110101101110000111000010001000101001110001010101101000110000001101010110011011110011001000011
1111000101011011111110100000011001101100100010100111010001011001010101110000100110111000110010000110011100110111011101101010001100010010111001010110100110011110111100010001010011100010100110011011100001000111101001011110100000010001100110011110101100100010100111000100001110011011000000001100100001100101010010000101011010101100101010101000111001100
010110111110000111111010111110100001100111011001100110000100001110111001000000001010100101001010101110110011101000110100111001101011000011110010011011011001010001001000001110100101000010001110111001000111001100001010000100110000111000111010110010001010010101000100100000010011110111100110000110011110111101011001000101001110
00001010110101011001010101010001100010010111111100101000100101111100101000010011000011100011100110000101010001001000101001110001111100010101101110100010011110101001001110001100001111111000110111010100000011001110001001010001001011111001011110010001001101011111110011000010000111001101100101110101101010001100011100010101101
111110101101111101111000000101000011100001000100001110011011001111111011101111010110101011010011110011001110001101011011100011011111010000001101111000000001011000011110000111000010001010100111111110010001100111000110000000111000111000010101100001100001100101110110100000101010001
1110101001001110001111010001010111101101110101111110010101011011111100100101000010011111111110001010010110100000100011001101110000000101000011101010001110011000010001010011100011010111111100011001000011001000101001110001000010101110010000000101101000000101010010110011011101110001110011000110101111111001100
00011001001110111100010101101001011011000111101001001101110000000100100100010010101011100001001101110111110100000011010011010100010010000011000001001000000010101110011111101011011111011110000001010011011111100100000001010110011000110000001001010100111110001010101110110001011011011000010001100110010110110100010011110100000001001010001001011111
000000010101100110001100100001100101010010100110011011100001000111101001011100010101011010010100010100110010110011001110011110010111001111111110010100001000111011100100011100110000101010001001000101001110001000000100001100011000110111000101010111011000011111101010100000100001001101100011100110000100001110111001000000
010110100110011110111101010001001111010010111011100100000000100010100111000111001110110000110010000110011100101111000100100110010000110010001010011100010000111001101011011001010110110000001111001010011010101110000100010101001010000011011010100000010100100110100110011010011010001001000001111000000100011111100000001001001000110000111000010
0101011011001011100001000111001011110001001001010000010110001011001100100001100101000001101101010000001010010011010011001101001001111001001101101100111100110000111001000110101101101111010000001000101001110001101110000000100100100010010101011100001001101110001111001001101010110101100001101001110001110111100010101101001011011000111101001110011001010001
111010100100111000101100110111011100011100110001111001001101010110101100001101001110001010101100111010010101010111110001110011000010001100100101010010100001011110111001000111111000110111000000010010010001001010101110000100110111000110100100000100011001101001111111010111110111000011100001000100010100111000111110101000000110
0101011100001001101110001010100001100011101011001000110101101101111000011100001000100010100111000101100110111011100011100110001010101000001000010111001000001101010000000000101000111001101000001000101000111111000001100110100010010000011110000001000111110100110000000110001100001110000100011001011111000110010000110010001010011100011110010011011011001111
0001100100100010101111010111100011010101000000101001010101101000011001000101001110001110101110111001101110100000010101001010000110101100001111011100000100101010111000010011011100010100010100110101011010110000110111101111101010110100011010001
0000011101101001100110101000100101000111011101001100010000011110111010011100100010100111000100000110000010010000000101011100101011011111000100110000001110111000001001010101110110000111001110000101000011111011010110010000011100100100000011011101011110111000101011111001000000100110101011100011100110000101010010110101011011000010110
0100010010011101100110100110010000110011110101101111001010001001110011110010001011111001010100000000001111010111100111111001100011000011100101010011111000000010101101011010010000111011010100000011010100000011000011100100000010101111000100100100010100111000111110101000000110001000011010111110100110001001011100101011111
0001010011100010100010010011101100110100110001111001000000100110101011100011100110000110010111001010100101000100100111011001101101001010110111011100101000100000011111010010100010010011100111001100000010010100010010111110010100001010111110100111001100001010101101100101110000100010001010011100010000101011100110101011101100
10100100000100010100101010111011000011000000100101011010100011001000000010100011000111000101011010110100000100010110010111001010000010000110011000010101001010000110101001101001011011100011000011100011001001010100111100100101110001010110000111110101100101010001001110010111100010010011011110111011100101101101010001100010010111000001111101
0000101000111011100001110000100010101001000000110010111111010110111100011001000011001000101001110001011001000111100010101011111100110001000110110101111011110011011100110010100010011110100000001001010001001011111101000000110000111001110000011000011110111000001101000000100010100111000100001110001011111100010011001011001001000000110000111010111010001
1110101001001110001010001001010001110101100101101110111011110011010011110010010111111110001111000111001100001100100001100111010000001010011101011001010100100011011100110101000010010010011001101100101010010001101011010011100010001101011011011111001100001101010100000100010010110110110000101010001
000101001110001110011101100111100101010111011000010000111000011010110111001100001010001010000001010010010100010010100011101011101000100100000111010001001110010111100010010011100111011000010001010011101011110001010001001011111001010100111111000000010010010001001000000010101100110001100100001100111100101110011111111111001100
01001100110111000010001111010010111000101010110100101010111011000011110111101011000110001110001010110100111110110110000001111110100010010000011000101001110011100100010100111011111100010100010110101111000101101100001111100110000110101010000001111010010101010111110001001010110100110011110111100010001010011100010100010010100011101011
011011101110111100110110100000010001010011100011111100000001001001000111110010110011000011101011000000100001111100110000101010010110111011101111001101001011011000011111000101011110011100101011011010100011100011100111100110101000010010010010001100100111011110001010110100101101100011110100100100010100111000100001010110101011001101111
100100001100100010100111000110111001000000010101110010101000001110001010111001100101011110000011111101000100111101000001110010110101010000010100001110000100011001101010001001000101001110100010110010000101011110010100010011011100101010110000111110000010111100011100000001010000001000101001110001000001100000100100000001010111111100101011011110
111101011000011000010001100100101001010111101111000110101111111001100001000101001110001010000011010101011111000100010101101001011011101010001001111010000000100111100100101111111100011110001111100110010000110010101001011001011010101000101000011100001000110100110010101101101100001000000100110101011100011100110000110010111
01010010001101110000100001001011000011001101100110010001010011101011001111100010101101001011011100011111101010100000100001001101100010010101011101100001100100001100101010011111000110110101100000001001001000111001100000010110001101011111101010101011010110100000100010100010100000010100100111111000000010010010001111100100001110011011
01011110011100101011011010100011100010101100000000000100011001001000101001110001100110100111101001010110111000001111100100011001001101001110001000000010101000001000011001100001010101101100101110000100010100010010011000111000100100101101100001111101111
010110111100010110010110101010001001111010001001111010000000100101000100101111100100010100111000100001110001011111100010010110011011101110001110011000111100010101000001011010010110111000110010000110011011110111001001101101100100001110000100011001101100111011110001010110100101101100011110100110000111000010001010101110000100110111011111010001
00000110000110101000111010110010101011000101010000000101010001100010010111111100110010000110010001010011100010100000110101010111110001000101011010010110111000101001010101100001000000010100001001111100001100011100001111001001000000010000010111111111110111100101010001000101011110001001110011001010001
01000111110011010101011111000100010101101001011011101111001010001011010111100011000011100110101111111000110000111001000001101110101101110010100001100011000011100100010100111000101000111001000110010000101001001111001100111000110101101100000101010000001010101110110000100010100111000101000010111000011111100100001000001101110
1001000011001000010101101010100000100110001110000100011011100001010111000010101010110101010001100010010111001010101110110000110000111000111010111111110111000001100010010111001010001001011111001010000101101011110000011000111001100110000110100100000100011111101011011111011110000001010011011111110100010011110100000111001010001110010001100100100011101110100110
0000011000110000110101101110101001101110011011011000011110100100011111001101011011010000001010100101000110011101010001111000100100100000001010001010011100000000101000110001110010000101011110100000010000001100101111110101101111001100001010101110010101101111100001100100001100100000011010111000011001000010101110011010010000010
100001111111000110111010100000011001110001010101101001000110111000010101110000101010101101010100011000100101111010001001111010000011100101000111001000110010010001101100000110010010001010011100010000011011011100001001101100011110100100100000001010001010011100000000101000110001110010000101011100100000110110110000000010101011101100001111010001010101011100011101011
0110011011101111001101100101000011001100001010100111111010110111110111100000010100001110000100011110001001010110000111101000000101000100100110001110001001001010001001011111001111110101010000110101111111100110011001100001100101110110100000100011010010000010001000101001110001111100011101100110100100010101010000110
1010011100000101000011101111000011100001000110000111001000101001110001011010101000111000101000111001000111111000101001001111001100111000110101101100000101010001
11101010010011100011111000110101011000000010001100100001100101011111000110111001011110010000000000010001101111011111010101101000111001100001100001110010001010011100010110011011101111001101100101000000000011001110001001100100001100101010111000010011011101110100011101111001010110010000111000010
0110011011101110001110011011110010001010010101000100101000101101011110001101001010111111100110000110010111001010110111110011110011001000011001011010101101100001011000110110101011001000100010100000010000000101111010111000011100001000111111010111100010010011000011111110001101110101000000110011100011111001000110011001
0110101011011000010110001000011100110110010000111000110011010110000110101111111010100010010000011000110000001010010010001010011100010100001010110100101101100011100010100011000100101110011001000011001011011001000010010110111000000101001000000100011100001000101011010010110111011110011000011100101000111001000110010010001101100000110011010000001010000100110110001010110100101101110
01010111000010011011101110100011000000110010111111010110111000011100001000110000111111100011011101010000001100111000111110011110001010000001100011000011100011001001101011111110101000100111101010010011100000010001010001011010111100011110001010110101101110011000010001100101000010010000101011010101000001001100011100
1000011111110001101110101000000110011100011111101000000110011011001000101001110100101100100101101100000011101111101000100111101010010011100000010001100001111110001101101010110011001100001010000100011101110010001110011000010101101100000011110010000111001101100111111000000010010010001100001110000100010101011101100
11100100110101011010110000110100111000110101111111001100001000011100110110010000001100101111110101101110000111000010001101001100100010100100101001100110111000010001111010010111000101010110100101010111011000011110111101011000110001110001010110100101010111000010011011101111101000100101000110001010100001001111100001100011100
111001001000000010000010111111111110111100100000001010000010001010010101111011110001101001110110011100110000111111000110110101011001100110000110010111001111110010000001101010001
111010100100111000111101111010110111100011010111010000001010101110010101101010000011010100001101100001011011000001000111111110001010110111000101000011010110000001000000100011000011100001000100000010011011110001010111100111001010110110101000111000110111100101011001000011100001011111010000
000101001110001000000100011100101110010000001100001110101100100000010001110010111001111111100100101000011010100000010001110011011101111111001001010000100011100001111110000000100100100011111101000000101010111011000011111010000100010111000000100101101110111011110011011111
00101000101101011110001010101101011010011000011111100100110110100001001101101010001110011000011000011100100010100111010010110010010110110000001110111100110100100000100010101101001100110101000100101000111001000110100100011011000001100110100010011110100100000101010110010000101001010010101100010111111
0100010110101111000100001110001011111100010010101010000010000011011000110011000011010010000010001000001111100010100000011011110010000011000101010001000100110000111001010001110010001101001000110100100011101010001001111010100100111000101100110111011110011011001010000000000110011100010011001000011001000101001110001111001000101111100011011100110010001110111000011001000011100001000111001110000101000011111000101011010011001101010001001010001110010001101001000110101110100110101000000101010010110011011101110001110011000100001110011011001011001000111011100001100100001110000100010101001111001000101111100011011100011000011100011001001011001100000101011110110111100101000101000000101001
00001010111100101000100101011110011100101011011010111100000001010100000011010011011100110101000010010010001001100101111100011001000011001000101001110001000010101111001010001110111100010010101011001110110101011111100110111100110000111001111110101101111101111000000101000011100001000100000011000010100110010110011111010000
01011111001100000010011100111010110100101101110011000010101011100001001101110001000000110010111111010110111100000001100111000111110010001100100110100111000100000001010110011000101000101000000101001001010000100110110001010110100101101110001100001111111000110111010100000011001110001111100100001101011011
000000100110111100010101111001110010101101101010001110011010000010001000101001010101110010100101010110000101000010111101110111000100110101111101101000001000110100111011001110010100001001111111111000101001011011101010001
010001100011001011001101011011100111111010110111110111100000010100001110000100011110001010111001101001110001111101011000011000010001100100101001010111101111000110100111000001010101011100110100100000100010001010011100010110101010001110001010001110000001111111000101001001111001100111000110101101100000101010001
00000110000100111110001100100001100100010100111000100000010011111000100101111001000101011010010110111000111001011011011010000010001000011110010100011111001100100001100111111010110111110111100000010100110111111001010001001011111001000101001110001000000110010111111010110111100000001100111000100110000111001000101001110
010001110010001101001000111111000001100111110011001000011001000101001110001000000110101110000110010000101011100100001110111001000000001000001111001011011111001100110110010111010110100000011110100100010000010110000111101000000100011001001010001100111010101111110101110001011111010111010000001111010010111011010101111110011010100000011010010000010001000101000101001
111010010111011110011111100010010011100111000010100001111101101011111110100000010000011111001100101011100101000110011110011010101000000101001101111000101010111011000010100011111010001101011101111000101000110001110111000100101011000011110100000010001100100111011110001010110100101101100011110100100100010100111000110100101011111100011100
1010101111000000100100001110011011001000101001110001000000110000110111000111000011111000001011110001110000000001100100001100100000011001011111101011011110000000110011100011010001
01000110001010101110000010001100000000001000010111001111011110000000110011100011111001010101110110000110111100000111000011111000000011001110001111100101001010111101111000110100111011001110011000011111100100110110100001001101101010001110011000011000011100101010110101101001000101001110
1010010101111110001110000111111010110111110111100000010100001110000100011000011111110001101110101000000110011100011111101000100111101010010011101111110001010010101111011110001101111011111010101101000111001100001100001110011000011111100101111001011111110011000010101111001110010101101101011110000000100010101011101100
1111010000110110011000011001000011001100101000011010110101000110001001011111110010101011101100001100101000011001111100110000110101010000001010000100111111111100010100110000110110000001100011011110010000111001101100110000000000100001011100111101111001100001000000110000101001100101100111100110000111001000101001110
00001110001100110101100101000100111101000001110010101011000110010000001100010010111001000110010010000001001011001000000011100011100010100011000100101110011001000011001110000001101010001111000110000111000010001100001111111000110111010100000011001110001111110100000010001010001010010011011110111011100101101101010001100010010111010110110000010
0000000101010000010000100001110000100010101011101100001111110101101111101111000000101000011100001000111100010010101011100001011011110010100010110101111000110000111000110111001011001010111100110011000100011000010010100000100110010001100100001010110101000000000000110000110110000010101000000110011011001000000010101000001000010000111000010
000011101110010000000010101110101110000101011010010100000100110010001100100001010110101010000010011111101000000101010111011000011100110111011100000110111001011110001110000101100100011110001010101111110011000100000011001011111101011011110000000110011100011010000
100001111110001101101010110010000111000010001000101001110001010101100100101000000011000100101110011001000011001000101001110001011010101111111010110010000111001101100100010100110001111001010000101011011010000100111111100010101111100101000101100110101101001010111110010000111001101100101010110110000000100111000000110011100011010001001111010000000000010000100110110001010101110001001000111011100010010111100101101100100001010001110001010110100101100110111011110011011001010000000000110011100011111001111100010101101100011000011100001000110000111001000101001110001011010101000111000101000110110000011001000101001
11100110011100011010110110000010001100001111110001101101010110011000100010100111000110101111111000110010000110011111010100011100110101101100000011101111001010111110011011110000011110101111001111110011000101000010011000011100011111001000011100110110010000101101001011001100001100011100001111110101101111101111000000101111
01010111011000011100110111011100000110111001011110001110000111100100100000001000010101000111010111111001000110010011111010000110110011000010001010011100010100001011100111100110111111111000011100001000101010111011000011011110111001001101101100100001110000100011001000011001111110101101111101111000000100010110001010001010111101001001010110111110111100000010100001110000100011110001010111001101001110001011001100001110101100000010000111110011000010101111100101010010000001100101011111110011001000011001000000010111101011100001110000100011011110011010101000110001110111100110100000100010110101011011000010110111010001111111110001010110111010100000010101111001110010101101101010001110001000000110010111111010110111100000001100111000111110011001000011001000101001110001000001101101011011000101001111100111111010110110000110101111001101111101000100111101000000010011000011111100011011010101100110111100100010100111000101100110000111010110000001000011101010001100010010111
100100001100100010100111000100000011001011111101011011110000000110011100010010110001010001010110100000010001010011100011011110011001010111100000110001001011100101010111011000011000011100011101011010000101111000010101000110001001011100110010000110010001010011100010110001010001010100100011001001101011111010110100101101110
0000111001101100000010100000010101011101100101000000111100100101111110111101011111111001101000001010100000010001010011100011101111000101011010010110110001111010010000001100111000100110010000110011011110011010101000110001110111100010100001001111110000001100010010111001010101110110000111111000010001111011000101011110011100100110110110010000111000010
000110010010000101000111011110011100100000011001011111101011011110000000110011100010011011110000001110001010110001011110000000110011100011111101000100111101010010011010111111010000001111110101101111101111000000101000011100001000101001010111110010001010001010010011111100000000010000110101011011001101001101010001
1001010000010000100111111000000111000100001110101011111100000110001001011111110100011000010010001010011100010110011000011101011000000100001110101000110001001011100110010000110011100000011010100011110001100001110000100011011110011010101000110001110111100010100110011011100001000111101001011100010101011010010101011101100
1110111101011000110001110001010110100101000010011111100000011000100101111010000001111110101111000100100101011111001000101001010100010011010111111100110000100001110011011001000101001110001010000101110011110011011111111001100100001100100000001010100000100001000011100001010100000010101011101100001000101001110
1101111000101011010010110110001111010010000001100111000100110010000110010000000101101111101011111100100011001001111001001011100011011100101101001111001001011111110001101110101111000001100010010111001100110110010001100100110000111011001000111000101000111000101101010101110110000110100110011010101110110001011011100011011111010001
111010010010101101111101111000000101000011100001000101001010111110011010011101100111001010101110011101111111111001110001100001010110100111001101110000000110011100010011000011100100010100111000101100110111011110011011001010000000000110011100010011001000011001000101001110001010011010100000001010111
110011111101110001011100101110000001100111000100100001110011011001111110010010000000101011100000100011110011001110001101011011100011011110010001010010101000100110000001111100110000000000100001001101100010101011111100110001100011110011001000011000111001110010000111001101100001010010001000111001111010001001111010000000100110001111
0101011100110000000000100001101011010100011000111011110001101111000000111000101011000101111000000011001110001001100001110010001010011100010100000110101010111011110000111000010001010101110110000111000000110101101110010101000110001001011100110010000110010111110010110110110100000100011101110111101011000001000100001110011011000000
10010000110011110010010111111100011011101011110000011000100101111010001001111010010010101101111101111000000101000011100001000101000100101111100111011111111110011100011000010101101001010100010010001010011100010110001010100010011100110010000110010100110001111000110011011000001010100000010101011101100001111110010000001100011001000011
0001010011100010000001001111100010011111100000001001111000000011100011100010101110001001111111100100011001110001100000001110001110000101100100011111110010011110111101011100011011110011110010011010101101011000010111110111011110101100101001010111101111000110100111011001110011000000000010000011011100000001100111000111001100
0100010110101111000110000001001011110010001001000011100110110010001010011100011110010010111000110111000101001101010001100010010111001100100001100111111010110111110111100000010100001110000101010001001111010000000111110010100001011100001111110010000100000101011010010000001001011001101011011100110101111111011110010101101111000110000111001000101001110
00001110001100110101100111100110010000110010001101101010111111101000010011011000101010001100010010111101000000110100110101100001101011001000011100001010100000010101010000010000100110110001100010010111000000110011100010011001000011001011010101011101100101000000101010111011000011110010010000000000001010101111000111000101000110001001011111111010001
11101000000010011000111100100000111000101011000000111000101000010111001101001010110100101101110001000101001010100010011111101011011111011110000001010000111000010001010010101011000011000000111110011001101110000000101000011100110000111001010101111110010001100111000100100000110110000100000010010000000110100010011110101001001110
11101000101011110010100010010100011111000000101011010100000010000110000110010000110010000011100111010011010100001110101001010100010011110100010100001000111100101001010001001011111001101001101011000011010001001010110100110011010100010010100011011010001101000000110010000011001001000001111011101001111010000001010001101011101001101110100110001000011110110000100101101100101110000100010101011101100001010001100000000001111111010001110001000011110110000100101001100000001001001101000100111101000000011111001011111001011011011010000010001010000110101100001111011100000100111110000011100010101010110111100111110111111110010101011101100
011110011011000101001111010001111111001101010001010010011001101110001100111000101010001100010010111001010100001100001110001011000000001000101001110001010101111110010001100111000100100000110110000100000010010000000110000101011111110011110010010000000000000101011101100001100100001100111111010110111110111100000010100001110000101010001
0000011011111011100001100110011111100110001100100001100111111001000000110001000011100110110000000011001000011001101001100110101011101100010110110000010001111110101101111101111000000101000011100001000101011111001110010110110110100000100010101111100101000111001000110000000000110010000011001001000001111011101001110010100101011111
10100111011001110010000111001101010111011000011000011100100010100111000100001111010110001100001101110001111011010101101011011100000010111100101010111011000010100000110101011000011111110011001000011001000101001110001111010101000000010101110001111101000000100000110111010101000001001101101010001110111110100000010101011101100001000001111110100001101110
10111000111011110101111111010001001111010011101101010100000100010001010110100101101110000111110011001000011001000101001110001111010010010101000000110101110000101011111110011111010011001010001000110111101110010011011011001111001100100001100101101010101110110000100000011001011111101011011110000000110011100010010101011101100
0100000110101010111111100110010000110011110010000001100011011110010101011101100001011111001011011101001000001000101010000101011100011100101010110100011010110110101011010010101101111001011111101000100100000111101001101010111011000101101100000100011111000110010111110111100100000001011011111010111000011100001000101101010101110110000101000001101100100011111
01001010111101111000110100111011001110010100001011110111111010111110111100110010100010011110101001001110101111000110001111001010100110111100100001011110111111001110001010100011000100101110011001000011001011010101011101100001000000110010111111010110111100000001100111000100110010111001000101001110001010001001010110101101
1001000011001010100100011001000000101001001010100010011110101001001110101001110111100111110100110010100010100001110000100010100111001010110000101010111011000011011110010110110011110001001010110000111000000110011100100000011001011111101011011100001110000100010101
000010101101011000011100001110001100110101100001010001010000001010010010100010010010101000100101010100000100001100101101111110010001100100110100111000101010011011100101000011000101000101000000101001001111010110111100100011111001100110110010000000101101111101011111100101010001001101010111100000001110011011000000001100001110001110101111101101010110111111010001
11101010010011101011110001100011110011111100100000011000111011101110000110011001111110011000100010100101010001001100001110010101011000110010000001100010010111001000110010010101001000000010110111110101111001100001111001001101101100101000000101000101001100101100110011100110111001011001111
010001011010111100011010111111100110000110100100000100010001010011100010000011011000010000001001000000011000010101111111001000011100110110010110010001111000101010111111001100010000001100101111110101101111000000011001110001101000100111101010010011101011110001100011110010111100100110111101110010011011011000011001000011
0101011100000100010101011100001001101110111010001100000011001011111101011011100001110000100011000011111110001101110101000000110011100011111101000000110100110101000100100010100111010111100010100010010111110010101001011011101110111100110100111100100101111111100011110001100001110000100011001000011001010100111101111010110001100011100010101101
0100010100110010110011001110010000011101111010001100001110110101000000110001010001010000001010010010101001010000011011010100000010100100110100110011010010011111101010100000100001001101100011100110000101010001001000101001110001010000110010111101011001100100001100100010100111000100000111010011111100100100010100101010001001100000011111
11100100110110110000101001101010111000010001010000010111110001001010101110011000011101100100011100010100011001101110100000011001101100110000111011001100000011010101000000110010111001000101001110001010011001101110000100011110100101110001010101101001101001010110111010001001111010100100111000110000111011001100000011010001111001001101010110101100
101001110001010000101110010100001101011011010000010001010000011010101111001100110000110100100000100011111000101010111011001000011100001000100010100111000101100110111011100011100110001100101110010001010001010010011111101010100000100001001101100011111001010100010010101010000010000101110010000011010100000000001010001110011010000010
000101001110001111101010000001100011100110111011101101010001100010010111101000000100000001011011111010111000011100001000100010100111000101000010011111100000011000100101110011001000011001000101001110001111001001101101100101000000110111101110111101011111110000111000010001000101001110001000001110110100000010101011101100
0000000101111010111000011100001000101010011111100000000010000110101011011001000000010110111110101110100010010000011100110010101101000011010001001010000010001101001110000101000101101100111001000101001110001000101000101001001000000010110111110101111110010100010100110101011010110000110100111000100010100111000111100100110111011110111000001
01000001101010111100110001000011100110110010001010011100011000011101100110000001101010100010011110101001001101011111101000000101000101000000101001001000101001110100010110011111100000000001000001101110001011001101110111000111001101111101000000100010100111000101010111111001000110011100010010000011011000010000001001000000011000010101111111
01000101101011110001010110100101101110001000110010010000001100101111110101101111000101101010101110110000101011011110010111111010000001101111001000001101010111100110001010000101110010100001101011000100000100011110010011011011111010111111001011011001111100010010100010010011100111001000101001110001000001111110100001101110
1110010011110111101011110011000010001010011100010000000101101111101011110101111110010100010100000010100100111111000011010001001011001010110111000011100001000100001101101100110010110011111010000001010101110110000110100110101100001101011000010001010011100010100110101000010110001010000000001010110101000000100001100111100100011001
110000001101001011110000010010110010000000001100111111110001001011111111010001
1110101001001110001111010001010111101101110101111110011010111111100110000101010010000111001101100000000110010000110010110110010000100010110110000111110001000011100110110011011110111001001101101100100001110000100010001010011100010110010001111000101010111111001101111001101110101011100100001110111001000000
010000100110000111000100100011001001010000100110000111000100101010110110010111000010001000101001110001111001001010111110001001010001001001100001101110001000000010111101011100001110000100010001010011101000101100111110110110010100010001111011100100000100101000010110111100100001110111001000000001000101001110001111010000011101100101011111
00011001001000101001110001010001111101101011111110000101011100111101000101010101101000011001010110100110011010100010010000011100101010001101111101001100010000011110111010011110100010011110101001001110001000000010100001001111100001100011100001111001001000000010000010111111111001010001001011111001101001101110011010100001001001000100100011001001000101001110
00000110001110111100010011010010000010001000001110110110101101001001000110110101011001101011111100110000111001000101001110001010001110010001101100010100100111100110011100011010110110000010001000001110101000110011101000100111101010010011100010101111100011011100101101010110100111000101000100101111100110000111000110111001011001010111100110011000011010010000010
000101001110001111010001010111101101110101111110011000011100100010100111000101000110110111011000011110011001110001101011011000001000100000111101110100111101000100100000111010111001100001111111000110111010100000011001110001001000011100110110010000001100101111110101101110000111000010001000101001110001010101101000110000001101010110011011110011001000011
1111000101011011111110100000011001101100100010100111010001011001010101110000100110111000110010000110011100110111011101101010001100010010111001010110100110011110111100010001010011100010100110011011100001000111101001011110100000010001100110011110101100100010100111000100001110011011000000001100100001100101010010000101011010101100101010101000111001100
010110111110000111111010111110100001100111011001100110000100001110111001000000001010100101001010101110110011101000110100111001101011000011110010011011011001010001001000001110100101000010001110111001000111001100001010000100110000111000111010110010001010010101000100100000010011110111100110000110011110111101011001000101001110
00001010110101011001010101010001100010010111111100101000100101111100101000010011000011100011100110000101010001001000101001110001111100010101101110100010011110101001001110001100001111111000110111010100000011001110001001010001001011111001011110010001001101011111110011000010000111001101100101110101101010001100011100010101101
111110101101111101111000000101000011100001000100001110011011001111111011101111010110101011010011110011001110001101011011100011011111010000001101111000000001011000011110000111000010001010100111111110010001100111000110000000111000111000010101100001100001100101110110100000101010001
1110101001001110001111010001010111101101110101111110010101011011111100100101000010011111111110001010010110100000100011001101110000000101000011101010001110011000010001010011100011010111111100011001000011001000101001110001000010101110010000000101101000000101010010110011011101110001110011000110101111111001100
00011001001110111100010101101001011011000111101001001101110000000100100100010010101011100001001101110111110100000011010011010100010010000011000001001000000010101110011111101011011111011110000001010011011111100100000001010110011000110000001001010100111110001010101110110001011011011000010001100110010110110100010011110100000001001010001001011111
000000010101100110001100100001100101010010100110011011100001000111101001011100010101011010010100010100110010110011001110011110010111001111111110010100001000111011100100011100110000101010001001000101001110001000000100001100011000110111000101010111011000011111101010100000100001001101100011100110000100001110111001000000
010110100110011110111101010001001111010010111011100100000000100010100111000111001110110000110010000110011100101111000100100110010000110010001010011100010000111001101011011001010110110000001111001010011010101110000100010101001010000011011010100000010100100110100110011010011010001001000001111000000100011111100000001001001000110000111000010
0101011011001011100001000111001011110001001001010000010110001011001100100001100101000001101101010000001010010011010011001101001001111001001101101100111100110000111001000110101101101111010000001000101001110001101110000000100100100010010101011100001001101110001111001001101010110101100001101001110001110111100010101101001011011000111101001110011001010001
111010100100111000101100110111011100011100110001111001001101010110101100001101001110001010101100111010010101010111110001110011000010001100100101010010100001011110111001000111111000110111000000010010010001001010101110000100110111000110100100000100011001101001111111010111110111000011100001000100010100111000111110101000000110
0101011100001001101110001010100001100011101011001000110101101101111000011100001000100010100111000101100110111011100011100110001010101000001000010111001000001101010000000000101000111001101000001000101000111111000001100110100010010000011110000001000111110100110000000110001100001110000100011001011111000110010000110010001010011100011110010011011011001111
0001100100100010101111010111100011010101000000101001010101101000011001000101001110001110101110111001101110100000010101001010000110101100001111011100000100101010111000010011011100010100010100110101011010110000110111101111101010110100011010001
0000011101101001100110101000100101000111011101001100010000011110111010011100100010100111000100000110000010010000000101011100101011011111000100110000001110111000001001010101110110000111001110000101000011111011010110010000011100100100000011011101011110111000101011111001000000100110101011100011100110000101010010110101011011000010110
0100010010011101100110100110010000110011110101101111001010001001110011110010001011111001010100000000001111010111100111111001100011000011100101010011111000000010101101011010010000111011010100000011010100000011000011100100000010101111000100100100010100111000111110101000000110001000011010111110100110001001011100101011111
0001010011100010100010010011101100110100110001111001000000100110101011100011100110000110010111001010100101000100100111011001101101001010110111011100101000100000011111010010100010010011100111001100000010010100010010111110010100001010111110100111001100001010101101100101110000100010001010011100010000101011100110101011101100
10100100000100010100101010111011000011000000100101011010100011001000000010100011000111000101011010110100000100010110010111001010000010000110011000010101001010000110101001101001011011100011000011100011001001010100111100100101110001010110000111110101100101010001001110010111100010010011011110111011100101101101010001100010010111000001111101
0000101000111011100001110000100010101001000000110010111111010110111100011001000011001000101001110001011001000111100010101011111100110001000110110101111011110011011100110010100010011110100000001001010001001011111101000000110000111001110000011000011110111000001101000000100010100111000100001110001011111100010011001011001001000000110000111010111010001
1110101001001110001010001001010001110101100101101110111011110011010011110010010111111110001111000111001100001100100001100111010000001010011101011001010100100011011100110101000010010010011001101100101010010001101011010011100010001101011011011111001100001101010100000100010010110110110000101010001
000101001110001110011101100111100101010111011000010000111000011010110111001100001010001010000001010010010100010010100011101011101000100100000111010001001110010111100010010011100111011000010001010011101011110001010001001011111001010100111111000000010010010001001000000010101100110001100100001100111100101110011111111111001100
01001100110111000010001111010010111000101010110100101010111011000011110111101011000110001110001010110100111110110110000001111110100010010000011000101001110011100100010100111011111100010100010110101111000101101100001111100110000110101010000001111010010101010111110001001010110100110011110111100010001010011100010100010010100011101011
011011101110111100110110100000010001010011100011111100000001001001000111110010110011000011101011000000100001111100110000101010010110111011101111001101001011011000011111000101011110011100101011011010100011100011100111100110101000010010010010001100100111011110001010110100101101100011110100100100010100111000100001010110101011001101111
100100001100100010100111000110111001000000010101110010101000001110001010111001100101011110000011111101000100111101000001110010110101010000010100001110000100011001101010001001000101001110100010110010000101011110010100010011011100101010110000111110000010111100011100000001010000001000101001110001000001100000100100000001010111111100101011011110
111101011000011000010001100100101001010111101111000110101111111001100001000101001110001010000011010101011111000100010101101001011011101010001001111010000000100111100100101111111100011110001111100110010000110010101001011001011010101000101000011100001000110100110010101101101100001000000100110101011100011100110000110010111
01010010001101110000100001001011000011001101100110010001010011101011001111100010101101001011011100011111101010100000100001001101100010010101011101100001100100001100101010011111000110110101100000001001001000111001100000010110001101011111101010101011010110100000100010100010100000010100100111111000000010010010001111100100001110011011
01011110011100101011011010100011100010101100000000000100011001001000101001110001100110100111101001010110111000001111100100011001001101001110001000000010101000001000011001100001010101101100101110000100010100010010011000111000100100101101100001111101111
010110111100010110010110101010001001111010001001111010000000100101000100101111100100010100111000100001110001011111100010010110011011101110001110011000111100010101000001011010010110111000110010000110011011110111001001101101100100001110000100011001101100111011110001010110100101101100011110100110000111000010001010101110000100110111011111010001
00000110000110101000111010110010101011000101010000000101010001100010010111111100110010000110010001010011100010100000110101010111110001000101011010010110111000101001010101100001000000010100001001111100001100011100001111001001000000010000010111111111110111100101010001000101011110001001110011001010001
01000111110011010101011111000100010101101001011011101111001010001011010111100011000011100110101111111000110000111001000001101110101101110010100001100011000011100100010100111000101000111001000110010000101001001111001100111000110101101100000101010000001010101110110000100010100111000101000010111000011111100100001000001101110
1001000011001000010101101010100000100110001110000100011011100001010111000010101010110101010001100010010111001010101110110000110000111000111010111111110111000001100010010111001010001001011111001010000101101011110000011000111001100110000110100100000100011111101011011111011110000001010011011111110100010011110100000111001010001110010001100100100011101110100110
0000011000110000110101101110101001101110011011011000011110100100011111001101011011010000001010100101000110011101010001111000100100100000001010001010011100000000101000110001110010000101011110100000010000001100101111110101101111001100001010101110010101101111100001100100001100100000011010111000011001000010101110011010010000010
100001111111000110111010100000011001110001010101101001000110111000010101110000101010101101010100011000100101111010001001111010000011100101000111001000110010010001101100000110010010001010011100010000011011011100001001101100011110100100100000001010001010011100000000101000110001110010000101011100100000110110110000000010101011101100001111010001010101011100011101011
0110011011101111001101100101000011001100001010100111111010110111110111100000010100001110000100011110001001010110000111101000000101000100100110001110001001001010001001011111001111110101010000110101111111100110011001100001100101110110100000100011010010000010001000101001110001111100011101100110100100010101010000110
1010011100000101000011101111000011100001000110000111001000101001110001011010101000111000101000111001000111111000101001001111001100111000110101101100000101010001
11101010010011100011111000110101011000000010001100100001100101011111000110111001011110010000000000010001101111011111010101101000111001100001100001110010001010011100010110011011101111001101100101000000000011001110001001100100001100101010111000010011011101110100011101111001010110010000111000010
0110011011101110001110011011110010001010010101000100101000101101011110001101001010111111100110000110010111001010110111110011110011001000011001011010101101100001011000110110101011001000100010100000010000000101111010111000011100001000111111010111100010010011000011111110001101110101000000110011100011111001000110011001
0110101011011000010110001000011100110110010000111000110011010110000110101111111010100010010000011000110000001010010010001010011100010100001010110100101101100011100010100011000100101110011001000011001011011001000010010110111000000101001000000100011100001000101011010010110111011110011000011100101000111001000110010010001101100000110011010000001010000100110110001010110100101101110
01010111000010011011101110100011000000110010111111010110111000011100001000110000111111100011011101010000001100111000111110011110001010000001100011000011100011001001101011111110101000100111101010010011100000010001010001011010111100011110001010110101101110011000010001100101000010010000101011010101000001001100011100
1000011111110001101110101000000110011100011111101000000110011011001000101001110100101100100101101100000011101111101000100111101010010011100000010001100001111110001101101010110011001100001010000100011101110010001110011000010101101100000011110010000111001101100111111000000010010010001100001110000100010101011101100
11100100110101011010110000110100111000110101111111001100001000011100110110010000001100101111110101101110000111000010001101001100100010100100101001100110111000010001111010010111000101010110100101010111011000011110111101011000110001110001010110100101010111000010011011101111101000100101000110001010100001001111100001100011100
111001001000000010000010111111111110111100100000001010000010001010010101111011110001101001110110011100110000111111000110110101011001100110000110010111001111110010000001101010001
111010100100111000111101111010110111100011010111010000001010101110010101101010000011010100001101100001011011000001000111111110001010110111000101000011010110000001000000100011000011100001000100000010011011110001010111100111001010110110101000111000110111100101011001000011100001011111010000
000101001110001000000100011100101110010000001100001110101100100000010001110010111001111111100100101000011010100000010001110011011101111111001001010000100011100001111110000000100100100011111101000000101010111011000011111010000100010111000000100101101110111011110011011111
00101000101101011110001010101101011010011000011111100100110110100001001101101010001110011000011000011100100010100111010010110010010110110000001110111100110100100000100010101101001100110101000100101000111001000110100100011011000001100110100010011110100100000101010110010000101001010010101100010111111
0100010110101111000100001110001011111100010010101010000010000011011000110011000011010010000010001000001111100010100000011011110010000011000101010001000100110000111001010001110010001101001000110100100011101010001001111010100100111000101100110111011110011011001010000000000110011100010011001000011001000101001110001111001000101111100011011100110010001110111000011001000011100001000111001110000101000011111000101011010011001101010001001010001110010001101001000110101110100110101000000101010010110011011101110001110011000100001110011011001011001000111011100001100100001110000100010101001111001000101111100011011100011000011100011001001011001100000101011110110111100101000101000000101001
00001010111100101000100101011110011100101011011010111100000001010100000011010011011100110101000010010010001001100101111100011001000011001000101001110001000010101111001010001110111100010010101011001110110101011111100110111100110000111001111110101101111101111000000101000011100001000100000011000010100110010110011111010000
01011111001100000010011100111010110100101101110011000010101011100001001101110001000000110010111111010110111100000001100111000111110010001100100110100111000100000001010110011000101000101000000101001001010000100110110001010110100101101110001100001111111000110111010100000011001110001111100100001101011011
000000100110111100010101111001110010101101101010001110011010000010001000101001010101110010100101010110000101000010111101110111000100110101111101101000001000110100111011001110010100001001111111111000101001011011101010001
010001100011001011001101011011100111111010110111110111100000010100001110000100011110001010111001101001110001111101011000011000010001100100101001010111101111000110100111000001010101011100110100100000100010001010011100010110101010001110001010001110000001111111000101001001111001100111000110101101100000101010001
00000110000100111110001100100001100100010100111000100000010011111000100101111001000101011010010110111000111001011011011010000010001000011110010100011111001100100001100111111010110111110111100000010100110111111001010001001011111001000101001110001000000110010111111010110111100000001100111000100110000111001000101001110
010001110010001101001000111111000001100111110011001000011001000101001110001000000110101110000110010000101011100100001110111001000000001000001111001011011111001100110110010111010110100000011110100100010000010110000111101000000100011001001010001100111010101111110101110001011111010111010000001111010010111011010101111110011010100000011010010000010001000101000101001
111010010111011110011111100010010011100111000010100001111101101011111110100000010000011111001100101011100101000110011110011010101000000101001101111000101010111011000010100011111010001101011101111000101000110001110111000100101011000011110100000010001100100111011110001010110100101101100011110100100100010100111000110100101011111100011100
1010101111000000100100001110011011001000101001110001000000110000110111000111000011111000001011110001110000000001100100001100100000011001011111101011011110000000110011100011010001
01000110001010101110000010001100000000001000010111001111011110000000110011100011111001010101110110000110111100000111000011111000000011001110001111100101001010111101111000110100111011001110011000011111100100110110100001001101101010001110011000011000011100101010110101101001000101001110
1010010101111110001110000111111010110111110111100000010100001110000100011000011111110001101110101000000110011100011111101000100111101010010011101111110001010010101111011110001101111011111010101101000111001100001100001110011000011111100101111001011111110011000010101111001110010101101101011110000000100010101011101100
1111010000110110011000011001000011001100101000011010110101000110001001011111110010101011101100001100101000011001111100110000110101010000001010000100111111111100010100110000110110000001100011011110010000111001101100110000000000100001011100111101111001100001000000110000101001100101100111100110000111001000101001110
00001110001100110101100101000100111101000001110010101011000110010000001100010010111001000110010010000001001011001000000011100011100010100011000100101110011001000011001110000001101010001111000110000111000010001100001111111000110111010100000011001110001111110100000010001010001010010011011110111011100101101101010001100010010111010110110000010
0000000101010000010000100001110000100010101011101100001111110101101111101111000000101000011100001000111100010010101011100001011011110010100010110101111000110000111000110111001011001010111100110011000100011000010010100000100110010001100100001010110101000000000000110000110110000010101000000110011011001000000010101000001000010000111000010
000011101110010000000010101110101110000101011010010100000100110010001100100001010110101010000010011111101000000101010111011000011100110111011100000110111001011110001110000101100100011110001010101111110011000100000011001011111101011011110000000110011100011010000
100001111110001101101010110010000111000010001000101001110001010101100100101000000011000100101110011001000011001000101001110001011010101111111010110010000111001101100100010100110001111001010000101011011010000100111111100010101111100101000101100110101101001010111110010000111001101100101010110110000000100111000000110011100011010001001111010000000000010000100110110001010101110001001000111011100010010111100101101100100001010001110001010110100101100110111011110011011001010000000000110011100011111001111100010101101100011000011100001000110000111001000101001110001011010101000111000101000110110000011001000101001
11100110011100011010110110000010001100001111110001101101010110011000100010100111000110101111111000110010000110011111010100011100110101101100000011101111001010111110011011110000011110101111001111110011000101000010011000011100011111001000011100110110010000101101001011001100001100011100001111110101101111101111000000101111
01010111011000011100110111011100000110111001011110001110000111100100100000001000010101000111010111111001000110010011111010000110110011000010001010011100010100001011100111100110111111111000011100001000101010111011000011011110111001001101101100100001110000100011001000011001111110101101111101111000000100010110001010001010111101001001010110111110111100000010100001110000100011110001010111001101001110001011001100001110101100000010000111110011000010101111100101010010000001100101011111110011001000011001000000010111101011100001110000100011011110011010101000110001110111100110100000100010110101011011000010110111010001111111110001010110111010100000010101111001110010101101101010001110001000000110010111111010110111100000001100111000111110011001000011001000101001110001000001101101011011000101001111100111111010110110000110101111001101111101000100111101000000010011000011111100011011010101100110111100100010100111000101100110000111010110000001000011101010001100010010111
100100001100100010100111000100000011001011111101011011110000000110011100010010110001010001010110100000010001010011100011011110011001010111100000110001001011100101010111011000011000011100011101011010000101111000010101000110001001011100110010000110010001010011100010110001010001010100100011001001101011111010110100101101110
0000111001101100000010100000010101011101100101000000111100100101111110111101011111111001101000001010100000010001010011100011101111000101011010010110110001111010010000001100111000100110010000110011011110011010101000110001110111100010100001001111110000001100010010111001010101110110000111111000010001111011000101011110011100100110110110010000111000010
000110010010000101000111011110011100100000011001011111101011011110000000110011100010011011110000001110001010110001011110000000110011100011111101000100111101010010011010111111010000001111110101101111101111000000101000011100001000101001010111110010001010001010010011111100000000010000110101011011001101001101010001
1001010000010000100111111000000111000100001110101011111100000110001001011111110100011000010010001010011100010110011000011101011000000100001110101000110001001011100110010000110011100000011010100011110001100001110000100011011110011010101000110001110111100010100110011011100001000111101001011100010101011010010101011101100
1110111101011000110001110001010110100101000010011111100000011000100101111010000001111110101111000100100101011111001000101001010100010011010111111100110000100001110011011001000101001110001010000101110011110011011111111001100100001100100000001010100000100001000011100001010100000010101011101100001000101001110
1101111000101011010010110110001111010010000001100111000100110010000110010000000101101111101011111100100011001001111001001011100011011100101101001111001001011111110001101110101111000001100010010111001100110110010001100100110000111011001000111000101000111000101101010101110110000110100110011010101110110001011011100011011111010001
111010010010101101111101111000000101000011100001000101001010111110011010011101100111001010101110011101111111111001110001100001010110100111001101110000000110011100010011000011100100010100111000101100110111011110011011001010000000000110011100010011001000011001000101001110001010011010100000001010111
110011111101110001011100101110000001100111000100100001110011011001111110010010000000101011100000100011110011001110001101011011100011011110010001010010101000100110000001111100110000000000100001001101100010101011111100110001100011110011001000011000111001110010000111001101100001010010001000111001111010001001111010000000100110001111
0101011100110000000000100001101011010100011000111011110001101111000000111000101011000101111000000011001110001001100001110010001010011100010100000110101010111011110000111000010001010101110110000111000000110101101110010101000110001001011100110010000110010111110010110110110100000100011101110111101011000001000100001110011011000000
10010000110011110010010111111100011011101011110000011000100101111010001001111010010010101101111101111000000101000011100001000101000100101111100111011111111110011100011000010101101001010100010010001010011100010110001010100010011100110010000110010100110001111000110011011000001010100000010101011101100001111110010000001100011001000011
0001010011100010000001001111100010011111100000001001111000000011100011100010101110001001111111100100011001110001100000001110001110000101100100011111110010011110111101011100011011110011110010011010101101011000010111110111011110101100101001010111101111000110100111011001110011000000000010000011011100000001100111000111001100
0100010110101111000110000001001011110010001001000011100110110010001010011100011110010010111000110111000101001101010001100010010111001100100001100111111010110111110111100000010100001110000101010001001111010000000111110010100001011100001111110010000100000101011010010000001001011001101011011100110101111111011110010101101111000110000111001000101001110
00001110001100110101100111100110010000110010001101101010111111101000010011011000101010001100010010111101000000110100110101100001101011001000011100001010100000010101010000010000100110110001100010010111000000110011100010011001000011001011010101011101100101000000101010111011000011110010010000000000001010101111000111000101000110001001011111111010001
11101000000010011000111100100000111000101011000000111000101000010111001101001010110100101101110001000101001010100010011111101011011111011110000001010000111000010001010010101011000011000000111110011001101110000000101000011100110000111001010101111110010001100111000100100000110110000100000010010000000110100010011110101001001110
11101000101011110010100010010100011111000000101011010100000010000110000110010000110010000011100111010011010100001110101001010100010011110100010100001000111100101001010001001011111001101001101011000011010001001010110100110011010100010010100011011010001101000000110010000011001001000001111011101001111010000001010001101011101001101110100110001000011110110000100101101100101110000100010101011101100001010001100000000001111111010001110001000011110110000100101001100000001001001101000100111101000000011111001011111001011011011010000010001010000110101100001111011100000100111110000011100010101010110111100111110111111110010101011101100
011110011011000101001111010001111111001101010001010010011001101110001100111000101010001100010010111001010100001100001110001011000000001000101001110001010101111110010001100111000100100000110110000100000010010000000110000101011111110011110010010000000000000101011101100001100100001100111111010110111110111100000010100001110000101010001
0000011011111011100001100110011111100110001100100001100111111001000000110001000011100110110000000011001000011001101001100110101011101100010110110000010001111110101101111101111000000101000011100001000101011111001110010110110110100000100010101111100101000111001000110000000000110010000011001001000001111011101001110010100101011111
10100111011001110010000111001101010111011000011000011100100010100111000100001111010110001100001101110001111011010101101011011100000010111100101010111011000010100000110101011000011111110011001000011001000101001110001111010101000000010101110001111101000000100000110111010101000001001101101010001110111110100000010101011101100001000001111110100001101110
10111000111011110101111111010001001111010011101101010100000100010001010110100101101110000111110011001000011001000101001110001111010010010101000000110101110000101011111110011111010011001010001000110111101110010011011011001111001100100001100101101010101110110000100000011001011111101011011110000000110011100010010101011101100
0100000110101010111111100110010000110011110010000001100011011110010101011101100001011111001011011101001000001000101010000101011100011100101010110100011010110110101011010010101101111001011111101000100100000111101001101010111011000101101100000100011111000110010111110111100100000001011011111010111000011100001000101101010101110110000101000001101100100011111
01001010111101111000110100111011001110010100001011110111111010111110111100110010100010011110101001001110101111000110001111001010100110111100100001011110111111001110001010100011000100101110011001000011001011010101011101100001000000110010111111010110111100000001100111000100110010111001000101001110001010001001010110101101
1001000011001010100100011001000000101001001010100010011110101001001110101001110111100111110100110010100010100001110000100010100111001010110000101010111011000011011110010110110011110001001010110000111000000110011100100000011001011111101011011100001110000100010101
000010101101011000011100001110001100110101100001010001010000001010010010100010010010101000100101010100000100001100101101111110010001100100110100111000101010011011100101000011000101000101000000101001001111010110111100100011111001100110110010000000101101111101011111100101010001001101010111100000001110011011000000001100001110001110101111101101010110111111010001
11101010010011101011110001100011110011111100100000011000111011101110000110011001111110011000100010100101010001001100001110010101011000110010000001100010010111001000110010010101001000000010110111110101111001100001111001001101101100101000000101000101001100101100110011100110111001011001111
010001011010111100011010111111100110000110100100000100010001010011100010000011011000010000001001000000011000010101111111001000011100110110010110010001111000101010111111001100010000001100101111110101101111000000011001110001101000100111101010010011101011110001100011110010111100100110111101110010011011011000011001000011
0101011100000100010101011100001001101110111010001100000011001011111101011011100001110000100011000011111110001101110101000000110011100011111101000000110100110101000100100010100111010111100010100010010111110010101001011011101110111100110100111100100101111111100011110001100001110000100011001000011001010100111101111010110001100011100010101101
0100010100110010110011001110010000011101111010001100001110110101000000110001010001010000001010010010101001010000011011010100000010100100110100110011010010011111101010100000100001001101100011100110000101010001001000101001110001010000110010111101011001100100001100100010100111000100000111010011111100100100010100101010001001100000011111
11100100110110110000101001101010111000010001010000010111110001001010101110011000011101100100011100010100011001101110100000011001101100110000111011001100000011010101000000110010111001000101001110001010011001101110000100011110100101110001010101101001101001010110111010001001111010100100111000110000111011001100000011010001111001001101010110101100
101001110001010000101110010100001101011011010000010001010000011010101111001100110000110100100000100011111000101010111011001000011100001000100010100111000101100110111011100011100110001100101110010001010001010010011111101010100000100001001101100011111001010100010010101010000010000101110010000011010100000000001010001110011010000010
000101001110001111101010000001100011100110111011101101010001100010010111101000000100000001011011111010111000011100001000100010100111000101000010011111100000011000100101110011001000011001000101001110001111001001101101100101000000110111101110111101011111110000111000010001000101001110001000001110110100000010101011101100
0000000101111010111000011100001000101010011111100000000010000110101011011001000000010110111110101110100010010000011100110010101101000011010001001010000010001101001110000101000101101100111001000101001110001000101000101001001000000010110111110101111110010100010100110101011010110000110100111000100010100111000111100100110111011110111000001
01000001101010111100110001000011100110110010001010011100011000011101100110000001101010100010011110101001001101011111101000000101000101000000101001001000101001110100010110011111100000000001000001101110001011001101110111000111001101111101000000100010100111000101010111111001000110011100010010000011011000010000001001000000011000010101111111
01000101101011110001010110100101101110001000110010010000001100101111110101101111000101101010101110110000101011011110010111111010000001101111001000001101010111100110001010000101110010100001101011000100000100011110010011011011111010111111001011011001111100010010100010010011100111001000101001110001000001111110100001101110
1110010011110111101011110011000010001010011100010000000101101111101011110101111110010100010100000010100100111111000011010001001011001010110111000011100001000100001101101100110010110011111010000001010101110110000110100110101100001101011000010001010011100010100110101000010110001010000000001010110101000000100001100111100100011001
110000001101001011110000010010110010000000001100111111110001001011111111010001
1110101001001110001111010001010111101101110101111110011010111111100110000101010010000111001101100000000110010000110010110110010000100010110110000111110001000011100110110011011110111001001101101100100001110000100010001010011100010110010001111000101010111111001101111001101110101011100100001110111001000000
010000100110000111000100100011001001010000100110000111000100101010110110010111000010001000101001110001111001001010111110001001010001001001100001101110001000000010111101011100001110000100010001010011101000101100111110110110010100010001111011100100000100101000010110111100100001110111001000000001000101001110001111010000011101100101011111
00011001001000101001110001010001111101101011111110000101011100111101000101010101101000011001010110100110011010100010010000011100101010001101111101001100010000011110111010011110100010011110101001001110001000000010100001001111100001100011100001111001001000000010000010111111111001010001001011111001101001101110011010100001001001000100100011001001000101001110
00000110001110111100010011010010000010001000001110110110101101001001000110110101011001101011111100110000111001000101001110001010001110010001101100010100100111100110011100011010110110000010001000001110101000110011101000100111101010010011100010101111100011011100101101010110100111000101000100101111100110000111000110111001011001010111100110011000011010010000010
000101001110001111010001010111101101110101111110011000011100100010100111000101000110110111011000011110011001110001101011011000001000100000111101110100111101000100100000111010111001100001111111000110111010100000011001110001001000011100110110010000001100101111110101101110000111000010001000101001110001010101101000110000001101010110011011110011001000011
1111000101011011111110100000011001101100100010100111010001011001010101110000100110111000110010000110011100110111011101101010001100010010111001010110100110011110111100010001010011100010100110011011100001000111101001011110100000010001100110011110101100100010100111000100001110011011000000001100100001100101010010000101011010101100101010101000111001100
010110111110000111111010111110100001100111011001100110000100001110111001000000001010100101001010101110110011101000110100111001101011000011110010011011011001010001001000001110100101000010001110111001000111001100001010000100110000111000111010110010001010010101000100100000010011110111100110000110011110111101011001000101001110
00001010110101011001010101010001100010010111111100101000100101111100101000010011000011100011100110000101010001001000101001110001111100010101101110100010011110101001001110001100001111111000110111010100000011001110001001010001001011111001011110010001001101011111110011000010000111001101100101110101101010001100011100010101101
111110101101111101111000000101000011100001000100001110011011001111111011101111010110101011010011110011001110001101011011100011011111010000001101111000000001011000011110000111000010001010100111111110010001100111000110000000111000111000010101100001100001100101110110100000101010001
1110101001001110001111010001010111101101110101111110010101011011111100100101000010011111111110001010010110100000100011001101110000000101000011101010001110011000010001010011100011010111111100011001000011001000101001110001000010101110010000000101101000000101010010110011011101110001110011000110101111111001100
00011001001110111100010101101001011011000111101001001101110000000100100100010010101011100001001101110111110100000011010011010100010010000011000001001000000010101110011111101011011111011110000001010011011111100100000001010110011000110000001001010100111110001010101110110001011011011000010001100110010110110100010011110100000001001010001001011111
000000010101100110001100100001100101010010100110011011100001000111101001011100010101011010010100010100110010110011001110011110010111001111111110010100001000111011100100011100110000101010001001000101001110001000000100001100011000110111000101010111011000011111101010100000100001001101100011100110000100001110111001000000
010110100110011110111101010001001111010010111011100100000000100010100111000111001110110000110010000110011100101111000100100110010000110010001010011100010000111001101011011001010110110000001111001010011010101110000100010101001010000011011010100000010100100110100110011010011010001001000001111000000100011111100000001001001000110000111000010
0101011011001011100001000111001011110001001001010000010110001011001100100001100101000001101101010000001010010011010011001101001001111001001101101100111100110000111001000110101101101111010000001000101001110001101110000000100100100010010101011100001001101110001111001001101010110101100001101001110001110111100010101101001011011000111101001110011001010001
111010100100111000101100110111011100011100110001111001001101010110101100001101001110001010101100111010010101010111110001110011000010001100100101010010100001011110111001000111111000110111000000010010010001001010101110000100110111000110100100000100011001101001111111010111110111000011100001000100010100111000111110101000000110
0101011100001001101110001010100001100011101011001000110101101101111000011100001000100010100111000101100110111011100011100110001010101000001000010111001000001101010000000000101000111001101000001000101000111111000001100110100010010000011110000001000111110100110000000110001100001110000100011001011111000110010000110010001010011100011110010011011011001111
0001100100100010101111010111100011010101000000101001010101101000011001000101001110001110101110111001101110100000010101001010000110101100001111011100000100101010111000010011011100010100010100110101011010110000110111101111101010110100011010001
0000011101101001100110101000100101000111011101001100010000011110111010011100100010100111000100000110000010010000000101011100101011011111000100110000001110111000001001010101110110000111001110000101000011111011010110010000011100100100000011011101011110111000101011111001000000100110101011100011100110000101010010110101011011000010110
0100010010011101100110100110010000110011110101101111001010001001110011110010001011111001010100000000001111010111100111111001100011000011100101010011111000000010101101011010010000111011010100000011010100000011000011100100000010101111000100100100010100111000111110101000000110001000011010111110100110001001011100101011111
0001010011100010100010010011101100110100110001111001000000100110101011100011100110000110010111001010100101000100100111011001101101001010110111011100101000100000011111010010100010010011100111001100000010010100010010111110010100001010111110100111001100001010101101100101110000100010001010011100010000101011100110101011101100
10100100000100010100101010111011000011000000100101011010100011001000000010100011000111000101011010110100000100010110010111001010000010000110011000010101001010000110101001101001011011100011000011100011001001010100111100100101110001010110000111110101100101010001001110010111100010010011011110111011100101101101010001100010010111000001111101
0000101000111011100001110000100010101001000000110010111111010110111100011001000011001000101001110001011001000111100010101011111100110001000110110101111011110011011100110010100010011110100000001001010001001011111101000000110000111001110000011000011110111000001101000000100010100111000100001110001011111100010011001011001001000000110000111010111010001
1110101001001110001010001001010001110101100101101110111011110011010011110010010111111110001111000111001100001100100001100111010000001010011101011001010100100011011100110101000010010010011001101100101010010001101011010011100010001101011011011111001100001101010100000100010010110110110000101010001
000101001110001110011101100111100101010111011000010000111000011010110111001100001010001010000001010010010100010010100011101011101000100100000111010001001110010111100010010011100111011000010001010011101011110001010001001011111001010100111111000000010010010001001000000010101100110001100100001100111100101110011111111111001100
01001100110111000010001111010010111000101010110100101010111011000011110111101011000110001110001010110100111110110110000001111110100010010000011000101001110011100100010100111011111100010100010110101111000101101100001111100110000110101010000001111010010101010111110001001010110100110011110111100010001010011100010100010010100011101011
011011101110111100110110100000010001010011100011111100000001001001000111110010110011000011101011000000100001111100110000101010010110111011101111001101001011011000011111000101011110011100101011011010100011100011100111100110101000010010010010001100100111011110001010110100101101100011110100100100010100111000100001010110101011001101111
100100001100100010100111000110111001000000010101110010101000001110001010111001100101011110000011111101000100111101000001110010110101010000010100001110000100011001101010001001000101001110100010110010000101011110010100010011011100101010110000111110000010111100011100000001010000001000101001110001000001100000100100000001010111111100101011011110
111101011000011000010001100100101001010111101111000110101111111001100001000101001110001010000011010101011111000100010101101001011011101010001001111010000000100111100100101111111100011110001111100110010000110010101001011001011010101000101000011100001000110100110010101101101100001000000100110101011100011100110000110010111
01010010001101110000100001001011000011001101100110010001010011101011001111100010101101001011011100011111101010100000100001001101100010010101011101100001100100001100101010011111000110110101100000001001001000111001100000010110001101011111101010101011010110100000100010100010100000010100100111111000000010010010001111100100001110011011
01011110011100101011011010100011100010101100000000000100011001001000101001110001100110100111101001010110111000001111100100011001001101001110001000000010101000001000011001100001010101101100101110000100010100010010011000111000100100101101100001111101111
010110111100010110010110101010001001111010001001111010000000100101000100101111100100010100111000100001110001011111100010010110011011101110001110011000111100010101000001011010010110111000110010000110011011110111001001101101100100001110000100011001101100111011110001010110100101101100011110100110000111000010001010101110000100110111011111010001
00000110000110101000111010110010101011000101010000000101010001100010010111111100110010000110010001010011100010100000110101010111110001000101011010010110111000101001010101100001000000010100001001111100001100011100001111001001000000010000010111111111110111100101010001000101011110001001110011001010001
01000111110011010101011111000100010101101001011011101111001010001011010111100011000011100110101111111000110000111001000001101110101101110010100001100011000011100100010100111000101000111001000110010000101001001111001100111000110101101100000101010000001010101110110000100010100111000101000010111000011111100100001000001101110
1001000011001000010101101010100000100110001110000100011011100001010111000010101010110101010001100010010111001010101110110000110000111000111010111111110111000001100010010111001010001001011111001010000101101011110000011000111001100110000110100100000100011111101011011111011110000001010011011111110100010011110100000111001010001110010001100100100011101110100110
0000011000110000110101101110101001101110011011011000011110100100011111001101011011010000001010100101000110011101010001111000100100100000001010001010011100000000101000110001110010000101011110100000010000001100101111110101101111001100001010101110010101101111100001100100001100100000011010111000011001000010101110011010010000010
100001111111000110111010100000011001110001010101101001000110111000010101110000101010101101010100011000100101111010001001111010000011100101000111001000110010010001101100000110010010001010011100010000011011011100001001101100011110100100100000001010001010011100000000101000110001110010000101011100100000110110110000000010101011101100001111010001010101011100011101011
0110011011101111001101100101000011001100001010100111111010110111110111100000010100001110000100011110001001010110000111101000000101000100100110001110001001001010001001011111001111110101010000110101111111100110011001100001100101110110100000100011010010000010001000101001110001111100011101100110100100010101010000110
1010011100000101000011101111000011100001000110000111001000101001110001011010101000111000101000111001000111111000101001001111001100111000110101101100000101010001
11101010010011100011111000110101011000000010001100100001100101011111000110111001011110010000000000010001101111011111010101101000111001100001100001110010001010011100010110011011101111001101100101000000000011001110001001100100001100101010111000010011011101110100011101111001010110010000111000010
0110011011101110001110011011110010001010010101000100101000101101011110001101001010111111100110000110010111001010110111110011110011001000011001011010101101100001011000110110101011001000100010100000010000000101111010111000011100001000111111010111100010010011000011111110001101110101000000110011100011111001000110011001
0110101011011000010110001000011100110110010000111000110011010110000110101111111010100010010000011000110000001010010010001010011100010100001010110100101101100011100010100011000100101110011001000011001011011001000010010110111000000101001000000100011100001000101011010010110111011110011000011100101000111001000110010010001101100000110011010000001010000100110110001010110100101101110
01010111000010011011101110100011000000110010111111010110111000011100001000110000111111100011011101010000001100111000111110011110001010000001100011000011100011001001101011111110101000100111101010010011100000010001010001011010111100011110001010110101101110011000010001100101000010010000101011010101000001001100011100
1000011111110001101110101000000110011100011111101000000110011011001000101001110100101100100101101100000011101111101000100111101010010011100000010001100001111110001101101010110011001100001010000100011101110010001110011000010101101100000011110010000111001101100111111000000010010010001100001110000100010101011101100
11100100110101011010110000110100111000110101111111001100001000011100110110010000001100101111110101101110000111000010001101001100100010100100101001100110111000010001111010010111000101010110100101010111011000011110111101011000110001110001010110100101010111000010011011101111101000100101000110001010100001001111100001100011100
111001001000000010000010111111111110111100100000001010000010001010010101111011110001101001110110011100110000111111000110110101011001100110000110010111001111110010000001101010001
111010100100111000111101111010110111100011010111010000001010101110010101101010000011010100001101100001011011000001000111111110001010110111000101000011010110000001000000100011000011100001000100000010011011110001010111100111001010110110101000111000110111100101011001000011100001011111010000
000101001110001000000100011100101110010000001100001110101100100000010001110010111001111111100100101000011010100000010001110011011101111111001001010000100011100001111110000000100100100011111101000000101010111011000011111010000100010111000000100101101110111011110011011111
00101000101101011110001010101101011010011000011111100100110110100001001101101010001110011000011000011100100010100111010010110010010110110000001110111100110100100000100010101101001100110101000100101000111001000110100100011011000001100110100010011110100100000101010110010000101001010010101100010111111
0100010110101111000100001110001011111100010010101010000010000011011000110011000011010010000010001000001111100010100000011011110010000011000101010001000100110000111001010001110010001101001000110100100011101010001001111010100100111000101100110111011110011011001010000000000110011100010011001000011001000101001110001111001000101111100011011100110010001110111000011001000011100001000111001110000101000011111000101011010011001101010001001010001110010001101001000110101110100110101000000101010010110011011101110001110011000100001110011011001011001000111011100001100100001110000100010101001111001000101111100011011100011000011100011001001011001100000101011110110111100101000101000000101001
00001010111100101000100101011110011100101011011010111100000001010100000011010011011100110101000010010010001001100101111100011001000011001000101001110001000010101111001010001110111100010010101011001110110101011111100110111100110000111001111110101101111101111000000101000011100001000100000011000010100110010110011111010000
01011111001100000010011100111010110100101101110011000010101011100001001101110001000000110010111111010110111100000001100111000111110010001100100110100111000100000001010110011000101000101000000101001001010000100110110001010110100101101110001100001111111000110111010100000011001110001111100100001101011011
000000100110111100010101111001110010101101101010001110011010000010001000101001010101110010100101010110000101000010111101110111000100110101111101101000001000110100111011001110010100001001111111111000101001011011101010001
010001100011001011001101011011100111111010110111110111100000010100001110000100011110001010111001101001110001111101011000011000010001100100101001010111101111000110100111000001010101011100110100100000100010001010011100010110101010001110001010001110000001111111000101001001111001100111000110101101100000101010001
00000110000100111110001100100001100100010100111000100000010011111000100101111001000101011010010110111000111001011011011010000010001000011110010100011111001100100001100111111010110111110111100000010100110111111001010001001011111001000101001110001000000110010111111010110111100000001100111000100110000111001000101001110
010001110010001101001000111111000001100111110011001000011001000101001110001000000110101110000110010000101011100100001110111001000000001000001111001011011111001100110110010111010110100000011110100100010000010110000111101000000100011001001010001100111010101111110101110001011111010111010000001111010010111011010101111110011010100000011010010000010001000101000101001
111010010111011110011111100010010011100111000010100001111101101011111110100000010000011111001100101011100101000110011110011010101000000101001101111000101010111011000010100011111010001101011101111000101000110001110111000100101011000011110100000010001100100111011110001010110100101101100011110100100100010100111000110100101011111100011100
1010101111000000100100001110011011001000101001110001000000110000110111000111000011111000001011110001110000000001100100001100100000011001011111101011011110000000110011100011010001
01000110001010101110000010001100000000001000010111001111011110000000110011100011111001010101110110000110111100000111000011111000000011001110001111100101001010111101111000110100111011001110011000011111100100110110100001001101101010001110011000011000011100101010110101101001000101001110
1010010101111110001110000111111010110111110111100000010100001110000100011000011111110001101110101000000110011100011111101000100111101010010011101111110001010010101111011110001101111011111010101101000111001100001100001110011000011111100101111001011111110011000010101111001110010101101101011110000000100010101011101100
1111010000110110011000011001000011001100101000011010110101000110001001011111110010101011101100001100101000011001111100110000110101010000001010000100111111111100010100110000110110000001100011011110010000111001101100110000000000100001011100111101111001100001000000110000101001100101100111100110000111001000101001110
00001110001100110101100101000100111101000001110010101011000110010000001100010010111001000110010010000001001011001000000011100011100010100011000100101110011001000011001110000001101010001111000110000111000010001100001111111000110111010100000011001110001111110100000010001010001010010011011110111011100101101101010001100010010111010110110000010
0000000101010000010000100001110000100010101011101100001111110101101111101111000000101000011100001000111100010010101011100001011011110010100010110101111000110000111000110111001011001010111100110011000100011000010010100000100110010001100100001010110101000000000000110000110110000010101000000110011011001000000010101000001000010000111000010
000011101110010000000010101110101110000101011010010100000100110010001100100001010110101010000010011111101000000101010111011000011100110111011100000110111001011110001110000101100100011110001010101111110011000100000011001011111101011011110000000110011100011010000
100001111110001101101010110010000111000010001000101001110001010101100100101000000011000100101110011001000011001000101001110001011010101111111010110010000111001101100100010100110001111001010000101011011010000100111111100010101111100101000101100110101101001010111110010000111001101100101010110110000000100111000000110011100011010001001111010000000000010000100110110001010101110001001000111011100010010111100101101100100001010001110001010110100101100110111011110011011001010000000000110011100011111001111100010101101100011000011100001000110000111001000101001110001011010101000111000101000110110000011001000101001
11100110011100011010110110000010001100001111110001101101010110011000100010100111000110101111111000110010000110011111010100011100110101101100000011101111001010111110011011110000011110101111001111110011000101000010011000011100011111001000011100110110010000101101001011001100001100011100001111110101101111101111000000101111
01010111011000011100110111011100000110111001011110001110000111100100100000001000010101000111010111111001000110010011111010000110110011000010001010011100010100001011100111100110111111111000011100001000101010111011000011011110111001001101101100100001110000100011001000011001111110101101111101111000000100010110001010001010111101001001010110111110111100000010100001110000100011110001010111001101001110001011001100001110101100000010000111110011000010101111100101010010000001100101011111110011001000011001000000010111101011100001110000100011011110011010101000110001110111100110100000100010110101011011000010110111010001111111110001010110111010100000010101111001110010101101101010001110001000000110010111111010110111100000001100111000111110011001000011001000101001110001000001101101011011000101001111100111111010110110000110101111001101111101000100111101000000010011000011111100011011010101100110111100100010100111000101100110000111010110000001000011101010001100010010111
100100001100100010100111000100000011001011111101011011110000000110011100010010110001010001010110100000010001010011100011011110011001010111100000110001001011100101010111011000011000011100011101011010000101111000010101000110001001011100110010000110010001010011100010110001010001010100100011001001101011111010110100101101110
0000111001101100000010100000010101011101100101000000111100100101111110111101011111111001101000001010100000010001010011100011101111000101011010010110110001111010010000001100111000100110010000110011011110011010101000110001110111100010100001001111110000001100010010111001010101110110000111111000010001111011000101011110011100100110110110010000111000010
000110010010000101000111011110011100100000011001011111101011011110000000110011100010011011110000001110001010110001011110000000110011100011111101000100111101010010011010111111010000001111110101101111101111000000101000011100001000101001010111110010001010001010010011111100000000010000110101011011001101001101010001
1001010000010000100111111000000111000100001110101011111100000110001001011111110100011000010010001010011100010110011000011101011000000100001110101000110001001011100110010000110011100000011010100011110001100001110000100011011110011010101000110001110111100010100110011011100001000111101001011100010101011010010101011101100
1110111101011000110001110001010110100101000010011111100000011000100101111010000001111110101111000100100101011111001000101001010100010011010111111100110000100001110011011001000101001110001010000101110011110011011111111001100100001100100000001010100000100001000011100001010100000010101011101100001000101001110
1101111000101011010010110110001111010010000001100111000100110010000110010000000101101111101011111100100011001001111001001011100011011100101101001111001001011111110001101110101111000001100010010111001100110110010001100100110000111011001000111000101000111000101101010101110110000110100110011010101110110001011011100011011111010001
111010010010101101111101111000000101000011100001000101001010111110011010011101100111001010101110011101111111111001110001100001010110100111001101110000000110011100010011000011100100010100111000101100110111011110011011001010000000000110011100010011001000011001000101001110001010011010100000001010111
110011111101110001011100101110000001100111000100100001110011011001111110010010000000101011100000100011110011001110001101011011100011011110010001010010101000100110000001111100110000000000100001001101100010101011111100110001100011110011001000011000111001110010000111001101100001010010001000111001111010001001111010000000100110001111
0101011100110000000000100001101011010100011000111011110001101111000000111000101011000101111000000011001110001001100001110010001010011100010100000110101010111011110000111000010001010101110110000111000000110101101110010101000110001001011100110010000110010111110010110110110100000100011101110111101011000001000100001110011011000000
10010000110011110010010111111100011011101011110000011000100101111010001001111010010010101101111101111000000101000011100001000101000100101111100111011111111110011100011000010101101001010100010010001010011100010110001010100010011100110010000110010100110001111000110011011000001010100000010101011101100001111110010000001100011001000011
0001010011100010000001001111100010011111100000001001111000000011100011100010101110001001111111100100011001110001100000001110001110000101100100011111110010011110111101011100011011110011110010011010101101011000010111110111011110101100101001010111101111000110100111011001110011000000000010000011011100000001100111000111001100
0100010110101111000110000001001011110010001001000011100110110010001010011100011110010010111000110111000101001101010001100010010111001100100001100111111010110111110111100000010100001110000101010001001111010000000111110010100001011100001111110010000100000101011010010000001001011001101011011100110101111111011110010101101111000110000111001000101001110
00001110001100110101100111100110010000110010001101101010111111101000010011011000101010001100010010111101000000110100110101100001101011001000011100001010100000010101010000010000100110110001100010010111000000110011100010011001000011001011010101011101100101000000101010111011000011110010010000000000001010101111000111000101000110001001011111111010001
11101000000010011000111100100000111000101011000000111000101000010111001101001010110100101101110001000101001010100010011111101011011111011110000001010000111000010001010010101011000011000000111110011001101110000000101000011100110000111001010101111110010001100111000100100000110110000100000010010000000110100010011110101001001110
11101000101011110010100010010100011111000000101011010100000010000110000110010000110010000011100111010011010100001110101001010100010011110100010100001000111100101001010001001011111001101001101011000011010001001010110100110011010100010010100011011010001101000000110010000011001001000001111011101001111010000001010001101011101001101110100110001000011110110000100101101100101110000100010101011101100001010001100000000001111111010001110001000011110110000100101001100000001001001101000100111101000000011111001011111001011011011010000010001010000110101100001111011100000100111110000011100010101010110111100111110111111110010101011101100
011110011011000101001111010001111111001101010001010010011001101110001100111000101010001100010010111001010100001100001110001011000000001000101001110001010101111110010001100111000100100000110110000100000010010000000110000101011111110011110010010000000000000101011101100001100100001100111111010110111110111100000010100001110000101010001
0000011011111011100001100110011111100110001100100001100111111001000000110001000011100110110000000011001000011001101001100110101011101100010110110000010001111110101101111101111000000101000011100001000101011111001110010110110110100000100010101111100101000111001000110000000000110010000011001001000001111011101001110010100101011111
10100111011001110010000111001101010111011000011000011100100010100111000100001111010110001100001101110001111011010101101011011100000010111100101010111011000010100000110101011000011111110011001000011001000101001110001111010101000000010101110001111101000000100000110111010101000001001101101010001110111110100000010101011101100001000001111110100001101110
10111000111011110101111111010001001111010011101101010100000100010001010110100101101110000111110011001000011001000101001110001111010010010101000000110101110000101011111110011111010011001010001000110111101110010011011011001111001100100001100101101010101110110000100000011001011111101011011110000000110011100010010101011101100
0100000110101010111111100110010000110011110010000001100011011110010101011101100001011111001011011101001000001000101010000101011100011100101010110100011010110110101011010010101101111001011111101000100100000111101001101010111011000101101100000100011111000110010111110111100100000001011011111010111000011100001000101101010101110110000101000001101100100011111
01001010111101111000110100111011001110010100001011110111111010111110111100110010100010011110101001001110101111000110001111001010100110111100100001011110111111001110001010100011000100101110011001000011001011010101011101100001000000110010111111010110111100000001100111000100110010111001000101001110001010001001010110101101
1001000011001010100100011001000000101001001010100010011110101001001110101001110111100111110100110010100010100001110000100010100111001010110000101010111011000011011110010110110011110001001010110000111000000110011100100000011001011111101011011100001110000100010101
000010101101011000011100001110001100110101100001010001010000001010010010100010010010101000100101010100000100001100101101111110010001100100110100111000101010011011100101000011000101000101000000101001001111010110111100100011111001100110110010000000101101111101011111100101010001001101010111100000001110011011000000001100001110001110101111101101010110111111010001
11101010010011101011110001100011110011111100100000011000111011101110000110011001111110011000100010100101010001001100001110010101011000110010000001100010010111001000110010010101001000000010110111110101111001100001111001001101101100101000000101000101001100101100110011100110111001011001111
010001011010111100011010111111100110000110100100000100010001010011100010000011011000010000001001000000011000010101111111001000011100110110010110010001111000101010111111001100010000001100101111110101101111000000011001110001101000100111101010010011101011110001100011110010111100100110111101110010011011011000011001000011
0101011100000100010101011100001001101110111010001100000011001011111101011011100001110000100011000011111110001101110101000000110011100011111101000000110100110101000100100010100111010111100010100010010111110010101001011011101110111100110100111100100101111111100011110001100001110000100011001000011001010100111101111010110001100011100010101101
0100010100110010110011001110010000011101111010001100001110110101000000110001010001010000001010010010101001010000011011010100000010100100110100110011010010011111101010100000100001001101100011100110000101010001001000101001110001010000110010111101011001100100001100100010100111000100000111010011111100100100010100101010001001100000011111
11100100110110110000101001101010111000010001010000010111110001001010101110011000011101100100011100010100011001101110100000011001101100110000111011001100000011010101000000110010111001000101001110001010011001101110000100011110100101110001010101101001101001010110111010001001111010100100111000110000111011001100000011010001111001001101010110101100
101001110001010000101110010100001101011011010000010001010000011010101111001100110000110100100000100011111000101010111011001000011100001000100010100111000101100110111011100011100110001100101110010001010001010010011111101010100000100001001101100011111001010100010010101010000010000101110010000011010100000000001010001110011010000010
000101001110001111101010000001100011100110111011101101010001100010010111101000000100000001011011111010111000011100001000100010100111000101000010011111100000011000100101110011001000011001000101001110001111001001101101100101000000110111101110111101011111110000111000010001000101001110001000001110110100000010101011101100
0000000101111010111000011100001000101010011111100000000010000110101011011001000000010110111110101110100010010000011100110010101101000011010001001010000010001101001110000101000101101100111001000101001110001000101000101001001000000010110111110101111110010100010100110101011010110000110100111000100010100111000111100100110111011110111000001
01000001101010111100110001000011100110110010001010011100011000011101100110000001101010100010011110101001001101011111101000000101000101000000101001001000101001110100010110011111100000000001000001101110001011001101110111000111001101111101000000100010100111000101010111111001000110011100010010000011011000010000001001000000011000010101111111
01000101101011110001010110100101101110001000110010010000001100101111110101101111000101101010101110110000101011011110010111111010000001101111001000001101010111100110001010000101110010100001101011000100000100011110010011011011111010111111001011011001111100010010100010010011100111001000101001110001000001111110100001101110
1110010011110111101011110011000010001010011100010000000101101111101011110101111110010100010100000010100100111111000011010001001011001010110111000011100001000100001101101100110010110011111010000001010101110110000110100110101100001101011000010001010011100010100110101000010110001010000000001010110101000000100001100111100100011001
110000001101001011110000010010110010000000001100111111110001001011111111010001
1110101001001110001111010001010111101101110101111110011010111111100110000101010010000111001101100000000110010000110010110110010000100010110110000111110001000011100110110011011110111001001101101100100001110000100010001010011100010110010001111000101010111111001101111001101110101011100100001110111001000000
010000100110000111000100100011001001010000100110000111000100101010110110010111000010001000101001110001111001001010111110001001010001001001100001101110001000000010111101011100001110000100010001010011101000101100111110110110010100010001111011100100000100101000010110111100100001110111001000000001000101001110001111010000011101100101011111
00011001001000101001110001010001111101101011111110000101011100111101000101010101101000011001010110100110011010100010010000011100101010001101111101001100010000011110111010011110100010011110101001001110001000000010100001001111100001100011100001111001001000000010000010111111111001010001001011111001101001101110011010100001001001000100100011001001000101001110
00000110001110111100010011010010000010001000001110110110101101001001000110110101011001101011111100110000111001000101001110001010001110010001101100010100100111100110011100011010110110000010001000001110101000110011101000100111101010010011100010101111100011011100101101010110100111000101000100101111100110000111000110111001011001010111100110011000011010010000010
000101001110001111010001010111101101110101111110011000011100100010100111000101000110110111011000011110011001110001101011011000001000100000111101110100111101000100100000111010111001100001111111000110111010100000011001110001001000011100110110010000001100101111110101101110000111000010001000101001110001010101101000110000001101010110011011110011001000011
1111000101011011111110100000011001101100100010100111010001011001010101110000100110111000110010000110011100110111011101101010001100010010111001010110100110011110111100010001010011100010100110011011100001000111101001011110100000010001100110011110101100100010100111000100001110011011000000001100100001100101010010000101011010101100101010101000111001100
010110111110000111111010111110100001100111011001100110000100001110111001000000001010100101001010101110110011101000110100111001101011000011110010011011011001010001001000001110100101000010001110111001000111001100001010000100110000111000111010110010001010010101000100100000010011110111100110000110011110111101011001000101001110
00001010110101011001010101010001100010010111111100101000100101111100101000010011000011100011100110000101010001001000101001110001111100010101101110100010011110101001001110001100001111111000110111010100000011001110001001010001001011111001011110010001001101011111110011000010000111001101100101110101101010001100011100010101101
111110101101111101111000000101000011100001000100001110011011001111111011101111010110101011010011110011001110001101011011100011011111010000001101111000000001011000011110000111000010001010100111111110010001100111000110000000111000111000010101100001100001100101110110100000101010001
1110101001001110001111010001010111101101110101111110010101011011111100100101000010011111111110001010010110100000100011001101110000000101000011101010001110011000010001010011100011010111111100011001000011001000101001110001000010101110010000000101101000000101010010110011011101110001110011000110101111111001100
00011001001110111100010101101001011011000111101001001101110000000100100100010010101011100001001101110111110100000011010011010100010010000011000001001000000010101110011111101011011111011110000001010011011111100100000001010110011000110000001001010100111110001010101110110001011011011000010001100110010110110100010011110100000001001010001001011111
000000010101100110001100100001100101010010100110011011100001000111101001011100010101011010010100010100110010110011001110011110010111001111111110010100001000111011100100011100110000101010001001000101001110001000000100001100011000110111000101010111011000011111101010100000100001001101100011100110000100001110111001000000
010110100110011110111101010001001111010010111011100100000000100010100111000111001110110000110010000110011100101111000100100110010000110010001010011100010000111001101011011001010110110000001111001010011010101110000100010101001010000011011010100000010100100110100110011010011010001001000001111000000100011111100000001001001000110000111000010
0101011011001011100001000111001011110001001001010000010110001011001100100001100101000001101101010000001010010011010011001101001001111001001101101100111100110000111001000110101101101111010000001000101001110001101110000000100100100010010101011100001001101110001111001001101010110101100001101001110001110111100010101101001011011000111101001110011001010001
111010100100111000101100110111011100011100110001111001001101010110101100001101001110001010101100111010010101010111110001110011000010001100100101010010100001011110111001000111111000110111000000010010010001001010101110000100110111000110100100000100011001101001111111010111110111000011100001000100010100111000111110101000000110
0101011100001001101110001010100001100011101011001000110101101101111000011100001000100010100111000101100110111011100011100110001010101000001000010111001000001101010000000000101000111001101000001000101000111111000001100110100010010000011110000001000111110100110000000110001100001110000100011001011111000110010000110010001010011100011110010011011011001111
0001100100100010101111010111100011010101000000101001010101101000011001000101001110001110101110111001101110100000010101001010000110101100001111011100000100101010111000010011011100010100010100110101011010110000110111101111101010110100011010001
0000011101101001100110101000100101000111011101001100010000011110111010011100100010100111000100000110000010010000000101011100101011011111000100110000001110111000001001010101110110000111001110000101000011111011010110010000011100100100000011011101011110111000101011111001000000100110101011100011100110000101010010110101011011000010110
0100010010011101100110100110010000110011110101101111001010001001110011110010001011111001010100000000001111010111100111111001100011000011100101010011111000000010101101011010010000111011010100000011010100000011000011100100000010101111000100100100010100111000111110101000000110001000011010111110100110001001011100101011111
0001010011100010100010010011101100110100110001111001000000100110101011100011100110000110010111001010100101000100100111011001101101001010110111011100101000100000011111010010100010010011100111001100000010010100010010111110010100001010111110100111001100001010101101100101110000100010001010011100010000101011100110101011101100
10100100000100010100101010111011000011000000100101011010100011001000000010100011000111000101011010110100000100010110010111001010000010000110011000010101001010000110101001101001011011100011000011100011001001010100111100100101110001010110000111110101100101010001001110010111100010010011011110111011100101101101010001100010010111000001111101
0000101000111011100001110000100010101001000000110010111111010110111100011001000011001000101001110001011001000111100010101011111100110001000110110101111011110011011100110010100010011110100000001001010001001011111101000000110000111001110000011000011110111000001101000000100010100111000100001110001011111100010011001011001001000000110000111010111010001
1110101001001110001010001001010001110101100101101110111011110011010011110010010111111110001111000111001100001100100001100111010000001010011101011001010100100011011100110101000010010010011001101100101010010001101011010011100010001101011011011111001100001101010100000100010010110110110000101010001
000101001110001110011101100111100101010111011000010000111000011010110111001100001010001010000001010010010100010010100011101011101000100100000111010001001110010111100010010011100111011000010001010011101011110001010001001011111001010100111111000000010010010001001000000010101100110001100100001100111100101110011111111111001100
01001100110111000010001111010010111000101010110100101010111011000011110111101011000110001110001010110100111110110110000001111110100010010000011000101001110011100100010100111011111100010100010110101111000101101100001111100110000110101010000001111010010101010111110001001010110100110011110111100010001010011100010100010010100011101011
011011101110111100110110100000010001010011100011111100000001001001000111110010110011000011101011000000100001111100110000101010010110111011101111001101001011011000011111000101011110011100101011011010100011100011100111100110101000010010010010001100100111011110001010110100101101100011110100100100010100111000100001010110101011001101111
100100001100100010100111000110111001000000010101110010101000001110001010111001100101011110000011111101000100111101000001110010110101010000010100001110000100011001101010001001000101001110100010110010000101011110010100010011011100101010110000111110000010111100011100000001010000001000101001110001000001100000100100000001010111111100101011011110
111101011000011000010001100100101001010111101111000110101111111001100001000101001110001010000011010101011111000100010101101001011011101010001001111010000000100111100100101111111100011110001111100110010000110010101001011001011010101000101000011100001000110100110010101101101100001000000100110101011100011100110000110010111
01010010001101110000100001001011000011001101100110010001010011101011001111100010101101001011011100011111101010100000100001001101100010010101011101100001100100001100101010011111000110110101100000001001001000111001100000010110001101011111101010101011010110100000100010100010100000010100100111111000000010010010001111100100001110011011
01011110011100101011011010100011100010101100000000000100011001001000101001110001100110100111101001010110111000001111100100011001001101001110001000000010101000001000011001100001010101101100101110000100010100010010011000111000100100101101100001111101111
010110111100010110010110101010001001111010001001111010000000100101000100101111100100010100111000100001110001011111100010010110011011101110001110011000111100010101000001011010010110111000110010000110011011110111001001101101100100001110000100011001101100111011110001010110100101101100011110100110000111000010001010101110000100110111011111010001
00000110000110101000111010110010101011000101010000000101010001100010010111111100110010000110010001010011100010100000110101010111110001000101011010010110111000101001010101100001000000010100001001111100001100011100001111001001000000010000010111111111110111100101010001000101011110001001110011001010001
01000111110011010101011111000100010101101001011011101111001010001011010111100011000011100110101111111000110000111001000001101110101101110010100001100011000011100100010100111000101000111001000110010000101001001111001100111000110101101100000101010000001010101110110000100010100111000101000010111000011111100100001000001101110
1001000011001000010101101010100000100110001110000100011011100001010111000010101010110101010001100010010111001010101110110000110000111000111010111111110111000001100010010111001010001001011111001010000101101011110000011000111001100110000110100100000100011111101011011111011110000001010011011111110100010011110100000111001010001110010001100100100011101110100110
0000011000110000110101101110101001101110011011011000011110100100011111001101011011010000001010100101000110011101010001111000100100100000001010001010011100000000101000110001110010000101011110100000010000001100101111110101101111001100001010101110010101101111100001100100001100100000011010111000011001000010101110011010010000010
100001111111000110111010100000011001110001010101101001000110111000010101110000101010101101010100011000100101111010001001111010000011100101000111001000110010010001101100000110010010001010011100010000011011011100001001101100011110100100100000001010001010011100000000101000110001110010000101011100100000110110110000000010101011101100001111010001010101011100011101011
0110011011101111001101100101000011001100001010100111111010110111110111100000010100001110000100011110001001010110000111101000000101000100100110001110001001001010001001011111001111110101010000110101111111100110011001100001100101110110100000100011010010000010001000101001110001111100011101100110100100010101010000110
1010011100000101000011101111000011100001000110000111001000101001110001011010101000111000101000111001000111111000101001001111001100111000110101101100000101010001
11101010010011100011111000110101011000000010001100100001100101011111000110111001011110010000000000010001101111011111010101101000111001100001100001110010001010011100010110011011101111001101100101000000000011001110001001100100001100101010111000010011011101110100011101111001010110010000111000010
0110011011101110001110011011110010001010010101000100101000101101011110001101001010111111100110000110010111001010110111110011110011001000011001011010101101100001011000110110101011001000100010100000010000000101111010111000011100001000111111010111100010010011000011111110001101110101000000110011100011111001000110011001
0110101011011000010110001000011100110110010000111000110011010110000110101111111010100010010000011000110000001010010010001010011100010100001010110100101101100011100010100011000100101110011001000011001011011001000010010110111000000101001000000100011100001000101011010010110111011110011000011100101000111001000110010010001101100000110011010000001010000100110110001010110100101101110
01010111000010011011101110100011000000110010111111010110111000011100001000110000111111100011011101010000001100111000111110011110001010000001100011000011100011001001101011111110101000100111101010010011100000010001010001011010111100011110001010110101101110011000010001100101000010010000101011010101000001001100011100
1000011111110001101110101000000110011100011111101000000110011011001000101001110100101100100101101100000011101111101000100111101010010011100000010001100001111110001101101010110011001100001010000100011101110010001110011000010101101100000011110010000111001101100111111000000010010010001100001110000100010101011101100
11100100110101011010110000110100111000110101111111001100001000011100110110010000001100101111110101101110000111000010001101001100100010100100101001100110111000010001111010010111000101010110100101010111011000011110111101011000110001110001010110100101010111000010011011101111101000100101000110001010100001001111100001100011100
111001001000000010000010111111111110111100100000001010000010001010010101111011110001101001110110011100110000111111000110110101011001100110000110010111001111110010000001101010001
111010100100111000111101111010110111100011010111010000001010101110010101101010000011010100001101100001011011000001000111111110001010110111000101000011010110000001000000100011000011100001000100000010011011110001010111100111001010110110101000111000110111100101011001000011100001011111010000
000101001110001000000100011100101110010000001100001110101100100000010001110010111001111111100100101000011010100000010001110011011101111111001001010000100011100001111110000000100100100011111101000000101010111011000011111010000100010111000000100101101110111011110011011111
00101000101101011110001010101101011010011000011111100100110110100001001101101010001110011000011000011100100010100111010010110010010110110000001110111100110100100000100010101101001100110101000100101000111001000110100100011011000001100110100010011110100100000101010110010000101001010010101100010111111
0100010110101111000100001110001011111100010010101010000010000011011000110011000011010010000010001000001111100010100000011011110010000011000101010001000100110000111001010001110010001101001000110100100011101010001001111010100100111000101100110111011110011011001010000000000110011100010011001000011001000101001110001111001000101111100011011100110010001110111000011001000011100001000111001110000101000011111000101011010011001101010001001010001110010001101001000110101110100110101000000101010010110011011101110001110011000100001110011011001011001000111011100001100100001110000100010101001111001000101111100011011100011000011100011001001011001100000101011110110111100101000101000000101001
00001010111100101000100101011110011100101011011010111100000001010100000011010011011100110101000010010010001001100101111100011001000011001000101001110001000010101111001010001110111100010010101011001110110101011111100110111100110000111001111110101101111101111000000101000011100001000100000011000010100110010110011111010000
01011111001100000010011100111010110100101101110011000010101011100001001101110001000000110010111111010110111100000001100111000111110010001100100110100111000100000001010110011000101000101000000101001001010000100110110001010110100101101110001100001111111000110111010100000011001110001111100100001101011011
000000100110111100010101111001110010101101101010001110011010000010001000101001010101110010100101010110000101000010111101110111000100110101111101101000001000110100111011001110010100001001111111111000101001011011101010001
010001100011001011001101011011100111111010110111110111100000010100001110000100011110001010111001101001110001111101011000011000010001100100101001010111101111000110100111000001010101011100110100100000100010001010011100010110101010001110001010001110000001111111000101001001111001100111000110101101100000101010001
00000110000100111110001100100001100100010100111000100000010011111000100101111001000101011010010110111000111001011011011010000010001000011110010100011111001100100001100111111010110111110111100000010100110111111001010001001011111001000101001110001000000110010111111010110111100000001100111000100110000111001000101001110
010001110010001101001000111111000001100111110011001000011001000101001110001000000110101110000110010000101011100100001110111001000000001000001111001011011111001100110110010111010110100000011110100100010000010110000111101000000100011001001010001100111010101111110101110001011111010111010000001111010010111011010101111110011010100000011010010000010001000101000101001
111010010111011110011111100010010011100111000010100001111101101011111110100000010000011111001100101011100101000110011110011010101000000101001101111000101010111011000010100011111010001101011101111000101000110001110111000100101011000011110100000010001100100111011110001010110100101101100011110100100100010100111000110100101011111100011100
1010101111000000100100001110011011001000101001110001000000110000110111000111000011111000001011110001110000000001100100001100100000011001011111101011011110000000110011100011010001
01000110001010101110000010001100000000001000010111001111011110000000110011100011111001010101110110000110111100000111000011111000000011001110001111100101001010111101111000110100111011001110011000011111100100110110100001001101101010001110011000011000011100101010110101101001000101001110
1010010101111110001110000111111010110111110111100000010100001110000100011000011111110001101110101000000110011100011111101000100111101010010011101111110001010010101111011110001101111011111010101101000111001100001100001110011000011111100101111001011111110011000010101111001110010101101101011110000000100010101011101100
1111010000110110011000011001000011001100101000011010110101000110001001011111110010101011101100001100101000011001111100110000110101010000001010000100111111111100010100110000110110000001100011011110010000111001101100110000000000100001011100111101111001100001000000110000101001100101100111100110000111001000101001110
00001110001100110101100101000100111101000001110010101011000110010000001100010010111001000110010010000001001011001000000011100011100010100011000100101110011001000011001110000001101010001111000110000111000010001100001111111000110111010100000011001110001111110100000010001010001010010011011110111011100101101101010001100010010111010110110000010
0000000101010000010000100001110000100010101011101100001111110101101111101111000000101000011100001000111100010010101011100001011011110010100010110101111000110000111000110111001011001010111100110011000100011000010010100000100110010001100100001010110101000000000000110000110110000010101000000110011011001000000010101000001000010000111000010
000011101110010000000010101110101110000101011010010100000100110010001100100001010110101010000010011111101000000101010111011000011100110111011100000110111001011110001110000101100100011110001010101111110011000100000011001011111101011011110000000110011100011010000
100001111110001101101010110010000111000010001000101001110001010101100100101000000011000100101110011001000011001000101001110001011010101111111010110010000111001101100100010100110001111001010000101011011010000100111111100010101111100101000101100110101101001010111110010000111001101100101010110110000000100111000000110011100011010001001111010000000000010000100110110001010101110001001000111011100010010111100101101100100001010001110001010110100101100110111011110011011001010000000000110011100011111001111100010101101100011000011100001000110000111001000101001110001011010101000111000101000110110000011001000101001
11100110011100011010110110000010001100001111110001101101010110011000100010100111000110101111111000110010000110011111010100011100110101101100000011101111001010111110011011110000011110101111001111110011000101000010011000011100011111001000011100110110010000101101001011001100001100011100001111110101101111101111000000101111
01010111011000011100110111011100000110111001011110001110000111100100100000001000010101000111010111111001000110010011111010000110110011000010001010011100010100001011100111100110111111111000011100001000101010111011000011011110111001001101101100100001110000100011001000011001111110101101111101111000000100010110001010001010111101001001010110111110111100000010100001110000100011110001010111001101001110001011001100001110101100000010000111110011000010101111100101010010000001100101011111110011001000011001000000010111101011100001110000100011011110011010101000110001110111100110100000100010110101011011000010110111010001111111110001010110111010100000010101111001110010101101101010001110001000000110010111111010110111100000001100111000111110011001000011001000101001110001000001101101011011000101001111100111111010110110000110101111001101111101000100111101000000010011000011111100011011010101100110111100100010100111000101100110000111010110000001000011101010001100010010111
100100001100100010100111000100000011001011111101011011110000000110011100010010110001010001010110100000010001010011100011011110011001010111100000110001001011100101010111011000011000011100011101011010000101111000010101000110001001011100110010000110010001010011100010110001010001010100100011001001101011111010110100101101110
0000111001101100000010100000010101011101100101000000111100100101111110111101011111111001101000001010100000010001010011100011101111000101011010010110110001111010010000001100111000100110010000110011011110011010101000110001110111100010100001001111110000001100010010111001010101110110000111111000010001111011000101011110011100100110110110010000111000010
000110010010000101000111011110011100100000011001011111101011011110000000110011100010011011110000001110001010110001011110000000110011100011111101000100111101010010011010111111010000001111110101101111101111000000101000011100001000101001010111110010001010001010010011111100000000010000110101011011001101001101010001
1001010000010000100111111000000111000100001110101011111100000110001001011111110100011000010010001010011100010110011000011101011000000100001110101000110001001011100110010000110011100000011010100011110001100001110000100011011110011010101000110001110111100010100110011011100001000111101001011100010101011010010101011101100
1110111101011000110001110001010110100101000010011111100000011000100101111010000001111110101111000100100101011111001000101001010100010011010111111100110000100001110011011001000101001110001010000101110011110011011111111001100100001100100000001010100000100001000011100001010100000010101011101100001000101001110
1101111000101011010010110110001111010010000001100111000100110010000110010000000101101111101011111100100011001001111001001011100011011100101101001111001001011111110001101110101111000001100010010111001100110110010001100100110000111011001000111000101000111000101101010101110110000110100110011010101110110001011011100011011111010001
111010010010101101111101111000000101000011100001000101001010111110011010011101100111001010101110011101111111111001110001100001010110100111001101110000000110011100010011000011100100010100111000101100110111011110011011001010000000000110011100010011001000011001000101001110001010011010100000001010111
110011111101110001011100101110000001100111000100100001110011011001111110010010000000101011100000100011110011001110001101011011100011011110010001010010101000100110000001111100110000000000100001001101100010101011111100110001100011110011001000011000111001110010000111001101100001010010001000111001111010001001111010000000100110001111
0101011100110000000000100001101011010100011000111011110001101111000000111000101011000101111000000011001110001001100001110010001010011100010100000110101010111011110000111000010001010101110110000111000000110101101110010101000110001001011100110010000110010111110010110110110100000100011101110111101011000001000100001110011011000000
10010000110011110010010111111100011011101011110000011000100101111010001001111010010010101101111101111000000101000011100001000101000100101111100111011111111110011100011000010101101001010100010010001010011100010110001010100010011100110010000110010100110001111000110011011000001010100000010101011101100001111110010000001100011001000011
0001010011100010000001001111100010011111100000001001111000000011100011100010101110001001111111100100011001110001100000001110001110000101100100011111110010011110111101011100011011110011110010011010101101011000010111110111011110101100101001010111101111000110100111011001110011000000000010000011011100000001100111000111001100
0100010110101111000110000001001011110010001001000011100110110010001010011100011110010010111000110111000101001101010001100010010111001100100001100111111010110111110111100000010100001110000101010001001111010000000111110010100001011100001111110010000100000101011010010000001001011001101011011100110101111111011110010101101111000110000111001000101001110
00001110001100110101100111100110010000110010001101101010111111101000010011011000101010001100010010111101000000110100110101100001101011001000011100001010100000010101010000010000100110110001100010010111000000110011100010011001000011001011010101011101100101000000101010111011000011110010010000000000001010101111000111000101000110001001011111111010001
11101000000010011000111100100000111000101011000000111000101000010111001101001010110100101101110001000101001010100010011111101011011111011110000001010000111000010001010010101011000011000000111110011001101110000000101000011100110000111001010101111110010001100111000100100000110110000100000010010000000110100010011110101001001110
11101000101011110010100010010100011111000000101011010100000010000110000110010000110010000011100111010011010100001110101001010100010011110100010100001000111100101001010001001011111001101001101011000011010001001010110100110011010100010010100011011010001101000000110010000011001001000001111011101001111010000001010001101011101001101110100110001000011110110000100101101100101110000100010101011101100001010001100000000001111111010001110001000011110110000100101001100000001001001101000100111101000000011111001011111001011011011010000010001010000110101100001111011100000100111110000011100010101010110111100111110111111110010101011101100
011110011011000101001111010001111111001101010001010010011001101110001100111000101010001100010010111001010100001100001110001011000000001000101001110001010101111110010001100111000100100000110110000100000010010000000110000101011111110011110010010000000000000101011101100001100100001100111111010110111110111100000010100001110000101010001
0000011011111011100001100110011111100110001100100001100111111001000000110001000011100110110000000011001000011001101001100110101011101100010110110000010001111110101101111101111000000101000011100001000101011111001110010110110110100000100010101111100101000111001000110000000000110010000011001001000001111011101001110010100101011111
10100111011001110010000111001101010111011000011000011100100010100111000100001111010110001100001101110001111011010101101011011100000010111100101010111011000010100000110101011000011111110011001000011001000101001110001111010101000000010101110001111101000000100000110111010101000001001101101010001110111110100000010101011101100001000001111110100001101110
10111000111011110101111111010001001111010011101101010100000100010001010110100101101110000111110011001000011001000101001110001111010010010101000000110101110000101011111110011111010011001010001000110111101110010011011011001111001100100001100101101010101110110000100000011001011111101011011110000000110011100010010101011101100
0100000110101010111111100110010000110011110010000001100011011110010101011101100001011111001011011101001000001000101010000101011100011100101010110100011010110110101011010010101101111001011111101000100100000111101001101010111011000101101100000100011111000110010111110111100100000001011011111010111000011100001000101101010101110110000101000001101100100011111
01001010111101111000110100111011001110010100001011110111111010111110111100110010100010011110101001001110101111000110001111001010100110111100100001011110111111001110001010100011000100101110011001000011001011010101011101100001000000110010111111010110111100000001100111000100110010111001000101001110001010001001010110101101
1001000011001010100100011001000000101001001010100010011110101001001110101001110111100111110100110010100010100001110000100010100111001010110000101010111011000011011110010110110011110001001010110000111000000110011100100000011001011111101011011100001110000100010101
000010101101011000011100001110001100110101100001010001010000001010010010100010010010101000100101010100000100001100101101111110010001100100110100111000101010011011100101000011000101000101000000101001001111010110111100100011111001100110110010000000101101111101011111100101010001001101010111100000001110011011000000001100001110001110101111101101010110111111010001
11101010010011101011110001100011110011111100100000011000111011101110000110011001111110011000100010100101010001001100001110010101011000110010000001100010010111001000110010010101001000000010110111110101111001100001111001001101101100101000000101000101001100101100110011100110111001011001111
010001011010111100011010111111100110000110100100000100010001010011100010000011011000010000001001000000011000010101111111001000011100110110010110010001111000101010111111001100010000001100101111110101101111000000011001110001101000100111101010010011101011110001100011110010111100100110111101110010011011011000011001000011
0101011100000100010101011100001001101110111010001100000011001011111101011011100001110000100011000011111110001101110101000000110011100011111101000000110100110101000100100010100111010111100010100010010111110010101001011011101110111100110100111100100101111111100011110001100001110000100011001000011001010100111101111010110001100011100010101101
0100010100110010110011001110010000011101111010001100001110110101000000110001010001010000001010010010101001010000011011010100000010100100110100110011010010011111101010100000100001001101100011100110000101010001001000101001110001010000110010111101011001100100001100100010100111000100000111010011111100100100010100101010001001100000011111
11100100110110110000101001101010111000010001010000010111110001001010101110011000011101100100011100010100011001101110100000011001101100110000111011001100000011010101000000110010111001000101001110001010011001101110000100011110100101110001010101101001101001010110111010001001111010100100111000110000111011001100000011010001111001001101010110101100
101001110001010000101110010100001101011011010000010001010000011010101111001100110000110100100000100011111000101010111011001000011100001000100010100111000101100110111011100011100110001100101110010001010001010010011111101010100000100001001101100011111001010100010010101010000010000101110010000011010100000000001010001110011010000010
000101001110001111101010000001100011100110111011101101010001100010010111101000000100000001011011111010111000011100001000100010100111000101000010011111100000011000100101110011001000011001000101001110001111001001101101100101000000110111101110111101011111110000111000010001000101001110001000001110110100000010101011101100
0000000101111010111000011100001000101010011111100000000010000110101011011001000000010110111110101110100010010000011100110010101101000011010001001010000010001101001110000101000101101100111001000101001110001000101000101001001000000010110111110101111110010100010100110101011010110000110100111000100010100111000111100100110111011110111000001
01000001101010111100110001000011100110110010001010011100011000011101100110000001101010100010011110101001001101011111101000000101000101000000101001001000101001110100010110011111100000000001000001101110001011001101110111000111001101111101000000100010100111000101010111111001000110011100010010000011011000010000001001000000011000010101111111
01000101101011110001010110100101101110001000110010010000001100101111110101101111000101101010101110110000101011011110010111111010000001101111001000001101010111100110001010000101110010100001101011000100000100011110010011011011111010111111001011011001111100010010100010010011100111001000101001110001000001111110100001101110
1110010011110111101011110011000010001010011100010000000101101111101011110101111110010100010100000010100100111111000011010001001011001010110111000011100001000100001101101100110010110011111010000001010101110110000110100110101100001101011000010001010011100010100110101000010110001010000000001010110101000000100001100111100100011001
110000001101001011110000010010110010000000001100111111110001001011111111010001
1110101001001110001111010001010111101101110101111110011010111111100110000101010010000111001101100000000110010000110010110110010000100010110110000111110001000011100110110011011110111001001101101100100001110000100010001010011100010110010001111000101010111111001101111001101110101011100100001110111001000000
010000100110000111000100100011001001010000100110000111000100101010110110010111000010001000101001110001111001001010111110001001010001001001100001101110001000000010111101011100001110000100010001010011101000101100111110110110010100010001111011100100000100101000010110111100100001110111001000000001000101001110001111010000011101100101011111
00011001001000101001110001010001111101101011111110000101011100111101000101010101101000011001010110100110011010100010010000011100101010001101111101001100010000011110111010011110100010011110101001001110001000000010100001001111100001100011100001111001001000000010000010111111111001010001001011111001101001101110011010100001001001000100100011001001000101001110
00000110001110111100010011010010000010001000001110110110101101001001000110110101011001101011111100110000111001000101001110001010001110010001101100010100100111100110011100011010110110000010001000001110101000110011101000100111101010010011100010101111100011011100101101010110100111000101000100101111100110000111000110111001011001010111100110011000011010010000010
000101001110001111010001010111101101110101111110011000011100100010100111000101000110110111011000011110011001110001101011011000001000100000111101110100111101000100100000111010111001100001111111000110111010100000011001110001001000011100110110010000001100101111110101101110000111000010001000101001110001010101101000110000001101010110011011110011001000011
1111000101011011111110100000011001101100100010100111010001011001010101110000100110111000110010000110011100110111011101101010001100010010111001010110100110011110111100010001010011100010100110011011100001000111101001011110100000010001100110011110101100100010100111000100001110011011000000001100100001100101010010000101011010101100101010101000111001100
010110111110000111111010111110100001100111011001100110000100001110111001000000001010100101001010101110110011101000110100111001101011000011110010011011011001010001001000001110100101000010001110111001000111001100001010000100110000111000111010110010001010010101000100100000010011110111100110000110011110111101011001000101001110
00001010110101011001010101010001100010010111111100101000100101111100101000010011000011100011100110000101010001001000101001110001111100010101101110100010011110101001001110001100001111111000110111010100000011001110001001010001001011111001011110010001001101011111110011000010000111001101100101110101101010001100011100010101101
111110101101111101111000000101000011100001000100001110011011001111111011101111010110101011010011110011001110001101011011100011011111010000001101111000000001011000011110000111000010001010100111111110010001100111000110000000111000111000010101100001100001100101110110100000101010001
1110101001001110001111010001010111101101110101111110010101011011111100100101000010011111111110001010010110100000100011001101110000000101000011101010001110011000010001010011100011010111111100011001000011001000101001110001000010101110010000000101101000000101010010110011011101110001110011000110101111111001100
00011001001110111100010101101001011011000111101001001101110000000100100100010010101011100001001101110111110100000011010011010100010010000011000001001000000010101110011111101011011111011110000001010011011111100100000001010110011000110000001001010100111110001010101110110001011011011000010001100110010110110100010011110100000001001010001001011111
000000010101100110001100100001100101010010100110011011100001000111101001011100010101011010010100010100110010110011001110011110010111001111111110010100001000111011100100011100110000101010001001000101001110001000000100001100011000110111000101010111011000011111101010100000100001001101100011100110000100001110111001000000
010110100110011110111101010001001111010010111011100100000000100010100111000111001110110000110010000110011100101111000100100110010000110010001010011100010000111001101011011001010110110000001111001010011010101110000100010101001010000011011010100000010100100110100110011010011010001001000001111000000100011111100000001001001000110000111000010
0101011011001011100001000111001011110001001001010000010110001011001100100001100101000001101101010000001010010011010011001101001001111001001101101100111100110000111001000110101101101111010000001000101001110001101110000000100100100010010101011100001001101110001111001001101010110101100001101001110001110111100010101101001011011000111101001110011001010001
111010100100111000101100110111011100011100110001111001001101010110101100001101001110001010101100111010010101010111110001110011000010001100100101010010100001011110111001000111111000110111000000010010010001001010101110000100110111000110100100000100011001101001111111010111110111000011100001000100010100111000111110101000000110
0101011100001001101110001010100001100011101011001000110101101101111000011100001000100010100111000101100110111011100011100110001010101000001000010111001000001101010000000000101000111001101000001000101000111111000001100110100010010000011110000001000111110100110000000110001100001110000100011001011111000110010000110010001010011100011110010011011011001111
0001100100100010101111010111100011010101000000101001010101101000011001000101001110001110101110111001101110100000010101001010000110101100001111011100000100101010111000010011011100010100010100110101011010110000110111101111101010110100011010001
0000011101101001100110101000100101000111011101001100010000011110111010011100100010100111000100000110000010010000000101011100101011011111000100110000001110111000001001010101110110000111001110000101000011111011010110010000011100100100000011011101011110111000101011111001000000100110101011100011100110000101010010110101011011000010110
0100010010011101100110100110010000110011110101101111001010001001110011110010001011111001010100000000001111010111100111111001100011000011100101010011111000000010101101011010010000111011010100000011010100000011000011100100000010101111000100100100010100111000111110101000000110001000011010111110100110001001011100101011111
0001010011100010100010010011101100110100110001111001000000100110101011100011100110000110010111001010100101000100100111011001101101001010110111011100101000100000011111010010100010010011100111001100000010010100010010111110010100001010111110100111001100001010101101100101110000100010001010011100010000101011100110101011101100
10100100000100010100101010111011000011000000100101011010100011001000000010100011000111000101011010110100000100010110010111001010000010000110011000010101001010000110101001101001011011100011000011100011001001010100111100100101110001010110000111110101100101010001001110010111100010010011011110111011100101101101010001100010010111000001111101
0000101000111011100001110000100010101001000000110010111111010110111100011001000011001000101001110001011001000111100010101011111100110001000110110101111011110011011100110010100010011110100000001001010001001011111101000000110000111001110000011000011110111000001101000000100010100111000100001110001011111100010011001011001001000000110000111010111010001
1110101001001110001010001001010001110101100101101110111011110011010011110010010111111110001111000111001100001100100001100111010000001010011101011001010100100011011100110101000010010010011001101100101010010001101011010011100010001101011011011111001100001101010100000100010010110110110000101010001
000101001110001110011101100111100101010111011000010000111000011010110111001100001010001010000001010010010100010010100011101011101000100100000111010001001110010111100010010011100111011000010001010011101011110001010001001011111001010100111111000000010010010001001000000010101100110001100100001100111100101110011111111111001100
01001100110111000010001111010010111000101010110100101010111011000011110111101011000110001110001010110100111110110110000001111110100010010000011000101001110011100100010100111011111100010100010110101111000101101100001111100110000110101010000001111010010101010111110001001010110100110011110111100010001010011100010100010010100011101011
011011101110111100110110100000010001010011100011111100000001001001000111110010110011000011101011000000100001111100110000101010010110111011101111001101001011011000011111000101011110011100101011011010100011100011100111100110101000010010010010001100100111011110001010110100101101100011110100100100010100111000100001010110101011001101111
100100001100100010100111000110111001000000010101110010101000001110001010111001100101011110000011111101000100111101000001110010110101010000010100001110000100011001101010001001000101001110100010110010000101011110010100010011011100101010110000111110000010111100011100000001010000001000101001110001000001100000100100000001010111111100101011011110
111101011000011000010001100100101001010111101111000110101111111001100001000101001110001010000011010101011111000100010101101001011011101010001001111010000000100111100100101111111100011110001111100110010000110010101001011001011010101000101000011100001000110100110010101101101100001000000100110101011100011100110000110010111
01010010001101110000100001001011000011001101100110010001010011101011001111100010101101001011011100011111101010100000100001001101100010010101011101100001100100001100101010011111000110110101100000001001001000111001100000010110001101011111101010101011010110100000100010100010100000010100100111111000000010010010001111100100001110011011
01011110011100101011011010100011100010101100000000000100011001001000101001110001100110100111101001010110111000001111100100011001001101001110001000000010101000001000011001100001010101101100101110000100010100010010011000111000100100101101100001111101111
010110111100010110010110101010001001111010001001111010000000100101000100101111100100010100111000100001110001011111100010010110011011101110001110011000111100010101000001011010010110111000110010000110011011110111001001101101100100001110000100011001101100111011110001010110100101101100011110100110000111000010001010101110000100110111011111010001
00000110000110101000111010110010101011000101010000000101010001100010010111111100110010000110010001010011100010100000110101010111110001000101011010010110111000101001010101100001000000010100001001111100001100011100001111001001000000010000010111111111110111100101010001000101011110001001110011001010001
01000111110011010101011111000100010101101001011011101111001010001011010111100011000011100110101111111000110000111001000001101110101101110010100001100011000011100100010100111000101000111001000110010000101001001111001100111000110101101100000101010000001010101110110000100010100111000101000010111000011111100100001000001101110
1001000011001000010101101010100000100110001110000100011011100001010111000010101010110101010001100010010111001010101110110000110000111000111010111111110111000001100010010111001010001001011111001010000101101011110000011000111001100110000110100100000100011111101011011111011110000001010011011111110100010011110100000111001010001110010001100100100011101110100110
0000011000110000110101101110101001101110011011011000011110100100011111001101011011010000001010100101000110011101010001111000100100100000001010001010011100000000101000110001110010000101011110100000010000001100101111110101101111001100001010101110010101101111100001100100001100100000011010111000011001000010101110011010010000010
100001111111000110111010100000011001110001010101101001000110111000010101110000101010101101010100011000100101111010001001111010000011100101000111001000110010010001101100000110010010001010011100010000011011011100001001101100011110100100100000001010001010011100000000101000110001110010000101011100100000110110110000000010101011101100001111010001010101011100011101011
0110011011101111001101100101000011001100001010100111111010110111110111100000010100001110000100011110001001010110000111101000000101000100100110001110001001001010001001011111001111110101010000110101111111100110011001100001100101110110100000100011010010000010001000101001110001111100011101100110100100010101010000110
1010011100000101000011101111000011100001000110000111001000101001110001011010101000111000101000111001000111111000101001001111001100111000110101101100000101010001
11101010010011100011111000110101011000000010001100100001100101011111000110111001011110010000000000010001101111011111010101101000111001100001100001110010001010011100010110011011101111001101100101000000000011001110001001100100001100101010111000010011011101110100011101111001010110010000111000010
0110011011101110001110011011110010001010010101000100101000101101011110001101001010111111100110000110010111001010110111110011110011001000011001011010101101100001011000110110101011001000100010100000010000000101111010111000011100001000111111010111100010010011000011111110001101110101000000110011100011111001000110011001
0110101011011000010110001000011100110110010000111000110011010110000110101111111010100010010000011000110000001010010010001010011100010100001010110100101101100011100010100011000100101110011001000011001011011001000010010110111000000101001000000100011100001000101011010010110111011110011000011100101000111001000110010010001101100000110011010000001010000100110110001010110100101101110
01010111000010011011101110100011000000110010111111010110111000011100001000110000111111100011011101010000001100111000111110011110001010000001100011000011100011001001101011111110101000100111101010010011100000010001010001011010111100011110001010110101101110011000010001100101000010010000101011010101000001001100011100
1000011111110001101110101000000110011100011111101000000110011011001000101001110100101100100101101100000011101111101000100111101010010011100000010001100001111110001101101010110011001100001010000100011101110010001110011000010101101100000011110010000111001101100111111000000010010010001100001110000100010101011101100
11100100110101011010110000110100111000110101111111001100001000011100110110010000001100101111110101101110000111000010001101001100100010100100101001100110111000010001111010010111000101010110100101010111011000011110111101011000110001110001010110100101010111000010011011101111101000100101000110001010100001001111100001100011100
111001001000000010000010111111111110111100100000001010000010001010010101111011110001101001110110011100110000111111000110110101011001100110000110010111001111110010000001101010001
111010100100111000111101111010110111100011010111010000001010101110010101101010000011010100001101100001011011000001000111111110001010110111000101000011010110000001000000100011000011100001000100000010011011110001010111100111001010110110101000111000110111100101011001000011100001011111010000
000101001110001000000100011100101110010000001100001110101100100000010001110010111001111111100100101000011010100000010001110011011101111111001001010000100011100001111110000000100100100011111101000000101010111011000011111010000100010111000000100101101110111011110011011111
00101000101101011110001010101101011010011000011111100100110110100001001101101010001110011000011000011100100010100111010010110010010110110000001110111100110100100000100010101101001100110101000100101000111001000110100100011011000001100110100010011110100100000101010110010000101001010010101100010111111
0100010110101111000100001110001011111100010010101010000010000011011000110011000011010010000010001000001111100010100000011011110010000011000101010001000100110000111001010001110010001101001000110100100011101010001001111010100100111000101100110111011110011011001010000000000110011100010011001000011001000101001110001111001000101111100011011100110010001110111000011001000011100001000111001110000101000011111000101011010011001101010001001010001110010001101001000110101110100110101000000101010010110011011101110001110011000100001110011011001011001000111011100001100100001110000100010101001111001000101111100011011100011000011100011001001011001100000101011110110111100101000101000000101001
00001010111100101000100101011110011100101011011010111100000001010100000011010011011100110101000010010010001001100101111100011001000011001000101001110001000010101111001010001110111100010010101011001110110101011111100110111100110000111001111110101101111101111000000101000011100001000100000011000010100110010110011111010000
01011111001100000010011100111010110100101101110011000010101011100001001101110001000000110010111111010110111100000001100111000111110010001100100110100111000100000001010110011000101000101000000101001001010000100110110001010110100101101110001100001111111000110111010100000011001110001111100100001101011011
000000100110111100010101111001110010101101101010001110011010000010001000101001010101110010100101010110000101000010111101110111000100110101111101101000001000110100111011001110010100001001111111111000101001011011101010001
010001100011001011001101011011100111111010110111110111100000010100001110000100011110001010111001101001110001111101011000011000010001100100101001010111101111000110100111000001010101011100110100100000100010001010011100010110101010001110001010001110000001111111000101001001111001100111000110101101100000101010001
00000110000100111110001100100001100100010100111000100000010011111000100101111001000101011010010110111000111001011011011010000010001000011110010100011111001100100001100111111010110111110111100000010100110111111001010001001011111001000101001110001000000110010111111010110111100000001100111000100110000111001000101001110
010001110010001101001000111111000001100111110011001000011001000101001110001000000110101110000110010000101011100100001110111001000000001000001111001011011111001100110110010111010110100000011110100100010000010110000111101000000100011001001010001100111010101111110101110001011111010111010000001111010010111011010101111110011010100000011010010000010001000101000101001
111010010111011110011111100010010011100111000010100001111101101011111110100000010000011111001100101011100101000110011110011010101000000101001101111000101010111011000010100011111010001101011101111000101000110001110111000100101011000011110100000010001100100111011110001010110100101101100011110100100100010100111000110100101011111100011100
1010101111000000100100001110011011001000101001110001000000110000110111000111000011111000001011110001110000000001100100001100100000011001011111101011011110000000110011100011010001
01000110001010101110000010001100000000001000010111001111011110000000110011100011111001010101110110000110111100000111000011111000000011001110001111100101001010111101111000110100111011001110011000011111100100110110100001001101101010001110011000011000011100101010110101101001000101001110
1010010101111110001110000111111010110111110111100000010100001110000100011000011111110001101110101000000110011100011111101000100111101010010011101111110001010010101111011110001101111011111010101101000111001100001100001110011000011111100101111001011111110011000010101111001110010101101101011110000000100010101011101100
1111010000110110011000011001000011001100101000011010110101000110001001011111110010101011101100001100101000011001111100110000110101010000001010000100111111111100010100110000110110000001100011011110010000111001101100110000000000100001011100111101111001100001000000110000101001100101100111100110000111001000101001110
00001110001100110101100101000100111101000001110010101011000110010000001100010010111001000110010010000001001011001000000011100011100010100011000100101110011001000011001110000001101010001111000110000111000010001100001111111000110111010100000011001110001111110100000010001010001010010011011110111011100101101101010001100010010111010110110000010
0000000101010000010000100001110000100010101011101100001111110101101111101111000000101000011100001000111100010010101011100001011011110010100010110101111000110000111000110111001011001010111100110011000100011000010010100000100110010001100100001010110101000000000000110000110110000010101000000110011011001000000010101000001000010000111000010
000011101110010000000010101110101110000101011010010100000100110010001100100001010110101010000010011111101000000101010111011000011100110111011100000110111001011110001110000101100100011110001010101111110011000100000011001011111101011011110000000110011100011010000
100001111110001101101010110010000111000010001000101001110001010101100100101000000011000100101110011001000011001000101001110001011010101111111010110010000111001101100100010100110001111001010000101011011010000100111111100010101111100101000101100110101101001010111110010000111001101100101010110110000000100111000000110011100011010001001111010000000000010000100110110001010101110001001000111011100010010111100101101100100001010001110001010110100101100110111011110011011001010000000000110011100011111001111100010101101100011000011100001000110000111001000101001110001011010101000111000101000110110000011001000101001
11100110011100011010110110000010001100001111110001101101010110011000100010100111000110101111111000110010000110011111010100011100110101101100000011101111001010111110011011110000011110101111001111110011000101000010011000011100011111001000011100110110010000101101001011001100001100011100001111110101101111101111000000101111
01010111011000011100110111011100000110111001011110001110000111100100100000001000010101000111010111111001000110010011111010000110110011000010001010011100010100001011100111100110111111111000011100001000101010111011000011011110111001001101101100100001110000100011001000011001111110101101111101111000000100010110001010001010111101001001010110111110111100000010100001110000100011110001010111001101001110001011001100001110101100000010000111110011000010101111100101010010000001100101011111110011001000011001000000010111101011100001110000100011011110011010101000110001110111100110100000100010110101011011000010110111010001111111110001010110111010100000010101111001110010101101101010001110001000000110010111111010110111100000001100111000111110011001000011001000101001110001000001101101011011000101001111100111111010110110000110101111001101111101000100111101000000010011000011111100011011010101100110111100100010100111000101100110000111010110000001000011101010001100010010111
100100001100100010100111000100000011001011111101011011110000000110011100010010110001010001010110100000010001010011100011011110011001010111100000110001001011100101010111011000011000011100011101011010000101111000010101000110001001011100110010000110010001010011100010110001010001010100100011001001101011111010110100101101110
0000111001101100000010100000010101011101100101000000111100100101111110111101011111111001101000001010100000010001010011100011101111000101011010010110110001111010010000001100111000100110010000110011011110011010101000110001110111100010100001001111110000001100010010111001010101110110000111111000010001111011000101011110011100100110110110010000111000010
000110010010000101000111011110011100100000011001011111101011011110000000110011100010011011110000001110001010110001011110000000110011100011111101000100111101010010011010111111010000001111110101101111101111000000101000011100001000101001010111110010001010001010010011111100000000010000110101011011001101001101010001
1001010000010000100111111000000111000100001110101011111100000110001001011111110100011000010010001010011100010110011000011101011000000100001110101000110001001011100110010000110011100000011010100011110001100001110000100011011110011010101000110001110111100010100110011011100001000111101001011100010101011010010101011101100
1110111101011000110001110001010110100101000010011111100000011000100101111010000001111110101111000100100101011111001000101001010100010011010111111100110000100001110011011001000101001110001010000101110011110011011111111001100100001100100000001010100000100001000011100001010100000010101011101100001000101001110
1101111000101011010010110110001111010010000001100111000100110010000110010000000101101111101011111100100011001001111001001011100011011100101101001111001001011111110001101110101111000001100010010111001100110110010001100100110000111011001000111000101000111000101101010101110110000110100110011010101110110001011011100011011111010001
111010010010101101111101111000000101000011100001000101001010111110011010011101100111001010101110011101111111111001110001100001010110100111001101110000000110011100010011000011100100010100111000101100110111011110011011001010000000000110011100010011001000011001000101001110001010011010100000001010111
110011111101110001011100101110000001100111000100100001110011011001111110010010000000101011100000100011110011001110001101011011100011011110010001010010101000100110000001111100110000000000100001001101100010101011111100110001100011110011001000011000111001110010000111001101100001010010001000111001111010001001111010000000100110001111
0101011100110000000000100001101011010100011000111011110001101111000000111000101011000101111000000011001110001001100001110010001010011100010100000110101010111011110000111000010001010101110110000111000000110101101110010101000110001001011100110010000110010111110010110110110100000100011101110111101011000001000100001110011011000000
10010000110011110010010111111100011011101011110000011000100101111010001001111010010010101101111101111000000101000011100001000101000100101111100111011111111110011100011000010101101001010100010010001010011100010110001010100010011100110010000110010100110001111000110011011000001010100000010101011101100001111110010000001100011001000011
0001010011100010000001001111100010011111100000001001111000000011100011100010101110001001111111100100011001110001100000001110001110000101100100011111110010011110111101011100011011110011110010011010101101011000010111110111011110101100101001010111101111000110100111011001110011000000000010000011011100000001100111000111001100
0100010110101111000110000001001011110010001001000011100110110010001010011100011110010010111000110111000101001101010001100010010111001100100001100111111010110111110111100000010100001110000101010001001111010000000111110010100001011100001111110010000100000101011010010000001001011001101011011100110101111111011110010101101111000110000111001000101001110
00001110001100110101100111100110010000110010001101101010111111101000010011011000101010001100010010111101000000110100110101100001101011001000011100001010100000010101010000010000100110110001100010010111000000110011100010011001000011001011010101011101100101000000101010111011000011110010010000000000001010101111000111000101000110001001011111111010001
11101000000010011000111100100000111000101011000000111000101000010111001101001010110100101101110001000101001010100010011111101011011111011110000001010000111000010001010010101011000011000000111110011001101110000000101000011100110000111001010101111110010001100111000100100000110110000100000010010000000110100010011110101001001110
11101000101011110010100010010100011111000000101011010100000010000110000110010000110010000011100111010011010100001110101001010100010011110100010100001000111100101001010001001011111001101001101011000011010001001010110100110011010100010010100011011010001101000000110010000011001001000001111011101001111010000001010001101011101001101110100110001000011110110000100101101100101110000100010101011101100001010001100000000001111111010001110001000011110110000100101001100000001001001101000100111101000000011111001011111001011011011010000010001010000110101100001111011100000100111110000011100010101010110111100111110111111110010101011101100
011110011011000101001111010001111111001101010001010010011001101110001100111000101010001100010010111001010100001100001110001011000000001000101001110001010101111110010001100111000100100000110110000100000010010000000110000101011111110011110010010000000000000101011101100001100100001100111111010110111110111100000010100001110000101010001
0000011011111011100001100110011111100110001100100001100111111001000000110001000011100110110000000011001000011001101001100110101011101100010110110000010001111110101101111101111000000101000011100001000101011111001110010110110110100000100010101111100101000111001000110000000000110010000011001001000001111011101001110010100101011111
10100111011001110010000111001101010111011000011000011100100010100111000100001111010110001100001101110001111011010101101011011100000010111100101010111011000010100000110101011000011111110011001000011001000101001110001111010101000000010101110001111101000000100000110111010101000001001101101010001110111110100000010101011101100001000001111110100001101110
10111000111011110101111111010001001111010011101101010100000100010001010110100101101110000111110011001000011001000101001110001111010010010101000000110101110000101011111110011111010011001010001000110111101110010011011011001111001100100001100101101010101110110000100000011001011111101011011110000000110011100010010101011101100
0100000110101010111111100110010000110011110010000001100011011110010101011101100001011111001011011101001000001000101010000101011100011100101010110100011010110110101011010010101101111001011111101000100100000111101001101010111011000101101100000100011111000110010111110111100100000001011011111010111000011100001000101101010101110110000101000001101100100011111
01001010111101111000110100111011001110010100001011110111111010111110111100110010100010011110101001001110101111000110001111001010100110111100100001011110111111001110001010100011000100101110011001000011001011010101011101100001000000110010111111010110111100000001100111000100110010111001000101001110001010001001010110101101
1001000011001010100100011001000000101001001010100010011110101001001110101001110111100111110100110010100010100001110000100010100111001010110000101010111011000011011110010110110011110001001010110000111000000110011100100000011001011111101011011100001110000100010101
000010101101011000011100001110001100110101100001010001010000001010010010100010010010101000100101010100000100001100101101111110010001100100110100111000101010011011100101000011000101000101000000101001001111010110111100100011111001100110110010000000101101111101011111100101010001001101010111100000001110011011000000001100001110001110101111101101010110111111010001
11101010010011101011110001100011110011111100100000011000111011101110000110011001111110011000100010100101010001001100001110010101011000110010000001100010010111001000110010010101001000000010110111110101111001100001111001001101101100101000000101000101001100101100110011100110111001011001111
010001011010111100011010111111100110000110100100000100010001010011100010000011011000010000001001000000011000010101111111001000011100110110010110010001111000101010111111001100010000001100101111110101101111000000011001110001101000100111101010010011101011110001100011110010111100100110111101110010011011011000011001000011
0101011100000100010101011100001001101110111010001100000011001011111101011011100001110000100011000011111110001101110101000000110011100011111101000000110100110101000100100010100111010111100010100010010111110010101001011011101110111100110100111100100101111111100011110001100001110000100011001000011001010100111101111010110001100011100010101101
0100010100110010110011001110010000011101111010001100001110110101000000110001010001010000001010010010101001010000011011010100000010100100110100110011010010011111101010100000100001001101100011100110000101010001001000101001110001010000110010111101011001100100001100100010100111000100000111010011111100100100010100101010001001100000011111
11100100110110110000101001101010111000010001010000010111110001001010101110011000011101100100011100010100011001101110100000011001101100110000111011001100000011010101000000110010111001000101001110001010011001101110000100011110100101110001010101101001101001010110111010001001111010100100111000110000111011001100000011010001111001001101010110101100
101001110001010000101110010100001101011011010000010001010000011010101111001100110000110100100000100011111000101010111011001000011100001000100010100111000101100110111011100011100110001100101110010001010001010010011111101010100000100001001101100011111001010100010010101010000010000101110010000011010100000000001010001110011010000010
000101001110001111101010000001100011100110111011101101010001100010010111101000000100000001011011111010111000011100001000100010100111000101000010011111100000011000100101110011001000011001000101001110001111001001101101100101000000110111101110111101011111110000111000010001000101001110001000001110110100000010101011101100
0000000101111010111000011100001000101010011111100000000010000110101011011001000000010110111110101110100010010000011100110010101101000011010001001010000010001101001110000101000101101100111001000101001110001000101000101001001000000010110111110101111110010100010100110101011010110000110100111000100010100111000111100100110111011110111000001
01000001101010111100110001000011100110110010001010011100011000011101100110000001101010100010011110101001001101011111101000000101000101000000101001001000101001110100010110011111100000000001000001101110001011001101110111000111001101111101000000100010100111000101010111111001000110011100010010000011011000010000001001000000011000010101111111
01000101101011110001010110100101101110001000110010010000001100101111110101101111000101101010101110110000101011011110010111111010000001101111001000001101010111100110001010000101110010100001101011000100000100011110010011011011111010111111001011011001111100010010100010010011100111001000101001110001000001111110100001101110
1110010011110111101011110011000010001010011100010000000101101111101011110101111110010100010100000010100100111111000011010001001011001010110111000011100001000100001101101100110010110011111010000001010101110110000110100110101100001101011000010001010011100010100110101000010110001010000000001010110101000000100001100111100100011001
110000001101001011110000010010110010000000001100111111110001001011111111010001
1110101001001110001111010001010111101101110101111110011010111111100110000101010010000111001101100000000110010000110010110110010000100010110110000111110001000011100110110011011110111001001101101100100001110000100010001010011100010110010001111000101010111111001101111001101110101011100100001110111001000000
010000100110000111000100100011001001010000100110000111000100101010110110010111000010001000101001110001111001001010111110001001010001001001100001101110001000000010111101011100001110000100010001010011101000101100111110110110010100010001111011100100000100101000010110111100100001110111001000000001000101001110001111010000011101100101011111
00011001001000101001110001010001111101101011111110000101011100111101000101010101101000011001010110100110011010100010010000011100101010001101111101001100010000011110111010011110100010011110101001001110001000000010100001001111100001100011100001111001001000000010000010111111111001010001001011111001101001101110011010100001001001000100100011001001000101001110
00000110001110111100010011010010000010001000001110110110101101001001000110110101011001101011111100110000111001000101001110001010001110010001101100010100100111100110011100011010110110000010001000001110101000110011101000100111101010010011100010101111100011011100101101010110100111000101000100101111100110000111000110111001011001010111100110011000011010010000010
000101001110001111010001010111101101110101111110011000011100100010100111000101000110110111011000011110011001110001101011011000001000100000111101110100111101000100100000111010111001100001111111000110111010100000011001110001001000011100110110010000001100101111110101101110000111000010001000101001110001010101101000110000001101010110011011110011001000011
1111000101011011111110100000011001101100100010100111010001011001010101110000100110111000110010000110011100110111011101101010001100010010111001010110100110011110111100010001010011100010100110011011100001000111101001011110100000010001100110011110101100100010100111000100001110011011000000001100100001100101010010000101011010101100101010101000111001100
010110111110000111111010111110100001100111011001100110000100001110111001000000001010100101001010101110110011101000110100111001101011000011110010011011011001010001001000001110100101000010001110111001000111001100001010000100110000111000111010110010001010010101000100100000010011110111100110000110011110111101011001000101001110
00001010110101011001010101010001100010010111111100101000100101111100101000010011000011100011100110000101010001001000101001110001111100010101101110100010011110101001001110001100001111111000110111010100000011001110001001010001001011111001011110010001001101011111110011000010000111001101100101110101101010001100011100010101101
111110101101111101111000000101000011100001000100001110011011001111111011101111010110101011010011110011001110001101011011100011011111010000001101111000000001011000011110000111000010001010100111111110010001100111000110000000111000111000010101100001100001100101110110100000101010001
1110101001001110001111010001010111101101110101111110010101011011111100100101000010011111111110001010010110100000100011001101110000000101000011101010001110011000010001010011100011010111111100011001000011001000101001110001000010101110010000000101101000000101010010110011011101110001110011000110101111111001100
00011001001110111100010101101001011011000111101001001101110000000100100100010010101011100001001101110111110100000011010011010100010010000011000001001000000010101110011111101011011111011110000001010011011111100100000001010110011000110000001001010100111110001010101110110001011011011000010001100110010110110100010011110100000001001010001001011111
000000010101100110001100100001100101010010100110011011100001000111101001011100010101011010010100010100110010110011001110011110010111001111111110010100001000111011100100011100110000101010001001000101001110001000000100001100011000110111000101010111011000011111101010100000100001001101100011100110000100001110111001000000
010110100110011110111101010001001111010010111011100100000000100010100111000111001110110000110010000110011100101111000100100110010000110010001010011100010000111001101011011001010110110000001111001010011010101110000100010101001010000011011010100000010100100110100110011010011010001001000001111000000100011111100000001001001000110000111000010
0101011011001011100001000111001011110001001001010000010110001011001100100001100101000001101101010000001010010011010011001101001001111001001101101100111100110000111001000110101101101111010000001000101001110001101110000000100100100010010101011100001001101110001111001001101010110101100001101001110001110111100010101101001011011000111101001110011001010001
111010100100111000101100110111011100011100110001111001001101010110101100001101001110001010101100111010010101010111110001110011000010001100100101010010100001011110111001000111111000110111000000010010010001001010101110000100110111000110100100000100011001101001111111010111110111000011100001000100010100111000111110101000000110
0101011100001001101110001010100001100011101011001000110101101101111000011100001000100010100111000101100110111011100011100110001010101000001000010111001000001101010000000000101000111001101000001000101000111111000001100110100010010000011110000001000111110100110000000110001100001110000100011001011111000110010000110010001010011100011110010011011011001111
0001100100100010101111010111100011010101000000101001010101101000011001000101001110001110101110111001101110100000010101001010000110101100001111011100000100101010111000010011011100010100010100110101011010110000110111101111101010110100011010001
0000011101101001100110101000100101000111011101001100010000011110111010011100100010100111000100000110000010010000000101011100101011011111000100110000001110111000001001010101110110000111001110000101000011111011010110010000011100100100000011011101011110111000101011111001000000100110101011100011100110000101010010110101011011000010110
0100010010011101100110100110010000110011110101101111001010001001110011110010001011111001010100000000001111010111100111111001100011000011100101010011111000000010101101011010010000111011010100000011010100000011000011100100000010101111000100100100010100111000111110101000000110001000011010111110100110001001011100101011111
0001010011100010100010010011101100110100110001111001000000100110101011100011100110000110010111001010100101000100100111011001101101001010110111011100101000100000011111010010100010010011100111001100000010010100010010111110010100001010111110100111001100001010101101100101110000100010001010011100010000101011100110101011101100
10100100000100010100101010111011000011000000100101011010100011001000000010100011000111000101011010110100000100010110010111001010000010000110011000010101001010000110101001101001011011100011000011100011001001010100111100100101110001010110000111110101100101010001001110010111100010010011011110111011100101101101010001100010010111000001111101
0000101000111011100001110000100010101001000000110010111111010110111100011001000011001000101001110001011001000111100010101011111100110001000110110101111011110011011100110010100010011110100000001001010001001011111101000000110000111001110000011000011110111000001101000000100010100111000100001110001011111100010011001011001001000000110000111010111010001
1110101001001110001010001001010001110101100101101110111011110011010011110010010111111110001111000111001100001100100001100111010000001010011101011001010100100011011100110101000010010010011001101100101010010001101011010011100010001101011011011111001100001101010100000100010010110110110000101010001
000101001110001110011101100111100101010111011000010000111000011010110111001100001010001010000001010010010100010010100011101011101000100100000111010001001110010111100010010011100111011000010001010011101011110001010001001011111001010100111111000000010010010001001000000010101100110001100100001100111100101110011111111111001100
01001100110111000010001111010010111000101010110100101010111011000011110111101011000110001110001010110100111110110110000001111110100010010000011000101001110011100100010100111011111100010100010110101111000101101100001111100110000110101010000001111010010101010111110001001010110100110011110111100010001010011100010100010010100011101011
011011101110111100110110100000010001010011100011111100000001001001000111110010110011000011101011000000100001111100110000101010010110111011101111001101001011011000011111000101011110011100101011011010100011100011100111100110101000010010010010001100100111011110001010110100101101100011110100100100010100111000100001010110101011001101111
100100001100100010100111000110111001000000010101110010101000001110001010111001100101011110000011111101000100111101000001110010110101010000010100001110000100011001101010001001000101001110100010110010000101011110010100010011011100101010110000111110000010111100011100000001010000001000101001110001000001100000100100000001010111111100101011011110
111101011000011000010001100100101001010111101111000110101111111001100001000101001110001010000011010101011111000100010101101001011011101010001001111010000000100111100100101111111100011110001111100110010000110010101001011001011010101000101000011100001000110100110010101101101100001000000100110101011100011100110000110010111
01010010001101110000100001001011000011001101100110010001010011101011001111100010101101001011011100011111101010100000100001001101100010010101011101100001100100001100101010011111000110110101100000001001001000111001100000010110001101011111101010101011010110100000100010100010100000010100100111111000000010010010001111100100001110011011
01011110011100101011011010100011100010101100000000000100011001001000101001110001100110100111101001010110111000001111100100011001001101001110001000000010101000001000011001100001010101101100101110000100010100010010011000111000100100101101100001111101111
010110111100010110010110101010001001111010001001111010000000100101000100101111100100010100111000100001110001011111100010010110011011101110001110011000111100010101000001011010010110111000110010000110011011110111001001101101100100001110000100011001101100111011110001010110100101101100011110100110000111000010001010101110000100110111011111010001
00000110000110101000111010110010101011000101010000000101010001100010010111111100110010000110010001010011100010100000110101010111110001000101011010010110111000101001010101100001000000010100001001111100001100011100001111001001000000010000010111111111110111100101010001000101011110001001110011001010001
01000111110011010101011111000100010101101001011011101111001010001011010111100011000011100110101111111000110000111001000001101110101101110010100001100011000011100100010100111000101000111001000110010000101001001111001100111000110101101100000101010000001010101110110000100010100111000101000010111000011111100100001000001101110
1001000011001000010101101010100000100110001110000100011011100001010111000010101010110101010001100010010111001010101110110000110000111000111010111111110111000001100010010111001010001001011111001010000101101011110000011000111001100110000110100100000100011111101011011111011110000001010011011111110100010011110100000111001010001110010001100100100011101110100110
0000011000110000110101101110101001101110011011011000011110100100011111001101011011010000001010100101000110011101010001111000100100100000001010001010011100000000101000110001110010000101011110100000010000001100101111110101101111001100001010101110010101101111100001100100001100100000011010111000011001000010101110011010010000010
100001111111000110111010100000011001110001010101101001000110111000010101110000101010101101010100011000100101111010001001111010000011100101000111001000110010010001101100000110010010001010011100010000011011011100001001101100011110100100100000001010001010011100000000101000110001110010000101011100100000110110110000000010101011101100001111010001010101011100011101011
0110011011101111001101100101000011001100001010100111111010110111110111100000010100001110000100011110001001010110000111101000000101000100100110001110001001001010001001011111001111110101010000110101111111100110011001100001100101110110100000100011010010000010001000101001110001111100011101100110100100010101010000110
1010011100000101000011101111000011100001000110000111001000101001110001011010101000111000101000111001000111111000101001001111001100111000110101101100000101010001
11101010010011100011111000110101011000000010001100100001100101011111000110111001011110010000000000010001101111011111010101101000111001100001100001110010001010011100010110011011101111001101100101000000000011001110001001100100001100101010111000010011011101110100011101111001010110010000111000010
0110011011101110001110011011110010001010010101000100101000101101011110001101001010111111100110000110010111001010110111110011110011001000011001011010101101100001011000110110101011001000100010100000010000000101111010111000011100001000111111010111100010010011000011111110001101110101000000110011100011111001000110011001
0110101011011000010110001000011100110110010000111000110011010110000110101111111010100010010000011000110000001010010010001010011100010100001010110100101101100011100010100011000100101110011001000011001011011001000010010110111000000101001000000100011100001000101011010010110111011110011000011100101000111001000110010010001101100000110011010000001010000100110110001010110100101101110
01010111000010011011101110100011000000110010111111010110111000011100001000110000111111100011011101010000001100111000111110011110001010000001100011000011100011001001101011111110101000100111101010010011100000010001010001011010111100011110001010110101101110011000010001100101000010010000101011010101000001001100011100
1000011111110001101110101000000110011100011111101000000110011011001000101001110100101100100101101100000011101111101000100111101010010011100000010001100001111110001101101010110011001100001010000100011101110010001110011000010101101100000011110010000111001101100111111000000010010010001100001110000100010101011101100
11100100110101011010110000110100111000110101111111001100001000011100110110010000001100101111110101101110000111000010001101001100100010100100101001100110111000010001111010010111000101010110100101010111011000011110111101011000110001110001010110100101010111000010011011101111101000100101000110001010100001001111100001100011100
111001001000000010000010111111111110111100100000001010000010001010010101111011110001101001110110011100110000111111000110110101011001100110000110010111001111110010000001101010001
111010100100111000111101111010110111100011010111010000001010101110010101101010000011010100001101100001011011000001000111111110001010110111000101000011010110000001000000100011000011100001000100000010011011110001010111100111001010110110101000111000110111100101011001000011100001011111010000
000101001110001000000100011100101110010000001100001110101100100000010001110010111001111111100100101000011010100000010001110011011101111111001001010000100011100001111110000000100100100011111101000000101010111011000011111010000100010111000000100101101110111011110011011111
00101000101101011110001010101101011010011000011111100100110110100001001101101010001110011000011000011100100010100111010010110010010110110000001110111100110100100000100010101101001100110101000100101000111001000110100100011011000001100110100010011110100100000101010110010000101001010010101100010111111
0100010110101111000100001110001011111100010010101010000010000011011000110011000011010010000010001000001111100010100000011011110010000011000101010001000100110000111001010001110010001101001000110100100011101010001001111010100100111000101100110111011110011011001010000000000110011100010011001000011001000101001110001111001000101111100011011100110010001110111000011001000011100001000111001110000101000011111000101011010011001101010001001010001110010001101001000110101110100110101000000101010010110011011101110001110011000100001110011011001011001000111011100001100100001110000100010101001111001000101111100011011100011000011100011001001011001100000101011110110111100101000101000000101001
00001010111100101000100101011110011100101011011010111100000001010100000011010011011100110101000010010010001001100101111100011001000011001000101001110001000010101111001010001110111100010010101011001110110101011111100110111100110000111001111110101101111101111000000101000011100001000100000011000010100110010110011111010000
01011111001100000010011100111010110100101101110011000010101011100001001101110001000000110010111111010110111100000001100111000111110010001100100110100111000100000001010110011000101000101000000101001001010000100110110001010110100101101110001100001111111000110111010100000011001110001111100100001101011011
000000100110111100010101111001110010101101101010001110011010000010001000101001010101110010100101010110000101000010111101110111000100110101111101101000001000110100111011001110010100001001111111111000101001011011101010001
010001100011001011001101011011100111111010110111110111100000010100001110000100011110001010111001101001110001111101011000011000010001100100101001010111101111000110100111000001010101011100110100100000100010001010011100010110101010001110001010001110000001111111000101001001111001100111000110101101100000101010001
00000110000100111110001100100001100100010100111000100000010011111000100101111001000101011010010110111000111001011011011010000010001000011110010100011111001100100001100111111010110111110111100000010100110111111001010001001011111001000101001110001000000110010111111010110111100000001100111000100110000111001000101001110
010001110010001101001000111111000001100111110011001000011001000101001110001000000110101110000110010000101011100100001110111001000000001000001111001011011111001100110110010111010110100000011110100100010000010110000111101000000100011001001010001100111010101111110101110001011111010111010000001111010010111011010101111110011010100000011010010000010001000101000101001
111010010111011110011111100010010011100111000010100001111101101011111110100000010000011111001100101011100101000110011110011010101000000101001101111000101010111011000010100011111010001101011101111000101000110001110111000100101011000011110100000010001100100111011110001010110100101101100011110100100100010100111000110100101011111100011100
1010101111000000100100001110011011001000101001110001000000110000110111000111000011111000001011110001110000000001100100001100100000011001011111101011011110000000110011100011010001
01000110001010101110000010001100000000001000010111001111011110000000110011100011111001010101110110000110111100000111000011111000000011001110001111100101001010111101111000110100111011001110011000011111100100110110100001001101101010001110011000011000011100101010110101101001000101001110
1010010101111110001110000111111010110111110111100000010100001110000100011000011111110001101110101000000110011100011111101000100111101010010011101111110001010010101111011110001101111011111010101101000111001100001100001110011000011111100101111001011111110011000010101111001110010101101101011110000000100010101011101100
1111010000110110011000011001000011001100101000011010110101000110001001011111110010101011101100001100101000011001111100110000110101010000001010000100111111111100010100110000110110000001100011011110010000111001101100110000000000100001011100111101111001100001000000110000101001100101100111100110000111001000101001110
00001110001100110101100101000100111101000001110010101011000110010000001100010010111001000110010010000001001011001000000011100011100010100011000100101110011001000011001110000001101010001111000110000111000010001100001111111000110111010100000011001110001111110100000010001010001010010011011110111011100101101101010001100010010111010110110000010
0000000101010000010000100001110000100010101011101100001111110101101111101111000000101000011100001000111100010010101011100001011011110010100010110101111000110000111000110111001011001010111100110011000100011000010010100000100110010001100100001010110101000000000000110000110110000010101000000110011011001000000010101000001000010000111000010
000011101110010000000010101110101110000101011010010100000100110010001100100001010110101010000010011111101000000101010111011000011100110111011100000110111001011110001110000101100100011110001010101111110011000100000011001011111101011011110000000110011100011010000
100001111110001101101010110010000111000010001000101001110001010101100100101000000011000100101110011001000011001000101001110001011010101111111010110010000111001101100100010100110001111001010000101011011010000100111111100010101111100101000101100110101101001010111110010000111001101100101010110110000000100111000000110011100011010001001111010000000000010000100110110001010101110001001000111011100010010111100101101100100001010001110001010110100101100110111011110011011001010000000000110011100011111001111100010101101100011000011100001000110000111001000101001110001011010101000111000101000110110000011001000101001
11100110011100011010110110000010001100001111110001101101010110011000100010100111000110101111111000110010000110011111010100011100110101101100000011101111001010111110011011110000011110101111001111110011000101000010011000011100011111001000011100110110010000101101001011001100001100011100001111110101101111101111000000101111
01010111011000011100110111011100000110111001011110001110000111100100100000001000010101000111010111111001000110010011111010000110110011000010001010011100010100001011100111100110111111111000011100001000101010111011000011011110111001001101101100100001110000100011001000011001111110101101111101111000000100010110001010001010111101001001010110111110111100000010100001110000100011110001010111001101001110001011001100001110101100000010000111110011000010101111100101010010000001100101011111110011001000011001000000010111101011100001110000100011011110011010101000110001110111100110100000100010110101011011000010110111010001111111110001010110111010100000010101111001110010101101101010001110001000000110010111111010110111100000001100111000111110011001000011001000101001110001000001101101011011000101001111100111111010110110000110101111001101111101000100111101000000010011000011111100011011010101100110111100100010100111000101100110000111010110000001000011101010001100010010111
100100001100100010100111000100000011001011111101011011110000000110011100010010110001010001010110100000010001010011100011011110011001010111100000110001001011100101010111011000011000011100011101011010000101111000010101000110001001011100110010000110010001010011100010110001010001010100100011001001101011111010110100101101110
0000111001101100000010100000010101011101100101000000111100100101111110111101011111111001101000001010100000010001010011100011101111000101011010010110110001111010010000001100111000100110010000110011011110011010101000110001110111100010100001001111110000001100010010111001010101110110000111111000010001111011000101011110011100100110110110010000111000010
000110010010000101000111011110011100100000011001011111101011011110000000110011100010011011110000001110001010110001011110000000110011100011111101000100111101010010011010111111010000001111110101101111101111000000101000011100001000101001010111110010001010001010010011111100000000010000110101011011001101001101010001
1001010000010000100111111000000111000100001110101011111100000110001001011111110100011000010010001010011100010110011000011101011000000100001110101000110001001011100110010000110011100000011010100011110001100001110000100011011110011010101000110001110111100010100110011011100001000111101001011100010101011010010101011101100
1110111101011000110001110001010110100101000010011111100000011000100101111010000001111110101111000100100101011111001000101001010100010011010111111100110000100001110011011001000101001110001010000101110011110011011111111001100100001100100000001010100000100001000011100001010100000010101011101100001000101001110
1101111000101011010010110110001111010010000001100111000100110010000110010000000101101111101011111100100011001001111001001011100011011100101101001111001001011111110001101110101111000001100010010111001100110110010001100100110000111011001000111000101000111000101101010101110110000110100110011010101110110001011011100011011111010001
111010010010101101111101111000000101000011100001000101001010111110011010011101100111001010101110011101111111111001110001100001010110100111001101110000000110011100010011000011100100010100111000101100110111011110011011001010000000000110011100010011001000011001000101001110001010011010100000001010111
110011111101110001011100101110000001100111000100100001110011011001111110010010000000101011100000100011110011001110001101011011100011011110010001010010101000100110000001111100110000000000100001001101100010101011111100110001100011110011001000011000111001110010000111001101100001010010001000111001111010001001111010000000100110001111
0101011100110000000000100001101011010100011000111011110001101111000000111000101011000101111000000011001110001001100001110010001010011100010100000110101010111011110000111000010001010101110110000111000000110101101110010101000110001001011100110010000110010111110010110110110100000100011101110111101011000001000100001110011011000000
10010000110011110010010111111100011011101011110000011000100101111010001001111010010010101101111101111000000101000011100001000101000100101111100111011111111110011100011000010101101001010100010010001010011100010110001010100010011100110010000110010100110001111000110011011000001010100000010101011101100001111110010000001100011001000011
0001010011100010000001001111100010011111100000001001111000000011100011100010101110001001111111100100011001110001100000001110001110000101100100011111110010011110111101011100011011110011110010011010101101011000010111110111011110101100101001010111101111000110100111011001110011000000000010000011011100000001100111000111001100
0100010110101111000110000001001011110010001001000011100110110010001010011100011110010010111000110111000101001101010001100010010111001100100001100111111010110111110111100000010100001110000101010001001111010000000111110010100001011100001111110010000100000101011010010000001001011001101011011100110101111111011110010101101111000110000111001000101001110
00001110001100110101100111100110010000110010001101101010111111101000010011011000101010001100010010111101000000110100110101100001101011001000011100001010100000010101010000010000100110110001100010010111000000110011100010011001000011001011010101011101100101000000101010111011000011110010010000000000001010101111000111000101000110001001011111111010001
11101000000010011000111100100000111000101011000000111000101000010111001101001010110100101101110001000101001010100010011111101011011111011110000001010000111000010001010010101011000011000000111110011001101110000000101000011100110000111001010101111110010001100111000100100000110110000100000010010000000110100010011110101001001110
11101000101011110010100010010100011111000000101011010100000010000110000110010000110010000011100111010011010100001110101001010100010011110100010100001000111100101001010001001011111001101001101011000011010001001010110100110011010100010010100011011010001101000000110010000011001001000001111011101001111010000001010001101011101001101110100110001000011110110000100101101100101110000100010101011101100001010001100000000001111111010001110001000011110110000100101001100000001001001101000100111101000000011111001011111001011011011010000010001010000110101100001111011100000100111110000011100010101010110111100111110111111110010101011101100
011110011011000101001111010001111111001101010001010010011001101110001100111000101010001100010010111001010100001100001110001011000000001000101001110001010101111110010001100111000100100000110110000100000010010000000110000101011111110011110010010000000000000101011101100001100100001100111111010110111110111100000010100001110000101010001
0000011011111011100001100110011111100110001100100001100111111001000000110001000011100110110000000011001000011001101001100110101011101100010110110000010001111110101101111101111000000101000011100001000101011111001110010110110110100000100010101111100101000111001000110000000000110010000011001001000001111011101001110010100101011111
10100111011001110010000111001101010111011000011000011100100010100111000100001111010110001100001101110001111011010101101011011100000010111100101010111011000010100000110101011000011111110011001000011001000101001110001111010101000000010101110001111101000000100000110111010101000001001101101010001110111110100000010101011101100001000001111110100001101110
10111000111011110101111111010001001111010011101101010100000100010001010110100101101110000111110011001000011001000101001110001111010010010101000000110101110000101011111110011111010011001010001000110111101110010011011011001111001100100001100101101010101110110000100000011001011111101011011110000000110011100010010101011101100
0100000110101010111111100110010000110011110010000001100011011110010101011101100001011111001011011101001000001000101010000101011100011100101010110100011010110110101011010010101101111001011111101000100100000111101001101010111011000101101100000100011111000110010111110111100100000001011011111010111000011100001000101101010101110110000101000001101100100011111
01001010111101111000110100111011001110010100001011110111111010111110111100110010100010011110101001001110101111000110001111001010100110111100100001011110111111001110001010100011000100101110011001000011001011010101011101100001000000110010111111010110111100000001100111000100110010111001000101001110001010001001010110101101
1001000011001010100100011001000000101001001010100010011110101001001110101001110111100111110100110010100010100001110000100010100111001010110000101010111011000011011110010110110011110001001010110000111000000110011100100000011001011111101011011100001110000100010101
000010101101011000011100001110001100110101100001010001010000001010010010100010010010101000100101010100000100001100101101111110010001100100110100111000101010011011100101000011000101000101000000101001001111010110111100100011111001100110110010000000101101111101011111100101010001001101010111100000001110011011000000001100001110001110101111101101010110111111010001
11101010010011101011110001100011110011111100100000011000111011101110000110011001111110011000100010100101010001001100001110010101011000110010000001100010010111001000110010010101001000000010110111110101111001100001111001001101101100101000000101000101001100101100110011100110111001011001111
010001011010111100011010111111100110000110100100000100010001010011100010000011011000010000001001000000011000010101111111001000011100110110010110010001111000101010111111001100010000001100101111110101101111000000011001110001101000100111101010010011101011110001100011110010111100100110111101110010011011011000011001000011
0101011100000100010101011100001001101110111010001100000011001011111101011011100001110000100011000011111110001101110101000000110011100011111101000000110100110101000100100010100111010111100010100010010111110010101001011011101110111100110100111100100101111111100011110001100001110000100011001000011001010100111101111010110001100011100010101101
0100010100110010110011001110010000011101111010001100001110110101000000110001010001010000001010010010101001010000011011010100000010100100110100110011010010011111101010100000100001001101100011100110000101010001001000101001110001010000110010111101011001100100001100100010100111000100000111010011111100100100010100101010001001100000011111
11100100110110110000101001101010111000010001010000010111110001001010101110011000011101100100011100010100011001101110100000011001101100110000111011001100000011010101000000110010111001000101001110001010011001101110000100011110100101110001010101101001101001010110111010001001111010100100111000110000111011001100000011010001111001001101010110101100
101001110001010000101110010100001101011011010000010001010000011010101111001100110000110100100000100011111000101010111011001000011100001000100010100111000101100110111011100011100110001100101110010001010001010010011111101010100000100001001101100011111001010100010010101010000010000101110010000011010100000000001010001110011010000010
000101001110001111101010000001100011100110111011101101010001100010010111101000000100000001011011111010111000011100001000100010100111000101000010011111100000011000100101110011001000011001000101001110001111001001101101100101000000110111101110111101011111110000111000010001000101001110001000001110110100000010101011101100
0000000101111010111000011100001000101010011111100000000010000110101011011001000000010110111110101110100010010000011100110010101101000011010001001010000010001101001110000101000101101100111001000101001110001000101000101001001000000010110111110101111110010100010100110101011010110000110100111000100010100111000111100100110111011110111000001
01000001101010111100110001000011100110110010001010011100011000011101100110000001101010100010011110101001001101011111101000000101000101000000101001001000101001110100010110011111100000000001000001101110001011001101110111000111001101111101000000100010100111000101010111111001000110011100010010000011011000010000001001000000011000010101111111
01000101101011110001010110100101101110001000110010010000001100101111110101101111000101101010101110110000101011011110010111111010000001101111001000001101010111100110001010000101110010100001101011000100000100011110010011011011111010111111001011011001111100010010100010010011100111001000101001110001000001111110100001101110
1110010011110111101011110011000010001010011100010000000101101111101011110101111110010100010100000010100100111111000011010001001011001010110111000011100001000100001101101100110010110011111010000001010101110110000110100110101100001101011000010001010011100010100110101000010110001010000000001010110101000000100001100111100100011001
110000001101001011110000010010110010000000001100111111110001001011111111010001
1110101001001110001111010001010111101101110101111110011010111111100110000101010010000111001101100000000110010000110010110110010000100010110110000111110001000011100110110011011110111001001101101100100001110000100010001010011100010110010001111000101010111111001101111001101110101011100100001110111001000000
010000100110000111000100100011001001010000100110000111000100101010110110010111000010001000101001110001111001001010111110001001010001001001100001101110001000000010111101011100001110000100010001010011101000101100111110110110010100010001111011100100000100101000010110111100100001110111001000000001000101001110001111010000011101100101011111
00011001001000101001110001010001111101101011111110000101011100111101000101010101101000011001010110100110011010100010010000011100101010001101111101001100010000011110111010011110100010011110101001001110001000000010100001001111100001100011100001111001001000000010000010111111111001010001001011111001101001101110011010100001001001000100100011001001000101001110
00000110001110111100010011010010000010001000001110110110101101001001000110110101011001101011111100110000111001000101001110001010001110010001101100010100100111100110011100011010110110000010001000001110101000110011101000100111101010010011100010101111100011011100101101010110100111000101000100101111100110000111000110111001011001010111100110011000011010010000010
000101001110001111010001010111101101110101111110011000011100100010100111000101000110110111011000011110011001110001101011011000001000100000111101110100111101000100100000111010111001100001111111000110111010100000011001110001001000011100110110010000001100101111110101101110000111000010001000101001110001010101101000110000001101010110011011110011001000011
1111000101011011111110100000011001101100100010100111010001011001010101110000100110111000110010000110011100110111011101101010001100010010111001010110100110011110111100010001010011100010100110011011100001000111101001011110100000010001100110011110101100100010100111000100001110011011000000001100100001100101010010000101011010101100101010101000111001100
010110111110000111111010111110100001100111011001100110000100001110111001000000001010100101001010101110110011101000110100111001101011000011110010011011011001010001001000001110100101000010001110111001000111001100001010000100110000111000111010110010001010010101000100100000010011110111100110000110011110111101011001000101001110
00001010110101011001010101010001100010010111111100101000100101111100101000010011000011100011100110000101010001001000101001110001111100010101101110100010011110101001001110001100001111111000110111010100000011001110001001010001001011111001011110010001001101011111110011000010000111001101100101110101101010001100011100010101101
111110101101111101111000000101000011100001000100001110011011001111111011101111010110101011010011110011001110001101011011100011011111010000001101111000000001011000011110000111000010001010100111111110010001100111000110000000111000111000010101100001100001100101110110100000101010001
1110101001001110001111010001010111101101110101111110010101011011111100100101000010011111111110001010010110100000100011001101110000000101000011101010001110011000010001010011100011010111111100011001000011001000101001110001000010101110010000000101101000000101010010110011011101110001110011000110101111111001100
00011001001110111100010101101001011011000111101001001101110000000100100100010010101011100001001101110111110100000011010011010100010010000011000001001000000010101110011111101011011111011110000001010011011111100100000001010110011000110000001001010100111110001010101110110001011011011000010001100110010110110100010011110100000001001010001001011111
000000010101100110001100100001100101010010100110011011100001000111101001011100010101011010010100010100110010110011001110011110010111001111111110010100001000111011100100011100110000101010001001000101001110001000000100001100011000110111000101010111011000011111101010100000100001001101100011100110000100001110111001000000
010110100110011110111101010001001111010010111011100100000000100010100111000111001110110000110010000110011100101111000100100110010000110010001010011100010000111001101011011001010110110000001111001010011010101110000100010101001010000011011010100000010100100110100110011010011010001001000001111000000100011111100000001001001000110000111000010
0101011011001011100001000111001011110001001001010000010110001011001100100001100101000001101101010000001010010011010011001101001001111001001101101100111100110000111001000110101101101111010000001000101001110001101110000000100100100010010101011100001001101110001111001001101010110101100001101001110001110111100010101101001011011000111101001110011001010001
111010100100111000101100110111011100011100110001111001001101010110101100001101001110001010101100111010010101010111110001110011000010001100100101010010100001011110111001000111111000110111000000010010010001001010101110000100110111000110100100000100011001101001111111010111110111000011100001000100010100111000111110101000000110
0101011100001001101110001010100001100011101011001000110101101101111000011100001000100010100111000101100110111011100011100110001010101000001000010111001000001101010000000000101000111001101000001000101000111111000001100110100010010000011110000001000111110100110000000110001100001110000100011001011111000110010000110010001010011100011110010011011011001111
0001100100100010101111010111100011010101000000101001010101101000011001000101001110001110101110111001101110100000010101001010000110101100001111011100000100101010111000010011011100010100010100110101011010110000110111101111101010110100011010001
0000011101101001100110101000100101000111011101001100010000011110111010011100100010100111000100000110000010010000000101011100101011011111000100110000001110111000001001010101110110000111001110000101000011111011010110010000011100100100000011011101011110111000101011111001000000100110101011100011100110000101010010110101011011000010110
0100010010011101100110100110010000110011110101101111001010001001110011110010001011111001010100000000001111010111100111111001100011000011100101010011111000000010101101011010010000111011010100000011010100000011000011100100000010101111000100100100010100111000111110101000000110001000011010111110100110001001011100101011111
0001010011100010100010010011101100110100110001111001000000100110101011100011100110000110010111001010100101000100100111011001101101001010110111011100101000100000011111010010100010010011100111001100000010010100010010111110010100001010111110100111001100001010101101100101110000100010001010011100010000101011100110101011101100
10100100000100010100101010111011000011000000100101011010100011001000000010100011000111000101011010110100000100010110010111001010000010000110011000010101001010000110101001101001011011100011000011100011001001010100111100100101110001010110000111110101100101010001001110010111100010010011011110111011100101101101010001100010010111000001111101
0000101000111011100001110000100010101001000000110010111111010110111100011001000011001000101001110001011001000111100010101011111100110001000110110101111011110011011100110010100010011110100000001001010001001011111101000000110000111001110000011000011110111000001101000000100010100111000100001110001011111100010011001011001001000000110000111010111010001
1110101001001110001010001001010001110101100101101110111011110011010011110010010111111110001111000111001100001100100001100111010000001010011101011001010100100011011100110101000010010010011001101100101010010001101011010011100010001101011011011111001100001101010100000100010010110110110000101010001
000101001110001110011101100111100101010111011000010000111000011010110111001100001010001010000001010010010100010010100011101011101000100100000111010001001110010111100010010011100111011000010001010011101011110001010001001011111001010100111111000000010010010001001000000010101100110001100100001100111100101110011111111111001100
01001100110111000010001111010010111000101010110100101010111011000011110111101011000110001110001010110100111110110110000001111110100010010000011000101001110011100100010100111011111100010100010110101111000101101100001111100110000110101010000001111010010101010111110001001010110100110011110111100010001010011100010100010010100011101011
011011101110111100110110100000010001010011100011111100000001001001000111110010110011000011101011000000100001111100110000101010010110111011101111001101001011011000011111000101011110011100101011011010100011100011100111100110101000010010010010001100100111011110001010110100101101100011110100100100010100111000100001010110101011001101111
100100001100100010100111000110111001000000010101110010101000001110001010111001100101011110000011111101000100111101000001110010110101010000010100001110000100011001101010001001000101001110100010110010000101011110010100010011011100101010110000111110000010111100011100000001010000001000101001110001000001100000100100000001010111111100101011011110
111101011000011000010001100100101001010111101111000110101111111001100001000101001110001010000011010101011111000100010101101001011011101010001001111010000000100111100100101111111100011110001111100110010000110010101001011001011010101000101000011100001000110100110010101101101100001000000100110101011100011100110000110010111
01010010001101110000100001001011000011001101100110010001010011101011001111100010101101001011011100011111101010100000100001001101100010010101011101100001100100001100101010011111000110110101100000001001001000111001100000010110001101011111101010101011010110100000100010100010100000010100100111111000000010010010001111100100001110011011
01011110011100101011011010100011100010101100000000000100011001001000101001110001100110100111101001010110111000001111100100011001001101001110001000000010101000001000011001100001010101101100101110000100010100010010011000111000100100101101100001111101111
010110111100010110010110101010001001111010001001111010000000100101000100101111100100010100111000100001110001011111100010010110011011101110001110011000111100010101000001011010010110111000110010000110011011110111001001101101100100001110000100011001101100111011110001010110100101101100011110100110000111000010001010101110000100110111011111010001
00000110000110101000111010110010101011000101010000000101010001100010010111111100110010000110010001010011100010100000110101010111110001000101011010010110111000101001010101100001000000010100001001111100001100011100001111001001000000010000010111111111110111100101010001000101011110001001110011001010001
01000111110011010101011111000100010101101001011011101111001010001011010111100011000011100110101111111000110000111001000001101110101101110010100001100011000011100100010100111000101000111001000110010000101001001111001100111000110101101100000101010000001010101110110000100010100111000101000010111000011111100100001000001101110
1001000011001000010101101010100000100110001110000100011011100001010111000010101010110101010001100010010111001010101110110000110000111000111010111111110111000001100010010111001010001001011111001010000101101011110000011000111001100110000110100100000100011111101011011111011110000001010011011111110100010011110100000111001010001110010001100100100011101110100110
0000011000110000110101101110101001101110011011011000011110100100011111001101011011010000001010100101000110011101010001111000100100100000001010001010011100000000101000110001110010000101011110100000010000001100101111110101101111001100001010101110010101101111100001100100001100100000011010111000011001000010101110011010010000010
100001111111000110111010100000011001110001010101101001000110111000010101110000101010101101010100011000100101111010001001111010000011100101000111001000110010010001101100000110010010001010011100010000011011011100001001101100011110100100100000001010001010011100000000101000110001110010000101011100100000110110110000000010101011101100001111010001010101011100011101011
0110011011101111001101100101000011001100001010100111111010110111110111100000010100001110000100011110001001010110000111101000000101000100100110001110001001001010001001011111001111110101010000110101111111100110011001100001100101110110100000100011010010000010001000101001110001111100011101100110100100010101010000110
1010011100000101000011101111000011100001000110000111001000101001110001011010101000111000101000111001000111111000101001001111001100111000110101101100000101010001
11101010010011100011111000110101011000000010001100100001100101011111000110111001011110010000000000010001101111011111010101101000111001100001100001110010001010011100010110011011101111001101100101000000000011001110001001100100001100101010111000010011011101110100011101111001010110010000111000010
0110011011101110001110011011110010001010010101000100101000101101011110001101001010111111100110000110010111001010110111110011110011001000011001011010101101100001011000110110101011001000100010100000010000000101111010111000011100001000111111010111100010010011000011111110001101110101000000110011100011111001000110011001
0110101011011000010110001000011100110110010000111000110011010110000110101111111010100010010000011000110000001010010010001010011100010100001010110100101101100011100010100011000100101110011001000011001011011001000010010110111000000101001000000100011100001000101011010010110111011110011000011100101000111001000110010010001101100000110011010000001010000100110110001010110100101101110
01010111000010011011101110100011000000110010111111010110111000011100001000110000111111100011011101010000001100111000111110011110001010000001100011000011100011001001101011111110101000100111101010010011100000010001010001011010111100011110001010110101101110011000010001100101000010010000101011010101000001001100011100
1000011111110001101110101000000110011100011111101000000110011011001000101001110100101100100101101100000011101111101000100111101010010011100000010001100001111110001101101010110011001100001010000100011101110010001110011000010101101100000011110010000111001101100111111000000010010010001100001110000100010101011101100
11100100110101011010110000110100111000110101111111001100001000011100110110010000001100101111110101101110000111000010001101001100100010100100101001100110111000010001111010010111000101010110100101010111011000011110111101011000110001110001010110100101010111000010011011101111101000100101000110001010100001001111100001100011100
111001001000000010000010111111111110111100100000001010000010001010010101111011110001101001110110011100110000111111000110110101011001100110000110010111001111110010000001101010001
111010100100111000111101111010110111100011010111010000001010101110010101101010000011010100001101100001011011000001000111111110001010110111000101000011010110000001000000100011000011100001000100000010011011110001010111100111001010110110101000111000110111100101011001000011100001011111010000
000101001110001000000100011100101110010000001100001110101100100000010001110010111001111111100100101000011010100000010001110011011101111111001001010000100011100001111110000000100100100011111101000000101010111011000011111010000100010111000000100101101110111011110011011111
00101000101101011110001010101101011010011000011111100100110110100001001101101010001110011000011000011100100010100111010010110010010110110000001110111100110100100000100010101101001100110101000100101000111001000110100100011011000001100110100010011110100100000101010110010000101001010010101100010111111
0100010110101111000100001110001011111100010010101010000010000011011000110011000011010010000010001000001111100010100000011011110010000011000101010001000100110000111001010001110010001101001000110100100011101010001001111010100100111000101100110111011110011011001010000000000110011100010011001000011001000101001110001111001000101111100011011100110010001110111000011001000011100001000111001110000101000011111000101011010011001101010001001010001110010001101001000110101110100110101000000101010010110011011101110001110011000100001110011011001011001000111011100001100100001110000100010101001111001000101111100011011100011000011100011001001011001100000101011110110111100101000101000000101001
00001010111100101000100101011110011100101011011010111100000001010100000011010011011100110101000010010010001001100101111100011001000011001000101001110001000010101111001010001110111100010010101011001110110101011111100110111100110000111001111110101101111101111000000101000011100001000100000011000010100110010110011111010000
01011111001100000010011100111010110100101101110011000010101011100001001101110001000000110010111111010110111100000001100111000111110010001100100110100111000100000001010110011000101000101000000101001001010000100110110001010110100101101110001100001111111000110111010100000011001110001111100100001101011011
000000100110111100010101111001110010101101101010001110011010000010001000101001010101110010100101010110000101000010111101110111000100110101111101101000001000110100111011001110010100001001111111111000101001011011101010001
010001100011001011001101011011100111111010110111110111100000010100001110000100011110001010111001101001110001111101011000011000010001100100101001010111101111000110100111000001010101011100110100100000100010001010011100010110101010001110001010001110000001111111000101001001111001100111000110101101100000101010001
00000110000100111110001100100001100100010100111000100000010011111000100101111001000101011010010110111000111001011011011010000010001000011110010100011111001100100001100111111010110111110111100000010100110111111001010001001011111001000101001110001000000110010111111010110111100000001100111000100110000111001000101001110
010001110010001101001000111111000001100111110011001000011001000101001110001000000110101110000110010000101011100100001110111001000000001000001111001011011111001100110110010111010110100000011110100100010000010110000111101000000100011001001010001100111010101111110101110001011111010111010000001111010010111011010101111110011010100000011010010000010001000101000101001
111010010111011110011111100010010011100111000010100001111101101011111110100000010000011111001100101011100101000110011110011010101000000101001101111000101010111011000010100011111010001101011101111000101000110001110111000100101011000011110100000010001100100111011110001010110100101101100011110100100100010100111000110100101011111100011100
1010101111000000100100001110011011001000101001110001000000110000110111000111000011111000001011110001110000000001100100001100100000011001011111101011011110000000110011100011010001
01000110001010101110000010001100000000001000010111001111011110000000110011100011111001010101110110000110111100000111000011111000000011001110001111100101001010111101111000110100111011001110011000011111100100110110100001001101101010001110011000011000011100101010110101101001000101001110
1010010101111110001110000111111010110111110111100000010100001110000100011000011111110001101110101000000110011100011111101000100111101010010011101111110001010010101111011110001101111011111010101101000111001100001100001110011000011111100101111001011111110011000010101111001110010101101101011110000000100010101011101100
1111010000110110011000011001000011001100101000011010110101000110001001011111110010101011101100001100101000011001111100110000110101010000001010000100111111111100010100110000110110000001100011011110010000111001101100110000000000100001011100111101111001100001000000110000101001100101100111100110000111001000101001110
00001110001100110101100101000100111101000001110010101011000110010000001100010010111001000110010010000001001011001000000011100011100010100011000100101110011001000011001110000001101010001111000110000111000010001100001111111000110111010100000011001110001111110100000010001010001010010011011110111011100101101101010001100010010111010110110000010
0000000101010000010000100001110000100010101011101100001111110101101111101111000000101000011100001000111100010010101011100001011011110010100010110101111000110000111000110111001011001010111100110011000100011000010010100000100110010001100100001010110101000000000000110000110110000010101000000110011011001000000010101000001000010000111000010
000011101110010000000010101110101110000101011010010100000100110010001100100001010110101010000010011111101000000101010111011000011100110111011100000110111001011110001110000101100100011110001010101111110011000100000011001011111101011011110000000110011100011010000
100001111110001101101010110010000111000010001000101001110001010101100100101000000011000100101110011001000011001000101001110001011010101111111010110010000111001101100100010100110001111001010000101011011010000100111111100010101111100101000101100110101101001010111110010000111001101100101010110110000000100111000000110011100011010001001111010000000000010000100110110001010101110001001000111011100010010111100101101100100001010001110001010110100101100110111011110011011001010000000000110011100011111001111100010101101100011000011100001000110000111001000101001110001011010101000111000101000110110000011001000101001
11100110011100011010110110000010001100001111110001101101010110011000100010100111000110101111111000110010000110011111010100011100110101101100000011101111001010111110011011110000011110101111001111110011000101000010011000011100011111001000011100110110010000101101001011001100001100011100001111110101101111101111000000101111
01010111011000011100110111011100000110111001011110001110000111100100100000001000010101000111010111111001000110010011111010000110110011000010001010011100010100001011100111100110111111111000011100001000101010111011000011011110111001001101101100100001110000100011001000011001111110101101111101111000000100010110001010001010111101001001010110111110111100000010100001110000100011110001010111001101001110001011001100001110101100000010000111110011000010101111100101010010000001100101011111110011001000011001000000010111101011100001110000100011011110011010101000110001110111100110100000100010110101011011000010110111010001111111110001010110111010100000010101111001110010101101101010001110001000000110010111111010110111100000001100111000111110011001000011001000101001110001000001101101011011000101001111100111111010110110000110101111001101111101000100111101000000010011000011111100011011010101100110111100100010100111000101100110000111010110000001000011101010001100010010111
100100001100100010100111000100000011001011111101011011110000000110011100010010110001010001010110100000010001010011100011011110011001010111100000110001001011100101010111011000011000011100011101011010000101111000010101000110001001011100110010000110010001010011100010110001010001010100100011001001101011111010110100101101110
0000111001101100000010100000010101011101100101000000111100100101111110111101011111111001101000001010100000010001010011100011101111000101011010010110110001111010010000001100111000100110010000110011011110011010101000110001110111100010100001001111110000001100010010111001010101110110000111111000010001111011000101011110011100100110110110010000111000010
000110010010000101000111011110011100100000011001011111101011011110000000110011100010011011110000001110001010110001011110000000110011100011111101000100111101010010011010111111010000001111110101101111101111000000101000011100001000101001010111110010001010001010010011111100000000010000110101011011001101001101010001
1001010000010000100111111000000111000100001110101011111100000110001001011111110100011000010010001010011100010110011000011101011000000100001110101000110001001011100110010000110011100000011010100011110001100001110000100011011110011010101000110001110111100010100110011011100001000111101001011100010101011010010101011101100
1110111101011000110001110001010110100101000010011111100000011000100101111010000001111110101111000100100101011111001000101001010100010011010111111100110000100001110011011001000101001110001010000101110011110011011111111001100100001100100000001010100000100001000011100001010100000010101011101100001000101001110
1101111000101011010010110110001111010010000001100111000100110010000110010000000101101111101011111100100011001001111001001011100011011100101101001111001001011111110001101110101111000001100010010111001100110110010001100100110000111011001000111000101000111000101101010101110110000110100110011010101110110001011011100011011111010001
111010010010101101111101111000000101000011100001000101001010111110011010011101100111001010101110011101111111111001110001100001010110100111001101110000000110011100010011000011100100010100111000101100110111011110011011001010000000000110011100010011001000011001000101001110001010011010100000001010111
110011111101110001011100101110000001100111000100100001110011011001111110010010000000101011100000100011110011001110001101011011100011011110010001010010101000100110000001111100110000000000100001001101100010101011111100110001100011110011001000011000111001110010000111001101100001010010001000111001111010001001111010000000100110001111
0101011100110000000000100001101011010100011000111011110001101111000000111000101011000101111000000011001110001001100001110010001010011100010100000110101010111011110000111000010001010101110110000111000000110101101110010101000110001001011100110010000110010111110010110110110100000100011101110111101011000001000100001110011011000000
10010000110011110010010111111100011011101011110000011000100101111010001001111010010010101101111101111000000101000011100001000101000100101111100111011111111110011100011000010101101001010100010010001010011100010110001010100010011100110010000110010100110001111000110011011000001010100000010101011101100001111110010000001100011001000011
0001010011100010000001001111100010011111100000001001111000000011100011100010101110001001111111100100011001110001100000001110001110000101100100011111110010011110111101011100011011110011110010011010101101011000010111110111011110101100101001010111101111000110100111011001110011000000000010000011011100000001100111000111001100
0100010110101111000110000001001011110010001001000011100110110010001010011100011110010010111000110111000101001101010001100010010111001100100001100111111010110111110111100000010100001110000101010001001111010000000111110010100001011100001111110010000100000101011010010000001001011001101011011100110101111111011110010101101111000110000111001000101001110
00001110001100110101100111100110010000110010001101101010111111101000010011011000101010001100010010111101000000110100110101100001101011001000011100001010100000010101010000010000100110110001100010010111000000110011100010011001000011001011010101011101100101000000101010111011000011110010010000000000001010101111000111000101000110001001011111111010001
11101000000010011000111100100000111000101011000000111000101000010111001101001010110100101101110001000101001010100010011111101011011111011110000001010000111000010001010010101011000011000000111110011001101110000000101000011100110000111001010101111110010001100111000100100000110110000100000010010000000110100010011110101001001110
11101000101011110010100010010100011111000000101011010100000010000110000110010000110010000011100111010011010100001110101001010100010011110100010100001000111100101001010001001011111001101001101011000011010001001010110100110011010100010010100011011010001101000000110010000011001001000001111011101001111010000001010001101011101001101110100110001000011110110000100101101100101110000100010101011101100001010001100000000001111111010001110001000011110110000100101001100000001001001101000100111101000000011111001011111001011011011010000010001010000110101100001111011100000100111110000011100010101010110111100111110111111110010101011101100
011110011011000101001111010001111111001101010001010010011001101110001100111000101010001100010010111001010100001100001110001011000000001000101001110001010101111110010001100111000100100000110110000100000010010000000110000101011111110011110010010000000000000101011101100001100100001100111111010110111110111100000010100001110000101010001
0000011011111011100001100110011111100110001100100001100111111001000000110001000011100110110000000011001000011001101001100110101011101100010110110000010001111110101101111101111000000101000011100001000101011111001110010110110110100000100010101111100101000111001000110000000000110010000011001001000001111011101001110010100101011111
10100111011001110010000111001101010111011000011000011100100010100111000100001111010110001100001101110001111011010101101011011100000010111100101010111011000010100000110101011000011111110011001000011001000101001110001111010101000000010101110001111101000000100000110111010101000001001101101010001110111110100000010101011101100001000001111110100001101110
10111000111011110101111111010001001111010011101101010100000100010001010110100101101110000111110011001000011001000101001110001111010010010101000000110101110000101011111110011111010011001010001000110111101110010011011011001111001100100001100101101010101110110000100000011001011111101011011110000000110011100010010101011101100
0100000110101010111111100110010000110011110010000001100011011110010101011101100001011111001011011101001000001000101010000101011100011100101010110100011010110110101011010010101101111001011111101000100100000111101001101010111011000101101100000100011111000110010111110111100100000001011011111010111000011100001000101101010101110110000101000001101100100011111
01001010111101111000110100111011001110010100001011110111111010111110111100110010100010011110101001001110101111000110001111001010100110111100100001011110111111001110001010100011000100101110011001000011001011010101011101100001000000110010111111010110111100000001100111000100110010111001000101001110001010001001010110101101
1001000011001010100100011001000000101001001010100010011110101001001110101001110111100111110100110010100010100001110000100010100111001010110000101010111011000011011110010110110011110001001010110000111000000110011100100000011001011111101011011100001110000100010101
000010101101011000011100001110001100110101100001010001010000001010010010100010010010101000100101010100000100001100101101111110010001100100110100111000101010011011100101000011000101000101000000101001001111010110111100100011111001100110110010000000101101111101011111100101010001001101010111100000001110011011000000001100001110001110101111101101010110111111010001
11101010010011101011110001100011110011111100100000011000111011101110000110011001111110011000100010100101010001001100001110010101011000110010000001100010010111001000110010010101001000000010110111110101111001100001111001001101101100101000000101000101001100101100110011100110111001011001111
010001011010111100011010111111100110000110100100000100010001010011100010000011011000010000001001000000011000010101111111001000011100110110010110010001111000101010111111001100010000001100101111110101101111000000011001110001101000100111101010010011101011110001100011110010111100100110111101110010011011011000011001000011
0101011100000100010101011100001001101110111010001100000011001011111101011011100001110000100011000011111110001101110101000000110011100011111101000000110100110101000100100010100111010111100010100010010111110010101001011011101110111100110100111100100101111111100011110001100001110000100011001000011001010100111101111010110001100011100010101101
0100010100110010110011001110010000011101111010001100001110110101000000110001010001010000001010010010101001010000011011010100000010100100110100110011010010011111101010100000100001001101100011100110000101010001001000101001110001010000110010111101011001100100001100100010100111000100000111010011111100100100010100101010001001100000011111
11100100110110110000101001101010111000010001010000010111110001001010101110011000011101100100011100010100011001101110100000011001101100110000111011001100000011010101000000110010111001000101001110001010011001101110000100011110100101110001010101101001101001010110111010001001111010100100111000110000111011001100000011010001111001001101010110101100
101001110001010000101110010100001101011011010000010001010000011010101111001100110000110100100000100011111000101010111011001000011100001000100010100111000101100110111011100011100110001100101110010001010001010010011111101010100000100001001101100011111001010100010010101010000010000101110010000011010100000000001010001110011010000010
000101001110001111101010000001100011100110111011101101010001100010010111101000000100000001011011111010111000011100001000100010100111000101000010011111100000011000100101110011001000011001000101001110001111001001101101100101000000110111101110111101011111110000111000010001000101001110001000001110110100000010101011101100
0000000101111010111000011100001000101010011111100000000010000110101011011001000000010110111110101110100010010000011100110010101101000011010001001010000010001101001110000101000101101100111001000101001110001000101000101001001000000010110111110101111110010100010100110101011010110000110100111000100010100111000111100100110111011110111000001
01000001101010111100110001000011100110110010001010011100011000011101100110000001101010100010011110101001001101011111101000000101000101000000101001001000101001110100010110011111100000000001000001101110001011001101110111000111001101111101000000100010100111000101010111111001000110011100010010000011011000010000001001000000011000010101111111
01000101101011110001010110100101101110001000110010010000001100101111110101101111000101101010101110110000101011011110010111111010000001101111001000001101010111100110001010000101110010100001101011000100000100011110010011011011111010111111001011011001111100010010100010010011100111001000101001110001000001111110100001101110
1110010011110111101011110011000010001010011100010000000101101111101011110101111110010100010100000010100100111111000011010001001011001010110111000011100001000100001101101100110010110011111010000001010101110110000110100110101100001101011000010001010011100010100110101000010110001010000000001010110101000000100001100111100100011001
110000001101001011110000010010110010000000001100111111110001001011111111010001
1110101001001110001111010001010111101101110101111110011010111111100110000101010010000111001101100000000110010000110010110110010000100010110110000111110001000011100110110011011110111001001101101100100001110000100010001010011100010110010001111000101010111111001101111001101110101011100100001110111001000000
010000100110000111000100100011001001010000100110000111000100101010110110010111000010001000101001110001111001001010111110001001010001001001100001101110001000000010111101011100001110000100010001010011101000101100111110110110010100010001111011100100000100101000010110111100100001110111001000000001000101001110001111010000011101100101011111
00011001001000101001110001010001111101101011111110000101011100111101000101010101101000011001010110100110011010100010010000011100101010001101111101001100010000011110111010011110100010011110101001001110001000000010100001001111100001100011100001111001001000000010000010111111111001010001001011111001101001101110011010100001001001000100100011001001000101001110
00000110001110111100010011010010000010001000001110110110101101001001000110110101011001101011111100110000111001000101001110001010001110010001101100010100100111100110011100011010110110000010001000001110101000110011101000100111101010010011100010101111100011011100101101010110100111000101000100101111100110000111000110111001011001010111100110011000011010010000010
000101001110001111010001010111101101110101111110011000011100100010100111000101000110110111011000011110011001110001101011011000001000100000111101110100111101000100100000111010111001100001111111000110111010100000011001110001001000011100110110010000001100101111110101101110000111000010001000101001110001010101101000110000001101010110011011110011001000011
1111000101011011111110100000011001101100100010100111010001011001010101110000100110111000110010000110011100110111011101101010001100010010111001010110100110011110111100010001010011100010100110011011100001000111101001011110100000010001100110011110101100100010100111000100001110011011000000001100100001100101010010000101011010101100101010101000111001100
010110111110000111111010111110100001100111011001100110000100001110111001000000001010100101001010101110110011101000110100111001101011000011110010011011011001010001001000001110100101000010001110111001000111001100001010000100110000111000111010110010001010010101000100100000010011110111100110000110011110111101011001000101001110
00001010110101011001010101010001100010010111111100101000100101111100101000010011000011100011100110000101010001001000101001110001111100010101101110100010011110101001001110001100001111111000110111010100000011001110001001010001001011111001011110010001001101011111110011000010000111001101100101110101101010001100011100010101101
111110101101111101111000000101000011100001000100001110011011001111111011101111010110101011010011110011001110001101011011100011011111010000001101111000000001011000011110000111000010001010100111111110010001100111000110000000111000111000010101100001100001100101110110100000101010001
1110101001001110001111010001010111101101110101111110010101011011111100100101000010011111111110001010010110100000100011001101110000000101000011101010001110011000010001010011100011010111111100011001000011001000101001110001000010101110010000000101101000000101010010110011011101110001110011000110101111111001100
00011001001110111100010101101001011011000111101001001101110000000100100100010010101011100001001101110111110100000011010011010100010010000011000001001000000010101110011111101011011111011110000001010011011111100100000001010110011000110000001001010100111110001010101110110001011011011000010001100110010110110100010011110100000001001010001001011111
000000010101100110001100100001100101010010100110011011100001000111101001011100010101011010010100010100110010110011001110011110010111001111111110010100001000111011100100011100110000101010001001000101001110001000000100001100011000110111000101010111011000011111101010100000100001001101100011100110000100001110111001000000
010110100110011110111101010001001111010010111011100100000000100010100111000111001110110000110010000110011100101111000100100110010000110010001010011100010000111001101011011001010110110000001111001010011010101110000100010101001010000011011010100000010100100110100110011010011010001001000001111000000100011111100000001001001000110000111000010
0101011011001011100001000111001011110001001001010000010110001011001100100001100101000001101101010000001010010011010011001101001001111001001101101100111100110000111001000110101101101111010000001000101001110001101110000000100100100010010101011100001001101110001111001001101010110101100001101001110001110111100010101101001011011000111101001110011001010001
111010100100111000101100110111011100011100110001111001001101010110101100001101001110001010101100111010010101010111110001110011000010001100100101010010100001011110111001000111111000110111000000010010010001001010101110000100110111000110100100000100011001101001111111010111110111000011100001000100010100111000111110101000000110
0101011100001001101110001010100001100011101011001000110101101101111000011100001000100010100111000101100110111011100011100110001010101000001000010111001000001101010000000000101000111001101000001000101000111111000001100110100010010000011110000001000111110100110000000110001100001110000100011001011111000110010000110010001010011100011110010011011011001111
0001100100100010101111010111100011010101000000101001010101101000011001000101001110001110101110111001101110100000010101001010000110101100001111011100000100101010111000010011011100010100010100110101011010110000110111101111101010110100011010001
0000011101101001100110101000100101000111011101001100010000011110111010011100100010100111000100000110000010010000000101011100101011011111000100110000001110111000001001010101110110000111001110000101000011111011010110010000011100100100000011011101011110111000101011111001000000100110101011100011100110000101010010110101011011000010110
0100010010011101100110100110010000110011110101101111001010001001110011110010001011111001010100000000001111010111100111111001100011000011100101010011111000000010101101011010010000111011010100000011010100000011000011100100000010101111000100100100010100111000111110101000000110001000011010111110100110001001011100101011111
0001010011100010100010010011101100110100110001111001000000100110101011100011100110000110010111001010100101000100100111011001101101001010110111011100101000100000011111010010100010010011100111001100000010010100010010111110010100001010111110100111001100001010101101100101110000100010001010011100010000101011100110101011101100
10100100000100010100101010111011000011000000100101011010100011001000000010100011000111000101011010110100000100010110010111001010000010000110011000010101001010000110101001101001011011100011000011100011001001010100111100100101110001010110000111110101100101010001001110010111100010010011011110111011100101101101010001100010010111000001111101
0000101000111011100001110000100010101001000000110010111111010110111100011001000011001000101001110001011001000111100010101011111100110001000110110101111011110011011100110010100010011110100000001001010001001011111101000000110000111001110000011000011110111000001101000000100010100111000100001110001011111100010011001011001001000000110000111010111010001
1110101001001110001010001001010001110101100101101110111011110011010011110010010111111110001111000111001100001100100001100111010000001010011101011001010100100011011100110101000010010010011001101100101010010001101011010011100010001101011011011111001100001101010100000100010010110110110000101010001
000101001110001110011101100111100101010111011000010000111000011010110111001100001010001010000001010010010100010010100011101011101000100100000111010001001110010111100010010011100111011000010001010011101011110001010001001011111001010100111111000000010010010001001000000010101100110001100100001100111100101110011111111111001100
01001100110111000010001111010010111000101010110100101010111011000011110111101011000110001110001010110100111110110110000001111110100010010000011000101001110011100100010100111011111100010100010110101111000101101100001111100110000110101010000001111010010101010111110001001010110100110011110111100010001010011100010100010010100011101011
011011101110111100110110100000010001010011100011111100000001001001000111110010110011000011101011000000100001111100110000101010010110111011101111001101001011011000011111000101011110011100101011011010100011100011100111100110101000010010010010001100100111011110001010110100101101100011110100100100010100111000100001010110101011001101111
100100001100100010100111000110111001000000010101110010101000001110001010111001100101011110000011111101000100111101000001110010110101010000010100001110000100011001101010001001000101001110100010110010000101011110010100010011011100101010110000111110000010111100011100000001010000001000101001110001000001100000100100000001010111111100101011011110
111101011000011000010001100100101001010111101111000110101111111001100001000101001110001010000011010101011111000100010101101001011011101010001001111010000000100111100100101111111100011110001111100110010000110010101001011001011010101000101000011100001000110100110010101101101100001000000100110101011100011100110000110010111
01010010001101110000100001001011000011001101100110010001010011101011001111100010101101001011011100011111101010100000100001001101100010010101011101100001100100001100101010011111000110110101100000001001001000111001100000010110001101011111101010101011010110100000100010100010100000010100100111111000000010010010001111100100001110011011
01011110011100101011011010100011100010101100000000000100011001001000101001110001100110100111101001010110111000001111100100011001001101001110001000000010101000001000011001100001010101101100101110000100010100010010011000111000100100101101100001111101111
010110111100010110010110101010001001111010001001111010000000100101000100101111100100010100111000100001110001011111100010010110011011101110001110011000111100010101000001011010010110111000110010000110011011110111001001101101100100001110000100011001101100111011110001010110100101101100011110100110000111000010001010101110000100110111011111010001
00000110000110101000111010110010101011000101010000000101010001100010010111111100110010000110010001010011100010100000110101010111110001000101011010010110111000101001010101100001000000010100001001111100001100011100001111001001000000010000010111111111110111100101010001000101011110001001110011001010001
01000111110011010101011111000100010101101001011011101111001010001011010111100011000011100110101111111000110000111001000001101110101101110010100001100011000011100100010100111000101000111001000110010000101001001111001100111000110101101100000101010000001010101110110000100010100111000101000010111000011111100100001000001101110
1001000011001000010101101010100000100110001110000100011011100001010111000010101010110101010001100010010111001010101110110000110000111000111010111111110111000001100010010111001010001001011111001010000101101011110000011000111001100110000110100100000100011111101011011111011110000001010011011111110100010011110100000111001010001110010001100100100011101110100110
0000011000110000110101101110101001101110011011011000011110100100011111001101011011010000001010100101000110011101010001111000100100100000001010001010011100000000101000110001110010000101011110100000010000001100101111110101101111001100001010101110010101101111100001100100001100100000011010111000011001000010101110011010010000010
100001111111000110111010100000011001110001010101101001000110111000010101110000101010101101010100011000100101111010001001111010000011100101000111001000110010010001101100000110010010001010011100010000011011011100001001101100011110100100100000001010001010011100000000101000110001110010000101011100100000110110110000000010101011101100001111010001010101011100011101011
0110011011101111001101100101000011001100001010100111111010110111110111100000010100001110000100011110001001010110000111101000000101000100100110001110001001001010001001011111001111110101010000110101111111100110011001100001100101110110100000100011010010000010001000101001110001111100011101100110100100010101010000110
1010011100000101000011101111000011100001000110000111001000101001110001011010101000111000101000111001000111111000101001001111001100111000110101101100000101010001
11101010010011100011111000110101011000000010001100100001100101011111000110111001011110010000000000010001101111011111010101101000111001100001100001110010001010011100010110011011101111001101100101000000000011001110001001100100001100101010111000010011011101110100011101111001010110010000111000010
0110011011101110001110011011110010001010010101000100101000101101011110001101001010111111100110000110010111001010110111110011110011001000011001011010101101100001011000110110101011001000100010100000010000000101111010111000011100001000111111010111100010010011000011111110001101110101000000110011100011111001000110011001
0110101011011000010110001000011100110110010000111000110011010110000110101111111010100010010000011000110000001010010010001010011100010100001010110100101101100011100010100011000100101110011001000011001011011001000010010110111000000101001000000100011100001000101011010010110111011110011000011100101000111001000110010010001101100000110011010000001010000100110110001010110100101101110
01010111000010011011101110100011000000110010111111010110111000011100001000110000111111100011011101010000001100111000111110011110001010000001100011000011100011001001101011111110101000100111101010010011100000010001010001011010111100011110001010110101101110011000010001100101000010010000101011010101000001001100011100
1000011111110001101110101000000110011100011111101000000110011011001000101001110100101100100101101100000011101111101000100111101010010011100000010001100001111110001101101010110011001100001010000100011101110010001110011000010101101100000011110010000111001101100111111000000010010010001100001110000100010101011101100
11100100110101011010110000110100111000110101111111001100001000011100110110010000001100101111110101101110000111000010001101001100100010100100101001100110111000010001111010010111000101010110100101010111011000011110111101011000110001110001010110100101010111000010011011101111101000100101000110001010100001001111100001100011100
111001001000000010000010111111111110111100100000001010000010001010010101111011110001101001110110011100110000111111000110110101011001100110000110010111001111110010000001101010001
111010100100111000111101111010110111100011010111010000001010101110010101101010000011010100001101100001011011000001000111111110001010110111000101000011010110000001000000100011000011100001000100000010011011110001010111100111001010110110101000111000110111100101011001000011100001011111010000
000101001110001000000100011100101110010000001100001110101100100000010001110010111001111111100100101000011010100000010001110011011101111111001001010000100011100001111110000000100100100011111101000000101010111011000011111010000100010111000000100101101110111011110011011111
00101000101101011110001010101101011010011000011111100100110110100001001101101010001110011000011000011100100010100111010010110010010110110000001110111100110100100000100010101101001100110101000100101000111001000110100100011011000001100110100010011110100100000101010110010000101001010010101100010111111
0100010110101111000100001110001011111100010010101010000010000011011000110011000011010010000010001000001111100010100000011011110010000011000101010001000100110000111001010001110010001101001000110100100011101010001001111010100100111000101100110111011110011011001010000000000110011100010011001000011001000101001110001111001000101111100011011100110010001110111000011001000011100001000111001110000101000011111000101011010011001101010001001010001110010001101001000110101110100110101000000101010010110011011101110001110011000100001110011011001011001000111011100001100100001110000100010101001111001000101111100011011100011000011100011001001011001100000101011110110111100101000101000000101001
00001010111100101000100101011110011100101011011010111100000001010100000011010011011100110101000010010010001001100101111100011001000011001000101001110001000010101111001010001110111100010010101011001110110101011111100110111100110000111001111110101101111101111000000101000011100001000100000011000010100110010110011111010000
01011111001100000010011100111010110100101101110011000010101011100001001101110001000000110010111111010110111100000001100111000111110010001100100110100111000100000001010110011000101000101000000101001001010000100110110001010110100101101110001100001111111000110111010100000011001110001111100100001101011011
000000100110111100010101111001110010101101101010001110011010000010001000101001010101110010100101010110000101000010111101110111000100110101111101101000001000110100111011001110010100001001111111111000101001011011101010001
010001100011001011001101011011100111111010110111110111100000010100001110000100011110001010111001101001110001111101011000011000010001100100101001010111101111000110100111000001010101011100110100100000100010001010011100010110101010001110001010001110000001111111000101001001111001100111000110101101100000101010001
00000110000100111110001100100001100100010100111000100000010011111000100101111001000101011010010110111000111001011011011010000010001000011110010100011111001100100001100111111010110111110111100000010100110111111001010001001011111001000101001110001000000110010111111010110111100000001100111000100110000111001000101001110
010001110010001101001000111111000001100111110011001000011001000101001110001000000110101110000110010000101011100100001110111001000000001000001111001011011111001100110110010111010110100000011110100100010000010110000111101000000100011001001010001100111010101111110101110001011111010111010000001111010010111011010101111110011010100000011010010000010001000101000101001
111010010111011110011111100010010011100111000010100001111101101011111110100000010000011111001100101011100101000110011110011010101000000101001101111000101010111011000010100011111010001101011101111000101000110001110111000100101011000011110100000010001100100111011110001010110100101101100011110100100100010100111000110100101011111100011100
1010101111000000100100001110011011001000101001110001000000110000110111000111000011111000001011110001110000000001100100001100100000011001011111101011011110000000110011100011010001
01000110001010101110000010001100000000001000010111001111011110000000110011100011111001010101110110000110111100000111000011111000000011001110001111100101001010111101111000110100111011001110011000011111100100110110100001001101101010001110011000011000011100101010110101101001000101001110
1010010101111110001110000111111010110111110111100000010100001110000100011000011111110001101110101000000110011100011111101000100111101010010011101111110001010010101111011110001101111011111010101101000111001100001100001110011000011111100101111001011111110011000010101111001110010101101101011110000000100010101011101100
1111010000110110011000011001000011001100101000011010110101000110001001011111110010101011101100001100101000011001111100110000110101010000001010000100111111111100010100110000110110000001100011011110010000111001101100110000000000100001011100111101111001100001000000110000101001100101100111100110000111001000101001110
00001110001100110101100101000100111101000001110010101011000110010000001100010010111001000110010010000001001011001000000011100011100010100011000100101110011001000011001110000001101010001111000110000111000010001100001111111000110111010100000011001110001111110100000010001010001010010011011110111011100101101101010001100010010111010110110000010
0000000101010000010000100001110000100010101011101100001111110101101111101111000000101000011100001000111100010010101011100001011011110010100010110101111000110000111000110111001011001010111100110011000100011000010010100000100110010001100100001010110101000000000000110000110110000010101000000110011011001000000010101000001000010000111000010
000011101110010000000010101110101110000101011010010100000100110010001100100001010110101010000010011111101000000101010111011000011100110111011100000110111001011110001110000101100100011110001010101111110011000100000011001011111101011011110000000110011100011010000
100001111110001101101010110010000111000010001000101001110001010101100100101000000011000100101110011001000011001000101001110001011010101111111010110010000111001101100100010100110001111001010000101011011010000100111111100010101111100101000101100110101101001010111110010000111001101100101010110110000000100111000000110011100011010001001111010000000000010000100110110001010101110001001000111011100010010111100101101100100001010001110001010110100101100110111011110011011001010000000000110011100011111001111100010101101100011000011100001000110000111001000101001110001011010101000111000101000110110000011001000101001
11100110011100011010110110000010001100001111110001101101010110011000100010100111000110101111111000110010000110011111010100011100110101101100000011101111001010111110011011110000011110101111001111110011000101000010011000011100011111001000011100110110010000101101001011001100001100011100001111110101101111101111000000101111
01010111011000011100110111011100000110111001011110001110000111100100100000001000010101000111010111111001000110010011111010000110110011000010001010011100010100001011100111100110111111111000011100001000101010111011000011011110111001001101101100100001110000100011001000011001111110101101111101111000000100010110001010001010111101001001010110111110111100000010100001110000100011110001010111001101001110001011001100001110101100000010000111110011000010101111100101010010000001100101011111110011001000011001000000010111101011100001110000100011011110011010101000110001110111100110100000100010110101011011000010110111010001111111110001010110111010100000010101111001110010101101101010001110001000000110010111111010110111100000001100111000111110011001000011001000101001110001000001101101011011000101001111100111111010110110000110101111001101111101000100111101000000010011000011111100011011010101100110111100100010100111000101100110000111010110000001000011101010001100010010111
100100001100100010100111000100000011001011111101011011110000000110011100010010110001010001010110100000010001010011100011011110011001010111100000110001001011100101010111011000011000011100011101011010000101111000010101000110001001011100110010000110010001010011100010110001010001010100100011001001101011111010110100101101110
0000111001101100000010100000010101011101100101000000111100100101111110111101011111111001101000001010100000010001010011100011101111000101011010010110110001111010010000001100111000100110010000110011011110011010101000110001110111100010100001001111110000001100010010111001010101110110000111111000010001111011000101011110011100100110110110010000111000010
000110010010000101000111011110011100100000011001011111101011011110000000110011100010011011110000001110001010110001011110000000110011100011111101000100111101010010011010111111010000001111110101101111101111000000101000011100001000101001010111110010001010001010010011111100000000010000110101011011001101001101010001
1001010000010000100111111000000111000100001110101011111100000110001001011111110100011000010010001010011100010110011000011101011000000100001110101000110001001011100110010000110011100000011010100011110001100001110000100011011110011010101000110001110111100010100110011011100001000111101001011100010101011010010101011101100
1110111101011000110001110001010110100101000010011111100000011000100101111010000001111110101111000100100101011111001000101001010100010011010111111100110000100001110011011001000101001110001010000101110011110011011111111001100100001100100000001010100000100001000011100001010100000010101011101100001000101001110
1101111000101011010010110110001111010010000001100111000100110010000110010000000101101111101011111100100011001001111001001011100011011100101101001111001001011111110001101110101111000001100010010111001100110110010001100100110000111011001000111000101000111000101101010101110110000110100110011010101110110001011011100011011111010001
111010010010101101111101111000000101000011100001000101001010111110011010011101100111001010101110011101111111111001110001100001010110100111001101110000000110011100010011000011100100010100111000101100110111011110011011001010000000000110011100010011001000011001000101001110001010011010100000001010111
110011111101110001011100101110000001100111000100100001110011011001111110010010000000101011100000100011110011001110001101011011100011011110010001010010101000100110000001111100110000000000100001001101100010101011111100110001100011110011001000011000111001110010000111001101100001010010001000111001111010001001111010000000100110001111
0101011100110000000000100001101011010100011000111011110001101111000000111000101011000101111000000011001110001001100001110010001010011100010100000110101010111011110000111000010001010101110110000111000000110101101110010101000110001001011100110010000110010111110010110110110100000100011101110111101011000001000100001110011011000000
10010000110011110010010111111100011011101011110000011000100101111010001001111010010010101101111101111000000101000011100001000101000100101111100111011111111110011100011000010101101001010100010010001010011100010110001010100010011100110010000110010100110001111000110011011000001010100000010101011101100001111110010000001100011001000011
0001010011100010000001001111100010011111100000001001111000000011100011100010101110001001111111100100011001110001100000001110001110000101100100011111110010011110111101011100011011110011110010011010101101011000010111110111011110101100101001010111101111000110100111011001110011000000000010000011011100000001100111000111001100
0100010110101111000110000001001011110010001001000011100110110010001010011100011110010010111000110111000101001101010001100010010111001100100001100111111010110111110111100000010100001110000101010001001111010000000111110010100001011100001111110010000100000101011010010000001001011001101011011100110101111111011110010101101111000110000111001000101001110
00001110001100110101100111100110010000110010001101101010111111101000010011011000101010001100010010111101000000110100110101100001101011001000011100001010100000010101010000010000100110110001100010010111000000110011100010011001000011001011010101011101100101000000101010111011000011110010010000000000001010101111000111000101000110001001011111111010001
11101000000010011000111100100000111000101011000000111000101000010111001101001010110100101101110001000101001010100010011111101011011111011110000001010000111000010001010010101011000011000000111110011001101110000000101000011100110000111001010101111110010001100111000100100000110110000100000010010000000110100010011110101001001110
11101000101011110010100010010100011111000000101011010100000010000110000110010000110010000011100111010011010100001110101001010100010011110100010100001000111100101001010001001011111001101001101011000011010001001010110100110011010100010010100011011010001101000000110010000011001001000001111011101001111010000001010001101011101001101110100110001000011110110000100101101100101110000100010101011101100001010001100000000001111111010001110001000011110110000100101001100000001001001101000100111101000000011111001011111001011011011010000010001010000110101100001111011100000100111110000011100010101010110111100111110111111110010101011101100
011110011011000101001111010001111111001101010001010010011001101110001100111000101010001100010010111001010100001100001110001011000000001000101001110001010101111110010001100111000100100000110110000100000010010000000110000101011111110011110010010000000000000101011101100001100100001100111111010110111110111100000010100001110000101010001
0000011011111011100001100110011111100110001100100001100111111001000000110001000011100110110000000011001000011001101001100110101011101100010110110000010001111110101101111101111000000101000011100001000101011111001110010110110110100000100010101111100101000111001000110000000000110010000011001001000001111011101001110010100101011111
10100111011001110010000111001101010111011000011000011100100010100111000100001111010110001100001101110001111011010101101011011100000010111100101010111011000010100000110101011000011111110011001000011001000101001110001111010101000000010101110001111101000000100000110111010101000001001101101010001110111110100000010101011101100001000001111110100001101110
10111000111011110101111111010001001111010011101101010100000100010001010110100101101110000111110011001000011001000101001110001111010010010101000000110101110000101011111110011111010011001010001000110111101110010011011011001111001100100001100101101010101110110000100000011001011111101011011110000000110011100010010101011101100
0100000110101010111111100110010000110011110010000001100011011110010101011101100001011111001011011101001000001000101010000101011100011100101010110100011010110110101011010010101101111001011111101000100100000111101001101010111011000101101100000100011111000110010111110111100100000001011011111010111000011100001000101101010101110110000101000001101100100011111
01001010111101111000110100111011001110010100001011110111111010111110111100110010100010011110101001001110101111000110001111001010100110111100100001011110111111001110001010100011000100101110011001000011001011010101011101100001000000110010111111010110111100000001100111000100110010111001000101001110001010001001010110101101
1001000011001010100100011001000000101001001010100010011110101001001110101001110111100111110100110010100010100001110000100010100111001010110000101010111011000011011110010110110011110001001010110000111000000110011100100000011001011111101011011100001110000100010101
000010101101011000011100001110001100110101100001010001010000001010010010100010010010101000100101010100000100001100101101111110010001100100110100111000101010011011100101000011000101000101000000101001001111010110111100100011111001100110110010000000101101111101011111100101010001001101010111100000001110011011000000001100001110001110101111101101010110111111010001
11101010010011101011110001100011110011111100100000011000111011101110000110011001111110011000100010100101010001001100001110010101011000110010000001100010010111001000110010010101001000000010110111110101111001100001111001001101101100101000000101000101001100101100110011100110111001011001111
010001011010111100011010111111100110000110100100000100010001010011100010000011011000010000001001000000011000010101111111001000011100110110010110010001111000101010111111001100010000001100101111110101101111000000011001110001101000100111101010010011101011110001100011110010111100100110111101110010011011011000011001000011
0101011100000100010101011100001001101110111010001100000011001011111101011011100001110000100011000011111110001101110101000000110011100011111101000000110100110101000100100010100111010111100010100010010111110010101001011011101110111100110100111100100101111111100011110001100001110000100011001000011001010100111101111010110001100011100010101101
0100010100110010110011001110010000011101111010001100001110110101000000110001010001010000001010010010101001010000011011010100000010100100110100110011010010011111101010100000100001001101100011100110000101010001001000101001110001010000110010111101011001100100001100100010100111000100000111010011111100100100010100101010001001100000011111
11100100110110110000101001101010111000010001010000010111110001001010101110011000011101100100011100010100011001101110100000011001101100110000111011001100000011010101000000110010111001000101001110001010011001101110000100011110100101110001010101101001101001010110111010001001111010100100111000110000111011001100000011010001111001001101010110101100
101001110001010000101110010100001101011011010000010001010000011010101111001100110000110100100000100011111000101010111011001000011100001000100010100111000101100110111011100011100110001100101110010001010001010010011111101010100000100001001101100011111001010100010010101010000010000101110010000011010100000000001010001110011010000010
000101001110001111101010000001100011100110111011101101010001100010010111101000000100000001011011111010111000011100001000100010100111000101000010011111100000011000100101110011001000011001000101001110001111001001101101100101000000110111101110111101011111110000111000010001000101001110001000001110110100000010101011101100
0000000101111010111000011100001000101010011111100000000010000110101011011001000000010110111110101110100010010000011100110010101101000011010001001010000010001101001110000101000101101100111001000101001110001000101000101001001000000010110111110101111110010100010100110101011010110000110100111000100010100111000111100100110111011110111000001
01000001101010111100110001000011100110110010001010011100011000011101100110000001101010100010011110101001001101011111101000000101000101000000101001001000101001110100010110011111100000000001000001101110001011001101110111000111001101111101000000100010100111000101010111111001000110011100010010000011011000010000001001000000011000010101111111
01000101101011110001010110100101101110001000110010010000001100101111110101101111000101101010101110110000101011011110010111111010000001101111001000001101010111100110001010000101110010100001101011000100000100011110010011011011111010111111001011011001111100010010100010010011100111001000101001110001000001111110100001101110
1110010011110111101011110011000010001010011100010000000101101111101011110101111110010100010100000010100100111111000011010001001011001010110111000011100001000100001101101100110010110011111010000001010101110110000110100110101100001101011000010001010011100010100110101000010110001010000000001010110101000000100001100111100100011001
110000001101001011110000010010110010000000001100111111110001001011111111010001
1110101001001110001111010001010111101101110101111110011010111111100110000101010010000111001101100000000110010000110010110110010000100010110110000111110001000011100110110011011110111001001101101100100001110000100010001010011100010110010001111000101010111111001101111001101110101011100100001110111001000000
010000100110000111000100100011001001010000100110000111000100101010110110010111000010001000101001110001111001001010111110001001010001001001100001101110001000000010111101011100001110000100010001010011101000101100111110110110010100010001111011100100000100101000010110111100100001110111001000000001000101001110001111010000011101100101011111
00011001001000101001110001010001111101101011111110000101011100111101000101010101101000011001010110100110011010100010010000011100101010001101111101001100010000011110111010011110100010011110101001001110001000000010100001001111100001100011100001111001001000000010000010111111111001010001001011111001101001101110011010100001001001000100100011001001000101001110
00000110001110111100010011010010000010001000001110110110101101001001000110110101011001101011111100110000111001000101001110001010001110010001101100010100100111100110011100011010110110000010001000001110101000110011101000100111101010010011100010101111100011011100101101010110100111000101000100101111100110000111000110111001011001010111100110011000011010010000010
000101001110001111010001010111101101110101111110011000011100100010100111000101000110110111011000011110011001110001101011011000001000100000111101110100111101000100100000111010111001100001111111000110111010100000011001110001001000011100110110010000001100101111110101101110000111000010001000101001110001010101101000110000001101010110011011110011001000011
1111000101011011111110100000011001101100100010100111010001011001010101110000100110111000110010000110011100110111011101101010001100010010111001010110100110011110111100010001010011100010100110011011100001000111101001011110100000010001100110011110101100100010100111000100001110011011000000001100100001100101010010000101011010101100101010101000111001100
010110111110000111111010111110100001100111011001100110000100001110111001000000001010100101001010101110110011101000110100111001101011000011110010011011011001010001001000001110100101000010001110111001000111001100001010000100110000111000111010110010001010010101000100100000010011110111100110000110011110111101011001000101001110
00001010110101011001010101010001100010010111111100101000100101111100101000010011000011100011100110000101010001001000101001110001111100010101101110100010011110101001001110001100001111111000110111010100000011001110001001010001001011111001011110010001001101011111110011000010000111001101100101110101101010001100011100010101101
111110101101111101111000000101000011100001000100001110011011001111111011101111010110101011010011110011001110001101011011100011011111010000001101111000000001011000011110000111000010001010100111111110010001100111000110000000111000111000010101100001100001100101110110100000101010001
1110101001001110001111010001010111101101110101111110010101011011111100100101000010011111111110001010010110100000100011001101110000000101000011101010001110011000010001010011100011010111111100011001000011001000101001110001000010101110010000000101101000000101010010110011011101110001110011000110101111111001100
00011001001110111100010101101001011011000111101001001101110000000100100100010010101011100001001101110111110100000011010011010100010010000011000001001000000010101110011111101011011111011110000001010011011111100100000001010110011000110000001001010100111110001010101110110001011011011000010001100110010110110100010011110100000001001010001001011111
000000010101100110001100100001100101010010100110011011100001000111101001011100010101011010010100010100110010110011001110011110010111001111111110010100001000111011100100011100110000101010001001000101001110001000000100001100011000110111000101010111011000011111101010100000100001001101100011100110000100001110111001000000
010110100110011110111101010001001111010010111011100100000000100010100111000111001110110000110010000110011100101111000100100110010000110010001010011100010000111001101011011001010110110000001111001010011010101110000100010101001010000011011010100000010100100110100110011010011010001001000001111000000100011111100000001001001000110000111000010
0101011011001011100001000111001011110001001001010000010110001011001100100001100101000001101101010000001010010011010011001101001001111001001101101100111100110000111001000110101101101111010000001000101001110001101110000000100100100010010101011100001001101110001111001001101010110101100001101001110001110111100010101101001011011000111101001110011001010001
111010100100111000101100110111011100011100110001111001001101010110101100001101001110001010101100111010010101010111110001110011000010001100100101010010100001011110111001000111111000110111000000010010010001001010101110000100110111000110100100000100011001101001111111010111110111000011100001000100010100111000111110101000000110
0101011100001001101110001010100001100011101011001000110101101101111000011100001000100010100111000101100110111011100011100110001010101000001000010111001000001101010000000000101000111001101000001000101000111111000001100110100010010000011110000001000111110100110000000110001100001110000100011001011111000110010000110010001010011100011110010011011011001111
0001100100100010101111010111100011010101000000101001010101101000011001000101001110001110101110111001101110100000010101001010000110101100001111011100000100101010111000010011011100010100010100110101011010110000110111101111101010110100011010001
0000011101101001100110101000100101000111011101001100010000011110111010011100100010100111000100000110000010010000000101011100101011011111000100110000001110111000001001010101110110000111001110000101000011111011010110010000011100100100000011011101011110111000101011111001000000100110101011100011100110000101010010110101011011000010110
0100010010011101100110100110010000110011110101101111001010001001110011110010001011111001010100000000001111010111100111111001100011000011100101010011111000000010101101011010010000111011010100000011010100000011000011100100000010101111000100100100010100111000111110101000000110001000011010111110100110001001011100101011111
0001010011100010100010010011101100110100110001111001000000100110101011100011100110000110010111001010100101000100100111011001101101001010110111011100101000100000011111010010100010010011100111001100000010010100010010111110010100001010111110100111001100001010101101100101110000100010001010011100010000101011100110101011101100
10100100000100010100101010111011000011000000100101011010100011001000000010100011000111000101011010110100000100010110010111001010000010000110011000010101001010000110101001101001011011100011000011100011001001010100111100100101110001010110000111110101100101010001001110010111100010010011011110111011100101101101010001100010010111000001111101
0000101000111011100001110000100010101001000000110010111111010110111100011001000011001000101001110001011001000111100010101011111100110001000110110101111011110011011100110010100010011110100000001001010001001011111101000000110000111001110000011000011110111000001101000000100010100111000100001110001011111100010011001011001001000000110000111010111010001
1110101001001110001010001001010001110101100101101110111011110011010011110010010111111110001111000111001100001100100001100111010000001010011101011001010100100011011100110101000010010010011001101100101010010001101011010011100010001101011011011111001100001101010100000100010010110110110000101010001
000101001110001110011101100111100101010111011000010000111000011010110111001100001010001010000001010010010100010010100011101011101000100100000111010001001110010111100010010011100111011000010001010011101011110001010001001011111001010100111111000000010010010001001000000010101100110001100100001100111100101110011111111111001100
01001100110111000010001111010010111000101010110100101010111011000011110111101011000110001110001010110100111110110110000001111110100010010000011000101001110011100100010100111011111100010100010110101111000101101100001111100110000110101010000001111010010101010111110001001010110100110011110111100010001010011100010100010010100011101011
011011101110111100110110100000010001010011100011111100000001001001000111110010110011000011101011000000100001111100110000101010010110111011101111001101001011011000011111000101011110011100101011011010100011100011100111100110101000010010010010001100100111011110001010110100101101100011110100100100010100111000100001010110101011001101111
100100001100100010100111000110111001000000010101110010101000001110001010111001100101011110000011111101000100111101000001110010110101010000010100001110000100011001101010001001000101001110100010110010000101011110010100010011011100101010110000111110000010111100011100000001010000001000101001110001000001100000100100000001010111111100101011011110
111101011000011000010001100100101001010111101111000110101111111001100001000101001110001010000011010101011111000100010101101001011011101010001001111010000000100111100100101111111100011110001111100110010000110010101001011001011010101000101000011100001000110100110010101101101100001000000100110101011100011100110000110010111
01010010001101110000100001001011000011001101100110010001010011101011001111100010101101001011011100011111101010100000100001001101100010010101011101100001100100001100101010011111000110110101100000001001001000111001100000010110001101011111101010101011010110100000100010100010100000010100100111111000000010010010001111100100001110011011
01011110011100101011011010100011100010101100000000000100011001001000101001110001100110100111101001010110111000001111100100011001001101001110001000000010101000001000011001100001010101101100101110000100010100010010011000111000100100101101100001111101111
010110111100010110010110101010001001111010001001111010000000100101000100101111100100010100111000100001110001011111100010010110011011101110001110011000111100010101000001011010010110111000110010000110011011110111001001101101100100001110000100011001101100111011110001010110100101101100011110100110000111000010001010101110000100110111011111010001
00000110000110101000111010110010101011000101010000000101010001100010010111111100110010000110010001010011100010100000110101010111110001000101011010010110111000101001010101100001000000010100001001111100001100011100001111001001000000010000010111111111110111100101010001000101011110001001110011001010001
01000111110011010101011111000100010101101001011011101111001010001011010111100011000011100110101111111000110000111001000001101110101101110010100001100011000011100100010100111000101000111001000110010000101001001111001100111000110101101100000101010000001010101110110000100010100111000101000010111000011111100100001000001101110
1001000011001000010101101010100000100110001110000100011011100001010111000010101010110101010001100010010111001010101110110000110000111000111010111111110111000001100010010111001010001001011111001010000101101011110000011000111001100110000110100100000100011111101011011111011110000001010011011111110100010011110100000111001010001110010001100100100011101110100110
0000011000110000110101101110101001101110011011011000011110100100011111001101011011010000001010100101000110011101010001111000100100100000001010001010011100000000101000110001110010000101011110100000010000001100101111110101101111001100001010101110010101101111100001100100001100100000011010111000011001000010101110011010010000010
100001111111000110111010100000011001110001010101101001000110111000010101110000101010101101010100011000100101111010001001111010000011100101000111001000110010010001101100000110010010001010011100010000011011011100001001101100011110100100100000001010001010011100000000101000110001110010000101011100100000110110110000000010101011101100001111010001010101011100011101011
0110011011101111001101100101000011001100001010100111111010110111110111100000010100001110000100011110001001010110000111101000000101000100100110001110001001001010001001011111001111110101010000110101111111100110011001100001100101110110100000100011010010000010001000101001110001111100011101100110100100010101010000110
1010011100000101000011101111000011100001000110000111001000101001110001011010101000111000101000111001000111111000101001001111001100111000110101101100000101010001
11101010010011100011111000110101011000000010001100100001100101011111000110111001011110010000000000010001101111011111010101101000111001100001100001110010001010011100010110011011101111001101100101000000000011001110001001100100001100101010111000010011011101110100011101111001010110010000111000010
0110011011101110001110011011110010001010010101000100101000101101011110001101001010111111100110000110010111001010110111110011110011001000011001011010101101100001011000110110101011001000100010100000010000000101111010111000011100001000111111010111100010010011000011111110001101110101000000110011100011111001000110011001
0110101011011000010110001000011100110110010000111000110011010110000110101111111010100010010000011000110000001010010010001010011100010100001010110100101101100011100010100011000100101110011001000011001011011001000010010110111000000101001000000100011100001000101011010010110111011110011000011100101000111001000110010010001101100000110011010000001010000100110110001010110100101101110
01010111000010011011101110100011000000110010111111010110111000011100001000110000111111100011011101010000001100111000111110011110001010000001100011000011100011001001101011111110101000100111101010010011100000010001010001011010111100011110001010110101101110011000010001100101000010010000101011010101000001001100011100
1000011111110001101110101000000110011100011111101000000110011011001000101001110100101100100101101100000011101111101000100111101010010011100000010001100001111110001101101010110011001100001010000100011101110010001110011000010101101100000011110010000111001101100111111000000010010010001100001110000100010101011101100
11100100110101011010110000110100111000110101111111001100001000011100110110010000001100101111110101101110000111000010001101001100100010100100101001100110111000010001111010010111000101010110100101010111011000011110111101011000110001110001010110100101010111000010011011101111101000100101000110001010100001001111100001100011100
111001001000000010000010111111111110111100100000001010000010001010010101111011110001101001110110011100110000111111000110110101011001100110000110010111001111110010000001101010001
111010100100111000111101111010110111100011010111010000001010101110010101101010000011010100001101100001011011000001000111111110001010110111000101000011010110000001000000100011000011100001000100000010011011110001010111100111001010110110101000111000110111100101011001000011100001011111010000
000101001110001000000100011100101110010000001100001110101100100000010001110010111001111111100100101000011010100000010001110011011101111111001001010000100011100001111110000000100100100011111101000000101010111011000011111010000100010111000000100101101110111011110011011111
00101000101101011110001010101101011010011000011111100100110110100001001101101010001110011000011000011100100010100111010010110010010110110000001110111100110100100000100010101101001100110101000100101000111001000110100100011011000001100110100010011110100100000101010110010000101001010010101100010111111
0100010110101111000100001110001011111100010010101010000010000011011000110011000011010010000010001000001111100010100000011011110010000011000101010001000100110000111001010001110010001101001000110100100011101010001001111010100100111000101100110111011110011011001010000000000110011100010011001000011001000101001110001111001000101111100011011100110010001110111000011001000011100001000111001110000101000011111000101011010011001101010001001010001110010001101001000110101110100110101000000101010010110011011101110001110011000100001110011011001011001000111011100001100100001110000100010101001111001000101111100011011100011000011100011001001011001100000101011110110111100101000101000000101001
00001010111100101000100101011110011100101011011010111100000001010100000011010011011100110101000010010010001001100101111100011001000011001000101001110001000010101111001010001110111100010010101011001110110101011111100110111100110000111001111110101101111101111000000101000011100001000100000011000010100110010110011111010000
01011111001100000010011100111010110100101101110011000010101011100001001101110001000000110010111111010110111100000001100111000111110010001100100110100111000100000001010110011000101000101000000101001001010000100110110001010110100101101110001100001111111000110111010100000011001110001111100100001101011011
000000100110111100010101111001110010101101101010001110011010000010001000101001010101110010100101010110000101000010111101110111000100110101111101101000001000110100111011001110010100001001111111111000101001011011101010001
010001100011001011001101011011100111111010110111110111100000010100001110000100011110001010111001101001110001111101011000011000010001100100101001010111101111000110100111000001010101011100110100100000100010001010011100010110101010001110001010001110000001111111000101001001111001100111000110101101100000101010001
00000110000100111110001100100001100100010100111000100000010011111000100101111001000101011010010110111000111001011011011010000010001000011110010100011111001100100001100111111010110111110111100000010100110111111001010001001011111001000101001110001000000110010111111010110111100000001100111000100110000111001000101001110
010001110010001101001000111111000001100111110011001000011001000101001110001000000110101110000110010000101011100100001110111001000000001000001111001011011111001100110110010111010110100000011110100100010000010110000111101000000100011001001010001100111010101111110101110001011111010111010000001111010010111011010101111110011010100000011010010000010001000101000101001
111010010111011110011111100010010011100111000010100001111101101011111110100000010000011111001100101011100101000110011110011010101000000101001101111000101010111011000010100011111010001101011101111000101000110001110111000100101011000011110100000010001100100111011110001010110100101101100011110100100100010100111000110100101011111100011100
1010101111000000100100001110011011001000101001110001000000110000110111000111000011111000001011110001110000000001100100001100100000011001011111101011011110000000110011100011010001
01000110001010101110000010001100000000001000010111001111011110000000110011100011111001010101110110000110111100000111000011111000000011001110001111100101001010111101111000110100111011001110011000011111100100110110100001001101101010001110011000011000011100101010110101101001000101001110
1010010101111110001110000111111010110111110111100000010100001110000100011000011111110001101110101000000110011100011111101000100111101010010011101111110001010010101111011110001101111011111010101101000111001100001100001110011000011111100101111001011111110011000010101111001110010101101101011110000000100010101011101100
1111010000110110011000011001000011001100101000011010110101000110001001011111110010101011101100001100101000011001111100110000110101010000001010000100111111111100010100110000110110000001100011011110010000111001101100110000000000100001011100111101111001100001000000110000101001100101100111100110000111001000101001110
00001110001100110101100101000100111101000001110010101011000110010000001100010010111001000110010010000001001011001000000011100011100010100011000100101110011001000011001110000001101010001111000110000111000010001100001111111000110111010100000011001110001111110100000010001010001010010011011110111011100101101101010001100010010111010110110000010
0000000101010000010000100001110000100010101011101100001111110101101111101111000000101000011100001000111100010010101011100001011011110010100010110101111000110000111000110111001011001010111100110011000100011000010010100000100110010001100100001010110101000000000000110000110110000010101000000110011011001000000010101000001000010000111000010
000011101110010000000010101110101110000101011010010100000100110010001100100001010110101010000010011111101000000101010111011000011100110111011100000110111001011110001110000101100100011110001010101111110011000100000011001011111101011011110000000110011100011010000
100001111110001101101010110010000111000010001000101001110001010101100100101000000011000100101110011001000011001000101001110001011010101111111010110010000111001101100100010100110001111001010000101011011010000100111111100010101111100101000101100110101101001010111110010000111001101100101010110110000000100111000000110011100011010001001111010000000000010000100110110001010101110001001000111011100010010111100101101100100001010001110001010110100101100110111011110011011001010000000000110011100011111001111100010101101100011000011100001000110000111001000101001110001011010101000111000101000110110000011001000101001
11100110011100011010110110000010001100001111110001101101010110011000100010100111000110101111111000110010000110011111010100011100110101101100000011101111001010111110011011110000011110101111001111110011000101000010011000011100011111001000011100110110010000101101001011001100001100011100001111110101101111101111000000101111
01010111011000011100110111011100000110111001011110001110000111100100100000001000010101000111010111111001000110010011111010000110110011000010001010011100010100001011100111100110111111111000011100001000101010111011000011011110111001001101101100100001110000100011001000011001111110101101111101111000000100010110001010001010111101001001010110111110111100000010100001110000100011110001010111001101001110001011001100001110101100000010000111110011000010101111100101010010000001100101011111110011001000011001000000010111101011100001110000100011011110011010101000110001110111100110100000100010110101011011000010110111010001111111110001010110111010100000010101111001110010101101101010001110001000000110010111111010110111100000001100111000111110011001000011001000101001110001000001101101011011000101001111100111111010110110000110101111001101111101000100111101000000010011000011111100011011010101100110111100100010100111000101100110000111010110000001000011101010001100010010111
100100001100100010100111000100000011001011111101011011110000000110011100010010110001010001010110100000010001010011100011011110011001010111100000110001001011100101010111011000011000011100011101011010000101111000010101000110001001011100110010000110010001010011100010110001010001010100100011001001101011111010110100101101110
0000111001101100000010100000010101011101100101000000111100100101111110111101011111111001101000001010100000010001010011100011101111000101011010010110110001111010010000001100111000100110010000110011011110011010101000110001110111100010100001001111110000001100010010111001010101110110000111111000010001111011000101011110011100100110110110010000111000010
000110010010000101000111011110011100100000011001011111101011011110000000110011100010011011110000001110001010110001011110000000110011100011111101000100111101010010011010111111010000001111110101101111101111000000101000011100001000101001010111110010001010001010010011111100000000010000110101011011001101001101010001
1001010000010000100111111000000111000100001110101011111100000110001001011111110100011000010010001010011100010110011000011101011000000100001110101000110001001011100110010000110011100000011010100011110001100001110000100011011110011010101000110001110111100010100110011011100001000111101001011100010101011010010101011101100
1110111101011000110001110001010110100101000010011111100000011000100101111010000001111110101111000100100101011111001000101001010100010011010111111100110000100001110011011001000101001110001010000101110011110011011111111001100100001100100000001010100000100001000011100001010100000010101011101100001000101001110
1101111000101011010010110110001111010010000001100111000100110010000110010000000101101111101011111100100011001001111001001011100011011100101101001111001001011111110001101110101111000001100010010111001100110110010001100100110000111011001000111000101000111000101101010101110110000110100110011010101110110001011011100011011111010001
111010010010101101111101111000000101000011100001000101001010111110011010011101100111001010101110011101111111111001110001100001010110100111001101110000000110011100010011000011100100010100111000101100110111011110011011001010000000000110011100010011001000011001000101001110001010011010100000001010111
110011111101110001011100101110000001100111000100100001110011011001111110010010000000101011100000100011110011001110001101011011100011011110010001010010101000100110000001111100110000000000100001001101100010101011111100110001100011110011001000011000111001110010000111001101100001010010001000111001111010001001111010000000100110001111
0101011100110000000000100001101011010100011000111011110001101111000000111000101011000101111000000011001110001001100001110010001010011100010100000110101010111011110000111000010001010101110110000111000000110101101110010101000110001001011100110010000110010111110010110110110100000100011101110111101011000001000100001110011011000000
10010000110011110010010111111100011011101011110000011000100101111010001001111010010010101101111101111000000101000011100001000101000100101111100111011111111110011100011000010101101001010100010010001010011100010110001010100010011100110010000110010100110001111000110011011000001010100000010101011101100001111110010000001100011001000011
0001010011100010000001001111100010011111100000001001111000000011100011100010101110001001111111100100011001110001100000001110001110000101100100011111110010011110111101011100011011110011110010011010101101011000010111110111011110101100101001010111101111000110100111011001110011000000000010000011011100000001100111000111001100
0100010110101111000110000001001011110010001001000011100110110010001010011100011110010010111000110111000101001101010001100010010111001100100001100111111010110111110111100000010100001110000101010001001111010000000111110010100001011100001111110010000100000101011010010000001001011001101011011100110101111111011110010101101111000110000111001000101001110
00001110001100110101100111100110010000110010001101101010111111101000010011011000101010001100010010111101000000110100110101100001101011001000011100001010100000010101010000010000100110110001100010010111000000110011100010011001000011001011010101011101100101000000101010111011000011110010010000000000001010101111000111000101000110001001011111111010001
11101000000010011000111100100000111000101011000000111000101000010111001101001010110100101101110001000101001010100010011111101011011111011110000001010000111000010001010010101011000011000000111110011001101110000000101000011100110000111001010101111110010001100111000100100000110110000100000010010000000110100010011110101001001110
11101000101011110010100010010100011111000000101011010100000010000110000110010000110010000011100111010011010100001110101001010100010011110100010100001000111100101001010001001011111001101001101011000011010001001010110100110011010100010010100011011010001101000000110010000011001001000001111011101001111010000001010001101011101001101110100110001000011110110000100101101100101110000100010101011101100001010001100000000001111111010001110001000011110110000100101001100000001001001101000100111101000000011111001011111001011011011010000010001010000110101100001111011100000100111110000011100010101010110111100111110111111110010101011101100
011110011011000101001111010001111111001101010001010010011001101110001100111000101010001100010010111001010100001100001110001011000000001000101001110001010101111110010001100111000100100000110110000100000010010000000110000101011111110011110010010000000000000101011101100001100100001100111111010110111110111100000010100001110000101010001
0000011011111011100001100110011111100110001100100001100111111001000000110001000011100110110000000011001000011001101001100110101011101100010110110000010001111110101101111101111000000101000011100001000101011111001110010110110110100000100010101111100101000111001000110000000000110010000011001001000001111011101001110010100101011111
10100111011001110010000111001101010111011000011000011100100010100111000100001111010110001100001101110001111011010101101011011100000010111100101010111011000010100000110101011000011111110011001000011001000101001110001111010101000000010101110001111101000000100000110111010101000001001101101010001110111110100000010101011101100001000001111110100001101110
10111000111011110101111111010001001111010011101101010100000100010001010110100101101110000111110011001000011001000101001110001111010010010101000000110101110000101011111110011111010011001010001000110111101110010011011011001111001100100001100101101010101110110000100000011001011111101011011110000000110011100010010101011101100
0100000110101010111111100110010000110011110010000001100011011110010101011101100001011111001011011101001000001000101010000101011100011100101010110100011010110110101011010010101101111001011111101000100100000111101001101010111011000101101100000100011111000110010111110111100100000001011011111010111000011100001000101101010101110110000101000001101100100011111
01001010111101111000110100111011001110010100001011110111111010111110111100110010100010011110101001001110101111000110001111001010100110111100100001011110111111001110001010100011000100101110011001000011001011010101011101100001000000110010111111010110111100000001100111000100110010111001000101001110001010001001010110101101
1001000011001010100100011001000000101001001010100010011110101001001110101001110111100111110100110010100010100001110000100010100111001010110000101010111011000011011110010110110011110001001010110000111000000110011100100000011001011111101011011100001110000100010101
000010101101011000011100001110001100110101100001010001010000001010010010100010010010101000100101010100000100001100101101111110010001100100110100111000101010011011100101000011000101000101000000101001001111010110111100100011111001100110110010000000101101111101011111100101010001001101010111100000001110011011000000001100001110001110101111101101010110111111010001
11101010010011101011110001100011110011111100100000011000111011101110000110011001111110011000100010100101010001001100001110010101011000110010000001100010010111001000110010010101001000000010110111110101111001100001111001001101101100101000000101000101001100101100110011100110111001011001111
010001011010111100011010111111100110000110100100000100010001010011100010000011011000010000001001000000011000010101111111001000011100110110010110010001111000101010111111001100010000001100101111110101101111000000011001110001101000100111101010010011101011110001100011110010111100100110111101110010011011011000011001000011
0101011100000100010101011100001001101110111010001100000011001011111101011011100001110000100011000011111110001101110101000000110011100011111101000000110100110101000100100010100111010111100010100010010111110010101001011011101110111100110100111100100101111111100011110001100001110000100011001000011001010100111101111010110001100011100010101101
0100010100110010110011001110010000011101111010001100001110110101000000110001010001010000001010010010101001010000011011010100000010100100110100110011010010011111101010100000100001001101100011100110000101010001001000101001110001010000110010111101011001100100001100100010100111000100000111010011111100100100010100101010001001100000011111
11100100110110110000101001101010111000010001010000010111110001001010101110011000011101100100011100010100011001101110100000011001101100110000111011001100000011010101000000110010111001000101001110001010011001101110000100011110100101110001010101101001101001010110111010001001111010100100111000110000111011001100000011010001111001001101010110101100
101001110001010000101110010100001101011011010000010001010000011010101111001100110000110100100000100011111000101010111011001000011100001000100010100111000101100110111011100011100110001100101110010001010001010010011111101010100000100001001101100011111001010100010010101010000010000101110010000011010100000000001010001110011010000010
000101001110001111101010000001100011100110111011101101010001100010010111101000000100000001011011111010111000011100001000100010100111000101000010011111100000011000100101110011001000011001000101001110001111001001101101100101000000110111101110111101011111110000111000010001000101001110001000001110110100000010101011101100
0000000101111010111000011100001000101010011111100000000010000110101011011001000000010110111110101110100010010000011100110010101101000011010001001010000010001101001110000101000101101100111001000101001110001000101000101001001000000010110111110101111110010100010100110101011010110000110100111000100010100111000111100100110111011110111000001
01000001101010111100110001000011100110110010001010011100011000011101100110000001101010100010011110101001001101011111101000000101000101000000101001001000101001110100010110011111100000000001000001101110001011001101110111000111001101111101000000100010100111000101010111111001000110011100010010000011011000010000001001000000011000010101111111
01000101101011110001010110100101101110001000110010010000001100101111110101101111000101101010101110110000101011011110010111111010000001101111001000001101010111100110001010000101110010100001101011000100000100011110010011011011111010111111001011011001111100010010100010010011100111001000101001110001000001111110100001101110
1110010011110111101011110011000010001010011100010000000101101111101011110101111110010100010100000010100100111111000011010001001011001010110111000011100001000100001101101100110010110011111010000001010101110110000110100110101100001101011000010001010011100010100110101000010110001010000000001010110101000000100001100111100100011001
110000001101001011110000010010110010000000001100111111110001001011111111010001
1110101001001110001111010001010111101101110101111110011010111111100110000101010010000111001101100000000110010000110010110110010000100010110110000111110001000011100110110011011110111001001101101100100001110000100010001010011100010110010001111000101010111111001101111001101110101011100100001110111001000000
010000100110000111000100100011001001010000100110000111000100101010110110010111000010001000101001110001111001001010111110001001010001001001100001101110001000000010111101011100001110000100010001010011101000101100111110110110010100010001111011100100000100101000010110111100100001110111001000000001000101001110001111010000011101100101011111
00011001001000101001110001010001111101101011111110000101011100111101000101010101101000011001010110100110011010100010010000011100101010001101111101001100010000011110111010011110100010011110101001001110001000000010100001001111100001100011100001111001001000000010000010111111111001010001001011111001101001101110011010100001001001000100100011001001000101001110
00000110001110111100010011010010000010001000001110110110101101001001000110110101011001101011111100110000111001000101001110001010001110010001101100010100100111100110011100011010110110000010001000001110101000110011101000100111101010010011100010101111100011011100101101010110100111000101000100101111100110000111000110111001011001010111100110011000011010010000010
000101001110001111010001010111101101110101111110011000011100100010100111000101000110110111011000011110011001110001101011011000001000100000111101110100111101000100100000111010111001100001111111000110111010100000011001110001001000011100110110010000001100101111110101101110000111000010001000101001110001010101101000110000001101010110011011110011001000011
1111000101011011111110100000011001101100100010100111010001011001010101110000100110111000110010000110011100110111011101101010001100010010111001010110100110011110111100010001010011100010100110011011100001000111101001011110100000010001100110011110101100100010100111000100001110011011000000001100100001100101010010000101011010101100101010101000111001100
010110111110000111111010111110100001100111011001100110000100001110111001000000001010100101001010101110110011101000110100111001101011000011110010011011011001010001001000001110100101000010001110111001000111001100001010000100110000111000111010110010001010010101000100100000010011110111100110000110011110111101011001000101001110
00001010110101011001010101010001100010010111111100101000100101111100101000010011000011100011100110000101010001001000101001110001111100010101101110100010011110101001001110001100001111111000110111010100000011001110001001010001001011111001011110010001001101011111110011000010000111001101100101110101101010001100011100010101101
111110101101111101111000000101000011100001000100001110011011001111111011101111010110101011010011110011001110001101011011100011011111010000001101111000000001011000011110000111000010001010100111111110010001100111000110000000111000111000010101100001100001100101110110100000101010001
1110101001001110001111010001010111101101110101111110010101011011111100100101000010011111111110001010010110100000100011001101110000000101000011101010001110011000010001010011100011010111111100011001000011001000101001110001000010101110010000000101101000000101010010110011011101110001110011000110101111111001100
00011001001110111100010101101001011011000111101001001101110000000100100100010010101011100001001101110111110100000011010011010100010010000011000001001000000010101110011111101011011111011110000001010011011111100100000001010110011000110000001001010100111110001010101110110001011011011000010001100110010110110100010011110100000001001010001001011111
000000010101100110001100100001100101010010100110011011100001000111101001011100010101011010010100010100110010110011001110011110010111001111111110010100001000111011100100011100110000101010001001000101001110001000000100001100011000110111000101010111011000011111101010100000100001001101100011100110000100001110111001000000
010110100110011110111101010001001111010010111011100100000000100010100111000111001110110000110010000110011100101111000100100110010000110010001010011100010000111001101011011001010110110000001111001010011010101110000100010101001010000011011010100000010100100110100110011010011010001001000001111000000100011111100000001001001000110000111000010
0101011011001011100001000111001011110001001001010000010110001011001100100001100101000001101101010000001010010011010011001101001001111001001101101100111100110000111001000110101101101111010000001000101001110001101110000000100100100010010101011100001001101110001111001001101010110101100001101001110001110111100010101101001011011000111101001110011001010001
111010100100111000101100110111011100011100110001111001001101010110101100001101001110001010101100111010010101010111110001110011000010001100100101010010100001011110111001000111111000110111000000010010010001001010101110000100110111000110100100000100011001101001111111010111110111000011100001000100010100111000111110101000000110
0101011100001001101110001010100001100011101011001000110101101101111000011100001000100010100111000101100110111011100011100110001010101000001000010111001000001101010000000000101000111001101000001000101000111111000001100110100010010000011110000001000111110100110000000110001100001110000100011001011111000110010000110010001010011100011110010011011011001111
0001100100100010101111010111100011010101000000101001010101101000011001000101001110001110101110111001101110100000010101001010000110101100001111011100000100101010111000010011011100010100010100110101011010110000110111101111101010110100011010001
0000011101101001100110101000100101000111011101001100010000011110111010011100100010100111000100000110000010010000000101011100101011011111000100110000001110111000001001010101110110000111001110000101000011111011010110010000011100100100000011011101011110111000101011111001000000100110101011100011100110000101010010110101011011000010110
0100010010011101100110100110010000110011110101101111001010001001110011110010001011111001010100000000001111010111100111111001100011000011100101010011111000000010101101011010010000111011010100000011010100000011000011100100000010101111000100100100010100111000111110101000000110001000011010111110100110001001011100101011111
0001010011100010100010010011101100110100110001111001000000100110101011100011100110000110010111001010100101000100100111011001101101001010110111011100101000100000011111010010100010010011100111001100000010010100010010111110010100001010111110100111001100001010101101100101110000100010001010011100010000101011100110101011101100
10100100000100010100101010111011000011000000100101011010100011001000000010100011000111000101011010110100000100010110010111001010000010000110011000010101001010000110101001101001011011100011000011100011001001010100111100100101110001010110000111110101100101010001001110010111100010010011011110111011100101101101010001100010010111000001111101
0000101000111011100001110000100010101001000000110010111111010110111100011001000011001000101001110001011001000111100010101011111100110001000110110101111011110011011100110010100010011110100000001001010001001011111101000000110000111001110000011000011110111000001101000000100010100111000100001110001011111100010011001011001001000000110000111010111010001
1110101001001110001010001001010001110101100101101110111011110011010011110010010111111110001111000111001100001100100001100111010000001010011101011001010100100011011100110101000010010010011001101100101010010001101011010011100010001101011011011111001100001101010100000100010010110110110000101010001
000101001110001110011101100111100101010111011000010000111000011010110111001100001010001010000001010010010100010010100011101011101000100100000111010001001110010111100010010011100111011000010001010011101011110001010001001011111001010100111111000000010010010001001000000010101100110001100100001100111100101110011111111111001100
01001100110111000010001111010010111000101010110100101010111011000011110111101011000110001110001010110100111110110110000001111110100010010000011000101001110011100100010100111011111100010100010110101111000101101100001111100110000110101010000001111010010101010111110001001010110100110011110111100010001010011100010100010010100011101011
011011101110111100110110100000010001010011100011111100000001001001000111110010110011000011101011000000100001111100110000101010010110111011101111001101001011011000011111000101011110011100101011011010100011100011100111100110101000010010010010001100100111011110001010110100101101100011110100100100010100111000100001010110101011001101111
100100001100100010100111000110111001000000010101110010101000001110001010111001100101011110000011111101000100111101000001110010110101010000010100001110000100011001101010001001000101001110100010110010000101011110010100010011011100101010110000111110000010111100011100000001010000001000101001110001000001100000100100000001010111111100101011011110
111101011000011000010001100100101001010111101111000110101111111001100001000101001110001010000011010101011111000100010101101001011011101010001001111010000000100111100100101111111100011110001111100110010000110010101001011001011010101000101000011100001000110100110010101101101100001000000100110101011100011100110000110010111
01010010001101110000100001001011000011001101100110010001010011101011001111100010101101001011011100011111101010100000100001001101100010010101011101100001100100001100101010011111000110110101100000001001001000111001100000010110001101011111101010101011010110100000100010100010100000010100100111111000000010010010001111100100001110011011
01011110011100101011011010100011100010101100000000000100011001001000101001110001100110100111101001010110111000001111100100011001001101001110001000000010101000001000011001100001010101101100101110000100010100010010011000111000100100101101100001111101111
010110111100010110010110101010001001111010001001111010000000100101000100101111100100010100111000100001110001011111100010010110011011101110001110011000111100010101000001011010010110111000110010000110011011110111001001101101100100001110000100011001101100111011110001010110100101101100011110100110000111000010001010101110000100110111011111010001
00000110000110101000111010110010101011000101010000000101010001100010010111111100110010000110010001010011100010100000110101010111110001000101011010010110111000101001010101100001000000010100001001111100001100011100001111001001000000010000010111111111110111100101010001000101011110001001110011001010001
01000111110011010101011111000100010101101001011011101111001010001011010111100011000011100110101111111000110000111001000001101110101101110010100001100011000011100100010100111000101000111001000110010000101001001111001100111000110101101100000101010000001010101110110000100010100111000101000010111000011111100100001000001101110
1001000011001000010101101010100000100110001110000100011011100001010111000010101010110101010001100010010111001010101110110000110000111000111010111111110111000001100010010111001010001001011111001010000101101011110000011000111001100110000110100100000100011111101011011111011110000001010011011111110100010011110100000111001010001110010001100100100011101110100110
0000011000110000110101101110101001101110011011011000011110100100011111001101011011010000001010100101000110011101010001111000100100100000001010001010011100000000101000110001110010000101011110100000010000001100101111110101101111001100001010101110010101101111100001100100001100100000011010111000011001000010101110011010010000010
100001111111000110111010100000011001110001010101101001000110111000010101110000101010101101010100011000100101111010001001111010000011100101000111001000110010010001101100000110010010001010011100010000011011011100001001101100011110100100100000001010001010011100000000101000110001110010000101011100100000110110110000000010101011101100001111010001010101011100011101011
0110011011101111001101100101000011001100001010100111111010110111110111100000010100001110000100011110001001010110000111101000000101000100100110001110001001001010001001011111001111110101010000110101111111100110011001100001100101110110100000100011010010000010001000101001110001111100011101100110100100010101010000110
1010011100000101000011101111000011100001000110000111001000101001110001011010101000111000101000111001000111111000101001001111001100111000110101101100000101010001
11101010010011100011111000110101011000000010001100100001100101011111000110111001011110010000000000010001101111011111010101101000111001100001100001110010001010011100010110011011101111001101100101000000000011001110001001100100001100101010111000010011011101110100011101111001010110010000111000010
0110011011101110001110011011110010001010010101000100101000101101011110001101001010111111100110000110010111001010110111110011110011001000011001011010101101100001011000110110101011001000100010100000010000000101111010111000011100001000111111010111100010010011000011111110001101110101000000110011100011111001000110011001
0110101011011000010110001000011100110110010000111000110011010110000110101111111010100010010000011000110000001010010010001010011100010100001010110100101101100011100010100011000100101110011001000011001011011001000010010110111000000101001000000100011100001000101011010010110111011110011000011100101000111001000110010010001101100000110011010000001010000100110110001010110100101101110
01010111000010011011101110100011000000110010111111010110111000011100001000110000111111100011011101010000001100111000111110011110001010000001100011000011100011001001101011111110101000100111101010010011100000010001010001011010111100011110001010110101101110011000010001100101000010010000101011010101000001001100011100
1000011111110001101110101000000110011100011111101000000110011011001000101001110100101100100101101100000011101111101000100111101010010011100000010001100001111110001101101010110011001100001010000100011101110010001110011000010101101100000011110010000111001101100111111000000010010010001100001110000100010101011101100
11100100110101011010110000110100111000110101111111001100001000011100110110010000001100101111110101101110000111000010001101001100100010100100101001100110111000010001111010010111000101010110100101010111011000011110111101011000110001110001010110100101010111000010011011101111101000100101000110001010100001001111100001100011100
111001001000000010000010111111111110111100100000001010000010001010010101111011110001101001110110011100110000111111000110110101011001100110000110010111001111110010000001101010001
111010100100111000111101111010110111100011010111010000001010101110010101101010000011010100001101100001011011000001000111111110001010110111000101000011010110000001000000100011000011100001000100000010011011110001010111100111001010110110101000111000110111100101011001000011100001011111010000
000101001110001000000100011100101110010000001100001110101100100000010001110010111001111111100100101000011010100000010001110011011101111111001001010000100011100001111110000000100100100011111101000000101010111011000011111010000100010111000000100101101110111011110011011111
00101000101101011110001010101101011010011000011111100100110110100001001101101010001110011000011000011100100010100111010010110010010110110000001110111100110100100000100010101101001100110101000100101000111001000110100100011011000001100110100010011110100100000101010110010000101001010010101100010111111
0100010110101111000100001110001011111100010010101010000010000011011000110011000011010010000010001000001111100010100000011011110010000011000101010001000100110000111001010001110010001101001000110100100011101010001001111010100100111000101100110111011110011011001010000000000110011100010011001000011001000101001110001111001000101111100011011100110010001110111000011001000011100001000111001110000101000011111000101011010011001101010001001010001110010001101001000110101110100110101000000101010010110011011101110001110011000100001110011011001011001000111011100001100100001110000100010101001111001000101111100011011100011000011100011001001011001100000101011110110111100101000101000000101001
00001010111100101000100101011110011100101011011010111100000001010100000011010011011100110101000010010010001001100101111100011001000011001000101001110001000010101111001010001110111100010010101011001110110101011111100110111100110000111001111110101101111101111000000101000011100001000100000011000010100110010110011111010000
01011111001100000010011100111010110100101101110011000010101011100001001101110001000000110010111111010110111100000001100111000111110010001100100110100111000100000001010110011000101000101000000101001001010000100110110001010110100101101110001100001111111000110111010100000011001110001111100100001101011011
000000100110111100010101111001110010101101101010001110011010000010001000101001010101110010100101010110000101000010111101110111000100110101111101101000001000110100111011001110010100001001111111111000101001011011101010001
010001100011001011001101011011100111111010110111110111100000010100001110000100011110001010111001101001110001111101011000011000010001100100101001010111101111000110100111000001010101011100110100100000100010001010011100010110101010001110001010001110000001111111000101001001111001100111000110101101100000101010001
00000110000100111110001100100001100100010100111000100000010011111000100101111001000101011010010110111000111001011011011010000010001000011110010100011111001100100001100111111010110111110111100000010100110111111001010001001011111001000101001110001000000110010111111010110111100000001100111000100110000111001000101001110
010001110010001101001000111111000001100111110011001000011001000101001110001000000110101110000110010000101011100100001110111001000000001000001111001011011111001100110110010111010110100000011110100100010000010110000111101000000100011001001010001100111010101111110101110001011111010111010000001111010010111011010101111110011010100000011010010000010001000101000101001
111010010111011110011111100010010011100111000010100001111101101011111110100000010000011111001100101011100101000110011110011010101000000101001101111000101010111011000010100011111010001101011101111000101000110001110111000100101011000011110100000010001100100111011110001010110100101101100011110100100100010100111000110100101011111100011100
1010101111000000100100001110011011001000101001110001000000110000110111000111000011111000001011110001110000000001100100001100100000011001011111101011011110000000110011100011010001
01000110001010101110000010001100000000001000010111001111011110000000110011100011111001010101110110000110111100000111000011111000000011001110001111100101001010111101111000110100111011001110011000011111100100110110100001001101101010001110011000011000011100101010110101101001000101001110
1010010101111110001110000111111010110111110111100000010100001110000100011000011111110001101110101000000110011100011111101000100111101010010011101111110001010010101111011110001101111011111010101101000111001100001100001110011000011111100101111001011111110011000010101111001110010101101101011110000000100010101011101100
1111010000110110011000011001000011001100101000011010110101000110001001011111110010101011101100001100101000011001111100110000110101010000001010000100111111111100010100110000110110000001100011011110010000111001101100110000000000100001011100111101111001100001000000110000101001100101100111100110000111001000101001110
00001110001100110101100101000100111101000001110010101011000110010000001100010010111001000110010010000001001011001000000011100011100010100011000100101110011001000011001110000001101010001111000110000111000010001100001111111000110111010100000011001110001111110100000010001010001010010011011110111011100101101101010001100010010111010110110000010
0000000101010000010000100001110000100010101011101100001111110101101111101111000000101000011100001000111100010010101011100001011011110010100010110101111000110000111000110111001011001010111100110011000100011000010010100000100110010001100100001010110101000000000000110000110110000010101000000110011011001000000010101000001000010000111000010
000011101110010000000010101110101110000101011010010100000100110010001100100001010110101010000010011111101000000101010111011000011100110111011100000110111001011110001110000101100100011110001010101111110011000100000011001011111101011011110000000110011100011010000
100001111110001101101010110010000111000010001000101001110001010101100100101000000011000100101110011001000011001000101001110001011010101111111010110010000111001101100100010100110001111001010000101011011010000100111111100010101111100101000101100110101101001010111110010000111001101100101010110110000000100111000000110011100011010001001111010000000000010000100110110001010101110001001000111011100010010111100101101100100001010001110001010110100101100110111011110011011001010000000000110011100011111001111100010101101100011000011100001000110000111001000101001110001011010101000111000101000110110000011001000101001
11100110011100011010110110000010001100001111110001101101010110011000100010100111000110101111111000110010000110011111010100011100110101101100000011101111001010111110011011110000011110101111001111110011000101000010011000011100011111001000011100110110010000101101001011001100001100011100001111110101101111101111000000101111
01010111011000011100110111011100000110111001011110001110000111100100100000001000010101000111010111111001000110010011111010000110110011000010001010011100010100001011100111100110111111111000011100001000101010111011000011011110111001001101101100100001110000100011001000011001111110101101111101111000000100010110001010001010111101001001010110111110111100000010100001110000100011110001010111001101001110001011001100001110101100000010000111110011000010101111100101010010000001100101011111110011001000011001000000010111101011100001110000100011011110011010101000110001110111100110100000100010110101011011000010110111010001111111110001010110111010100000010101111001110010101101101010001110001000000110010111111010110111100000001100111000111110011001000011001000101001110001000001101101011011000101001111100111111010110110000110101111001101111101000100111101000000010011000011111100011011010101100110111100100010100111000101100110000111010110000001000011101010001100010010111
100100001100100010100111000100000011001011111101011011110000000110011100010010110001010001010110100000010001010011100011011110011001010111100000110001001011100101010111011000011000011100011101011010000101111000010101000110001001011100110010000110010001010011100010110001010001010100100011001001101011111010110100101101110
0000111001101100000010100000010101011101100101000000111100100101111110111101011111111001101000001010100000010001010011100011101111000101011010010110110001111010010000001100111000100110010000110011011110011010101000110001110111100010100001001111110000001100010010111001010101110110000111111000010001111011000101011110011100100110110110010000111000010
000110010010000101000111011110011100100000011001011111101011011110000000110011100010011011110000001110001010110001011110000000110011100011111101000100111101010010011010111111010000001111110101101111101111000000101000011100001000101001010111110010001010001010010011111100000000010000110101011011001101001101010001
1001010000010000100111111000000111000100001110101011111100000110001001011111110100011000010010001010011100010110011000011101011000000100001110101000110001001011100110010000110011100000011010100011110001100001110000100011011110011010101000110001110111100010100110011011100001000111101001011100010101011010010101011101100
1110111101011000110001110001010110100101000010011111100000011000100101111010000001111110101111000100100101011111001000101001010100010011010111111100110000100001110011011001000101001110001010000101110011110011011111111001100100001100100000001010100000100001000011100001010100000010101011101100001000101001110
1101111000101011010010110110001111010010000001100111000100110010000110010000000101101111101011111100100011001001111001001011100011011100101101001111001001011111110001101110101111000001100010010111001100110110010001100100110000111011001000111000101000111000101101010101110110000110100110011010101110110001011011100011011111010001
111010010010101101111101111000000101000011100001000101001010111110011010011101100111001010101110011101111111111001110001100001010110100111001101110000000110011100010011000011100100010100111000101100110111011110011011001010000000000110011100010011001000011001000101001110001010011010100000001010111
110011111101110001011100101110000001100111000100100001110011011001111110010010000000101011100000100011110011001110001101011011100011011110010001010010101000100110000001111100110000000000100001001101100010101011111100110001100011110011001000011000111001110010000111001101100001010010001000111001111010001001111010000000100110001111
0101011100110000000000100001101011010100011000111011110001101111000000111000101011000101111000000011001110001001100001110010001010011100010100000110101010111011110000111000010001010101110110000111000000110101101110010101000110001001011100110010000110010111110010110110110100000100011101110111101011000001000100001110011011000000
10010000110011110010010111111100011011101011110000011000100101111010001001111010010010101101111101111000000101000011100001000101000100101111100111011111111110011100011000010101101001010100010010001010011100010110001010100010011100110010000110010100110001111000110011011000001010100000010101011101100001111110010000001100011001000011
0001010011100010000001001111100010011111100000001001111000000011100011100010101110001001111111100100011001110001100000001110001110000101100100011111110010011110111101011100011011110011110010011010101101011000010111110111011110101100101001010111101111000110100111011001110011000000000010000011011100000001100111000111001100
0100010110101111000110000001001011110010001001000011100110110010001010011100011110010010111000110111000101001101010001100010010111001100100001100111111010110111110111100000010100001110000101010001001111010000000111110010100001011100001111110010000100000101011010010000001001011001101011011100110101111111011110010101101111000110000111001000101001110
00001110001100110101100111100110010000110010001101101010111111101000010011011000101010001100010010111101000000110100110101100001101011001000011100001010100000010101010000010000100110110001100010010111000000110011100010011001000011001011010101011101100101000000101010111011000011110010010000000000001010101111000111000101000110001001011111111010001
11101000000010011000111100100000111000101011000000111000101000010111001101001010110100101101110001000101001010100010011111101011011111011110000001010000111000010001010010101011000011000000111110011001101110000000101000011100110000111001010101111110010001100111000100100000110110000100000010010000000110100010011110101001001110
11101000101011110010100010010100011111000000101011010100000010000110000110010000110010000011100111010011010100001110101001010100010011110100010100001000111100101001010001001011111001101001101011000011010001001010110100110011010100010010100011011010001101000000110010000011001001000001111011101001111010000001010001101011101001101110100110001000011110110000100101101100101110000100010101011101100001010001100000000001111111010001110001000011110110000100101001100000001001001101000100111101000000011111001011111001011011011010000010001010000110101100001111011100000100111110000011100010101010110111100111110111111110010101011101100
011110011011000101001111010001111111001101010001010010011001101110001100111000101010001100010010111001010100001100001110001011000000001000101001110001010101111110010001100111000100100000110110000100000010010000000110000101011111110011110010010000000000000101011101100001100100001100111111010110111110111100000010100001110000101010001
0000011011111011100001100110011111100110001100100001100111111001000000110001000011100110110000000011001000011001101001100110101011101100010110110000010001111110101101111101111000000101000011100001000101011111001110010110110110100000100010101111100101000111001000110000000000110010000011001001000001111011101001110010100101011111
10100111011001110010000111001101010111011000011000011100100010100111000100001111010110001100001101110001111011010101101011011100000010111100101010111011000010100000110101011000011111110011001000011001000101001110001111010101000000010101110001111101000000100000110111010101000001001101101010001110111110100000010101011101100001000001111110100001101110
10111000111011110101111111010001001111010011101101010100000100010001010110100101101110000111110011001000011001000101001110001111010010010101000000110101110000101011111110011111010011001010001000110111101110010011011011001111001100100001100101101010101110110000100000011001011111101011011110000000110011100010010101011101100
0100000110101010111111100110010000110011110010000001100011011110010101011101100001011111001011011101001000001000101010000101011100011100101010110100011010110110101011010010101101111001011111101000100100000111101001101010111011000101101100000100011111000110010111110111100100000001011011111010111000011100001000101101010101110110000101000001101100100011111
01001010111101111000110100111011001110010100001011110111111010111110111100110010100010011110101001001110101111000110001111001010100110111100100001011110111111001110001010100011000100101110011001000011001011010101011101100001000000110010111111010110111100000001100111000100110010111001000101001110001010001001010110101101
1001000011001010100100011001000000101001001010100010011110101001001110101001110111100111110100110010100010100001110000100010100111001010110000101010111011000011011110010110110011110001001010110000111000000110011100100000011001011111101011011100001110000100010101
000010101101011000011100001110001100110101100001010001010000001010010010100010010010101000100101010100000100001100101101111110010001100100110100111000101010011011100101000011000101000101000000101001001111010110111100100011111001100110110010000000101101111101011111100101010001001101010111100000001110011011000000001100001110001110101111101101010110111111010001
11101010010011101011110001100011110011111100100000011000111011101110000110011001111110011000100010100101010001001100001110010101011000110010000001100010010111001000110010010101001000000010110111110101111001100001111001001101101100101000000101000101001100101100110011100110111001011001111
010001011010111100011010111111100110000110100100000100010001010011100010000011011000010000001001000000011000010101111111001000011100110110010110010001111000101010111111001100010000001100101111110101101111000000011001110001101000100111101010010011101011110001100011110010111100100110111101110010011011011000011001000011
0101011100000100010101011100001001101110111010001100000011001011111101011011100001110000100011000011111110001101110101000000110011100011111101000000110100110101000100100010100111010111100010100010010111110010101001011011101110111100110100111100100101111111100011110001100001110000100011001000011001010100111101111010110001100011100010101101
0100010100110010110011001110010000011101111010001100001110110101000000110001010001010000001010010010101001010000011011010100000010100100110100110011010010011111101010100000100001001101100011100110000101010001001000101001110001010000110010111101011001100100001100100010100111000100000111010011111100100100010100101010001001100000011111
11100100110110110000101001101010111000010001010000010111110001001010101110011000011101100100011100010100011001101110100000011001101100110000111011001100000011010101000000110010111001000101001110001010011001101110000100011110100101110001010101101001101001010110111010001001111010100100111000110000111011001100000011010001111001001101010110101100
101001110001010000101110010100001101011011010000010001010000011010101111001100110000110100100000100011111000101010111011001000011100001000100010100111000101100110111011100011100110001100101110010001010001010010011111101010100000100001001101100011111001010100010010101010000010000101110010000011010100000000001010001110011010000010
000101001110001111101010000001100011100110111011101101010001100010010111101000000100000001011011111010111000011100001000100010100111000101000010011111100000011000100101110011001000011001000101001110001111001001101101100101000000110111101110111101011111110000111000010001000101001110001000001110110100000010101011101100
0000000101111010111000011100001000101010011111100000000010000110101011011001000000010110111110101110100010010000011100110010101101000011010001001010000010001101001110000101000101101100111001000101001110001000101000101001001000000010110111110101111110010100010100110101011010110000110100111000100010100111000111100100110111011110111000001
01000001101010111100110001000011100110110010001010011100011000011101100110000001101010100010011110101001001101011111101000000101000101000000101001001000101001110100010110011111100000000001000001101110001011001101110111000111001101111101000000100010100111000101010111111001000110011100010010000011011000010000001001000000011000010101111111
01000101101011110001010110100101101110001000110010010000001100101111110101101111000101101010101110110000101011011110010111111010000001101111001000001101010111100110001010000101110010100001101011000100000100011110010011011011111010111111001011011001111100010010100010010011100111001000101001110001000001111110100001101110
1110010011110111101011110011000010001010011100010000000101101111101011110101111110010100010100000010100100111111000011010001001011001010110111000011100001000100001101101100110010110011111010000001010101110110000110100110101100001101011000010001010011100010100110101000010110001010000000001010110101000000100001100111100100011001
110000001101001011110000010010110010000000001100111111110001001011111111010001
1110101001001110001111010001010111101101110101111110011010111111100110000101010010000111001101100000000110010000110010110110010000100010110110000111110001000011100110110011011110111001001101101100100001110000100010001010011100010110010001111000101010111111001101111001101110101011100100001110111001000000
010000100110000111000100100011001001010000100110000111000100101010110110010111000010001000101001110001111001001010111110001001010001001001100001101110001000000010111101011100001110000100010001010011101000101100111110110110010100010001111011100100000100101000010110111100100001110111001000000001000101001110001111010000011101100101011111
00011001001000101001110001010001111101101011111110000101011100111101000101010101101000011001010110100110011010100010010000011100101010001101111101001100010000011110111010011110100010011110101001001110001000000010100001001111100001100011100001111001001000000010000010111111111001010001001011111001101001101110011010100001001001000100100011001001000101001110
00000110001110111100010011010010000010001000001110110110101101001001000110110101011001101011111100110000111001000101001110001010001110010001101100010100100111100110011100011010110110000010001000001110101000110011101000100111101010010011100010101111100011011100101101010110100111000101000100101111100110000111000110111001011001010111100110011000011010010000010
000101001110001111010001010111101101110101111110011000011100100010100111000101000110110111011000011110011001110001101011011000001000100000111101110100111101000100100000111010111001100001111111000110111010100000011001110001001000011100110110010000001100101111110101101110000111000010001000101001110001010101101000110000001101010110011011110011001000011
1111000101011011111110100000011001101100100010100111010001011001010101110000100110111000110010000110011100110111011101101010001100010010111001010110100110011110111100010001010011100010100110011011100001000111101001011110100000010001100110011110101100100010100111000100001110011011000000001100100001100101010010000101011010101100101010101000111001100
010110111110000111111010111110100001100111011001100110000100001110111001000000001010100101001010101110110011101000110100111001101011000011110010011011011001010001001000001110100101000010001110111001000111001100001010000100110000111000111010110010001010010101000100100000010011110111100110000110011110111101011001000101001110
00001010110101011001010101010001100010010111111100101000100101111100101000010011000011100011100110000101010001001000101001110001111100010101101110100010011110101001001110001100001111111000110111010100000011001110001001010001001011111001011110010001001101011111110011000010000111001101100101110101101010001100011100010101101
111110101101111101111000000101000011100001000100001110011011001111111011101111010110101011010011110011001110001101011011100011011111010000001101111000000001011000011110000111000010001010100111111110010001100111000110000000111000111000010101100001100001100101110110100000101010001
1110101001001110001111010001010111101101110101111110010101011011111100100101000010011111111110001010010110100000100011001101110000000101000011101010001110011000010001010011100011010111111100011001000011001000101001110001000010101110010000000101101000000101010010110011011101110001110011000110101111111001100
00011001001110111100010101101001011011000111101001001101110000000100100100010010101011100001001101110111110100000011010011010100010010000011000001001000000010101110011111101011011111011110000001010011011111100100000001010110011000110000001001010100111110001010101110110001011011011000010001100110010110110100010011110100000001001010001001011111
000000010101100110001100100001100101010010100110011011100001000111101001011100010101011010010100010100110010110011001110011110010111001111111110010100001000111011100100011100110000101010001001000101001110001000000100001100011000110111000101010111011000011111101010100000100001001101100011100110000100001110111001000000
010110100110011110111101010001001111010010111011100100000000100010100111000111001110110000110010000110011100101111000100100110010000110010001010011100010000111001101011011001010110110000001111001010011010101110000100010101001010000011011010100000010100100110100110011010011010001001000001111000000100011111100000001001001000110000111000010
0101011011001011100001000111001011110001001001010000010110001011001100100001100101000001101101010000001010010011010011001101001001111001001101101100111100110000111001000110101101101111010000001000101001110001101110000000100100100010010101011100001001101110001111001001101010110101100001101001110001110111100010101101001011011000111101001110011001010001
111010100100111000101100110111011100011100110001111001001101010110101100001101001110001010101100111010010101010111110001110011000010001100100101010010100001011110111001000111111000110111000000010010010001001010101110000100110111000110100100000100011001101001111111010111110111000011100001000100010100111000111110101000000110
0101011100001001101110001010100001100011101011001000110101101101111000011100001000100010100111000101100110111011100011100110001010101000001000010111001000001101010000000000101000111001101000001000101000111111000001100110100010010000011110000001000111110100110000000110001100001110000100011001011111000110010000110010001010011100011110010011011011001111
0001100100100010101111010111100011010101000000101001010101101000011001000101001110001110101110111001101110100000010101001010000110101100001111011100000100101010111000010011011100010100010100110101011010110000110111101111101010110100011010001
0000011101101001100110101000100101000111011101001100010000011110111010011100100010100111000100000110000010010000000101011100101011011111000100110000001110111000001001010101110110000111001110000101000011111011010110010000011100100100000011011101011110111000101011111001000000100110101011100011100110000101010010110101011011000010110
0100010010011101100110100110010000110011110101101111001010001001110011110010001011111001010100000000001111010111100111111001100011000011100101010011111000000010101101011010010000111011010100000011010100000011000011100100000010101111000100100100010100111000111110101000000110001000011010111110100110001001011100101011111
0001010011100010100010010011101100110100110001111001000000100110101011100011100110000110010111001010100101000100100111011001101101001010110111011100101000100000011111010010100010010011100111001100000010010100010010111110010100001010111110100111001100001010101101100101110000100010001010011100010000101011100110101011101100
10100100000100010100101010111011000011000000100101011010100011001000000010100011000111000101011010110100000100010110010111001010000010000110011000010101001010000110101001101001011011100011000011100011001001010100111100100101110001010110000111110101100101010001001110010111100010010011011110111011100101101101010001100010010111000001111101
0000101000111011100001110000100010101001000000110010111111010110111100011001000011001000101001110001011001000111100010101011111100110001000110110101111011110011011100110010100010011110100000001001010001001011111101000000110000111001110000011000011110111000001101000000100010100111000100001110001011111100010011001011001001000000110000111010111010001
1110101001001110001010001001010001110101100101101110111011110011010011110010010111111110001111000111001100001100100001100111010000001010011101011001010100100011011100110101000010010010011001101100101010010001101011010011100010001101011011011111001100001101010100000100010010110110110000101010001
000101001110001110011101100111100101010111011000010000111000011010110111001100001010001010000001010010010100010010100011101011101000100100000111010001001110010111100010010011100111011000010001010011101011110001010001001011111001010100111111000000010010010001001000000010101100110001100100001100111100101110011111111111001100
01001100110111000010001111010010111000101010110100101010111011000011110111101011000110001110001010110100111110110110000001111110100010010000011000101001110011100100010100111011111100010100010110101111000101101100001111100110000110101010000001111010010101010111110001001010110100110011110111100010001010011100010100010010100011101011
011011101110111100110110100000010001010011100011111100000001001001000111110010110011000011101011000000100001111100110000101010010110111011101111001101001011011000011111000101011110011100101011011010100011100011100111100110101000010010010010001100100111011110001010110100101101100011110100100100010100111000100001010110101011001101111
100100001100100010100111000110111001000000010101110010101000001110001010111001100101011110000011111101000100111101000001110010110101010000010100001110000100011001101010001001000101001110100010110010000101011110010100010011011100101010110000111110000010111100011100000001010000001000101001110001000001100000100100000001010111111100101011011110
111101011000011000010001100100101001010111101111000110101111111001100001000101001110001010000011010101011111000100010101101001011011101010001001111010000000100111100100101111111100011110001111100110010000110010101001011001011010101000101000011100001000110100110010101101101100001000000100110101011100011100110000110010111
01010010001101110000100001001011000011001101100110010001010011101011001111100010101101001011011100011111101010100000100001001101100010010101011101100001100100001100101010011111000110110101100000001001001000111001100000010110001101011111101010101011010110100000100010100010100000010100100111111000000010010010001111100100001110011011
01011110011100101011011010100011100010101100000000000100011001001000101001110001100110100111101001010110111000001111100100011001001101001110001000000010101000001000011001100001010101101100101110000100010100010010011000111000100100101101100001111101111
010110111100010110010110101010001001111010001001111010000000100101000100101111100100010100111000100001110001011111100010010110011011101110001110011000111100010101000001011010010110111000110010000110011011110111001001101101100100001110000100011001101100111011110001010110100101101100011110100110000111000010001010101110000100110111011111010001
00000110000110101000111010110010101011000101010000000101010001100010010111111100110010000110010001010011100010100000110101010111110001000101011010010110111000101001010101100001000000010100001001111100001100011100001111001001000000010000010111111111110111100101010001000101011110001001110011001010001
01000111110011010101011111000100010101101001011011101111001010001011010111100011000011100110101111111000110000111001000001101110101101110010100001100011000011100100010100111000101000111001000110010000101001001111001100111000110101101100000101010000001010101110110000100010100111000101000010111000011111100100001000001101110
1001000011001000010101101010100000100110001110000100011011100001010111000010101010110101010001100010010111001010101110110000110000111000111010111111110111000001100010010111001010001001011111001010000101101011110000011000111001100110000110100100000100011111101011011111011110000001010011011111110100010011110100000111001010001110010001100100100011101110100110
0000011000110000110101101110101001101110011011011000011110100100011111001101011011010000001010100101000110011101010001111000100100100000001010001010011100000000101000110001110010000101011110100000010000001100101111110101101111001100001010101110010101101111100001100100001100100000011010111000011001000010101110011010010000010
100001111111000110111010100000011001110001010101101001000110111000010101110000101010101101010100011000100101111010001001111010000011100101000111001000110010010001101100000110010010001010011100010000011011011100001001101100011110100100100000001010001010011100000000101000110001110010000101011100100000110110110000000010101011101100001111010001010101011100011101011
0110011011101111001101100101000011001100001010100111111010110111110111100000010100001110000100011110001001010110000111101000000101000100100110001110001001001010001001011111001111110101010000110101111111100110011001100001100101110110100000100011010010000010001000101001110001111100011101100110100100010101010000110
1010011100000101000011101111000011100001000110000111001000101001110001011010101000111000101000111001000111111000101001001111001100111000110101101100000101010001
11101010010011100011111000110101011000000010001100100001100101011111000110111001011110010000000000010001101111011111010101101000111001100001100001110010001010011100010110011011101111001101100101000000000011001110001001100100001100101010111000010011011101110100011101111001010110010000111000010
0110011011101110001110011011110010001010010101000100101000101101011110001101001010111111100110000110010111001010110111110011110011001000011001011010101101100001011000110110101011001000100010100000010000000101111010111000011100001000111111010111100010010011000011111110001101110101000000110011100011111001000110011001
0110101011011000010110001000011100110110010000111000110011010110000110101111111010100010010000011000110000001010010010001010011100010100001010110100101101100011100010100011000100101110011001000011001011011001000010010110111000000101001000000100011100001000101011010010110111011110011000011100101000111001000110010010001101100000110011010000001010000100110110001010110100101101110
01010111000010011011101110100011000000110010111111010110111000011100001000110000111111100011011101010000001100111000111110011110001010000001100011000011100011001001101011111110101000100111101010010011100000010001010001011010111100011110001010110101101110011000010001100101000010010000101011010101000001001100011100
1000011111110001101110101000000110011100011111101000000110011011001000101001110100101100100101101100000011101111101000100111101010010011100000010001100001111110001101101010110011001100001010000100011101110010001110011000010101101100000011110010000111001101100111111000000010010010001100001110000100010101011101100
11100100110101011010110000110100111000110101111111001100001000011100110110010000001100101111110101101110000111000010001101001100100010100100101001100110111000010001111010010111000101010110100101010111011000011110111101011000110001110001010110100101010111000010011011101111101000100101000110001010100001001111100001100011100
111001001000000010000010111111111110111100100000001010000010001010010101111011110001101001110110011100110000111111000110110101011001100110000110010111001111110010000001101010001
111010100100111000111101111010110111100011010111010000001010101110010101101010000011010100001101100001011011000001000111111110001010110111000101000011010110000001000000100011000011100001000100000010011011110001010111100111001010110110101000111000110111100101011001000011100001011111010000
000101001110001000000100011100101110010000001100001110101100100000010001110010111001111111100100101000011010100000010001110011011101111111001001010000100011100001111110000000100100100011111101000000101010111011000011111010000100010111000000100101101110111011110011011111
00101000101101011110001010101101011010011000011111100100110110100001001101101010001110011000011000011100100010100111010010110010010110110000001110111100110100100000100010101101001100110101000100101000111001000110100100011011000001100110100010011110100100000101010110010000101001010010101100010111111
0100010110101111000100001110001011111100010010101010000010000011011000110011000011010010000010001000001111100010100000011011110010000011000101010001000100110000111001010001110010001101001000110100100011101010001001111010100100111000101100110111011110011011001010000000000110011100010011001000011001000101001110001111001000101111100011011100110010001110111000011001000011100001000111001110000101000011111000101011010011001101010001001010001110010001101001000110101110100110101000000101010010110011011101110001110011000100001110011011001011001000111011100001100100001110000100010101001111001000101111100011011100011000011100011001001011001100000101011110110111100101000101000000101001
00001010111100101000100101011110011100101011011010111100000001010100000011010011011100110101000010010010001001100101111100011001000011001000101001110001000010101111001010001110111100010010101011001110110101011111100110111100110000111001111110101101111101111000000101000011100001000100000011000010100110010110011111010000
01011111001100000010011100111010110100101101110011000010101011100001001101110001000000110010111111010110111100000001100111000111110010001100100110100111000100000001010110011000101000101000000101001001010000100110110001010110100101101110001100001111111000110111010100000011001110001111100100001101011011
000000100110111100010101111001110010101101101010001110011010000010001000101001010101110010100101010110000101000010111101110111000100110101111101101000001000110100111011001110010100001001111111111000101001011011101010001
010001100011001011001101011011100111111010110111110111100000010100001110000100011110001010111001101001110001111101011000011000010001100100101001010111101111000110100111000001010101011100110100100000100010001010011100010110101010001110001010001110000001111111000101001001111001100111000110101101100000101010001
00000110000100111110001100100001100100010100111000100000010011111000100101111001000101011010010110111000111001011011011010000010001000011110010100011111001100100001100111111010110111110111100000010100110111111001010001001011111001000101001110001000000110010111111010110111100000001100111000100110000111001000101001110
010001110010001101001000111111000001100111110011001000011001000101001110001000000110101110000110010000101011100100001110111001000000001000001111001011011111001100110110010111010110100000011110100100010000010110000111101000000100011001001010001100111010101111110101110001011111010111010000001111010010111011010101111110011010100000011010010000010001000101000101001
111010010111011110011111100010010011100111000010100001111101101011111110100000010000011111001100101011100101000110011110011010101000000101001101111000101010111011000010100011111010001101011101111000101000110001110111000100101011000011110100000010001100100111011110001010110100101101100011110100100100010100111000110100101011111100011100
1010101111000000100100001110011011001000101001110001000000110000110111000111000011111000001011110001110000000001100100001100100000011001011111101011011110000000110011100011010001
01000110001010101110000010001100000000001000010111001111011110000000110011100011111001010101110110000110111100000111000011111000000011001110001111100101001010111101111000110100111011001110011000011111100100110110100001001101101010001110011000011000011100101010110101101001000101001110
1010010101111110001110000111111010110111110111100000010100001110000100011000011111110001101110101000000110011100011111101000100111101010010011101111110001010010101111011110001101111011111010101101000111001100001100001110011000011111100101111001011111110011000010101111001110010101101101011110000000100010101011101100
1111010000110110011000011001000011001100101000011010110101000110001001011111110010101011101100001100101000011001111100110000110101010000001010000100111111111100010100110000110110000001100011011110010000111001101100110000000000100001011100111101111001100001000000110000101001100101100111100110000111001000101001110
00001110001100110101100101000100111101000001110010101011000110010000001100010010111001000110010010000001001011001000000011100011100010100011000100101110011001000011001110000001101010001111000110000111000010001100001111111000110111010100000011001110001111110100000010001010001010010011011110111011100101101101010001100010010111010110110000010
0000000101010000010000100001110000100010101011101100001111110101101111101111000000101000011100001000111100010010101011100001011011110010100010110101111000110000111000110111001011001010111100110011000100011000010010100000100110010001100100001010110101000000000000110000110110000010101000000110011011001000000010101000001000010000111000010
000011101110010000000010101110101110000101011010010100000100110010001100100001010110101010000010011111101000000101010111011000011100110111011100000110111001011110001110000101100100011110001010101111110011000100000011001011111101011011110000000110011100011010000
100001111110001101101010110010000111000010001000101001110001010101100100101000000011000100101110011001000011001000101001110001011010101111111010110010000111001101100100010100110001111001010000101011011010000100111111100010101111100101000101100110101101001010111110010000111001101100101010110110000000100111000000110011100011010001001111010000000000010000100110110001010101110001001000111011100010010111100101101100100001010001110001010110100101100110111011110011011001010000000000110011100011111001111100010101101100011000011100001000110000111001000101001110001011010101000111000101000110110000011001000101001
11100110011100011010110110000010001100001111110001101101010110011000100010100111000110101111111000110010000110011111010100011100110101101100000011101111001010111110011011110000011110101111001111110011000101000010011000011100011111001000011100110110010000101101001011001100001100011100001111110101101111101111000000101111
01010111011000011100110111011100000110111001011110001110000111100100100000001000010101000111010111111001000110010011111010000110110011000010001010011100010100001011100111100110111111111000011100001000101010111011000011011110111001001101101100100001110000100011001000011001111110101101111101111000000100010110001010001010111101001001010110111110111100000010100001110000100011110001010111001101001110001011001100001110101100000010000111110011000010101111100101010010000001100101011111110011001000011001000000010111101011100001110000100011011110011010101000110001110111100110100000100010110101011011000010110111010001111111110001010110111010100000010101111001110010101101101010001110001000000110010111111010110111100000001100111000111110011001000011001000101001110001000001101101011011000101001111100111111010110110000110101111001101111101000100111101000000010011000011111100011011010101100110111100100010100111000101100110000111010110000001000011101010001100010010111
100100001100100010100111000100000011001011111101011011110000000110011100010010110001010001010110100000010001010011100011011110011001010111100000110001001011100101010111011000011000011100011101011010000101111000010101000110001001011100110010000110010001010011100010110001010001010100100011001001101011111010110100101101110
0000111001101100000010100000010101011101100101000000111100100101111110111101011111111001101000001010100000010001010011100011101111000101011010010110110001111010010000001100111000100110010000110011011110011010101000110001110111100010100001001111110000001100010010111001010101110110000111111000010001111011000101011110011100100110110110010000111000010
000110010010000101000111011110011100100000011001011111101011011110000000110011100010011011110000001110001010110001011110000000110011100011111101000100111101010010011010111111010000001111110101101111101111000000101000011100001000101001010111110010001010001010010011111100000000010000110101011011001101001101010001
1001010000010000100111111000000111000100001110101011111100000110001001011111110100011000010010001010011100010110011000011101011000000100001110101000110001001011100110010000110011100000011010100011110001100001110000100011011110011010101000110001110111100010100110011011100001000111101001011100010101011010010101011101100
1110111101011000110001110001010110100101000010011111100000011000100101111010000001111110101111000100100101011111001000101001010100010011010111111100110000100001110011011001000101001110001010000101110011110011011111111001100100001100100000001010100000100001000011100001010100000010101011101100001000101001110
1101111000101011010010110110001111010010000001100111000100110010000110010000000101101111101011111100100011001001111001001011100011011100101101001111001001011111110001101110101111000001100010010111001100110110010001100100110000111011001000111000101000111000101101010101110110000110100110011010101110110001011011100011011111010001
111010010010101101111101111000000101000011100001000101001010111110011010011101100111001010101110011101111111111001110001100001010110100111001101110000000110011100010011000011100100010100111000101100110111011110011011001010000000000110011100010011001000011001000101001110001010011010100000001010111
110011111101110001011100101110000001100111000100100001110011011001111110010010000000101011100000100011110011001110001101011011100011011110010001010010101000100110000001111100110000000000100001001101100010101011111100110001100011110011001000011000111001110010000111001101100001010010001000111001111010001001111010000000100110001111
0101011100110000000000100001101011010100011000111011110001101111000000111000101011000101111000000011001110001001100001110010001010011100010100000110101010111011110000111000010001010101110110000111000000110101101110010101000110001001011100110010000110010111110010110110110100000100011101110111101011000001000100001110011011000000
10010000110011110010010111111100011011101011110000011000100101111010001001111010010010101101111101111000000101000011100001000101000100101111100111011111111110011100011000010101101001010100010010001010011100010110001010100010011100110010000110010100110001111000110011011000001010100000010101011101100001111110010000001100011001000011
0001010011100010000001001111100010011111100000001001111000000011100011100010101110001001111111100100011001110001100000001110001110000101100100011111110010011110111101011100011011110011110010011010101101011000010111110111011110101100101001010111101111000110100111011001110011000000000010000011011100000001100111000111001100
0100010110101111000110000001001011110010001001000011100110110010001010011100011110010010111000110111000101001101010001100010010111001100100001100111111010110111110111100000010100001110000101010001001111010000000111110010100001011100001111110010000100000101011010010000001001011001101011011100110101111111011110010101101111000110000111001000101001110
00001110001100110101100111100110010000110010001101101010111111101000010011011000101010001100010010111101000000110100110101100001101011001000011100001010100000010101010000010000100110110001100010010111000000110011100010011001000011001011010101011101100101000000101010111011000011110010010000000000001010101111000111000101000110001001011111111010001
11101000000010011000111100100000111000101011000000111000101000010111001101001010110100101101110001000101001010100010011111101011011111011110000001010000111000010001010010101011000011000000111110011001101110000000101000011100110000111001010101111110010001100111000100100000110110000100000010010000000110100010011110101001001110
11101000101011110010100010010100011111000000101011010100000010000110000110010000110010000011100111010011010100001110101001010100010011110100010100001000111100101001010001001011111001101001101011000011010001001010110100110011010100010010100011011010001101000000110010000011001001000001111011101001111010000001010001101011101001101110100110001000011110110000100101101100101110000100010101011101100001010001100000000001111111010001110001000011110110000100101001100000001001001101000100111101000000011111001011111001011011011010000010001010000110101100001111011100000100111110000011100010101010110111100111110111111110010101011101100
011110011011000101001111010001111111001101010001010010011001101110001100111000101010001100010010111001010100001100001110001011000000001000101001110001010101111110010001100111000100100000110110000100000010010000000110000101011111110011110010010000000000000101011101100001100100001100111111010110111110111100000010100001110000101010001
0000011011111011100001100110011111100110001100100001100111111001000000110001000011100110110000000011001000011001101001100110101011101100010110110000010001111110101101111101111000000101000011100001000101011111001110010110110110100000100010101111100101000111001000110000000000110010000011001001000001111011101001110010100101011111
10100111011001110010000111001101010111011000011000011100100010100111000100001111010110001100001101110001111011010101101011011100000010111100101010111011000010100000110101011000011111110011001000011001000101001110001111010101000000010101110001111101000000100000110111010101000001001101101010001110111110100000010101011101100001000001111110100001101110
10111000111011110101111111010001001111010011101101010100000100010001010110100101101110000111110011001000011001000101001110001111010010010101000000110101110000101011111110011111010011001010001000110111101110010011011011001111001100100001100101101010101110110000100000011001011111101011011110000000110011100010010101011101100
0100000110101010111111100110010000110011110010000001100011011110010101011101100001011111001011011101001000001000101010000101011100011100101010110100011010110110101011010010101101111001011111101000100100000111101001101010111011000101101100000100011111000110010111110111100100000001011011111010111000011100001000101101010101110110000101000001101100100011111
01001010111101111000110100111011001110010100001011110111111010111110111100110010100010011110101001001110101111000110001111001010100110111100100001011110111111001110001010100011000100101110011001000011001011010101011101100001000000110010111111010110111100000001100111000100110010111001000101001110001010001001010110101101
1001000011001010100100011001000000101001001010100010011110101001001110101001110111100111110100110010100010100001110000100010100111001010110000101010111011000011011110010110110011110001001010110000111000000110011100100000011001011111101011011100001110000100010101
000010101101011000011100001110001100110101100001010001010000001010010010100010010010101000100101010100000100001100101101111110010001100100110100111000101010011011100101000011000101000101000000101001001111010110111100100011111001100110110010000000101101111101011111100101010001001101010111100000001110011011000000001100001110001110101111101101010110111111010001
11101010010011101011110001100011110011111100100000011000111011101110000110011001111110011000100010100101010001001100001110010101011000110010000001100010010111001000110010010101001000000010110111110101111001100001111001001101101100101000000101000101001100101100110011100110111001011001111
010001011010111100011010111111100110000110100100000100010001010011100010000011011000010000001001000000011000010101111111001000011100110110010110010001111000101010111111001100010000001100101111110101101111000000011001110001101000100111101010010011101011110001100011110010111100100110111101110010011011011000011001000011
0101011100000100010101011100001001101110111010001100000011001011111101011011100001110000100011000011111110001101110101000000110011100011111101000000110100110101000100100010100111010111100010100010010111110010101001011011101110111100110100111100100101111111100011110001100001110000100011001000011001010100111101111010110001100011100010101101
0100010100110010110011001110010000011101111010001100001110110101000000110001010001010000001010010010101001010000011011010100000010100100110100110011010010011111101010100000100001001101100011100110000101010001001000101001110001010000110010111101011001100100001100100010100111000100000111010011111100100100010100101010001001100000011111
11100100110110110000101001101010111000010001010000010111110001001010101110011000011101100100011100010100011001101110100000011001101100110000111011001100000011010101000000110010111001000101001110001010011001101110000100011110100101110001010101101001101001010110111010001001111010100100111000110000111011001100000011010001111001001101010110101100
101001110001010000101110010100001101011011010000010001010000011010101111001100110000110100100000100011111000101010111011001000011100001000100010100111000101100110111011100011100110001100101110010001010001010010011111101010100000100001001101100011111001010100010010101010000010000101110010000011010100000000001010001110011010000010
000101001110001111101010000001100011100110111011101101010001100010010111101000000100000001011011111010111000011100001000100010100111000101000010011111100000011000100101110011001000011001000101001110001111001001101101100101000000110111101110111101011111110000111000010001000101001110001000001110110100000010101011101100
0000000101111010111000011100001000101010011111100000000010000110101011011001000000010110111110101110100010010000011100110010101101000011010001001010000010001101001110000101000101101100111001000101001110001000101000101001001000000010110111110101111110010100010100110101011010110000110100111000100010100111000111100100110111011110111000001
01000001101010111100110001000011100110110010001010011100011000011101100110000001101010100010011110101001001101011111101000000101000101000000101001001000101001110100010110011111100000000001000001101110001011001101110111000111001101111101000000100010100111000101010111111001000110011100010010000011011000010000001001000000011000010101111111
01000101101011110001010110100101101110001000110010010000001100101111110101101111000101101010101110110000101011011110010111111010000001101111001000001101010111100110001010000101110010100001101011000100000100011110010011011011111010111111001011011001111100010010100010010011100111001000101001110001000001111110100001101110
1110010011110111101011110011000010001010011100010000000101101111101011110101111110010100010100000010100100111111000011010001001011001010110111000011100001000100001101101100110010110011111010000001010101110110000110100110101100001101011000010001010011100010100110101000010110001010000000001010110101000000100001100111100100011001
110000001101001011110000010010110010000000001100111111110001001011111111010001
1110101001001110001111010001010111101101110101111110011010111111100110000101010010000111001101100000000110010000110010110110010000100010110110000111110001000011100110110011011110111001001101101100100001110000100010001010011100010110010001111000101010111111001101111001101110101011100100001110111001000000
010000100110000111000100100011001001010000100110000111000100101010110110010111000010001000101001110001111001001010111110001001010001001001100001101110001000000010111101011100001110000100010001010011101000101100111110110110010100010001111011100100000100101000010110111100100001110111001000000001000101001110001111010000011101100101011111
00011001001000101001110001010001111101101011111110000101011100111101000101010101101000011001010110100110011010100010010000011100101010001101111101001100010000011110111010011110100010011110101001001110001000000010100001001111100001100011100001111001001000000010000010111111111001010001001011111001101001101110011010100001001001000100100011001001000101001110
00000110001110111100010011010010000010001000001110110110101101001001000110110101011001101011111100110000111001000101001110001010001110010001101100010100100111100110011100011010110110000010001000001110101000110011101000100111101010010011100010101111100011011100101101010110100111000101000100101111100110000111000110111001011001010111100110011000011010010000010
000101001110001111010001010111101101110101111110011000011100100010100111000101000110110111011000011110011001110001101011011000001000100000111101110100111101000100100000111010111001100001111111000110111010100000011001110001001000011100110110010000001100101111110101101110000111000010001000101001110001010101101000110000001101010110011011110011001000011
1111000101011011111110100000011001101100100010100111010001011001010101110000100110111000110010000110011100110111011101101010001100010010111001010110100110011110111100010001010011100010100110011011100001000111101001011110100000010001100110011110101100100010100111000100001110011011000000001100100001100101010010000101011010101100101010101000111001100
010110111110000111111010111110100001100111011001100110000100001110111001000000001010100101001010101110110011101000110100111001101011000011110010011011011001010001001000001110100101000010001110111001000111001100001010000100110000111000111010110010001010010101000100100000010011110111100110000110011110111101011001000101001110
00001010110101011001010101010001100010010111111100101000100101111100101000010011000011100011100110000101010001001000101001110001111100010101101110100010011110101001001110001100001111111000110111010100000011001110001001010001001011111001011110010001001101011111110011000010000111001101100101110101101010001100011100010101101
111110101101111101111000000101000011100001000100001110011011001111111011101111010110101011010011110011001110001101011011100011011111010000001101111000000001011000011110000111000010001010100111111110010001100111000110000000111000111000010101100001100001100101110110100000101010001
1110101001001110001111010001010111101101110101111110010101011011111100100101000010011111111110001010010110100000100011001101110000000101000011101010001110011000010001010011100011010111111100011001000011001000101001110001000010101110010000000101101000000101010010110011011101110001110011000110101111111001100
00011001001110111100010101101001011011000111101001001101110000000100100100010010101011100001001101110111110100000011010011010100010010000011000001001000000010101110011111101011011111011110000001010011011111100100000001010110011000110000001001010100111110001010101110110001011011011000010001100110010110110100010011110100000001001010001001011111
000000010101100110001100100001100101010010100110011011100001000111101001011100010101011010010100010100110010110011001110011110010111001111111110010100001000111011100100011100110000101010001001000101001110001000000100001100011000110111000101010111011000011111101010100000100001001101100011100110000100001110111001000000
010110100110011110111101010001001111010010111011100100000000100010100111000111001110110000110010000110011100101111000100100110010000110010001010011100010000111001101011011001010110110000001111001010011010101110000100010101001010000011011010100000010100100110100110011010011010001001000001111000000100011111100000001001001000110000111000010
0101011011001011100001000111001011110001001001010000010110001011001100100001100101000001101101010000001010010011010011001101001001111001001101101100111100110000111001000110101101101111010000001000101001110001101110000000100100100010010101011100001001101110001111001001101010110101100001101001110001110111100010101101001011011000111101001110011001010001
111010100100111000101100110111011100011100110001111001001101010110101100001101001110001010101100111010010101010111110001110011000010001100100101010010100001011110111001000111111000110111000000010010010001001010101110000100110111000110100100000100011001101001111111010111110111000011100001000100010100111000111110101000000110
0101011100001001101110001010100001100011101011001000110101101101111000011100001000100010100111000101100110111011100011100110001010101000001000010111001000001101010000000000101000111001101000001000101000111111000001100110100010010000011110000001000111110100110000000110001100001110000100011001011111000110010000110010001010011100011110010011011011001111
0001100100100010101111010111100011010101000000101001010101101000011001000101001110001110101110111001101110100000010101001010000110101100001111011100000100101010111000010011011100010100010100110101011010110000110111101111101010110100011010001
0000011101101001100110101000100101000111011101001100010000011110111010011100100010100111000100000110000010010000000101011100101011011111000100110000001110111000001001010101110110000111001110000101000011111011010110010000011100100100000011011101011110111000101011111001000000100110101011100011100110000101010010110101011011000010110
0100010010011101100110100110010000110011110101101111001010001001110011110010001011111001010100000000001111010111100111111001100011000011100101010011111000000010101101011010010000111011010100000011010100000011000011100100000010101111000100100100010100111000111110101000000110001000011010111110100110001001011100101011111
0001010011100010100010010011101100110100110001111001000000100110101011100011100110000110010111001010100101000100100111011001101101001010110111011100101000100000011111010010100010010011100111001100000010010100010010111110010100001010111110100111001100001010101101100101110000100010001010011100010000101011100110101011101100
10100100000100010100101010111011000011000000100101011010100011001000000010100011000111000101011010110100000100010110010111001010000010000110011000010101001010000110101001101001011011100011000011100011001001010100111100100101110001010110000111110101100101010001001110010111100010010011011110111011100101101101010001100010010111000001111101
0000101000111011100001110000100010101001000000110010111111010110111100011001000011001000101001110001011001000111100010101011111100110001000110110101111011110011011100110010100010011110100000001001010001001011111101000000110000111001110000011000011110111000001101000000100010100111000100001110001011111100010011001011001001000000110000111010111010001
1110101001001110001010001001010001110101100101101110111011110011010011110010010111111110001111000111001100001100100001100111010000001010011101011001010100100011011100110101000010010010011001101100101010010001101011010011100010001101011011011111001100001101010100000100010010110110110000101010001
000101001110001110011101100111100101010111011000010000111000011010110111001100001010001010000001010010010100010010100011101011101000100100000111010001001110010111100010010011100111011000010001010011101011110001010001001011111001010100111111000000010010010001001000000010101100110001100100001100111100101110011111111111001100
01001100110111000010001111010010111000101010110100101010111011000011110111101011000110001110001010110100111110110110000001111110100010010000011000101001110011100100010100111011111100010100010110101111000101101100001111100110000110101010000001111010010101010111110001001010110100110011110111100010001010011100010100010010100011101011
011011101110111100110110100000010001010011100011111100000001001001000111110010110011000011101011000000100001111100110000101010010110111011101111001101001011011000011111000101011110011100101011011010100011100011100111100110101000010010010010001100100111011110001010110100101101100011110100100100010100111000100001010110101011001101111
100100001100100010100111000110111001000000010101110010101000001110001010111001100101011110000011111101000100111101000001110010110101010000010100001110000100011001101010001001000101001110100010110010000101011110010100010011011100101010110000111110000010111100011100000001010000001000101001110001000001100000100100000001010111111100101011011110
111101011000011000010001100100101001010111101111000110101111111001100001000101001110001010000011010101011111000100010101101001011011101010001001111010000000100111100100101111111100011110001111100110010000110010101001011001011010101000101000011100001000110100110010101101101100001000000100110101011100011100110000110010111
01010010001101110000100001001011000011001101100110010001010011101011001111100010101101001011011100011111101010100000100001001101100010010101011101100001100100001100101010011111000110110101100000001001001000111001100000010110001101011111101010101011010110100000100010100010100000010100100111111000000010010010001111100100001110011011
01011110011100101011011010100011100010101100000000000100011001001000101001110001100110100111101001010110111000001111100100011001001101001110001000000010101000001000011001100001010101101100101110000100010100010010011000111000100100101101100001111101111
010110111100010110010110101010001001111010001001111010000000100101000100101111100100010100111000100001110001011111100010010110011011101110001110011000111100010101000001011010010110111000110010000110011011110111001001101101100100001110000100011001101100111011110001010110100101101100011110100110000111000010001010101110000100110111011111010001
00000110000110101000111010110010101011000101010000000101010001100010010111111100110010000110010001010011100010100000110101010111110001000101011010010110111000101001010101100001000000010100001001111100001100011100001111001001000000010000010111111111110111100101010001000101011110001001110011001010001
01000111110011010101011111000100010101101001011011101111001010001011010111100011000011100110101111111000110000111001000001101110101101110010100001100011000011100100010100111000101000111001000110010000101001001111001100111000110101101100000101010000001010101110110000100010100111000101000010111000011111100100001000001101110
1001000011001000010101101010100000100110001110000100011011100001010111000010101010110101010001100010010111001010101110110000110000111000111010111111110111000001100010010111001010001001011111001010000101101011110000011000111001100110000110100100000100011111101011011111011110000001010011011111110100010011110100000111001010001110010001100100100011101110100110
0000011000110000110101101110101001101110011011011000011110100100011111001101011011010000001010100101000110011101010001111000100100100000001010001010011100000000101000110001110010000101011110100000010000001100101111110101101111001100001010101110010101101111100001100100001100100000011010111000011001000010101110011010010000010
100001111111000110111010100000011001110001010101101001000110111000010101110000101010101101010100011000100101111010001001111010000011100101000111001000110010010001101100000110010010001010011100010000011011011100001001101100011110100100100000001010001010011100000000101000110001110010000101011100100000110110110000000010101011101100001111010001010101011100011101011
0110011011101111001101100101000011001100001010100111111010110111110111100000010100001110000100011110001001010110000111101000000101000100100110001110001001001010001001011111001111110101010000110101111111100110011001100001100101110110100000100011010010000010001000101001110001111100011101100110100100010101010000110
1010011100000101000011101111000011100001000110000111001000101001110001011010101000111000101000111001000111111000101001001111001100111000110101101100000101010001
11101010010011100011111000110101011000000010001100100001100101011111000110111001011110010000000000010001101111011111010101101000111001100001100001110010001010011100010110011011101111001101100101000000000011001110001001100100001100101010111000010011011101110100011101111001010110010000111000010
0110011011101110001110011011110010001010010101000100101000101101011110001101001010111111100110000110010111001010110111110011110011001000011001011010101101100001011000110110101011001000100010100000010000000101111010111000011100001000111111010111100010010011000011111110001101110101000000110011100011111001000110011001
0110101011011000010110001000011100110110010000111000110011010110000110101111111010100010010000011000110000001010010010001010011100010100001010110100101101100011100010100011000100101110011001000011001011011001000010010110111000000101001000000100011100001000101011010010110111011110011000011100101000111001000110010010001101100000110011010000001010000100110110001010110100101101110
01010111000010011011101110100011000000110010111111010110111000011100001000110000111111100011011101010000001100111000111110011110001010000001100011000011100011001001101011111110101000100111101010010011100000010001010001011010111100011110001010110101101110011000010001100101000010010000101011010101000001001100011100
1000011111110001101110101000000110011100011111101000000110011011001000101001110100101100100101101100000011101111101000100111101010010011100000010001100001111110001101101010110011001100001010000100011101110010001110011000010101101100000011110010000111001101100111111000000010010010001100001110000100010101011101100
11100100110101011010110000110100111000110101111111001100001000011100110110010000001100101111110101101110000111000010001101001100100010100100101001100110111000010001111010010111000101010110100101010111011000011110111101011000110001110001010110100101010111000010011011101111101000100101000110001010100001001111100001100011100
111001001000000010000010111111111110111100100000001010000010001010010101111011110001101001110110011100110000111111000110110101011001100110000110010111001111110010000001101010001
111010100100111000111101111010110111100011010111010000001010101110010101101010000011010100001101100001011011000001000111111110001010110111000101000011010110000001000000100011000011100001000100000010011011110001010111100111001010110110101000111000110111100101011001000011100001011111010000
000101001110001000000100011100101110010000001100001110101100100000010001110010111001111111100100101000011010100000010001110011011101111111001001010000100011100001111110000000100100100011111101000000101010111011000011111010000100010111000000100101101110111011110011011111
00101000101101011110001010101101011010011000011111100100110110100001001101101010001110011000011000011100100010100111010010110010010110110000001110111100110100100000100010101101001100110101000100101000111001000110100100011011000001100110100010011110100100000101010110010000101001010010101100010111111
0100010110101111000100001110001011111100010010101010000010000011011000110011000011010010000010001000001111100010100000011011110010000011000101010001000100110000111001010001110010001101001000110100100011101010001001111010100100111000101100110111011110011011001010000000000110011100010011001000011001000101001110001111001000101111100011011100110010001110111000011001000011100001000111001110000101000011111000101011010011001101010001001010001110010001101001000110101110100110101000000101010010110011011101110001110011000100001110011011001011001000111011100001100100001110000100010101001111001000101111100011011100011000011100011001001011001100000101011110110111100101000101000000101001
00001010111100101000100101011110011100101011011010111100000001010100000011010011011100110101000010010010001001100101111100011001000011001000101001110001000010101111001010001110111100010010101011001110110101011111100110111100110000111001111110101101111101111000000101000011100001000100000011000010100110010110011111010000
01011111001100000010011100111010110100101101110011000010101011100001001101110001000000110010111111010110111100000001100111000111110010001100100110100111000100000001010110011000101000101000000101001001010000100110110001010110100101101110001100001111111000110111010100000011001110001111100100001101011011
000000100110111100010101111001110010101101101010001110011010000010001000101001010101110010100101010110000101000010111101110111000100110101111101101000001000110100111011001110010100001001111111111000101001011011101010001
010001100011001011001101011011100111111010110111110111100000010100001110000100011110001010111001101001110001111101011000011000010001100100101001010111101111000110100111000001010101011100110100100000100010001010011100010110101010001110001010001110000001111111000101001001111001100111000110101101100000101010001
00000110000100111110001100100001100100010100111000100000010011111000100101111001000101011010010110111000111001011011011010000010001000011110010100011111001100100001100111111010110111110111100000010100110111111001010001001011111001000101001110001000000110010111111010110111100000001100111000100110000111001000101001110
010001110010001101001000111111000001100111110011001000011001000101001110001000000110101110000110010000101011100100001110111001000000001000001111001011011111001100110110010111010110100000011110100100010000010110000111101000000100011001001010001100111010101111110101110001011111010111010000001111010010111011010101111110011010100000011010010000010001000101000101001
111010010111011110011111100010010011100111000010100001111101101011111110100000010000011111001100101011100101000110011110011010101000000101001101111000101010111011000010100011111010001101011101111000101000110001110111000100101011000011110100000010001100100111011110001010110100101101100011110100100100010100111000110100101011111100011100
1010101111000000100100001110011011001000101001110001000000110000110111000111000011111000001011110001110000000001100100001100100000011001011111101011011110000000110011100011010001
01000110001010101110000010001100000000001000010111001111011110000000110011100011111001010101110110000110111100000111000011111000000011001110001111100101001010111101111000110100111011001110011000011111100100110110100001001101101010001110011000011000011100101010110101101001000101001110
1010010101111110001110000111111010110111110111100000010100001110000100011000011111110001101110101000000110011100011111101000100111101010010011101111110001010010101111011110001101111011111010101101000111001100001100001110011000011111100101111001011111110011000010101111001110010101101101011110000000100010101011101100
1111010000110110011000011001000011001100101000011010110101000110001001011111110010101011101100001100101000011001111100110000110101010000001010000100111111111100010100110000110110000001100011011110010000111001101100110000000000100001011100111101111001100001000000110000101001100101100111100110000111001000101001110
00001110001100110101100101000100111101000001110010101011000110010000001100010010111001000110010010000001001011001000000011100011100010100011000100101110011001000011001110000001101010001111000110000111000010001100001111111000110111010100000011001110001111110100000010001010001010010011011110111011100101101101010001100010010111010110110000010
0000000101010000010000100001110000100010101011101100001111110101101111101111000000101000011100001000111100010010101011100001011011110010100010110101111000110000111000110111001011001010111100110011000100011000010010100000100110010001100100001010110101000000000000110000110110000010101000000110011011001000000010101000001000010000111000010
000011101110010000000010101110101110000101011010010100000100110010001100100001010110101010000010011111101000000101010111011000011100110111011100000110111001011110001110000101100100011110001010101111110011000100000011001011111101011011110000000110011100011010000
100001111110001101101010110010000111000010001000101001110001010101100100101000000011000100101110011001000011001000101001110001011010101111111010110010000111001101100100010100110001111001010000101011011010000100111111100010101111100101000101100110101101001010111110010000111001101100101010110110000000100111000000110011100011010001001111010000000000010000100110110001010101110001001000111011100010010111100101101100100001010001110001010110100101100110111011110011011001010000000000110011100011111001111100010101101100011000011100001000110000111001000101001110001011010101000111000101000110110000011001000101001
11100110011100011010110110000010001100001111110001101101010110011000100010100111000110101111111000110010000110011111010100011100110101101100000011101111001010111110011011110000011110101111001111110011000101000010011000011100011111001000011100110110010000101101001011001100001100011100001111110101101111101111000000101111
01010111011000011100110111011100000110111001011110001110000111100100100000001000010101000111010111111001000110010011111010000110110011000010001010011100010100001011100111100110111111111000011100001000101010111011000011011110111001001101101100100001110000100011001000011001111110101101111101111000000100010110001010001010111101001001010110111110111100000010100001110000100011110001010111001101001110001011001100001110101100000010000111110011000010101111100101010010000001100101011111110011001000011001000000010111101011100001110000100011011110011010101000110001110111100110100000100010110101011011000010110111010001111111110001010110111010100000010101111001110010101101101010001110001000000110010111111010110111100000001100111000111110011001000011001000101001110001000001101101011011000101001111100111111010110110000110101111001101111101000100111101000000010011000011111100011011010101100110111100100010100111000101100110000111010110000001000011101010001100010010111
100100001100100010100111000100000011001011111101011011110000000110011100010010110001010001010110100000010001010011100011011110011001010111100000110001001011100101010111011000011000011100011101011010000101111000010101000110001001011100110010000110010001010011100010110001010001010100100011001001101011111010110100101101110
0000111001101100000010100000010101011101100101000000111100100101111110111101011111111001101000001010100000010001010011100011101111000101011010010110110001111010010000001100111000100110010000110011011110011010101000110001110111100010100001001111110000001100010010111001010101110110000111111000010001111011000101011110011100100110110110010000111000010
000110010010000101000111011110011100100000011001011111101011011110000000110011100010011011110000001110001010110001011110000000110011100011111101000100111101010010011010111111010000001111110101101111101111000000101000011100001000101001010111110010001010001010010011111100000000010000110101011011001101001101010001
1001010000010000100111111000000111000100001110101011111100000110001001011111110100011000010010001010011100010110011000011101011000000100001110101000110001001011100110010000110011100000011010100011110001100001110000100011011110011010101000110001110111100010100110011011100001000111101001011100010101011010010101011101100
1110111101011000110001110001010110100101000010011111100000011000100101111010000001111110101111000100100101011111001000101001010100010011010111111100110000100001110011011001000101001110001010000101110011110011011111111001100100001100100000001010100000100001000011100001010100000010101011101100001000101001110
1101111000101011010010110110001111010010000001100111000100110010000110010000000101101111101011111100100011001001111001001011100011011100101101001111001001011111110001101110101111000001100010010111001100110110010001100100110000111011001000111000101000111000101101010101110110000110100110011010101110110001011011100011011111010001
111010010010101101111101111000000101000011100001000101001010111110011010011101100111001010101110011101111111111001110001100001010110100111001101110000000110011100010011000011100100010100111000101100110111011110011011001010000000000110011100010011001000011001000101001110001010011010100000001010111
110011111101110001011100101110000001100111000100100001110011011001111110010010000000101011100000100011110011001110001101011011100011011110010001010010101000100110000001111100110000000000100001001101100010101011111100110001100011110011001000011000111001110010000111001101100001010010001000111001111010001001111010000000100110001111
0101011100110000000000100001101011010100011000111011110001101111000000111000101011000101111000000011001110001001100001110010001010011100010100000110101010111011110000111000010001010101110110000111000000110101101110010101000110001001011100110010000110010111110010110110110100000100011101110111101011000001000100001110011011000000
10010000110011110010010111111100011011101011110000011000100101111010001001111010010010101101111101111000000101000011100001000101000100101111100111011111111110011100011000010101101001010100010010001010011100010110001010100010011100110010000110010100110001111000110011011000001010100000010101011101100001111110010000001100011001000011
0001010011100010000001001111100010011111100000001001111000000011100011100010101110001001111111100100011001110001100000001110001110000101100100011111110010011110111101011100011011110011110010011010101101011000010111110111011110101100101001010111101111000110100111011001110011000000000010000011011100000001100111000111001100
0100010110101111000110000001001011110010001001000011100110110010001010011100011110010010111000110111000101001101010001100010010111001100100001100111111010110111110111100000010100001110000101010001001111010000000111110010100001011100001111110010000100000101011010010000001001011001101011011100110101111111011110010101101111000110000111001000101001110
00001110001100110101100111100110010000110010001101101010111111101000010011011000101010001100010010111101000000110100110101100001101011001000011100001010100000010101010000010000100110110001100010010111000000110011100010011001000011001011010101011101100101000000101010111011000011110010010000000000001010101111000111000101000110001001011111111010001
11101000000010011000111100100000111000101011000000111000101000010111001101001010110100101101110001000101001010100010011111101011011111011110000001010000111000010001010010101011000011000000111110011001101110000000101000011100110000111001010101111110010001100111000100100000110110000100000010010000000110100010011110101001001110
11101000101011110010100010010100011111000000101011010100000010000110000110010000110010000011100111010011010100001110101001010100010011110100010100001000111100101001010001001011111001101001101011000011010001001010110100110011010100010010100011011010001101000000110010000011001001000001111011101001111010000001010001101011101001101110100110001000011110110000100101101100101110000100010101011101100001010001100000000001111111010001110001000011110110000100101001100000001001001101000100111101000000011111001011111001011011011010000010001010000110101100001111011100000100111110000011100010101010110111100111110111111110010101011101100
011110011011000101001111010001111111001101010001010010011001101110001100111000101010001100010010111001010100001100001110001011000000001000101001110001010101111110010001100111000100100000110110000100000010010000000110000101011111110011110010010000000000000101011101100001100100001100111111010110111110111100000010100001110000101010001
0000011011111011100001100110011111100110001100100001100111111001000000110001000011100110110000000011001000011001101001100110101011101100010110110000010001111110101101111101111000000101000011100001000101011111001110010110110110100000100010101111100101000111001000110000000000110010000011001001000001111011101001110010100101011111
10100111011001110010000111001101010111011000011000011100100010100111000100001111010110001100001101110001111011010101101011011100000010111100101010111011000010100000110101011000011111110011001000011001000101001110001111010101000000010101110001111101000000100000110111010101000001001101101010001110111110100000010101011101100001000001111110100001101110
10111000111011110101111111010001001111010011101101010100000100010001010110100101101110000111110011001000011001000101001110001111010010010101000000110101110000101011111110011111010011001010001000110111101110010011011011001111001100100001100101101010101110110000100000011001011111101011011110000000110011100010010101011101100
0100000110101010111111100110010000110011110010000001100011011110010101011101100001011111001011011101001000001000101010000101011100011100101010110100011010110110101011010010101101111001011111101000100100000111101001101010111011000101101100000100011111000110010111110111100100000001011011111010111000011100001000101101010101110110000101000001101100100011111
01001010111101111000110100111011001110010100001011110111111010111110111100110010100010011110101001001110101111000110001111001010100110111100100001011110111111001110001010100011000100101110011001000011001011010101011101100001000000110010111111010110111100000001100111000100110010111001000101001110001010001001010110101101
1001000011001010100100011001000000101001001010100010011110101001001110101001110111100111110100110010100010100001110000100010100111001010110000101010111011000011011110010110110011110001001010110000111000000110011100100000011001011111101011011100001110000100010101
000010101101011000011100001110001100110101100001010001010000001010010010100010010010101000100101010100000100001100101101111110010001100100110100111000101010011011100101000011000101000101000000101001001111010110111100100011111001100110110010000000101101111101011111100101010001001101010111100000001110011011000000001100001110001110101111101101010110111111010001
11101010010011101011110001100011110011111100100000011000111011101110000110011001111110011000100010100101010001001100001110010101011000110010000001100010010111001000110010010101001000000010110111110101111001100001111001001101101100101000000101000101001100101100110011100110111001011001111
010001011010111100011010111111100110000110100100000100010001010011100010000011011000010000001001000000011000010101111111001000011100110110010110010001111000101010111111001100010000001100101111110101101111000000011001110001101000100111101010010011101011110001100011110010111100100110111101110010011011011000011001000011
0101011100000100010101011100001001101110111010001100000011001011111101011011100001110000100011000011111110001101110101000000110011100011111101000000110100110101000100100010100111010111100010100010010111110010101001011011101110111100110100111100100101111111100011110001100001110000100011001000011001010100111101111010110001100011100010101101
0100010100110010110011001110010000011101111010001100001110110101000000110001010001010000001010010010101001010000011011010100000010100100110100110011010010011111101010100000100001001101100011100110000101010001001000101001110001010000110010111101011001100100001100100010100111000100000111010011111100100100010100101010001001100000011111
11100100110110110000101001101010111000010001010000010111110001001010101110011000011101100100011100010100011001101110100000011001101100110000111011001100000011010101000000110010111001000101001110001010011001101110000100011110100101110001010101101001101001010110111010001001111010100100111000110000111011001100000011010001111001001101010110101100
101001110001010000101110010100001101011011010000010001010000011010101111001100110000110100100000100011111000101010111011001000011100001000100010100111000101100110111011100011100110001100101110010001010001010010011111101010100000100001001101100011111001010100010010101010000010000101110010000011010100000000001010001110011010000010
000101001110001111101010000001100011100110111011101101010001100010010111101000000100000001011011111010111000011100001000100010100111000101000010011111100000011000100101110011001000011001000101001110001111001001101101100101000000110111101110111101011111110000111000010001000101001110001000001110110100000010101011101100
0000000101111010111000011100001000101010011111100000000010000110101011011001000000010110111110101110100010010000011100110010101101000011010001001010000010001101001110000101000101101100111001000101001110001000101000101001001000000010110111110101111110010100010100110101011010110000110100111000100010100111000111100100110111011110111000001
01000001101010111100110001000011100110110010001010011100011000011101100110000001101010100010011110101001001101011111101000000101000101000000101001001000101001110100010110011111100000000001000001101110001011001101110111000111001101111101000000100010100111000101010111111001000110011100010010000011011000010000001001000000011000010101111111
01000101101011110001010110100101101110001000110010010000001100101111110101101111000101101010101110110000101011011110010111111010000001101111001000001101010111100110001010000101110010100001101011000100000100011110010011011011111010111111001011011001111100010010100010010011100111001000101001110001000001111110100001101110
1110010011110111101011110011000010001010011100010000000101101111101011110101111110010100010100000010100100111111000011010001001011001010110111000011100001000100001101101100110010110011111010000001010101110110000110100110101100001101011000010001010011100010100110101000010110001010000000001010110101000000100001100111100100011001
110000001101001011110000010010110010000000001100111111110001001011111111010001
1110101001001110001111010001010111101101110101111110011010111111100110000101010010000111001101100000000110010000110010110110010000100010110110000111110001000011100110110011011110111001001101101100100001110000100010001010011100010110010001111000101010111111001101111001101110101011100100001110111001000000
010000100110000111000100100011001001010000100110000111000100101010110110010111000010001000101001110001111001001010111110001001010001001001100001101110001000000010111101011100001110000100010001010011101000101100111110110110010100010001111011100100000100101000010110111100100001110111001000000001000101001110001111010000011101100101011111
00011001001000101001110001010001111101101011111110000101011100111101000101010101101000011001010110100110011010100010010000011100101010001101111101001100010000011110111010011110100010011110101001001110001000000010100001001111100001100011100001111001001000000010000010111111111001010001001011111001101001101110011010100001001001000100100011001001000101001110
00000110001110111100010011010010000010001000001110110110101101001001000110110101011001101011111100110000111001000101001110001010001110010001101100010100100111100110011100011010110110000010001000001110101000110011101000100111101010010011100010101111100011011100101101010110100111000101000100101111100110000111000110111001011001010111100110011000011010010000010
000101001110001111010001010111101101110101111110011000011100100010100111000101000110110111011000011110011001110001101011011000001000100000111101110100111101000100100000111010111001100001111111000110111010100000011001110001001000011100110110010000001100101111110101101110000111000010001000101001110001010101101000110000001101010110011011110011001000011
1111000101011011111110100000011001101100100010100111010001011001010101110000100110111000110010000110011100110111011101101010001100010010111001010110100110011110111100010001010011100010100110011011100001000111101001011110100000010001100110011110101100100010100111000100001110011011000000001100100001100101010010000101011010101100101010101000111001100
010110111110000111111010111110100001100111011001100110000100001110111001000000001010100101001010101110110011101000110100111001101011000011110010011011011001010001001000001110100101000010001110111001000111001100001010000100110000111000111010110010001010010101000100100000010011110111100110000110011110111101011001000101001110
00001010110101011001010101010001100010010111111100101000100101111100101000010011000011100011100110000101010001001000101001110001111100010101101110100010011110101001001110001100001111111000110111010100000011001110001001010001001011111001011110010001001101011111110011000010000111001101100101110101101010001100011100010101101
111110101101111101111000000101000011100001000100001110011011001111111011101111010110101011010011110011001110001101011011100011011111010000001101111000000001011000011110000111000010001010100111111110010001100111000110000000111000111000010101100001100001100101110110100000101010001
1110101001001110001111010001010111101101110101111110010101011011111100100101000010011111111110001010010110100000100011001101110000000101000011101010001110011000010001010011100011010111111100011001000011001000101001110001000010101110010000000101101000000101010010110011011101110001110011000110101111111001100
00011001001110111100010101101001011011000111101001001101110000000100100100010010101011100001001101110111110100000011010011010100010010000011000001001000000010101110011111101011011111011110000001010011011111100100000001010110011000110000001001010100111110001010101110110001011011011000010001100110010110110100010011110100000001001010001001011111
000000010101100110001100100001100101010010100110011011100001000111101001011100010101011010010100010100110010110011001110011110010111001111111110010100001000111011100100011100110000101010001001000101001110001000000100001100011000110111000101010111011000011111101010100000100001001101100011100110000100001110111001000000
010110100110011110111101010001001111010010111011100100000000100010100111000111001110110000110010000110011100101111000100100110010000110010001010011100010000111001101011011001010110110000001111001010011010101110000100010101001010000011011010100000010100100110100110011010011010001001000001111000000100011111100000001001001000110000111000010
0101011011001011100001000111001011110001001001010000010110001011001100100001100101000001101101010000001010010011010011001101001001111001001101101100111100110000111001000110101101101111010000001000101001110001101110000000100100100010010101011100001001101110001111001001101010110101100001101001110001110111100010101101001011011000111101001110011001010001
111010100100111000101100110111011100011100110001111001001101010110101100001101001110001010101100111010010101010111110001110011000010001100100101010010100001011110111001000111111000110111000000010010010001001010101110000100110111000110100100000100011001101001111111010111110111000011100001000100010100111000111110101000000110
0101011100001001101110001010100001100011101011001000110101101101111000011100001000100010100111000101100110111011100011100110001010101000001000010111001000001101010000000000101000111001101000001000101000111111000001100110100010010000011110000001000111110100110000000110001100001110000100011001011111000110010000110010001010011100011110010011011011001111
0001100100100010101111010111100011010101000000101001010101101000011001000101001110001110101110111001101110100000010101001010000110101100001111011100000100101010111000010011011100010100010100110101011010110000110111101111101010110100011010001
0000011101101001100110101000100101000111011101001100010000011110111010011100100010100111000100000110000010010000000101011100101011011111000100110000001110111000001001010101110110000111001110000101000011111011010110010000011100100100000011011101011110111000101011111001000000100110101011100011100110000101010010110101011011000010110
0100010010011101100110100110010000110011110101101111001010001001110011110010001011111001010100000000001111010111100111111001100011000011100101010011111000000010101101011010010000111011010100000011010100000011000011100100000010101111000100100100010100111000111110101000000110001000011010111110100110001001011100101011111
0001010011100010100010010011101100110100110001111001000000100110101011100011100110000110010111001010100101000100100111011001101101001010110111011100101000100000011111010010100010010011100111001100000010010100010010111110010100001010111110100111001100001010101101100101110000100010001010011100010000101011100110101011101100
10100100000100010100101010111011000011000000100101011010100011001000000010100011000111000101011010110100000100010110010111001010000010000110011000010101001010000110101001101001011011100011000011100011001001010100111100100101110001010110000111110101100101010001001110010111100010010011011110111011100101101101010001100010010111000001111101
0000101000111011100001110000100010101001000000110010111111010110111100011001000011001000101001110001011001000111100010101011111100110001000110110101111011110011011100110010100010011110100000001001010001001011111101000000110000111001110000011000011110111000001101000000100010100111000100001110001011111100010011001011001001000000110000111010111010001
1110101001001110001010001001010001110101100101101110111011110011010011110010010111111110001111000111001100001100100001100111010000001010011101011001010100100011011100110101000010010010011001101100101010010001101011010011100010001101011011011111001100001101010100000100010010110110110000101010001
000101001110001110011101100111100101010111011000010000111000011010110111001100001010001010000001010010010100010010100011101011101000100100000111010001001110010111100010010011100111011000010001010011101011110001010001001011111001010100111111000000010010010001001000000010101100110001100100001100111100101110011111111111001100
01001100110111000010001111010010111000101010110100101010111011000011110111101011000110001110001010110100111110110110000001111110100010010000011000101001110011100100010100111011111100010100010110101111000101101100001111100110000110101010000001111010010101010111110001001010110100110011110111100010001010011100010100010010100011101011
011011101110111100110110100000010001010011100011111100000001001001000111110010110011000011101011000000100001111100110000101010010110111011101111001101001011011000011111000101011110011100101011011010100011100011100111100110101000010010010010001100100111011110001010110100101101100011110100100100010100111000100001010110101011001101111
100100001100100010100111000110111001000000010101110010101000001110001010111001100101011110000011111101000100111101000001110010110101010000010100001110000100011001101010001001000101001110100010110010000101011110010100010011011100101010110000111110000010111100011100000001010000001000101001110001000001100000100100000001010111111100101011011110
111101011000011000010001100100101001010111101111000110101111111001100001000101001110001010000011010101011111000100010101101001011011101010001001111010000000100111100100101111111100011110001111100110010000110010101001011001011010101000101000011100001000110100110010101101101100001000000100110101011100011100110000110010111
01010010001101110000100001001011000011001101100110010001010011101011001111100010101101001011011100011111101010100000100001001101100010010101011101100001100100001100101010011111000110110101100000001001001000111001100000010110001101011111101010101011010110100000100010100010100000010100100111111000000010010010001111100100001110011011
01011110011100101011011010100011100010101100000000000100011001001000101001110001100110100111101001010110111000001111100100011001001101001110001000000010101000001000011001100001010101101100101110000100010100010010011000111000100100101101100001111101111
010110111100010110010110101010001001111010001001111010000000100101000100101111100100010100111000100001110001011111100010010110011011101110001110011000111100010101000001011010010110111000110010000110011011110111001001101101100100001110000100011001101100111011110001010110100101101100011110100110000111000010001010101110000100110111011111010001
00000110000110101000111010110010101011000101010000000101010001100010010111111100110010000110010001010011100010100000110101010111110001000101011010010110111000101001010101100001000000010100001001111100001100011100001111001001000000010000010111111111110111100101010001000101011110001001110011001010001
01000111110011010101011111000100010101101001011011101111001010001011010111100011000011100110101111111000110000111001000001101110101101110010100001100011000011100100010100111000101000111001000110010000101001001111001100111000110101101100000101010000001010101110110000100010100111000101000010111000011111100100001000001101110
1001000011001000010101101010100000100110001110000100011011100001010111000010101010110101010001100010010111001010101110110000110000111000111010111111110111000001100010010111001010001001011111001010000101101011110000011000111001100110000110100100000100011111101011011111011110000001010011011111110100010011110100000111001010001110010001100100100011101110100110
0000011000110000110101101110101001101110011011011000011110100100011111001101011011010000001010100101000110011101010001111000100100100000001010001010011100000000101000110001110010000101011110100000010000001100101111110101101111001100001010101110010101101111100001100100001100100000011010111000011001000010101110011010010000010
100001111111000110111010100000011001110001010101101001000110111000010101110000101010101101010100011000100101111010001001111010000011100101000111001000110010010001101100000110010010001010011100010000011011011100001001101100011110100100100000001010001010011100000000101000110001110010000101011100100000110110110000000010101011101100001111010001010101011100011101011
0110011011101111001101100101000011001100001010100111111010110111110111100000010100001110000100011110001001010110000111101000000101000100100110001110001001001010001001011111001111110101010000110101111111100110011001100001100101110110100000100011010010000010001000101001110001111100011101100110100100010101010000110
1010011100000101000011101111000011100001000110000111001000101001110001011010101000111000101000111001000111111000101001001111001100111000110101101100000101010001
11101010010011100011111000110101011000000010001100100001100101011111000110111001011110010000000000010001101111011111010101101000111001100001100001110010001010011100010110011011101111001101100101000000000011001110001001100100001100101010111000010011011101110100011101111001010110010000111000010
0110011011101110001110011011110010001010010101000100101000101101011110001101001010111111100110000110010111001010110111110011110011001000011001011010101101100001011000110110101011001000100010100000010000000101111010111000011100001000111111010111100010010011000011111110001101110101000000110011100011111001000110011001
0110101011011000010110001000011100110110010000111000110011010110000110101111111010100010010000011000110000001010010010001010011100010100001010110100101101100011100010100011000100101110011001000011001011011001000010010110111000000101001000000100011100001000101011010010110111011110011000011100101000111001000110010010001101100000110011010000001010000100110110001010110100101101110
01010111000010011011101110100011000000110010111111010110111000011100001000110000111111100011011101010000001100111000111110011110001010000001100011000011100011001001101011111110101000100111101010010011100000010001010001011010111100011110001010110101101110011000010001100101000010010000101011010101000001001100011100
1000011111110001101110101000000110011100011111101000000110011011001000101001110100101100100101101100000011101111101000100111101010010011100000010001100001111110001101101010110011001100001010000100011101110010001110011000010101101100000011110010000111001101100111111000000010010010001100001110000100010101011101100
11100100110101011010110000110100111000110101111111001100001000011100110110010000001100101111110101101110000111000010001101001100100010100100101001100110111000010001111010010111000101010110100101010111011000011110111101011000110001110001010110100101010111000010011011101111101000100101000110001010100001001111100001100011100
111001001000000010000010111111111110111100100000001010000010001010010101111011110001101001110110011100110000111111000110110101011001100110000110010111001111110010000001101010001
111010100100111000111101111010110111100011010111010000001010101110010101101010000011010100001101100001011011000001000111111110001010110111000101000011010110000001000000100011000011100001000100000010011011110001010111100111001010110110101000111000110111100101011001000011100001011111010000
000101001110001000000100011100101110010000001100001110101100100000010001110010111001111111100100101000011010100000010001110011011101111111001001010000100011100001111110000000100100100011111101000000101010111011000011111010000100010111000000100101101110111011110011011111
00101000101101011110001010101101011010011000011111100100110110100001001101101010001110011000011000011100100010100111010010110010010110110000001110111100110100100000100010101101001100110101000100101000111001000110100100011011000001100110100010011110100100000101010110010000101001010010101100010111111
0100010110101111000100001110001011111100010010101010000010000011011000110011000011010010000010001000001111100010100000011011110010000011000101010001000100110000111001010001110010001101001000110100100011101010001001111010100100111000101100110111011110011011001010000000000110011100010011001000011001000101001110001111001000101111100011011100110010001110111000011001000011100001000111001110000101000011111000101011010011001101010001001010001110010001101001000110101110100110101000000101010010110011011101110001110011000100001110011011001011001000111011100001100100001110000100010101001111001000101111100011011100011000011100011001001011001100000101011110110111100101000101000000101001
00001010111100101000100101011110011100101011011010111100000001010100000011010011011100110101000010010010001001100101111100011001000011001000101001110001000010101111001010001110111100010010101011001110110101011111100110111100110000111001111110101101111101111000000101000011100001000100000011000010100110010110011111010000
01011111001100000010011100111010110100101101110011000010101011100001001101110001000000110010111111010110111100000001100111000111110010001100100110100111000100000001010110011000101000101000000101001001010000100110110001010110100101101110001100001111111000110111010100000011001110001111100100001101011011
000000100110111100010101111001110010101101101010001110011010000010001000101001010101110010100101010110000101000010111101110111000100110101111101101000001000110100111011001110010100001001111111111000101001011011101010001
010001100011001011001101011011100111111010110111110111100000010100001110000100011110001010111001101001110001111101011000011000010001100100101001010111101111000110100111000001010101011100110100100000100010001010011100010110101010001110001010001110000001111111000101001001111001100111000110101101100000101010001
00000110000100111110001100100001100100010100111000100000010011111000100101111001000101011010010110111000111001011011011010000010001000011110010100011111001100100001100111111010110111110111100000010100110111111001010001001011111001000101001110001000000110010111111010110111100000001100111000100110000111001000101001110
010001110010001101001000111111000001100111110011001000011001000101001110001000000110101110000110010000101011100100001110111001000000001000001111001011011111001100110110010111010110100000011110100100010000010110000111101000000100011001001010001100111010101111110101110001011111010111010000001111010010111011010101111110011010100000011010010000010001000101000101001
111010010111011110011111100010010011100111000010100001111101101011111110100000010000011111001100101011100101000110011110011010101000000101001101111000101010111011000010100011111010001101011101111000101000110001110111000100101011000011110100000010001100100111011110001010110100101101100011110100100100010100111000110100101011111100011100
1010101111000000100100001110011011001000101001110001000000110000110111000111000011111000001011110001110000000001100100001100100000011001011111101011011110000000110011100011010001
01000110001010101110000010001100000000001000010111001111011110000000110011100011111001010101110110000110111100000111000011111000000011001110001111100101001010111101111000110100111011001110011000011111100100110110100001001101101010001110011000011000011100101010110101101001000101001110
1010010101111110001110000111111010110111110111100000010100001110000100011000011111110001101110101000000110011100011111101000100111101010010011101111110001010010101111011110001101111011111010101101000111001100001100001110011000011111100101111001011111110011000010101111001110010101101101011110000000100010101011101100
1111010000110110011000011001000011001100101000011010110101000110001001011111110010101011101100001100101000011001111100110000110101010000001010000100111111111100010100110000110110000001100011011110010000111001101100110000000000100001011100111101111001100001000000110000101001100101100111100110000111001000101001110
00001110001100110101100101000100111101000001110010101011000110010000001100010010111001000110010010000001001011001000000011100011100010100011000100101110011001000011001110000001101010001111000110000111000010001100001111111000110111010100000011001110001111110100000010001010001010010011011110111011100101101101010001100010010111010110110000010
0000000101010000010000100001110000100010101011101100001111110101101111101111000000101000011100001000111100010010101011100001011011110010100010110101111000110000111000110111001011001010111100110011000100011000010010100000100110010001100100001010110101000000000000110000110110000010101000000110011011001000000010101000001000010000111000010
000011101110010000000010101110101110000101011010010100000100110010001100100001010110101010000010011111101000000101010111011000011100110111011100000110111001011110001110000101100100011110001010101111110011000100000011001011111101011011110000000110011100011010000
100001111110001101101010110010000111000010001000101001110001010101100100101000000011000100101110011001000011001000101001110001011010101111111010110010000111001101100100010100110001111001010000101011011010000100111111100010101111100101000101100110101101001010111110010000111001101100101010110110000000100111000000110011100011010001001111010000000000010000100110110001010101110001001000111011100010010111100101101100100001010001110001010110100101100110111011110011011001010000000000110011100011111001111100010101101100011000011100001000110000111001000101001110001011010101000111000101000110110000011001000101001
11100110011100011010110110000010001100001111110001101101010110011000100010100111000110101111111000110010000110011111010100011100110101101100000011101111001010111110011011110000011110101111001111110011000101000010011000011100011111001000011100110110010000101101001011001100001100011100001111110101101111101111000000101111
01010111011000011100110111011100000110111001011110001110000111100100100000001000010101000111010111111001000110010011111010000110110011000010001010011100010100001011100111100110111111111000011100001000101010111011000011011110111001001101101100100001110000100011001000011001111110101101111101111000000100010110001010001010111101001001010110111110111100000010100001110000100011110001010111001101001110001011001100001110101100000010000111110011000010101111100101010010000001100101011111110011001000011001000000010111101011100001110000100011011110011010101000110001110111100110100000100010110101011011000010110111010001111111110001010110111010100000010101111001110010101101101010001110001000000110010111111010110111100000001100111000111110011001000011001000101001110001000001101101011011000101001111100111111010110110000110101111001101111101000100111101000000010011000011111100011011010101100110111100100010100111000101100110000111010110000001000011101010001100010010111
100100001100100010100111000100000011001011111101011011110000000110011100010010110001010001010110100000010001010011100011011110011001010111100000110001001011100101010111011000011000011100011101011010000101111000010101000110001001011100110010000110010001010011100010110001010001010100100011001001101011111010110100101101110
0000111001101100000010100000010101011101100101000000111100100101111110111101011111111001101000001010100000010001010011100011101111000101011010010110110001111010010000001100111000100110010000110011011110011010101000110001110111100010100001001111110000001100010010111001010101110110000111111000010001111011000101011110011100100110110110010000111000010
000110010010000101000111011110011100100000011001011111101011011110000000110011100010011011110000001110001010110001011110000000110011100011111101000100111101010010011010111111010000001111110101101111101111000000101000011100001000101001010111110010001010001010010011111100000000010000110101011011001101001101010001
1001010000010000100111111000000111000100001110101011111100000110001001011111110100011000010010001010011100010110011000011101011000000100001110101000110001001011100110010000110011100000011010100011110001100001110000100011011110011010101000110001110111100010100110011011100001000111101001011100010101011010010101011101100
1110111101011000110001110001010110100101000010011111100000011000100101111010000001111110101111000100100101011111001000101001010100010011010111111100110000100001110011011001000101001110001010000101110011110011011111111001100100001100100000001010100000100001000011100001010100000010101011101100001000101001110
1101111000101011010010110110001111010010000001100111000100110010000110010000000101101111101011111100100011001001111001001011100011011100101101001111001001011111110001101110101111000001100010010111001100110110010001100100110000111011001000111000101000111000101101010101110110000110100110011010101110110001011011100011011111010001
111010010010101101111101111000000101000011100001000101001010111110011010011101100111001010101110011101111111111001110001100001010110100111001101110000000110011100010011000011100100010100111000101100110111011110011011001010000000000110011100010011001000011001000101001110001010011010100000001010111
110011111101110001011100101110000001100111000100100001110011011001111110010010000000101011100000100011110011001110001101011011100011011110010001010010101000100110000001111100110000000000100001001101100010101011111100110001100011110011001000011000111001110010000111001101100001010010001000111001111010001001111010000000100110001111
0101011100110000000000100001101011010100011000111011110001101111000000111000101011000101111000000011001110001001100001110010001010011100010100000110101010111011110000111000010001010101110110000111000000110101101110010101000110001001011100110010000110010111110010110110110100000100011101110111101011000001000100001110011011000000
10010000110011110010010111111100011011101011110000011000100101111010001001111010010010101101111101111000000101000011100001000101000100101111100111011111111110011100011000010101101001010100010010001010011100010110001010100010011100110010000110010100110001111000110011011000001010100000010101011101100001111110010000001100011001000011
0001010011100010000001001111100010011111100000001001111000000011100011100010101110001001111111100100011001110001100000001110001110000101100100011111110010011110111101011100011011110011110010011010101101011000010111110111011110101100101001010111101111000110100111011001110011000000000010000011011100000001100111000111001100
0100010110101111000110000001001011110010001001000011100110110010001010011100011110010010111000110111000101001101010001100010010111001100100001100111111010110111110111100000010100001110000101010001001111010000000111110010100001011100001111110010000100000101011010010000001001011001101011011100110101111111011110010101101111000110000111001000101001110
00001110001100110101100111100110010000110010001101101010111111101000010011011000101010001100010010111101000000110100110101100001101011001000011100001010100000010101010000010000100110110001100010010111000000110011100010011001000011001011010101011101100101000000101010111011000011110010010000000000001010101111000111000101000110001001011111111010001
11101000000010011000111100100000111000101011000000111000101000010111001101001010110100101101110001000101001010100010011111101011011111011110000001010000111000010001010010101011000011000000111110011001101110000000101000011100110000111001010101111110010001100111000100100000110110000100000010010000000110100010011110101001001110
11101000101011110010100010010100011111000000101011010100000010000110000110010000110010000011100111010011010100001110101001010100010011110100010100001000111100101001010001001011111001101001101011000011010001001010110100110011010100010010100011011010001101000000110010000011001001000001111011101001111010000001010001101011101001101110100110001000011110110000100101101100101110000100010101011101100001010001100000000001111111010001110001000011110110000100101001100000001001001101000100111101000000011111001011111001011011011010000010001010000110101100001111011100000100111110000011100010101010110111100111110111111110010101011101100
011110011011000101001111010001111111001101010001010010011001101110001100111000101010001100010010111001010100001100001110001011000000001000101001110001010101111110010001100111000100100000110110000100000010010000000110000101011111110011110010010000000000000101011101100001100100001100111111010110111110111100000010100001110000101010001
0000011011111011100001100110011111100110001100100001100111111001000000110001000011100110110000000011001000011001101001100110101011101100010110110000010001111110101101111101111000000101000011100001000101011111001110010110110110100000100010101111100101000111001000110000000000110010000011001001000001111011101001110010100101011111
10100111011001110010000111001101010111011000011000011100100010100111000100001111010110001100001101110001111011010101101011011100000010111100101010111011000010100000110101011000011111110011001000011001000101001110001111010101000000010101110001111101000000100000110111010101000001001101101010001110111110100000010101011101100001000001111110100001101110
10111000111011110101111111010001001111010011101101010100000100010001010110100101101110000111110011001000011001000101001110001111010010010101000000110101110000101011111110011111010011001010001000110111101110010011011011001111001100100001100101101010101110110000100000011001011111101011011110000000110011100010010101011101100
0100000110101010111111100110010000110011110010000001100011011110010101011101100001011111001011011101001000001000101010000101011100011100101010110100011010110110101011010010101101111001011111101000100100000111101001101010111011000101101100000100011111000110010111110111100100000001011011111010111000011100001000101101010101110110000101000001101100100011111
01001010111101111000110100111011001110010100001011110111111010111110111100110010100010011110101001001110101111000110001111001010100110111100100001011110111111001110001010100011000100101110011001000011001011010101011101100001000000110010111111010110111100000001100111000100110010111001000101001110001010001001010110101101
1001000011001010100100011001000000101001001010100010011110101001001110101001110111100111110100110010100010100001110000100010100111001010110000101010111011000011011110010110110011110001001010110000111000000110011100100000011001011111101011011100001110000100010101
000010101101011000011100001110001100110101100001010001010000001010010010100010010010101000100101010100000100001100101101111110010001100100110100111000101010011011100101000011000101000101000000101001001111010110111100100011111001100110110010000000101101111101011111100101010001001101010111100000001110011011000000001100001110001110101111101101010110111111010001
11101010010011101011110001100011110011111100100000011000111011101110000110011001111110011000100010100101010001001100001110010101011000110010000001100010010111001000110010010101001000000010110111110101111001100001111001001101101100101000000101000101001100101100110011100110111001011001111
010001011010111100011010111111100110000110100100000100010001010011100010000011011000010000001001000000011000010101111111001000011100110110010110010001111000101010111111001100010000001100101111110101101111000000011001110001101000100111101010010011101011110001100011110010111100100110111101110010011011011000011001000011
0101011100000100010101011100001001101110111010001100000011001011111101011011100001110000100011000011111110001101110101000000110011100011111101000000110100110101000100100010100111010111100010100010010111110010101001011011101110111100110100111100100101111111100011110001100001110000100011001000011001010100111101111010110001100011100010101101
0100010100110010110011001110010000011101111010001100001110110101000000110001010001010000001010010010101001010000011011010100000010100100110100110011010010011111101010100000100001001101100011100110000101010001001000101001110001010000110010111101011001100100001100100010100111000100000111010011111100100100010100101010001001100000011111
11100100110110110000101001101010111000010001010000010111110001001010101110011000011101100100011100010100011001101110100000011001101100110000111011001100000011010101000000110010111001000101001110001010011001101110000100011110100101110001010101101001101001010110111010001001111010100100111000110000111011001100000011010001111001001101010110101100
101001110001010000101110010100001101011011010000010001010000011010101111001100110000110100100000100011111000101010111011001000011100001000100010100111000101100110111011100011100110001100101110010001010001010010011111101010100000100001001101100011111001010100010010101010000010000101110010000011010100000000001010001110011010000010
000101001110001111101010000001100011100110111011101101010001100010010111101000000100000001011011111010111000011100001000100010100111000101000010011111100000011000100101110011001000011001000101001110001111001001101101100101000000110111101110111101011111110000111000010001000101001110001000001110110100000010101011101100
0000000101111010111000011100001000101010011111100000000010000110101011011001000000010110111110101110100010010000011100110010101101000011010001001010000010001101001110000101000101101100111001000101001110001000101000101001001000000010110111110101111110010100010100110101011010110000110100111000100010100111000111100100110111011110111000001
01000001101010111100110001000011100110110010001010011100011000011101100110000001101010100010011110101001001101011111101000000101000101000000101001001000101001110100010110011111100000000001000001101110001011001101110111000111001101111101000000100010100111000101010111111001000110011100010010000011011000010000001001000000011000010101111111
01000101101011110001010110100101101110001000110010010000001100101111110101101111000101101010101110110000101011011110010111111010000001101111001000001101010111100110001010000101110010100001101011000100000100011110010011011011111010111111001011011001111100010010100010010011100111001000101001110001000001111110100001101110
1110010011110111101011110011000010001010011100010000000101101111101011110101111110010100010100000010100100111111000011010001001011001010110111000011100001000100001101101100110010110011111010000001010101110110000110100110101100001101011000010001010011100010100110101000010110001010000000001010110101000000100001100111100100011001
110000001101001011110000010010110010000000001100111111110001001011111111010001
1110101001001110001111010001010111101101110101111110011010111111100110000101010010000111001101100000000110010000110010110110010000100010110110000111110001000011100110110011011110111001001101101100100001110000100010001010011100010110010001111000101010111111001101111001101110101011100100001110111001000000
010000100110000111000100100011001001010000100110000111000100101010110110010111000010001000101001110001111001001010111110001001010001001001100001101110001000000010111101011100001110000100010001010011101000101100111110110110010100010001111011100100000100101000010110111100100001110111001000000001000101001110001111010000011101100101011111
00011001001000101001110001010001111101101011111110000101011100111101000101010101101000011001010110100110011010100010010000011100101010001101111101001100010000011110111010011110100010011110101001001110001000000010100001001111100001100011100001111001001000000010000010111111111001010001001011111001101001101110011010100001001001000100100011001001000101001110
00000110001110111100010011010010000010001000001110110110101101001001000110110101011001101011111100110000111001000101001110001010001110010001101100010100100111100110011100011010110110000010001000001110101000110011101000100111101010010011100010101111100011011100101101010110100111000101000100101111100110000111000110111001011001010111100110011000011010010000010
000101001110001111010001010111101101110101111110011000011100100010100111000101000110110111011000011110011001110001101011011000001000100000111101110100111101000100100000111010111001100001111111000110111010100000011001110001001000011100110110010000001100101111110101101110000111000010001000101001110001010101101000110000001101010110011011110011001000011
1111000101011011111110100000011001101100100010100111010001011001010101110000100110111000110010000110011100110111011101101010001100010010111001010110100110011110111100010001010011100010100110011011100001000111101001011110100000010001100110011110101100100010100111000100001110011011000000001100100001100101010010000101011010101100101010101000111001100
010110111110000111111010111110100001100111011001100110000100001110111001000000001010100101001010101110110011101000110100111001101011000011110010011011011001010001001000001110100101000010001110111001000111001100001010000100110000111000111010110010001010010101000100100000010011110111100110000110011110111101011001000101001110
00001010110101011001010101010001100010010111111100101000100101111100101000010011000011100011100110000101010001001000101001110001111100010101101110100010011110101001001110001100001111111000110111010100000011001110001001010001001011111001011110010001001101011111110011000010000111001101100101110101101010001100011100010101101
111110101101111101111000000101000011100001000100001110011011001111111011101111010110101011010011110011001110001101011011100011011111010000001101111000000001011000011110000111000010001010100111111110010001100111000110000000111000111000010101100001100001100101110110100000101010001
1110101001001110001111010001010111101101110101111110010101011011111100100101000010011111111110001010010110100000100011001101110000000101000011101010001110011000010001010011100011010111111100011001000011001000101001110001000010101110010000000101101000000101010010110011011101110001110011000110101111111001100
00011001001110111100010101101001011011000111101001001101110000000100100100010010101011100001001101110111110100000011010011010100010010000011000001001000000010101110011111101011011111011110000001010011011111100100000001010110011000110000001001010100111110001010101110110001011011011000010001100110010110110100010011110100000001001010001001011111
000000010101100110001100100001100101010010100110011011100001000111101001011100010101011010010100010100110010110011001110011110010111001111111110010100001000111011100100011100110000101010001001000101001110001000000100001100011000110111000101010111011000011111101010100000100001001101100011100110000100001110111001000000
010110100110011110111101010001001111010010111011100100000000100010100111000111001110110000110010000110011100101111000100100110010000110010001010011100010000111001101011011001010110110000001111001010011010101110000100010101001010000011011010100000010100100110100110011010011010001001000001111000000100011111100000001001001000110000111000010
0101011011001011100001000111001011110001001001010000010110001011001100100001100101000001101101010000001010010011010011001101001001111001001101101100111100110000111001000110101101101111010000001000101001110001101110000000100100100010010101011100001001101110001111001001101010110101100001101001110001110111100010101101001011011000111101001110011001010001
111010100100111000101100110111011100011100110001111001001101010110101100001101001110001010101100111010010101010111110001110011000010001100100101010010100001011110111001000111111000110111000000010010010001001010101110000100110111000110100100000100011001101001111111010111110111000011100001000100010100111000111110101000000110
0101011100001001101110001010100001100011101011001000110101101101111000011100001000100010100111000101100110111011100011100110001010101000001000010111001000001101010000000000101000111001101000001000101000111111000001100110100010010000011110000001000111110100110000000110001100001110000100011001011111000110010000110010001010011100011110010011011011001111
0001100100100010101111010111100011010101000000101001010101101000011001000101001110001110101110111001101110100000010101001010000110101100001111011100000100101010111000010011011100010100010100110101011010110000110111101111101010110100011010001
0000011101101001100110101000100101000111011101001100010000011110111010011100100010100111000100000110000010010000000101011100101011011111000100110000001110111000001001010101110110000111001110000101000011111011010110010000011100100100000011011101011110111000101011111001000000100110101011100011100110000101010010110101011011000010110
0100010010011101100110100110010000110011110101101111001010001001110011110010001011111001010100000000001111010111100111111001100011000011100101010011111000000010101101011010010000111011010100000011010100000011000011100100000010101111000100100100010100111000111110101000000110001000011010111110100110001001011100101011111
0001010011100010100010010011101100110100110001111001000000100110101011100011100110000110010111001010100101000100100111011001101101001010110111011100101000100000011111010010100010010011100111001100000010010100010010111110010100001010111110100111001100001010101101100101110000100010001010011100010000101011100110101011101100
10100100000100010100101010111011000011000000100101011010100011001000000010100011000111000101011010110100000100010110010111001010000010000110011000010101001010000110101001101001011011100011000011100011001001010100111100100101110001010110000111110101100101010001001110010111100010010011011110111011100101101101010001100010010111000001111101
0000101000111011100001110000100010101001000000110010111111010110111100011001000011001000101001110001011001000111100010101011111100110001000110110101111011110011011100110010100010011110100000001001010001001011111101000000110000111001110000011000011110111000001101000000100010100111000100001110001011111100010011001011001001000000110000111010111010001
1110101001001110001010001001010001110101100101101110111011110011010011110010010111111110001111000111001100001100100001100111010000001010011101011001010100100011011100110101000010010010011001101100101010010001101011010011100010001101011011011111001100001101010100000100010010110110110000101010001
000101001110001110011101100111100101010111011000010000111000011010110111001100001010001010000001010010010100010010100011101011101000100100000111010001001110010111100010010011100111011000010001010011101011110001010001001011111001010100111111000000010010010001001000000010101100110001100100001100111100101110011111111111001100
01001100110111000010001111010010111000101010110100101010111011000011110111101011000110001110001010110100111110110110000001111110100010010000011000101001110011100100010100111011111100010100010110101111000101101100001111100110000110101010000001111010010101010111110001001010110100110011110111100010001010011100010100010010100011101011
011011101110111100110110100000010001010011100011111100000001001001000111110010110011000011101011000000100001111100110000101010010110111011101111001101001011011000011111000101011110011100101011011010100011100011100111100110101000010010010010001100100111011110001010110100101101100011110100100100010100111000100001010110101011001101111
100100001100100010100111000110111001000000010101110010101000001110001010111001100101011110000011111101000100111101000001110010110101010000010100001110000100011001101010001001000101001110100010110010000101011110010100010011011100101010110000111110000010111100011100000001010000001000101001110001000001100000100100000001010111111100101011011110
111101011000011000010001100100101001010111101111000110101111111001100001000101001110001010000011010101011111000100010101101001011011101010001001111010000000100111100100101111111100011110001111100110010000110010101001011001011010101000101000011100001000110100110010101101101100001000000100110101011100011100110000110010111
01010010001101110000100001001011000011001101100110010001010011101011001111100010101101001011011100011111101010100000100001001101100010010101011101100001100100001100101010011111000110110101100000001001001000111001100000010110001101011111101010101011010110100000100010100010100000010100100111111000000010010010001111100100001110011011
01011110011100101011011010100011100010101100000000000100011001001000101001110001100110100111101001010110111000001111100100011001001101001110001000000010101000001000011001100001010101101100101110000100010100010010011000111000100100101101100001111101111
010110111100010110010110101010001001111010001001111010000000100101000100101111100100010100111000100001110001011111100010010110011011101110001110011000111100010101000001011010010110111000110010000110011011110111001001101101100100001110000100011001101100111011110001010110100101101100011110100110000111000010001010101110000100110111011111010001
00000110000110101000111010110010101011000101010000000101010001100010010111111100110010000110010001010011100010100000110101010111110001000101011010010110111000101001010101100001000000010100001001111100001100011100001111001001000000010000010111111111110111100101010001000101011110001001110011001010001
01000111110011010101011111000100010101101001011011101111001010001011010111100011000011100110101111111000110000111001000001101110101101110010100001100011000011100100010100111000101000111001000110010000101001001111001100111000110101101100000101010000001010101110110000100010100111000101000010111000011111100100001000001101110
1001000011001000010101101010100000100110001110000100011011100001010111000010101010110101010001100010010111001010101110110000110000111000111010111111110111000001100010010111001010001001011111001010000101101011110000011000111001100110000110100100000100011111101011011111011110000001010011011111110100010011110100000111001010001110010001100100100011101110100110
0000011000110000110101101110101001101110011011011000011110100100011111001101011011010000001010100101000110011101010001111000100100100000001010001010011100000000101000110001110010000101011110100000010000001100101111110101101111001100001010101110010101101111100001100100001100100000011010111000011001000010101110011010010000010
100001111111000110111010100000011001110001010101101001000110111000010101110000101010101101010100011000100101111010001001111010000011100101000111001000110010010001101100000110010010001010011100010000011011011100001001101100011110100100100000001010001010011100000000101000110001110010000101011100100000110110110000000010101011101100001111010001010101011100011101011
0110011011101111001101100101000011001100001010100111111010110111110111100000010100001110000100011110001001010110000111101000000101000100100110001110001001001010001001011111001111110101010000110101111111100110011001100001100101110110100000100011010010000010001000101001110001111100011101100110100100010101010000110
1010011100000101000011101111000011100001000110000111001000101001110001011010101000111000101000111001000111111000101001001111001100111000110101101100000101010001
11101010010011100011111000110101011000000010001100100001100101011111000110111001011110010000000000010001101111011111010101101000111001100001100001110010001010011100010110011011101111001101100101000000000011001110001001100100001100101010111000010011011101110100011101111001010110010000111000010
0110011011101110001110011011110010001010010101000100101000101101011110001101001010111111100110000110010111001010110111110011110011001000011001011010101101100001011000110110101011001000100010100000010000000101111010111000011100001000111111010111100010010011000011111110001101110101000000110011100011111001000110011001
0110101011011000010110001000011100110110010000111000110011010110000110101111111010100010010000011000110000001010010010001010011100010100001010110100101101100011100010100011000100101110011001000011001011011001000010010110111000000101001000000100011100001000101011010010110111011110011000011100101000111001000110010010001101100000110011010000001010000100110110001010110100101101110
01010111000010011011101110100011000000110010111111010110111000011100001000110000111111100011011101010000001100111000111110011110001010000001100011000011100011001001101011111110101000100111101010010011100000010001010001011010111100011110001010110101101110011000010001100101000010010000101011010101000001001100011100
1000011111110001101110101000000110011100011111101000000110011011001000101001110100101100100101101100000011101111101000100111101010010011100000010001100001111110001101101010110011001100001010000100011101110010001110011000010101101100000011110010000111001101100111111000000010010010001100001110000100010101011101100
11100100110101011010110000110100111000110101111111001100001000011100110110010000001100101111110101101110000111000010001101001100100010100100101001100110111000010001111010010111000101010110100101010111011000011110111101011000110001110001010110100101010111000010011011101111101000100101000110001010100001001111100001100011100
111001001000000010000010111111111110111100100000001010000010001010010101111011110001101001110110011100110000111111000110110101011001100110000110010111001111110010000001101010001
111010100100111000111101111010110111100011010111010000001010101110010101101010000011010100001101100001011011000001000111111110001010110111000101000011010110000001000000100011000011100001000100000010011011110001010111100111001010110110101000111000110111100101011001000011100001011111010000
000101001110001000000100011100101110010000001100001110101100100000010001110010111001111111100100101000011010100000010001110011011101111111001001010000100011100001111110000000100100100011111101000000101010111011000011111010000100010111000000100101101110111011110011011111
00101000101101011110001010101101011010011000011111100100110110100001001101101010001110011000011000011100100010100111010010110010010110110000001110111100110100100000100010101101001100110101000100101000111001000110100100011011000001100110100010011110100100000101010110010000101001010010101100010111111
0100010110101111000100001110001011111100010010101010000010000011011000110011000011010010000010001000001111100010100000011011110010000011000101010001000100110000111001010001110010001101001000110100100011101010001001111010100100111000101100110111011110011011001010000000000110011100010011001000011001000101001110001111001000101111100011011100110010001110111000011001000011100001000111001110000101000011111000101011010011001101010001001010001110010001101001000110101110100110101000000101010010110011011101110001110011000100001110011011001011001000111011100001100100001110000100010101001111001000101111100011011100011000011100011001001011001100000101011110110111100101000101000000101001
00001010111100101000100101011110011100101011011010111100000001010100000011010011011100110101000010010010001001100101111100011001000011001000101001110001000010101111001010001110111100010010101011001110110101011111100110111100110000111001111110101101111101111000000101000011100001000100000011000010100110010110011111010000
01011111001100000010011100111010110100101101110011000010101011100001001101110001000000110010111111010110111100000001100111000111110010001100100110100111000100000001010110011000101000101000000101001001010000100110110001010110100101101110001100001111111000110111010100000011001110001111100100001101011011
000000100110111100010101111001110010101101101010001110011010000010001000101001010101110010100101010110000101000010111101110111000100110101111101101000001000110100111011001110010100001001111111111000101001011011101010001
010001100011001011001101011011100111111010110111110111100000010100001110000100011110001010111001101001110001111101011000011000010001100100101001010111101111000110100111000001010101011100110100100000100010001010011100010110101010001110001010001110000001111111000101001001111001100111000110101101100000101010001
00000110000100111110001100100001100100010100111000100000010011111000100101111001000101011010010110111000111001011011011010000010001000011110010100011111001100100001100111111010110111110111100000010100110111111001010001001011111001000101001110001000000110010111111010110111100000001100111000100110000111001000101001110
010001110010001101001000111111000001100111110011001000011001000101001110001000000110101110000110010000101011100100001110111001000000001000001111001011011111001100110110010111010110100000011110100100010000010110000111101000000100011001001010001100111010101111110101110001011111010111010000001111010010111011010101111110011010100000011010010000010001000101000101001
111010010111011110011111100010010011100111000010100001111101101011111110100000010000011111001100101011100101000110011110011010101000000101001101111000101010111011000010100011111010001101011101111000101000110001110111000100101011000011110100000010001100100111011110001010110100101101100011110100100100010100111000110100101011111100011100
1010101111000000100100001110011011001000101001110001000000110000110111000111000011111000001011110001110000000001100100001100100000011001011111101011011110000000110011100011010001
01000110001010101110000010001100000000001000010111001111011110000000110011100011111001010101110110000110111100000111000011111000000011001110001111100101001010111101111000110100111011001110011000011111100100110110100001001101101010001110011000011000011100101010110101101001000101001110
1010010101111110001110000111111010110111110111100000010100001110000100011000011111110001101110101000000110011100011111101000100111101010010011101111110001010010101111011110001101111011111010101101000111001100001100001110011000011111100101111001011111110011000010101111001110010101101101011110000000100010101011101100
1111010000110110011000011001000011001100101000011010110101000110001001011111110010101011101100001100101000011001111100110000110101010000001010000100111111111100010100110000110110000001100011011110010000111001101100110000000000100001011100111101111001100001000000110000101001100101100111100110000111001000101001110
00001110001100110101100101000100111101000001110010101011000110010000001100010010111001000110010010000001001011001000000011100011100010100011000100101110011001000011001110000001101010001111000110000111000010001100001111111000110111010100000011001110001111110100000010001010001010010011011110111011100101101101010001100010010111010110110000010
0000000101010000010000100001110000100010101011101100001111110101101111101111000000101000011100001000111100010010101011100001011011110010100010110101111000110000111000110111001011001010111100110011000100011000010010100000100110010001100100001010110101000000000000110000110110000010101000000110011011001000000010101000001000010000111000010
000011101110010000000010101110101110000101011010010100000100110010001100100001010110101010000010011111101000000101010111011000011100110111011100000110111001011110001110000101100100011110001010101111110011000100000011001011111101011011110000000110011100011010000
100001111110001101101010110010000111000010001000101001110001010101100100101000000011000100101110011001000011001000101001110001011010101111111010110010000111001101100100010100110001111001010000101011011010000100111111100010101111100101000101100110101101001010111110010000111001101100101010110110000000100111000000110011100011010001001111010000000000010000100110110001010101110001001000111011100010010111100101101100100001010001110001010110100101100110111011110011011001010000000000110011100011111001111100010101101100011000011100001000110000111001000101001110001011010101000111000101000110110000011001000101001
11100110011100011010110110000010001100001111110001101101010110011000100010100111000110101111111000110010000110011111010100011100110101101100000011101111001010111110011011110000011110101111001111110011000101000010011000011100011111001000011100110110010000101101001011001100001100011100001111110101101111101111000000101111
01010111011000011100110111011100000110111001011110001110000111100100100000001000010101000111010111111001000110010011111010000110110011000010001010011100010100001011100111100110111111111000011100001000101010111011000011011110111001001101101100100001110000100011001000011001111110101101111101111000000100010110001010001010111101001001010110111110111100000010100001110000100011110001010111001101001110001011001100001110101100000010000111110011000010101111100101010010000001100101011111110011001000011001000000010111101011100001110000100011011110011010101000110001110111100110100000100010110101011011000010110111010001111111110001010110111010100000010101111001110010101101101010001110001000000110010111111010110111100000001100111000111110011001000011001000101001110001000001101101011011000101001111100111111010110110000110101111001101111101000100111101000000010011000011111100011011010101100110111100100010100111000101100110000111010110000001000011101010001100010010111
100100001100100010100111000100000011001011111101011011110000000110011100010010110001010001010110100000010001010011100011011110011001010111100000110001001011100101010111011000011000011100011101011010000101111000010101000110001001011100110010000110010001010011100010110001010001010100100011001001101011111010110100101101110
0000111001101100000010100000010101011101100101000000111100100101111110111101011111111001101000001010100000010001010011100011101111000101011010010110110001111010010000001100111000100110010000110011011110011010101000110001110111100010100001001111110000001100010010111001010101110110000111111000010001111011000101011110011100100110110110010000111000010
000110010010000101000111011110011100100000011001011111101011011110000000110011100010011011110000001110001010110001011110000000110011100011111101000100111101010010011010111111010000001111110101101111101111000000101000011100001000101001010111110010001010001010010011111100000000010000110101011011001101001101010001
1001010000010000100111111000000111000100001110101011111100000110001001011111110100011000010010001010011100010110011000011101011000000100001110101000110001001011100110010000110011100000011010100011110001100001110000100011011110011010101000110001110111100010100110011011100001000111101001011100010101011010010101011101100
1110111101011000110001110001010110100101000010011111100000011000100101111010000001111110101111000100100101011111001000101001010100010011010111111100110000100001110011011001000101001110001010000101110011110011011111111001100100001100100000001010100000100001000011100001010100000010101011101100001000101001110
1101111000101011010010110110001111010010000001100111000100110010000110010000000101101111101011111100100011001001111001001011100011011100101101001111001001011111110001101110101111000001100010010111001100110110010001100100110000111011001000111000101000111000101101010101110110000110100110011010101110110001011011100011011111010001
111010010010101101111101111000000101000011100001000101001010111110011010011101100111001010101110011101111111111001110001100001010110100111001101110000000110011100010011000011100100010100111000101100110111011110011011001010000000000110011100010011001000011001000101001110001010011010100000001010111
110011111101110001011100101110000001100111000100100001110011011001111110010010000000101011100000100011110011001110001101011011100011011110010001010010101000100110000001111100110000000000100001001101100010101011111100110001100011110011001000011000111001110010000111001101100001010010001000111001111010001001111010000000100110001111
0101011100110000000000100001101011010100011000111011110001101111000000111000101011000101111000000011001110001001100001110010001010011100010100000110101010111011110000111000010001010101110110000111000000110101101110010101000110001001011100110010000110010111110010110110110100000100011101110111101011000001000100001110011011000000
10010000110011110010010111111100011011101011110000011000100101111010001001111010010010101101111101111000000101000011100001000101000100101111100111011111111110011100011000010101101001010100010010001010011100010110001010100010011100110010000110010100110001111000110011011000001010100000010101011101100001111110010000001100011001000011
0001010011100010000001001111100010011111100000001001111000000011100011100010101110001001111111100100011001110001100000001110001110000101100100011111110010011110111101011100011011110011110010011010101101011000010111110111011110101100101001010111101111000110100111011001110011000000000010000011011100000001100111000111001100
0100010110101111000110000001001011110010001001000011100110110010001010011100011110010010111000110111000101001101010001100010010111001100100001100111111010110111110111100000010100001110000101010001001111010000000111110010100001011100001111110010000100000101011010010000001001011001101011011100110101111111011110010101101111000110000111001000101001110
00001110001100110101100111100110010000110010001101101010111111101000010011011000101010001100010010111101000000110100110101100001101011001000011100001010100000010101010000010000100110110001100010010111000000110011100010011001000011001011010101011101100101000000101010111011000011110010010000000000001010101111000111000101000110001001011111111010001
11101000000010011000111100100000111000101011000000111000101000010111001101001010110100101101110001000101001010100010011111101011011111011110000001010000111000010001010010101011000011000000111110011001101110000000101000011100110000111001010101111110010001100111000100100000110110000100000010010000000110100010011110101001001110
11101000101011110010100010010100011111000000101011010100000010000110000110010000110010000011100111010011010100001110101001010100010011110100010100001000111100101001010001001011111001101001101011000011010001001010110100110011010100010010100011011010001101000000110010000011001001000001111011101001111010000001010001101011101001101110100110001000011110110000100101101100101110000100010101011101100001010001100000000001111111010001110001000011110110000100101001100000001001001101000100111101000000011111001011111001011011011010000010001010000110101100001111011100000100111110000011100010101010110111100111110111111110010101011101100
011110011011000101001111010001111111001101010001010010011001101110001100111000101010001100010010111001010100001100001110001011000000001000101001110001010101111110010001100111000100100000110110000100000010010000000110000101011111110011110010010000000000000101011101100001100100001100111111010110111110111100000010100001110000101010001
0000011011111011100001100110011111100110001100100001100111111001000000110001000011100110110000000011001000011001101001100110101011101100010110110000010001111110101101111101111000000101000011100001000101011111001110010110110110100000100010101111100101000111001000110000000000110010000011001001000001111011101001110010100101011111
10100111011001110010000111001101010111011000011000011100100010100111000100001111010110001100001101110001111011010101101011011100000010111100101010111011000010100000110101011000011111110011001000011001000101001110001111010101000000010101110001111101000000100000110111010101000001001101101010001110111110100000010101011101100001000001111110100001101110
10111000111011110101111111010001001111010011101101010100000100010001010110100101101110000111110011001000011001000101001110001111010010010101000000110101110000101011111110011111010011001010001000110111101110010011011011001111001100100001100101101010101110110000100000011001011111101011011110000000110011100010010101011101100
0100000110101010111111100110010000110011110010000001100011011110010101011101100001011111001011011101001000001000101010000101011100011100101010110100011010110110101011010010101101111001011111101000100100000111101001101010111011000101101100000100011111000110010111110111100100000001011011111010111000011100001000101101010101110110000101000001101100100011111
01001010111101111000110100111011001110010100001011110111111010111110111100110010100010011110101001001110101111000110001111001010100110111100100001011110111111001110001010100011000100101110011001000011001011010101011101100001000000110010111111010110111100000001100111000100110010111001000101001110001010001001010110101101
1001000011001010100100011001000000101001001010100010011110101001001110101001110111100111110100110010100010100001110000100010100111001010110000101010111011000011011110010110110011110001001010110000111000000110011100100000011001011111101011011100001110000100010101
000010101101011000011100001110001100110101100001010001010000001010010010100010010010101000100101010100000100001100101101111110010001100100110100111000101010011011100101000011000101000101000000101001001111010110111100100011111001100110110010000000101101111101011111100101010001001101010111100000001110011011000000001100001110001110101111101101010110111111010001
11101010010011101011110001100011110011111100100000011000111011101110000110011001111110011000100010100101010001001100001110010101011000110010000001100010010111001000110010010101001000000010110111110101111001100001111001001101101100101000000101000101001100101100110011100110111001011001111
010001011010111100011010111111100110000110100100000100010001010011100010000011011000010000001001000000011000010101111111001000011100110110010110010001111000101010111111001100010000001100101111110101101111000000011001110001101000100111101010010011101011110001100011110010111100100110111101110010011011011000011001000011
0101011100000100010101011100001001101110111010001100000011001011111101011011100001110000100011000011111110001101110101000000110011100011111101000000110100110101000100100010100111010111100010100010010111110010101001011011101110111100110100111100100101111111100011110001100001110000100011001000011001010100111101111010110001100011100010101101
0100010100110010110011001110010000011101111010001100001110110101000000110001010001010000001010010010101001010000011011010100000010100100110100110011010010011111101010100000100001001101100011100110000101010001001000101001110001010000110010111101011001100100001100100010100111000100000111010011111100100100010100101010001001100000011111
11100100110110110000101001101010111000010001010000010111110001001010101110011000011101100100011100010100011001101110100000011001101100110000111011001100000011010101000000110010111001000101001110001010011001101110000100011110100101110001010101101001101001010110111010001001111010100100111000110000111011001100000011010001111001001101010110101100
101001110001010000101110010100001101011011010000010001010000011010101111001100110000110100100000100011111000101010111011001000011100001000100010100111000101100110111011100011100110001100101110010001010001010010011111101010100000100001001101100011111001010100010010101010000010000101110010000011010100000000001010001110011010000010
000101001110001111101010000001100011100110111011101101010001100010010111101000000100000001011011111010111000011100001000100010100111000101000010011111100000011000100101110011001000011001000101001110001111001001101101100101000000110111101110111101011111110000111000010001000101001110001000001110110100000010101011101100
0000000101111010111000011100001000101010011111100000000010000110101011011001000000010110111110101110100010010000011100110010101101000011010001001010000010001101001110000101000101101100111001000101001110001000101000101001001000000010110111110101111110010100010100110101011010110000110100111000100010100111000111100100110111011110111000001
01000001101010111100110001000011100110110010001010011100011000011101100110000001101010100010011110101001001101011111101000000101000101000000101001001000101001110100010110011111100000000001000001101110001011001101110111000111001101111101000000100010100111000101010111111001000110011100010010000011011000010000001001000000011000010101111111
01000101101011110001010110100101101110001000110010010000001100101111110101101111000101101010101110110000101011011110010111111010000001101111001000001101010111100110001010000101110010100001101011000100000100011110010011011011111010111111001011011001111100010010100010010011100111001000101001110001000001111110100001101110
1110010011110111101011110011000010001010011100010000000101101111101011110101111110010100010100000010100100111111000011010001001011001010110111000011100001000100001101101100110010110011111010000001010101110110000110100110101100001101011000010001010011100010100110101000010110001010000000001010110101000000100001100111100100011001
110000001101001011110000010010110010000000001100111111110001001011111111010001
1110101001001110001111010001010111101101110101111110011010111111100110000101010010000111001101100000000110010000110010110110010000100010110110000111110001000011100110110011011110111001001101101100100001110000100010001010011100010110010001111000101010111111001101111001101110101011100100001110111001000000
010000100110000111000100100011001001010000100110000111000100101010110110010111000010001000101001110001111001001010111110001001010001001001100001101110001000000010111101011100001110000100010001010011101000101100111110110110010100010001111011100100000100101000010110111100100001110111001000000001000101001110001111010000011101100101011111
00011001001000101001110001010001111101101011111110000101011100111101000101010101101000011001010110100110011010100010010000011100101010001101111101001100010000011110111010011110100010011110101001001110001000000010100001001111100001100011100001111001001000000010000010111111111001010001001011111001101001101110011010100001001001000100100011001001000101001110
00000110001110111100010011010010000010001000001110110110101101001001000110110101011001101011111100110000111001000101001110001010001110010001101100010100100111100110011100011010110110000010001000001110101000110011101000100111101010010011100010101111100011011100101101010110100111000101000100101111100110000111000110111001011001010111100110011000011010010000010
000101001110001111010001010111101101110101111110011000011100100010100111000101000110110111011000011110011001110001101011011000001000100000111101110100111101000100100000111010111001100001111111000110111010100000011001110001001000011100110110010000001100101111110101101110000111000010001000101001110001010101101000110000001101010110011011110011001000011
1111000101011011111110100000011001101100100010100111010001011001010101110000100110111000110010000110011100110111011101101010001100010010111001010110100110011110111100010001010011100010100110011011100001000111101001011110100000010001100110011110101100100010100111000100001110011011000000001100100001100101010010000101011010101100101010101000111001100
010110111110000111111010111110100001100111011001100110000100001110111001000000001010100101001010101110110011101000110100111001101011000011110010011011011001010001001000001110100101000010001110111001000111001100001010000100110000111000111010110010001010010101000100100000010011110111100110000110011110111101011001000101001110
00001010110101011001010101010001100010010111111100101000100101111100101000010011000011100011100110000101010001001000101001110001111100010101101110100010011110101001001110001100001111111000110111010100000011001110001001010001001011111001011110010001001101011111110011000010000111001101100101110101101010001100011100010101101
111110101101111101111000000101000011100001000100001110011011001111111011101111010110101011010011110011001110001101011011100011011111010000001101111000000001011000011110000111000010001010100111111110010001100111000110000000111000111000010101100001100001100101110110100000101010001
1110101001001110001111010001010111101101110101111110010101011011111100100101000010011111111110001010010110100000100011001101110000000101000011101010001110011000010001010011100011010111111100011001000011001000101001110001000010101110010000000101101000000101010010110011011101110001110011000110101111111001100
00011001001110111100010101101001011011000111101001001101110000000100100100010010101011100001001101110111110100000011010011010100010010000011000001001000000010101110011111101011011111011110000001010011011111100100000001010110011000110000001001010100111110001010101110110001011011011000010001100110010110110100010011110100000001001010001001011111
000000010101100110001100100001100101010010100110011011100001000111101001011100010101011010010100010100110010110011001110011110010111001111111110010100001000111011100100011100110000101010001001000101001110001000000100001100011000110111000101010111011000011111101010100000100001001101100011100110000100001110111001000000
010110100110011110111101010001001111010010111011100100000000100010100111000111001110110000110010000110011100101111000100100110010000110010001010011100010000111001101011011001010110110000001111001010011010101110000100010101001010000011011010100000010100100110100110011010011010001001000001111000000100011111100000001001001000110000111000010
0101011011001011100001000111001011110001001001010000010110001011001100100001100101000001101101010000001010010011010011001101001001111001001101101100111100110000111001000110101101101111010000001000101001110001101110000000100100100010010101011100001001101110001111001001101010110101100001101001110001110111100010101101001011011000111101001110011001010001
111010100100111000101100110111011100011100110001111001001101010110101100001101001110001010101100111010010101010111110001110011000010001100100101010010100001011110111001000111111000110111000000010010010001001010101110000100110111000110100100000100011001101001111111010111110111000011100001000100010100111000111110101000000110
0101011100001001101110001010100001100011101011001000110101101101111000011100001000100010100111000101100110111011100011100110001010101000001000010111001000001101010000000000101000111001101000001000101000111111000001100110100010010000011110000001000111110100110000000110001100001110000100011001011111000110010000110010001010011100011110010011011011001111
0001100100100010101111010111100011010101000000101001010101101000011001000101001110001110101110111001101110100000010101001010000110101100001111011100000100101010111000010011011100010100010100110101011010110000110111101111101010110100011010001
0000011101101001100110101000100101000111011101001100010000011110111010011100100010100111000100000110000010010000000101011100101011011111000100110000001110111000001001010101110110000111001110000101000011111011010110010000011100100100000011011101011110111000101011111001000000100110101011100011100110000101010010110101011011000010110
0100010010011101100110100110010000110011110101101111001010001001110011110010001011111001010100000000001111010111100111111001100011000011100101010011111000000010101101011010010000111011010100000011010100000011000011100100000010101111000100100100010100111000111110101000000110001000011010111110100110001001011100101011111
0001010011100010100010010011101100110100110001111001000000100110101011100011100110000110010111001010100101000100100111011001101101001010110111011100101000100000011111010010100010010011100111001100000010010100010010111110010100001010111110100111001100001010101101100101110000100010001010011100010000101011100110101011101100
10100100000100010100101010111011000011000000100101011010100011001000000010100011000111000101011010110100000100010110010111001010000010000110011000010101001010000110101001101001011011100011000011100011001001010100111100100101110001010110000111110101100101010001001110010111100010010011011110111011100101101101010001100010010111000001111101
0000101000111011100001110000100010101001000000110010111111010110111100011001000011001000101001110001011001000111100010101011111100110001000110110101111011110011011100110010100010011110100000001001010001001011111101000000110000111001110000011000011110111000001101000000100010100111000100001110001011111100010011001011001001000000110000111010111010001
1110101001001110001010001001010001110101100101101110111011110011010011110010010111111110001111000111001100001100100001100111010000001010011101011001010100100011011100110101000010010010011001101100101010010001101011010011100010001101011011011111001100001101010100000100010010110110110000101010001
000101001110001110011101100111100101010111011000010000111000011010110111001100001010001010000001010010010100010010100011101011101000100100000111010001001110010111100010010011100111011000010001010011101011110001010001001011111001010100111111000000010010010001001000000010101100110001100100001100111100101110011111111111001100
01001100110111000010001111010010111000101010110100101010111011000011110111101011000110001110001010110100111110110110000001111110100010010000011000101001110011100100010100111011111100010100010110101111000101101100001111100110000110101010000001111010010101010111110001001010110100110011110111100010001010011100010100010010100011101011
011011101110111100110110100000010001010011100011111100000001001001000111110010110011000011101011000000100001111100110000101010010110111011101111001101001011011000011111000101011110011100101011011010100011100011100111100110101000010010010010001100100111011110001010110100101101100011110100100100010100111000100001010110101011001101111
100100001100100010100111000110111001000000010101110010101000001110001010111001100101011110000011111101000100111101000001110010110101010000010100001110000100011001101010001001000101001110100010110010000101011110010100010011011100101010110000111110000010111100011100000001010000001000101001110001000001100000100100000001010111111100101011011110
111101011000011000010001100100101001010111101111000110101111111001100001000101001110001010000011010101011111000100010101101001011011101010001001111010000000100111100100101111111100011110001111100110010000110010101001011001011010101000101000011100001000110100110010101101101100001000000100110101011100011100110000110010111
01010010001101110000100001001011000011001101100110010001010011101011001111100010101101001011011100011111101010100000100001001101100010010101011101100001100100001100101010011111000110110101100000001001001000111001100000010110001101011111101010101011010110100000100010100010100000010100100111111000000010010010001111100100001110011011
01011110011100101011011010100011100010101100000000000100011001001000101001110001100110100111101001010110111000001111100100011001001101001110001000000010101000001000011001100001010101101100101110000100010100010010011000111000100100101101100001111101111
010110111100010110010110101010001001111010001001111010000000100101000100101111100100010100111000100001110001011111100010010110011011101110001110011000111100010101000001011010010110111000110010000110011011110111001001101101100100001110000100011001101100111011110001010110100101101100011110100110000111000010001010101110000100110111011111010001
00000110000110101000111010110010101011000101010000000101010001100010010111111100110010000110010001010011100010100000110101010111110001000101011010010110111000101001010101100001000000010100001001111100001100011100001111001001000000010000010111111111110111100101010001000101011110001001110011001010001
01000111110011010101011111000100010101101001011011101111001010001011010111100011000011100110101111111000110000111001000001101110101101110010100001100011000011100100010100111000101000111001000110010000101001001111001100111000110101101100000101010000001010101110110000100010100111000101000010111000011111100100001000001101110
1001000011001000010101101010100000100110001110000100011011100001010111000010101010110101010001100010010111001010101110110000110000111000111010111111110111000001100010010111001010001001011111001010000101101011110000011000111001100110000110100100000100011111101011011111011110000001010011011111110100010011110100000111001010001110010001100100100011101110100110
0000011000110000110101101110101001101110011011011000011110100100011111001101011011010000001010100101000110011101010001111000100100100000001010001010011100000000101000110001110010000101011110100000010000001100101111110101101111001100001010101110010101101111100001100100001100100000011010111000011001000010101110011010010000010
100001111111000110111010100000011001110001010101101001000110111000010101110000101010101101010100011000100101111010001001111010000011100101000111001000110010010001101100000110010010001010011100010000011011011100001001101100011110100100100000001010001010011100000000101000110001110010000101011100100000110110110000000010101011101100001111010001010101011100011101011
0110011011101111001101100101000011001100001010100111111010110111110111100000010100001110000100011110001001010110000111101000000101000100100110001110001001001010001001011111001111110101010000110101111111100110011001100001100101110110100000100011010010000010001000101001110001111100011101100110100100010101010000110
1010011100000101000011101111000011100001000110000111001000101001110001011010101000111000101000111001000111111000101001001111001100111000110101101100000101010001
11101010010011100011111000110101011000000010001100100001100101011111000110111001011110010000000000010001101111011111010101101000111001100001100001110010001010011100010110011011101111001101100101000000000011001110001001100100001100101010111000010011011101110100011101111001010110010000111000010
0110011011101110001110011011110010001010010101000100101000101101011110001101001010111111100110000110010111001010110111110011110011001000011001011010101101100001011000110110101011001000100010100000010000000101111010111000011100001000111111010111100010010011000011111110001101110101000000110011100011111001000110011001
0110101011011000010110001000011100110110010000111000110011010110000110101111111010100010010000011000110000001010010010001010011100010100001010110100101101100011100010100011000100101110011001000011001011011001000010010110111000000101001000000100011100001000101011010010110111011110011000011100101000111001000110010010001101100000110011010000001010000100110110001010110100101101110
01010111000010011011101110100011000000110010111111010110111000011100001000110000111111100011011101010000001100111000111110011110001010000001100011000011100011001001101011111110101000100111101010010011100000010001010001011010111100011110001010110101101110011000010001100101000010010000101011010101000001001100011100
1000011111110001101110101000000110011100011111101000000110011011001000101001110100101100100101101100000011101111101000100111101010010011100000010001100001111110001101101010110011001100001010000100011101110010001110011000010101101100000011110010000111001101100111111000000010010010001100001110000100010101011101100
11100100110101011010110000110100111000110101111111001100001000011100110110010000001100101111110101101110000111000010001101001100100010100100101001100110111000010001111010010111000101010110100101010111011000011110111101011000110001110001010110100101010111000010011011101111101000100101000110001010100001001111100001100011100
111001001000000010000010111111111110111100100000001010000010001010010101111011110001101001110110011100110000111111000110110101011001100110000110010111001111110010000001101010001
111010100100111000111101111010110111100011010111010000001010101110010101101010000011010100001101100001011011000001000111111110001010110111000101000011010110000001000000100011000011100001000100000010011011110001010111100111001010110110101000111000110111100101011001000011100001011111010000
000101001110001000000100011100101110010000001100001110101100100000010001110010111001111111100100101000011010100000010001110011011101111111001001010000100011100001111110000000100100100011111101000000101010111011000011111010000100010111000000100101101110111011110011011111
00101000101101011110001010101101011010011000011111100100110110100001001101101010001110011000011000011100100010100111010010110010010110110000001110111100110100100000100010101101001100110101000100101000111001000110100100011011000001100110100010011110100100000101010110010000101001010010101100010111111
0100010110101111000100001110001011111100010010101010000010000011011000110011000011010010000010001000001111100010100000011011110010000011000101010001000100110000111001010001110010001101001000110100100011101010001001111010100100111000101100110111011110011011001010000000000110011100010011001000011001000101001110001111001000101111100011011100110010001110111000011001000011100001000111001110000101000011111000101011010011001101010001001010001110010001101001000110101110100110101000000101010010110011011101110001110011000100001110011011001011001000111011100001100100001110000100010101001111001000101111100011011100011000011100011001001011001100000101011110110111100101000101000000101001
00001010111100101000100101011110011100101011011010111100000001010100000011010011011100110101000010010010001001100101111100011001000011001000101001110001000010101111001010001110111100010010101011001110110101011111100110111100110000111001111110101101111101111000000101000011100001000100000011000010100110010110011111010000
01011111001100000010011100111010110100101101110011000010101011100001001101110001000000110010111111010110111100000001100111000111110010001100100110100111000100000001010110011000101000101000000101001001010000100110110001010110100101101110001100001111111000110111010100000011001110001111100100001101011011
000000100110111100010101111001110010101101101010001110011010000010001000101001010101110010100101010110000101000010111101110111000100110101111101101000001000110100111011001110010100001001111111111000101001011011101010001
010001100011001011001101011011100111111010110111110111100000010100001110000100011110001010111001101001110001111101011000011000010001100100101001010111101111000110100111000001010101011100110100100000100010001010011100010110101010001110001010001110000001111111000101001001111001100111000110101101100000101010001
00000110000100111110001100100001100100010100111000100000010011111000100101111001000101011010010110111000111001011011011010000010001000011110010100011111001100100001100111111010110111110111100000010100110111111001010001001011111001000101001110001000000110010111111010110111100000001100111000100110000111001000101001110
010001110010001101001000111111000001100111110011001000011001000101001110001000000110101110000110010000101011100100001110111001000000001000001111001011011111001100110110010111010110100000011110100100010000010110000111101000000100011001001010001100111010101111110101110001011111010111010000001111010010111011010101111110011010100000011010010000010001000101000101001
111010010111011110011111100010010011100111000010100001111101101011111110100000010000011111001100101011100101000110011110011010101000000101001101111000101010111011000010100011111010001101011101111000101000110001110111000100101011000011110100000010001100100111011110001010110100101101100011110100100100010100111000110100101011111100011100
1010101111000000100100001110011011001000101001110001000000110000110111000111000011111000001011110001110000000001100100001100100000011001011111101011011110000000110011100011010001
01000110001010101110000010001100000000001000010111001111011110000000110011100011111001010101110110000110111100000111000011111000000011001110001111100101001010111101111000110100111011001110011000011111100100110110100001001101101010001110011000011000011100101010110101101001000101001110
1010010101111110001110000111111010110111110111100000010100001110000100011000011111110001101110101000000110011100011111101000100111101010010011101111110001010010101111011110001101111011111010101101000111001100001100001110011000011111100101111001011111110011000010101111001110010101101101011110000000100010101011101100
1111010000110110011000011001000011001100101000011010110101000110001001011111110010101011101100001100101000011001111100110000110101010000001010000100111111111100010100110000110110000001100011011110010000111001101100110000000000100001011100111101111001100001000000110000101001100101100111100110000111001000101001110
00001110001100110101100101000100111101000001110010101011000110010000001100010010111001000110010010000001001011001000000011100011100010100011000100101110011001000011001110000001101010001111000110000111000010001100001111111000110111010100000011001110001111110100000010001010001010010011011110111011100101101101010001100010010111010110110000010
0000000101010000010000100001110000100010101011101100001111110101101111101111000000101000011100001000111100010010101011100001011011110010100010110101111000110000111000110111001011001010111100110011000100011000010010100000100110010001100100001010110101000000000000110000110110000010101000000110011011001000000010101000001000010000111000010
000011101110010000000010101110101110000101011010010100000100110010001100100001010110101010000010011111101000000101010111011000011100110111011100000110111001011110001110000101100100011110001010101111110011000100000011001011111101011011110000000110011100011010000
100001111110001101101010110010000111000010001000101001110001010101100100101000000011000100101110011001000011001000101001110001011010101111111010110010000111001101100100010100110001111001010000101011011010000100111111100010101111100101000101100110101101001010111110010000111001101100101010110110000000100111000000110011100011010001001111010000000000010000100110110001010101110001001000111011100010010111100101101100100001010001110001010110100101100110111011110011011001010000000000110011100011111001111100010101101100011000011100001000110000111001000101001110001011010101000111000101000110110000011001000101001
11100110011100011010110110000010001100001111110001101101010110011000100010100111000110101111111000110010000110011111010100011100110101101100000011101111001010111110011011110000011110101111001111110011000101000010011000011100011111001000011100110110010000101101001011001100001100011100001111110101101111101111000000101111
010101110110000111001101110111000001101110010111100011100001111001001000000010000101010001110101111110010001100100111110100001101100110000100010100111000101000010111001111001101111111110000111000010001010101110110000110111101110010011011011001000011100001000110010000110011111101011011111011110000001000101100010100010101